hypothesis_id,metabolite_a,metabolite_a_name,metabolite_b,metabolite_b_name,direction_status,genes,gene_count,reaction_ids,reaction_distance,intermediate_metabolites,subsystems,contains_transport_reaction,review_priority,pathway_source,path_search_truncated,signature_prevalence,expected_discovery_carriers,expected_replication_carriers,discovery_power,replication_power,eligible,ineligibility_reason,n,groups,estimate,standard_error,p_value,confidence_interval_low,confidence_interval_high,slope_at_low_modifier,slope_at_high_modifier,covariance_type,analysis_status,analysis_error,fdr_q_value,permutation_p_value,baseline_r2,interaction_r2,delta_r2,baseline_rmse,interaction_rmse,delta_rmse,stability_train_n,stability_train_estimate,stability_train_p_value,stability_holdout_n,stability_holdout_estimate,stability_holdout_p_value,stability_repetitions,stability_holdout_sign_agreement,stability_holdout_p_lt_0_05_rate,stability_holdout_median_estimate,winsorized_estimate,winsorized_p_value,influence_removed_n,maximum_cooks_distance,influence_trimmed_estimate,influence_trimmed_p_value,leave_one_group_out_runs,leave_one_group_out_sign_agreement,leave_one_group_out_min_estimate,leave_one_group_out_max_estimate,holdout_same_direction,proof_of_concept_pass
GGM-0000014,AMP,AMP,adenosine,adenosine,unresolved,ACP3,1,MAR04010,0,,Purine metabolism,False,1_direct_reaction,Human-GEM v2.0.0,False,,,,,,False,missing frequencies: ACP3,,,,,,,,,,,not_tested,'Missing expression genes: ACP3',,,,,,,,,,,,,,,,,,,,,,,,,,,,,,False
GGM-0000025,AMP,AMP,alanine,alanine,unresolved,AARS1,1,MAR05131,0,,Aminoacyl-tRNA biosynthesis,False,1_direct_reaction,Human-GEM v2.0.0,False,,,,,,False,missing frequencies: AARS1,,,,,,,,,,,not_tested,'Missing expression genes: AARS1',,,,,,,,,,,,,,,,,,,,,,,,,,,,,,False
GGM-0000049,AMP,AMP,histidine,histidine,unresolved,HARS1,1,MAR05139,0,,Aminoacyl-tRNA biosynthesis,False,1_direct_reaction,Human-GEM v2.0.0,False,,,,,,False,missing frequencies: HARS1,,,,,,,,,,,not_tested,'Missing expression genes: HARS1',,,,,,,,,,,,,,,,,,,,,,,,,,,,,,False
GGM-0000050,AMP,AMP,isoleucine,isoleucine,unresolved,IARS1,1,MAR05140,0,,Aminoacyl-tRNA biosynthesis,False,1_direct_reaction,Human-GEM v2.0.0,False,,,,,,False,missing frequencies: IARS1,,,,,,,,,,,not_tested,'Missing expression genes: IARS1',,,,,,,,,,,,,,,,,,,,,,,,,,,,,,False
GGM-0000051,AMP,AMP,leucine,leucine,unresolved,LARS1,1,MAR05141,0,,Aminoacyl-tRNA biosynthesis,False,1_direct_reaction,Human-GEM v2.0.0,False,,,,,,False,missing frequencies: LARS1,,,,,,,,,,,not_tested,'Missing expression genes: LARS1',,,,,,,,,,,,,,,,,,,,,,,,,,,,,,False
GGM-0000052,AMP,AMP,lysine,lysine,unresolved,KARS1,1,MAR05142,0,,Aminoacyl-tRNA biosynthesis,False,1_direct_reaction,Human-GEM v2.0.0,False,,,,,,False,missing frequencies: KARS1,,,,,,,,,,,not_tested,'Missing expression genes: KARS1',,,,,,,,,,,,,,,,,,,,,,,,,,,,,,False
GGM-0000053,AMP,AMP,methionine,methionine,unresolved,MARS1,1,MAR05143,0,,Aminoacyl-tRNA biosynthesis,False,1_direct_reaction,Human-GEM v2.0.0,False,,,,,,False,missing frequencies: MARS1,,,,,,,,,,,not_tested,'Missing expression genes: MARS1',,,,,,,,,,,,,,,,,,,,,,,,,,,,,,False
GGM-0000055,AMP,AMP,proline,proline,unresolved,EPRS1,1,MAR05146,0,,Aminoacyl-tRNA biosynthesis,False,1_direct_reaction,Human-GEM v2.0.0,False,,,,,,False,missing frequencies: EPRS1,,,,,,,,,,,not_tested,'Missing expression genes: EPRS1',,,,,,,,,,,,,,,,,,,,,,,,,,,,,,False
GGM-0000057,AMP,AMP,threonine,threonine,unresolved,TARS1,1,MAR05148,0,,Aminoacyl-tRNA biosynthesis,False,1_direct_reaction,Human-GEM v2.0.0,False,,,,,,False,missing frequencies: TARS1,,,,,,,,,,,not_tested,'Missing expression genes: TARS1',,,,,,,,,,,,,,,,,,,,,,,,,,,,,,False
GGM-0000058,AMP,AMP,tryptophan,tryptophan,unresolved,WARS1,1,MAR05149,0,,Aminoacyl-tRNA biosynthesis,False,1_direct_reaction,Human-GEM v2.0.0,False,,,,,,False,missing frequencies: WARS1,,,,,,,,,,,not_tested,'Missing expression genes: WARS1',,,,,,,,,,,,,,,,,,,,,,,,,,,,,,False
GGM-0000059,AMP,AMP,tyrosine,tyrosine,unresolved,YARS1,1,MAR05130,0,,Aminoacyl-tRNA biosynthesis,False,1_direct_reaction,Human-GEM v2.0.0,False,,,,,,False,missing frequencies: YARS1,,,,,,,,,,,not_tested,'Missing expression genes: YARS1',,,,,,,,,,,,,,,,,,,,,,,,,,,,,,False
GGM-0000060,AMP,AMP,valine,valine,unresolved,VARS1,1,MAR05150,0,,Aminoacyl-tRNA biosynthesis,False,1_direct_reaction,Human-GEM v2.0.0,False,,,,,,False,missing frequencies: VARS1,,,,,,,,,,,not_tested,'Missing expression genes: VARS1',,,,,,,,,,,,,,,,,,,,,,,,,,,,,,False
GGM-0000067,CMP,CMP,cytidine,cytidine,unresolved,ACP3,1,MAR04177,0,,Pyrimidine metabolism,False,1_direct_reaction,Human-GEM v2.0.0,False,,,,,,False,missing frequencies: ACP3,,,,,,,,,,,not_tested,'Missing expression genes: ACP3',,,,,,,,,,,,,,,,,,,,,,,,,,,,,,False
GGM-0000084,GMP,GMP,guanosine,guanosine,unresolved,ACP3,1,MAR04449,0,,Purine metabolism,False,1_direct_reaction,Human-GEM v2.0.0,False,,,,,,False,missing frequencies: ACP3,,,,,,,,,,,not_tested,'Missing expression genes: ACP3',,,,,,,,,,,,,,,,,,,,,,,,,,,,,,False
GGM-0000094,NAD,NAD+,NADP,NADP+,unresolved,ACP3,1,MAR04270,0,,Nicotinate and nicotinamide metabolism,False,1_direct_reaction,Human-GEM v2.0.0,False,,,,,,False,missing frequencies: ACP3,,,,,,,,,,,not_tested,'Missing expression genes: ACP3',,,,,,,,,,,,,,,,,,,,,,,,,,,,,,False
GGM-0000095,NAD,NAD+,NADP,NADP+,unresolved,ACP4,1,MAR04270,0,,Nicotinate and nicotinamide metabolism,False,1_direct_reaction,Human-GEM v2.0.0,False,,,,,,False,missing frequencies: ACP4,,,,,,,,,,,not_tested,'Missing expression genes: ACP4',,,,,,,,,,,,,,,,,,,,,,,,,,,,,,False
GGM-0000098,NAD,NAD+,NADP,NADP+,unresolved,ACP7,1,MAR04270,0,,Nicotinate and nicotinamide metabolism,False,1_direct_reaction,Human-GEM v2.0.0,False,,,,,,False,missing frequencies: ACP7,,,,,,,,,,,not_tested,'Missing expression genes: ACP7',,,,,,,,,,,,,,,,,,,,,,,,,,,,,,False
GGM-0000101,NAD,NAD+,NADP,NADP+,unresolved,PXYLP1,1,MAR04270,0,,Nicotinate and nicotinamide metabolism,False,1_direct_reaction,Human-GEM v2.0.0,False,,,,,,False,missing frequencies: PXYLP1,,,,,,,,,,,not_tested,'Missing expression genes: PXYLP1',,,,,,,,,,,,,,,,,,,,,,,,,,,,,,False
GGM-0000120,NAD,NAD+,proline,proline,unresolved,PYCR3,1,MAR03835,0,,Arginine and proline metabolism,False,1_direct_reaction,Human-GEM v2.0.0,False,,,,,,False,missing frequencies: PYCR3,,,,,,,,,,,not_tested,'Missing expression genes: PYCR3',,,,,,,,,,,,,,,,,,,,,,,,,,,,,,False
GGM-0000144,NADP,NADP+,proline,proline,unresolved,PYCR3,1,MAR03833,0,,Arginine and proline metabolism,False,1_direct_reaction,Human-GEM v2.0.0,False,,,,,,False,missing frequencies: PYCR3,,,,,,,,,,,not_tested,'Missing expression genes: PYCR3',,,,,,,,,,,,,,,,,,,,,,,,,,,,,,False
GGM-0000174,adenosine,adenosine,inosine,inosine,unresolved,ADA2,1,MAR04481,0,,Purine metabolism,False,1_direct_reaction,Human-GEM v2.0.0,False,,,,,,False,missing frequencies: ADA2,,,,,,,,,,,not_tested,'Missing expression genes: ADA2',,,,,,,,,,,,,,,,,,,,,,,,,,,,,,False
GGM-0000176,arginine,arginine,AMP,AMP,unresolved,RARS1,1,MAR05132,0,,Aminoacyl-tRNA biosynthesis,False,1_direct_reaction,Human-GEM v2.0.0,False,,,,,,False,missing frequencies: RARS1,,,,,,,,,,,not_tested,'Missing expression genes: RARS1',,,,,,,,,,,,,,,,,,,,,,,,,,,,,,False
GGM-0000187,asparagine,asparagine,AMP,AMP,unresolved,NARS1,1,MAR05133,0,,Aminoacyl-tRNA biosynthesis,False,1_direct_reaction,Human-GEM v2.0.0,False,,,,,,False,missing frequencies: NARS1,,,,,,,,,,,not_tested,'Missing expression genes: NARS1',,,,,,,,,,,,,,,,,,,,,,,,,,,,,,False
GGM-0000191,aspartate,aspartate,AMP,AMP,unresolved,DARS1,1,MAR05134,0,,Aminoacyl-tRNA biosynthesis,False,1_direct_reaction,Human-GEM v2.0.0,False,,,,,,False,missing frequencies: DARS1,,,,,,,,,,,not_tested,'Missing expression genes: DARS1',,,,,,,,,,,,,,,,,,,,,,,,,,,,,,False
GGM-0000231,glutamate,glutamate,AMP,AMP,unresolved,EPRS1,1,MAR05137,0,,Aminoacyl-tRNA biosynthesis,False,1_direct_reaction,Human-GEM v2.0.0,False,,,,,,False,missing frequencies: EPRS1,,,,,,,,,,,not_tested,'Missing expression genes: EPRS1',,,,,,,,,,,,,,,,,,,,,,,,,,,,,,False
GGM-0000253,glutamate,glutamate,glycine,glycine,unresolved,NTAQ1,1,MAR05336,0,,Histidine metabolism,False,1_direct_reaction,Human-GEM v2.0.0,False,,,,,,False,missing frequencies: NTAQ1,,,,,,,,,,,not_tested,'Missing expression genes: NTAQ1',,,,,,,,,,,,,,,,,,,,,,,,,,,,,,False
GGM-0000263,glutamate,glutamate,kynurenine,kynurenine,unresolved,KYAT1,1,MAR04222,0,,"Phenylalanine, tyrosine and tryptophan biosynthesis",False,1_direct_reaction,Human-GEM v2.0.0,False,,,,,,False,missing frequencies: KYAT1,,,,,,,,,,,not_tested,'Missing expression genes: KYAT1',,,,,,,,,,,,,,,,,,,,,,,,,,,,,,False
GGM-0000264,glutamate,glutamate,kynurenine,kynurenine,unresolved,KYAT3,1,MAR02765,0,,Tryptophan metabolism,False,1_direct_reaction,Human-GEM v2.0.0,False,,,,,,False,missing frequencies: KYAT3,,,,,,,,,,,not_tested,'Missing expression genes: KYAT3',,,,,,,,,,,,,,,,,,,,,,,,,,,,,,False
GGM-0000277,glutamine,glutamine,AMP,AMP,unresolved,QARS1,1,MAR05136,0,,Aminoacyl-tRNA biosynthesis,False,1_direct_reaction,Human-GEM v2.0.0,False,,,,,,False,missing frequencies: QARS1,,,,,,,,,,,not_tested,'Missing expression genes: QARS1',,,,,,,,,,,,,,,,,,,,,,,,,,,,,,False
GGM-0000279,glutamine,glutamine,alanine,alanine,unresolved,KYAT1,1,MAR04196,0,,"Alanine, aspartate and glutamate metabolism",False,1_direct_reaction,Human-GEM v2.0.0,False,,,,,,False,missing frequencies: KYAT1,,,,,,,,,,,not_tested,'Missing expression genes: KYAT1',,,,,,,,,,,,,,,,,,,,,,,,,,,,,,False
GGM-0000280,glutamine,glutamine,alanine,alanine,unresolved,KYAT3,1,MAR04197,0,,"Alanine, aspartate and glutamate metabolism",False,1_direct_reaction,Human-GEM v2.0.0,False,,,,,,False,missing frequencies: KYAT3,,,,,,,,,,,not_tested,'Missing expression genes: KYAT3',,,,,,,,,,,,,,,,,,,,,,,,,,,,,,False
GGM-0000282,glycine,glycine,AMP,AMP,unresolved,GARS1,1,MAR05138,0,,Aminoacyl-tRNA biosynthesis,False,1_direct_reaction,Human-GEM v2.0.0,False,,,,,,False,missing frequencies: GARS1,,,,,,,,,,,not_tested,'Missing expression genes: GARS1',,,,,,,,,,,,,,,,,,,,,,,,,,,,,,False
GGM-0000309,serine,serine,AMP,AMP,unresolved,SARS1,1,MAR05147,0,,Aminoacyl-tRNA biosynthesis,False,1_direct_reaction,Human-GEM v2.0.0,False,,,,,,False,missing frequencies: SARS1,,,,,,,,,,,not_tested,'Missing expression genes: SARS1',,,,,,,,,,,,,,,,,,,,,,,,,,,,,,False
GGM-0000222,cytidine,cytidine,uridine,uridine,unresolved,CDA,1,MAR04580,0,,Pyrimidine metabolism,False,1_direct_reaction,Human-GEM v2.0.0,False,,,,,,False,missing frequencies: CDA,876.0,18.0,-0.22213050550262042,0.02970968806299926,7.621054601901935e-14,-0.28036042409801853,-0.1639005869072223,1.0090212870977397,0.564760276092499,HC3,tested,,2.1643795069401496e-11,0.001996007984031936,0.38156610015507453,0.427714458370015,0.046148358214940455,0.39407903280509327,0.3790906488821167,0.014988383922976578,613.0,-0.10950321290916497,2.422380660559773e-06,263.0,-0.12058082863462591,0.0032630342823433476,20.0,1.0,0.7,-0.10650454191421663,-0.23316901367191128,3.0039539502337876e-14,9.0,0.04609883638936981,-0.22237620442309688,6.224255985207831e-15,18.0,1.0,-0.2308426637134609,-0.21584544585186125,True,True
GGM-0000217,choline,choline,acetylcholine,acetylcholine,unresolved,CHAT,1,MAR00640,0,,Glycerophospholipid metabolism,False,1_direct_reaction,Human-GEM v2.0.0,False,,,,,,False,missing frequencies: CHAT,876.0,18.0,0.141738446576648,0.04237654042604489,0.0008236018140765206,0.05868195355219437,0.22479493960110164,-0.18945452197122445,0.09402237118207155,HC3,tested,,0.08409487727489325,0.007984031936127744,-0.6188540615326144,-0.6129380430195064,0.005916018513107968,1.147084442560152,1.1449865437304363,0.002097898829715783,,,,,,,,,,,,,,,,,,,,,,False
GGM-0000219,citrate,citrate,isocitrate,isocitrate,unresolved,ACO1,1,MAR04454,0,,Tricarboxylic acid cycle and glyoxylate/dicarboxylate metabolism,False,1_direct_reaction,Human-GEM v2.0.0,False,,,,,,False,missing frequencies: ACO1,876.0,18.0,0.069339179661699,0.020862063271639166,0.0008883261683967596,0.028450287006090383,0.11022807231730762,0.9235725989656759,1.062250958289074,HC3,tested,,0.08409487727489325,0.003992015968063872,0.7823290080333503,0.7840755336081278,0.0017465255747775021,0.1452374412737217,0.14465359732801028,0.0005838439457114264,,,,,,,,,,,,,,,,,,,,,,False
GGM-0000297,homocysteine,homocysteine,methionine,methionine,unresolved,BHMT,1,MAR04699,0,,"Glycine, serine and threonine metabolism",False,1_direct_reaction,Human-GEM v2.0.0,False,,,,,,False,missing frequencies: BHMT,876.0,18.0,-0.14505662955080809,0.04579464983050863,0.0015373173745671335,-0.23481249390322828,-0.05530076519838789,-0.4844726515000497,-0.7745859106016659,HC3,tested,,0.10914953359426648,,,,,,,,,,,,,,,,,,,,,,,,,,,,,False
GGM-0000239,glutamate,glutamate,NADP,NADP+,unresolved,GLUD2,1,MAR03804,0,,"Alanine, aspartate and glutamate metabolism",False,1_direct_reaction,Human-GEM v2.0.0,False,,,,,,False,missing frequencies: GLUD2,876.0,18.0,0.11716740121648506,0.03805437084182241,0.0020773344589865377,0.042582204912181953,0.19175259752078816,0.43455548131655364,0.6688902837495238,HC3,tested,,0.11799259727043533,,,,,,,,,,,,,,,,,,,,,,,,,,,,,False
GGM-0000099,NAD,NAD+,NADP,NADP+,unresolved,NADK,1,MAR04269,0,,Nicotinate and nicotinamide metabolism,False,1_direct_reaction,Human-GEM v2.0.0,False,,,,,,False,missing frequencies: NADK,876.0,18.0,0.1067952343589351,0.039910058811805184,0.007452939152806217,0.028572956466921526,0.1850175122509487,0.6191912920821748,0.8327817608000451,HC3,tested,,0.2731751473298763,,,,,,,,,,,,,,,,,,,,,,,,,,,,,False
GGM-0000270,glutamate,glutamate,phenylalanine,phenylalanine,unresolved,GOT2,1,MAR01616,0,,Phenylalanine metabolism,False,1_direct_reaction,Human-GEM v2.0.0,False,,,,,,False,missing frequencies: GOT2,876.0,18.0,-0.10332902419869085,0.038973084959760006,0.008018451031590672,-0.17971486708624013,-0.026943181311141567,0.41696393631026885,0.21030588791288718,HC3,tested,,0.2731751473298763,,,,,,,,,,,,,,,,,,,,,,,,,,,,,False
GGM-0000273,glutamate,glutamate,tyrosine,tyrosine,unresolved,GOT2,1,MAR06768,0,,"Phenylalanine, tyrosine and tryptophan biosynthesis",False,1_direct_reaction,Human-GEM v2.0.0,False,,,,,,False,missing frequencies: GOT2,876.0,18.0,-0.10328047780332128,0.03931203416166892,0.008609135019118414,-0.18033064891920061,-0.026230306687441945,0.39192907397122184,0.18536811836457928,HC3,tested,,0.2731751473298763,,,,,,,,,,,,,,,,,,,,,,,,,,,,,False
GGM-0000047,AMP,AMP,citrulline,citrulline,unresolved,ASS1,1,MAR03811,0,,"Alanine, aspartate and glutamate metabolism",False,1_direct_reaction,Human-GEM v2.0.0,False,,,,,,False,missing frequencies: ASS1,876.0,18.0,-0.11078335850981955,0.04219816788627442,0.008656958894256644,-0.19349024778049212,-0.028076469239146987,-0.5485853136627004,-0.7701520306823395,HC3,tested,,0.2731751473298763,,,,,,,,,,,,,,,,,,,,,,,,,,,,,False
GGM-0000161,UMP,UMP,uridine,uridine,unresolved,NT5C3A,1,MAR03970,0,,Pyrimidine metabolism,False,1_direct_reaction,Human-GEM v2.0.0,False,,,,,,False,missing frequencies: NT5C3A,876.0,18.0,0.12036190098454005,0.04674311994669553,0.01002502111394162,0.028747069363981012,0.21197673260509908,0.16951464507578376,0.4102384470448639,HC3,tested,,0.28471059963594203,,,,,,,,,,,,,,,,,,,,,,,,,,,,,False
GGM-0000221,cytidine,cytidine,uridine,uridine,unresolved,APOBEC4,1,MAR04580,0,,Pyrimidine metabolism,False,1_direct_reaction,Human-GEM v2.0.0,False,,,,,,False,missing frequencies: APOBEC4,876.0,18.0,0.10962932333008552,0.04392253487483029,0.012561327323517729,0.023542736865713648,0.19571590979445738,0.7035064892432346,0.9227651359034057,HC3,tested,,0.3243106327162759,,,,,,,,,,,,,,,,,,,,,,,,,,,,,False
GGM-0000070,CMP,CMP,cytidine,cytidine,unresolved,NT5C2,1,MAR04177,0,,Pyrimidine metabolism,False,1_direct_reaction,Human-GEM v2.0.0,False,,,,,,False,missing frequencies: NT5C2,876.0,18.0,-0.08413083749942389,0.034879570782241805,0.01586364383759952,-0.1524935400288334,-0.01576813497001439,0.4604663480365871,0.2922046730377393,HC3,tested,,0.33234344331361443,,,,,,,,,,,,,,,,,,,,,,,,,,,,,False
GGM-0000122,NAD,NAD+,thymine,thymine,unresolved,DPYD,1,MAR04470,0,,Pyrimidine metabolism,False,1_direct_reaction,Human-GEM v2.0.0,False,,,,,,False,missing frequencies: DPYD,876.0,18.0,-0.09601734508997783,0.03983117803044312,0.01592596776053612,-0.1740850194914494,-0.017949670688506267,-0.3805365642787237,-0.5725712544586794,HC3,tested,,0.33234344331361443,,,,,,,,,,,,,,,,,,,,,,,,,,,,,False
GGM-0000292,glycine,glycine,sarcosine,sarcosine,unresolved,PIPOX,1,MAR03849,0,,"Glycine, serine and threonine metabolism",False,1_direct_reaction,Human-GEM v2.0.0,False,,,,,,False,missing frequencies: PIPOX,876.0,18.0,-0.09778885754479832,0.0410782111260978,0.01728667546713209,-0.17830067190128257,-0.017277043188314092,0.06288961922041279,-0.13268809586918384,HC3,tested,,0.33234344331361443,,,,,,,,,,,,,,,,,,,,,,,,,,,,,False
GGM-0000102,NAD,NAD+,beta-alanine,beta-alanine,unresolved,ALDH1B1,1,MAR00088,0,,Beta-alanine metabolism,False,1_direct_reaction,Human-GEM v2.0.0,False,,,,,,False,missing frequencies: ALDH1B1,876.0,18.0,-0.09822023959350937,0.041451842599547054,0.017812040570428775,-0.17946435818144477,-0.01697612100557397,0.39445094295995364,0.19801046377293488,HC3,tested,,0.33234344331361443,,,,,,,,,,,,,,,,,,,,,,,,,,,,,False
GGM-0000074,CMP,CMP,cytidine,cytidine,unresolved,RBAK,1,MAR04179,0,,Pyrimidine metabolism,False,1_direct_reaction,Human-GEM v2.0.0,False,,,,,,False,missing frequencies: RBAK,876.0,18.0,0.10255628742327028,0.0436226099212984,0.018723574271189546,0.017057543065885777,0.18805503178065477,0.41489509392097756,0.6200076687675181,HC3,tested,,0.33234344331361443,,,,,,,,,,,,,,,,,,,,,,,,,,,,,False
GGM-0000207,betaine,betaine,homocysteine,homocysteine,unresolved,BHMT,1,MAR04699,0,,"Glycine, serine and threonine metabolism",False,1_direct_reaction,Human-GEM v2.0.0,False,,,,,,False,missing frequencies: BHMT,876.0,18.0,-0.07628920799187117,0.03309478819578775,0.021156893481210384,-0.14115380093159646,-0.01142461505214587,-0.2944090102999573,-0.44698742628369964,HC3,tested,,0.35344457345080876,,,,,,,,,,,,,,,,,,,,,,,,,,,,,False
GGM-0000252,glutamate,glutamate,glycine,glycine,unresolved,NTAN1,1,MAR05336,0,,Histidine metabolism,False,1_direct_reaction,Human-GEM v2.0.0,False,,,,,,False,missing frequencies: NTAN1,876.0,18.0,0.09365639752416953,0.04120182005718214,0.02301936430954237,0.0129023141145925,0.17441048093374656,0.40895380939070824,0.5962666044390473,HC3,tested,,0.3631944146616685,,,,,,,,,,,,,,,,,,,,,,,,,,,,,False
GGM-0000232,glutamate,glutamate,NAD,NAD+,unresolved,AASS,1,MAR04667,0,,Lysine metabolism,False,1_direct_reaction,Human-GEM v2.0.0,False,,,,,,False,missing frequencies: AASS,876.0,18.0,0.09305526301605863,0.04228271927187843,0.027751099436133925,0.010182656074759239,0.175927869957358,0.5172670602637165,0.7033775862958337,HC3,tested,,0.3966128328466905,,,,,,,,,,,,,,,,,,,,,,,,,,,,,False
GGM-0000086,GMP,GMP,guanosine,guanosine,unresolved,NT5C1A,1,MAR04449,0,,Purine metabolism,False,1_direct_reaction,Human-GEM v2.0.0,False,,,,,,False,missing frequencies: NT5C1A,876.0,18.0,0.10042259835366041,0.04568273678324679,0.02793048118638666,0.010886079543273544,0.1899591171640473,0.03879626173272663,0.23964145844004744,HC3,tested,,0.3966128328466905,,,,,,,,,,,,,,,,,,,,,,,,,,,,,False
GGM-0000166,UMP,UMP,uridine,uridine,unresolved,UCK2,1,MAR03969,0,,Pyrimidine metabolism,False,1_direct_reaction,Human-GEM v2.0.0,False,,,,,,False,missing frequencies: UCK2,876.0,18.0,0.0734972854110674,0.034122620135231325,0.031246695746585482,0.006618178887872736,0.14037639193426205,0.18593701082309208,0.33293158164522685,HC3,tested,,0.4225743615252513,,,,,,,,,,,,,,,,,,,,,,,,,,,,,False
GGM-0000165,UMP,UMP,uridine,uridine,unresolved,UCK1,1,MAR03969,0,,Pyrimidine metabolism,False,1_direct_reaction,Human-GEM v2.0.0,False,,,,,,False,missing frequencies: UCK1,876.0,18.0,-0.08654039860404443,0.04160793536312588,0.03753458732254507,-0.16809045338684164,-0.0049903438212472034,0.29679463545454365,0.12371383824645478,HC3,tested,,0.48453739998194545,,,,,,,,,,,,,,,,,,,,,,,,,,,,,False
GGM-0000257,glutamate,glutamate,glycine,glycine,unresolved,SIRT5,1,MAR05336,0,,Histidine metabolism,False,1_direct_reaction,Human-GEM v2.0.0,False,,,,,,False,missing frequencies: SIRT5,876.0,18.0,-0.08206291571195075,0.040630826064340694,0.043412378831758434,-0.1616978714601698,-0.002427959963731685,0.6231782821871915,0.45905245076329,HC3,tested,,0.5312962763124276,,,,,,,,,,,,,,,,,,,,,,,,,,,,,False
GGM-0000054,AMP,AMP,phenylalanine,phenylalanine,unresolved,FARSA;FARSB,2,MAR05145,0,,Aminoacyl-tRNA biosynthesis,False,1_direct_reaction,Human-GEM v2.0.0,False,,,,,,False,missing frequencies: FARSA;FARSB,876.0,18.0,-0.07980950575676007,0.03979320797371286,0.044898276871472756,-0.15780276021454936,-0.0018162512989707696,-0.3564892151964961,-0.5161082267100162,HC3,tested,,0.5312962763124276,,,,,,,,,,,,,,,,,,,,,,,,,,,,,False
GGM-0000104,NAD,NAD+,beta-alanine,beta-alanine,unresolved,ALDH3A2,1,MAR07993,0,,Beta-alanine metabolism,False,1_direct_reaction,Human-GEM v2.0.0,False,,,,,,False,missing frequencies: ALDH3A2,876.0,18.0,0.06493863056383692,0.03289390206571563,0.04836077139273306,0.000467767204046593,0.12940949392362724,0.4144461126201299,0.5443233737478037,HC3,tested,,0.5336382414977661,,,,,,,,,,,,,,,,,,,,,,,,,,,,,False
GGM-0000293,glycine,glycine,sarcosine,sarcosine,unresolved,SARDH,1,MAR03849,0,,"Glycine, serine and threonine metabolism",False,1_direct_reaction,Human-GEM v2.0.0,False,,,,,,False,missing frequencies: SARDH,876.0,18.0,0.07158595638780876,0.036340597293773376,0.04885420520754196,0.0003596945153391956,0.14281221826027835,-0.14734692232653906,-0.004175009550921552,HC3,tested,,0.5336382414977661,,,,,,,,,,,,,,,,,,,,,,,,,,,,,False
GGM-0000083,GMP,GMP,UMP,UMP,unresolved,RAD1;RAD9A,2,MAR07164,0,,Nucleotide metabolism,False,1_direct_reaction,Human-GEM v2.0.0,False,,,,,,False,missing frequencies: RAD1;RAD9A,876.0,18.0,0.05517716675237752,0.02904428956906214,0.057464680262914625,-0.0017485947595366341,0.11210292826429168,0.7387337864059426,0.8490881199106975,HC3,tested,,0.5786714032369537,,,,,,,,,,,,,,,,,,,,,,,,,,,,,False
GGM-0000134,NADP,NADP+,dimethylglycine,dimethylglycine,unresolved,PDPR,1,MAR04700,0,,"Glycine, serine and threonine metabolism",False,1_direct_reaction,Human-GEM v2.0.0,False,,,,,,False,missing frequencies: PDPR,876.0,18.0,-0.06430039976710239,0.03436821903148091,0.06135531765060303,-0.13166087128158904,0.0030600717473842493,0.243031526411094,0.11443072687688921,HC3,tested,,0.5786714032369537,,,,,,,,,,,,,,,,,,,,,,,,,,,,,False
GGM-0000262,glutamate,glutamate,kynurenine,kynurenine,unresolved,AADAT,1,MAR02765,0,,Tryptophan metabolism,False,1_direct_reaction,Human-GEM v2.0.0,False,,,,,,False,missing frequencies: AADAT,876.0,18.0,-0.06607123094473058,0.03532032500011297,0.061396495758154354,-0.1352977958672017,0.0031553339777405237,0.1940174649539192,0.061875003064458034,HC3,tested,,0.5786714032369537,,,,,,,,,,,,,,,,,,,,,,,,,,,,,False
GGM-0000155,NADP,NADP+,uracil,uracil,unresolved,DPYD,1,MAR04345,0,,Pyrimidine metabolism,False,1_direct_reaction,Human-GEM v2.0.0,False,,,,,,False,missing frequencies: DPYD,876.0,18.0,-0.07351361083803501,0.03947985980514723,0.06259555054725804,-0.1508927141708141,0.003865492494744077,-0.06878797802124284,-0.21581519969731286,HC3,tested,,0.5786714032369537,,,,,,,,,,,,,,,,,,,,,,,,,,,,,False
GGM-0000213,carnosine,carnosine,histidine,histidine,unresolved,CNDP2,1,MAR04427,0,,Beta-alanine metabolism,False,1_direct_reaction,Human-GEM v2.0.0,False,,,,,,False,missing frequencies: CNDP2,876.0,18.0,0.06323913541632309,0.03403559419863132,0.0631648362688224,-0.0034694034054147116,0.1299476742380609,0.8451748721519015,0.9716531429845476,HC3,tested,,0.5786714032369537,,,,,,,,,,,,,,,,,,,,,,,,,,,,,False
GGM-0000088,GMP,GMP,guanosine,guanosine,unresolved,NT5C2,1,MAR04449,0,,Purine metabolism,False,1_direct_reaction,Human-GEM v2.0.0,False,,,,,,False,missing frequencies: NT5C2,876.0,18.0,-0.06372600520652967,0.03484964326929004,0.067459778446164,-0.13203005088840686,0.004578040475347517,0.062218325352876726,-0.06523368506018262,HC3,tested,,0.5987055337097056,,,,,,,,,,,,,,,,,,,,,,,,,,,,,False
GGM-0000107,NAD,NAD+,hypoxanthine,hypoxanthine,unresolved,XDH,1,MAR04519,0,,Purine metabolism,False,1_direct_reaction,Human-GEM v2.0.0,False,,,,,,False,missing frequencies: XDH,876.0,18.0,-0.08220606595252643,0.045312968278139146,0.06964938933504623,-0.17101785181028512,0.006605719905232246,-0.3252188025491483,-0.4896309344542012,HC3,tested,,0.5994068657925191,,,,,,,,,,,,,,,,,,,,,,,,,,,,,False
GGM-0000063,CMP,CMP,GMP,GMP,unresolved,RAD1;RAD9A,2,MAR07164,0,,Nucleotide metabolism,False,1_direct_reaction,Human-GEM v2.0.0,False,,,,,,False,missing frequencies: RAD1;RAD9A,876.0,18.0,0.050433046955290835,0.02876242184611853,0.07952730917939854,-0.005940263971249533,0.10680635788183121,0.7440946895814852,0.8449607834920668,HC3,tested,,0.6395201641159356,,,,,,,,,,,,,,,,,,,,,,,,,,,,,False
GGM-0000188,asparagine,asparagine,aspartate,aspartate,unresolved,ASPG,1,MAR03862,0,,"Alanine, aspartate and glutamate metabolism",False,1_direct_reaction,Human-GEM v2.0.0,False,,,,,,False,missing frequencies: ASPG,876.0,18.0,-0.08139837684034634,0.04654699059040835,0.08033674326219564,-0.1726288019862715,0.009832048305578808,0.6805461447671602,0.5177493910864676,HC3,tested,,0.6395201641159356,,,,,,,,,,,,,,,,,,,,,,,,,,,,,False
GGM-0000164,UMP,UMP,uridine,uridine,unresolved,NT5M,1,MAR03970,0,,Pyrimidine metabolism,False,1_direct_reaction,Human-GEM v2.0.0,False,,,,,,False,missing frequencies: NT5M,876.0,18.0,0.06544487982971753,0.03771086620632845,0.08266320919757668,-0.008467059760494847,0.1393568194199299,0.06450463859720967,0.19539439825664473,HC3,tested,,0.6395201641159356,,,,,,,,,,,,,,,,,,,,,,,,,,,,,False
GGM-0000156,UMP,UMP,uracil,uracil,unresolved,UPRT,1,MAR04343,0,,Pyrimidine metabolism,False,1_direct_reaction,Human-GEM v2.0.0,False,,,,,,False,missing frequencies: UPRT,876.0,18.0,-0.06313791885351903,0.03652258463336072,0.08385629637906941,-0.13472086935722205,0.008445031650183996,-0.2536181750461305,-0.3798940127531686,HC3,tested,,0.6395201641159356,,,,,,,,,,,,,,,,,,,,,,,,,,,,,False
GGM-0000100,NAD,NAD+,NADP,NADP+,unresolved,NADK2,1,MAR04268,0,,Nicotinate and nicotinamide metabolism,False,1_direct_reaction,Human-GEM v2.0.0,False,,,,,,False,missing frequencies: NADK2,876.0,18.0,0.05567106596716741,0.03238109496337018,0.08556959942396321,-0.007794713941009487,0.1191368458753443,0.6652736451405402,0.7766157770748751,HC3,tested,,0.6395201641159356,,,,,,,,,,,,,,,,,,,,,,,,,,,,,False
GGM-0000223,dimethylglycine,dimethylglycine,homocysteine,homocysteine,unresolved,BHMT,1,MAR04699,0,,"Glycine, serine and threonine metabolism",False,1_direct_reaction,Human-GEM v2.0.0,False,,,,,,False,missing frequencies: BHMT,876.0,18.0,-0.06419193465877768,0.0378168042610814,0.0896126142173607,-0.13831150902089806,0.00992763970334272,-0.3535468303914763,-0.4819306997090316,HC3,tested,,0.6405646161655891,,,,,,,,,,,,,,,,,,,,,,,,,,,,,False
GGM-0000090,GMP,GMP,guanosine,guanosine,unresolved,NT5C3B,1,MAR04449,0,,Purine metabolism,False,1_direct_reaction,Human-GEM v2.0.0,False,,,,,,False,missing frequencies: NT5C3B,876.0,18.0,-0.07201780427556387,0.04271860023612264,0.09182175372074178,-0.15574472220832847,0.011709113657200745,0.14203649939129948,-0.0019991091598282607,HC3,tested,,0.6405646161655891,,,,,,,,,,,,,,,,,,,,,,,,,,,,,False
GGM-0000005,AMP,AMP,GMP,GMP,unresolved,TREX1,1,MAR07164,0,,Nucleotide metabolism,False,1_direct_reaction,Human-GEM v2.0.0,False,,,,,,False,missing frequencies: TREX1,876.0,18.0,0.037874871245285435,0.022849061407078004,0.09739586904433833,-0.0069084661931315405,0.08265820868370241,0.8140914732093443,0.8898412156999151,HC3,tested,,0.6405646161655891,,,,,,,,,,,,,,,,,,,,,,,,,,,,,False
GGM-0000140,NADP,NADP+,malate,malate,unresolved,ME3,1,MAR04091,0,,Pyruvate metabolism,False,1_direct_reaction,Human-GEM v2.0.0,False,,,,,,False,missing frequencies: ME3,876.0,18.0,0.05937191187514254,0.03603939771890909,0.09947238967337968,-0.011264009678434259,0.13000783342871935,0.3967932664017296,0.5155370901520148,HC3,tested,,0.6405646161655891,,,,,,,,,,,,,,,,,,,,,,,,,,,,,False
GGM-0000071,CMP,CMP,cytidine,cytidine,unresolved,NT5C3A,1,MAR04177,0,,Pyrimidine metabolism,False,1_direct_reaction,Human-GEM v2.0.0,False,,,,,,False,missing frequencies: NT5C3A,876.0,18.0,0.07012524662984806,0.042667124952783304,0.10027067458896609,-0.013500781601477468,0.1537512748611736,0.38198551704246186,0.522236010302158,HC3,tested,,0.6405646161655891,,,,,,,,,,,,,,,,,,,,,,,,,,,,,False
GGM-0000251,glutamate,glutamate,glycine,glycine,unresolved,MACROD1,1,MAR05336,0,,Histidine metabolism,False,1_direct_reaction,Human-GEM v2.0.0,False,,,,,,False,missing frequencies: MACROD1,876.0,18.0,-0.07294458231247265,0.044719291215994994,0.10285532124933715,-0.16059278250998124,0.014703617885035936,0.5584279528723748,0.41253878824742946,HC3,tested,,0.6405646161655891,,,,,,,,,,,,,,,,,,,,,,,,,,,,,False
GGM-0000285,glycine,glycine,alanine,alanine,unresolved,KLK1,1,MAR09475,0,,Isolated,False,1_direct_reaction,Human-GEM v2.0.0,False,,,,,,False,missing frequencies: KLK1,876.0,18.0,0.05868078354354025,0.036255495286034715,0.10554737716983627,-0.012378681458749506,0.12974024854583,0.5023677732643096,0.61972934035139,HC3,tested,,0.6405646161655891,,,,,,,,,,,,,,,,,,,,,,,,,,,,,False
GGM-0000013,AMP,AMP,adenine,adenine,unresolved,APRT,1,MAR04085,0,,Purine metabolism,False,1_direct_reaction,Human-GEM v2.0.0,False,,,,,,False,missing frequencies: APRT,876.0,18.0,-0.06256245528931216,0.038942287646180435,0.10815467939649702,-0.1388879365514249,0.01376302597280056,0.32648170837312745,0.20135679779450316,HC3,tested,,0.6405646161655891,,,,,,,,,,,,,,,,,,,,,,,,,,,,,False
GGM-0000268,glutamate,glutamate,ornithine,ornithine,unresolved,OAT,1,MAR03807,0,,Arginine and proline metabolism,False,1_direct_reaction,Human-GEM v2.0.0,False,,,,,,False,missing frequencies: OAT,876.0,18.0,0.06021623273023892,0.0375779267345819,0.10905916985978462,-0.013435150283226449,0.1338676157437043,-0.5014061368174341,-0.38097367135695626,HC3,tested,,0.6405646161655891,,,,,,,,,,,,,,,,,,,,,,,,,,,,,False
GGM-0000170,adenine,adenine,adenosine,adenosine,unresolved,PNP,1,MAR08486,0,,Nucleotide metabolism,False,1_direct_reaction,Human-GEM v2.0.0,False,,,,,,False,missing frequencies: PNP,876.0,18.0,-0.05510097657658726,0.03463865427648487,0.11166885702169949,-0.12299149143143193,0.012789538278257406,-0.3992798796532023,-0.5094818328063768,HC3,tested,,0.6405646161655891,,,,,,,,,,,,,,,,,,,,,,,,,,,,,False
GGM-0000105,NAD,NAD+,beta-alanine,beta-alanine,unresolved,ALDH7A1,1,MAR07993,0,,Beta-alanine metabolism,False,1_direct_reaction,Human-GEM v2.0.0,False,,,,,,False,missing frequencies: ALDH7A1,876.0,18.0,-0.06004052167037066,0.037793369663515396,0.11213892535405695,-0.1341141650652695,0.01403312172452817,0.716431996363463,0.5963509530227217,HC3,tested,,0.6405646161655891,,,,,,,,,,,,,,,,,,,,,,,,,,,,,False
GGM-0000230,glucuronate,glucuronate,inositol,inositol,unresolved,MIOX,1,MAR06539,0,,Inositol phosphate metabolism,False,1_direct_reaction,Human-GEM v2.0.0,False,,,,,,False,missing frequencies: MIOX,876.0,18.0,0.07470811714879017,0.04725532638889489,0.11389039533759854,-0.017910620651129028,0.16732685494870936,0.14393825266304744,0.29335448696062777,HC3,tested,,0.6405646161655891,,,,,,,,,,,,,,,,,,,,,,,,,,,,,False
GGM-0000011,AMP,AMP,UMP,UMP,unresolved,TREX2,1,MAR07164,0,,Nucleotide metabolism,False,1_direct_reaction,Human-GEM v2.0.0,False,,,,,,False,missing frequencies: TREX2,876.0,18.0,0.04392671541622084,0.027872677837971756,0.11503096980438397,-0.010702729298891545,0.09855616013133323,0.8163225624847722,0.9041759933172139,HC3,tested,,0.6405646161655891,,,,,,,,,,,,,,,,,,,,,,,,,,,,,False
GGM-0000031,AMP,AMP,cAMP,cAMP,unresolved,PDE1C,1,MAR04014,0,,Purine metabolism,False,1_direct_reaction,Human-GEM v2.0.0,False,,,,,,False,missing frequencies: PDE1C,876.0,18.0,0.0638230176298119,0.040904908497953876,0.11869426460523096,-0.016349129817084085,0.1439951650767079,0.08002332967893361,0.20766936493855742,HC3,tested,,0.6436083210554103,,,,,,,,,,,,,,,,,,,,,,,,,,,,,False
GGM-0000302,isocitrate,isocitrate,NAD,NAD+,unresolved,IDH3A;IDH3B;IDH3G,3,MAR03957,0,,Tricarboxylic acid cycle and glyoxylate/dicarboxylate metabolism,False,1_direct_reaction,Human-GEM v2.0.0,False,,,,,,False,missing frequencies: IDH3A;IDH3B;IDH3G,876.0,18.0,-0.05466227724802676,0.03516814895049203,0.12011000357724207,-0.12359058259393124,0.01426602809787772,0.02869870811408888,-0.08062584638196464,HC3,tested,,0.6436083210554103,,,,,,,,,,,,,,,,,,,,,,,,,,,,,False
GGM-0000256,glutamate,glutamate,glycine,glycine,unresolved,SIRT3,1,MAR05336,0,,Histidine metabolism,False,1_direct_reaction,Human-GEM v2.0.0,False,,,,,,False,missing frequencies: SIRT3,876.0,18.0,-0.06901739925608326,0.04611439240027787,0.1344826936874028,-0.15939994752957548,0.02136514901740895,0.5607530252269904,0.42271822671482395,HC3,tested,,0.6686039530685255,,,,,,,,,,,,,,,,,,,,,,,,,,,,,False
GGM-0000127,NADP,NADP+,beta-alanine,beta-alanine,unresolved,ALDH3A2,1,MAR04079,0,,Beta-alanine metabolism,False,1_direct_reaction,Human-GEM v2.0.0,False,,,,,,False,missing frequencies: ALDH3A2,876.0,18.0,0.054986564570412996,0.03679543167207734,0.1350748536656242,-0.017131156302463008,0.127104285443289,0.388940154240891,0.49891328338171703,HC3,tested,,0.6686039530685255,,,,,,,,,,,,,,,,,,,,,,,,,,,,,False
GGM-0000121,NAD,NAD+,taurine,taurine,unresolved,FMO1,1,MAR13083,0,,Metabolism of other amino acids,False,1_direct_reaction,Human-GEM v2.0.0,False,,,,,,False,missing frequencies: FMO1,876.0,18.0,-0.05142254369315595,0.03466631424629159,0.13797940332364864,-0.11936727109263526,0.016522183706323357,0.707165786203025,0.6043206988167131,HC3,tested,,0.6686039530685255,,,,,,,,,,,,,,,,,,,,,,,,,,,,,False
GGM-0000241,glutamate,glutamate,alanine,alanine,unresolved,GPT2,1,MAR04109,0,,"Alanine, aspartate and glutamate metabolism",False,1_direct_reaction,Human-GEM v2.0.0,False,,,,,,False,missing frequencies: GPT2,876.0,18.0,0.06344581740652373,0.04302480595534826,0.14031112078824204,-0.02088125270778328,0.14777288752083073,-0.007683107242116995,0.11920852757093048,HC3,tested,,0.6686039530685255,,,,,,,,,,,,,,,,,,,,,,,,,,,,,False
GGM-0000255,glutamate,glutamate,glycine,glycine,unresolved,SIRT1,1,MAR05336,0,,Histidine metabolism,False,1_direct_reaction,Human-GEM v2.0.0,False,,,,,,False,missing frequencies: SIRT1,876.0,18.0,-0.05829352593954716,0.03962158619259893,0.14122169629834716,-0.13595040788739055,0.019363356008296223,0.5237479149697947,0.4071608630907003,HC3,tested,,0.6686039530685255,,,,,,,,,,,,,,,,,,,,,,,,,,,,,False
GGM-0000115,NAD,NAD+,oxalate,oxalate,unresolved,LDHB,1,MAR08780,0,,Tricarboxylic acid cycle and glyoxylate/dicarboxylate metabolism,False,1_direct_reaction,Human-GEM v2.0.0,False,,,,,,False,missing frequencies: LDHB,876.0,18.0,0.06222904952089789,0.042498970784707914,0.14312609312599825,-0.02106740259714958,0.14552550163894534,-0.28423193595914287,-0.15977383691734712,HC3,tested,,0.6686039530685255,,,,,,,,,,,,,,,,,,,,,,,,,,,,,False
GGM-0000020,AMP,AMP,adenosine,adenosine,unresolved,NT5C2,1,MAR04010,0,,Purine metabolism,False,1_direct_reaction,Human-GEM v2.0.0,False,,,,,,False,missing frequencies: NT5C2,876.0,18.0,0.058852865606260026,0.04038575437248145,0.14504242937013648,-0.020301758452284636,0.1380074896648047,-0.33216192061490984,-0.2144561894023898,HC3,tested,,0.6686039530685255,,,,,,,,,,,,,,,,,,,,,,,,,,,,,False
GGM-0000080,GMP,GMP,NADP,NADP+,unresolved,GMPR2,1,MAR04419,0,,Purine metabolism,False,1_direct_reaction,Human-GEM v2.0.0,False,,,,,,False,missing frequencies: GMPR2,876.0,18.0,0.058308956993391406,0.04009598458437506,0.14588135212369416,-0.020277728716656923,0.13689564270343973,0.042087902553590364,0.1587058165403732,HC3,tested,,0.6686039530685255,,,,,,,,,,,,,,,,,,,,,,,,,,,,,False
GGM-0000303,isocitrate,isocitrate,NADP,NADP+,unresolved,IDH1,1,MAR00710,0,,Tricarboxylic acid cycle and glyoxylate/dicarboxylate metabolism,False,1_direct_reaction,Human-GEM v2.0.0,False,,,,,,False,missing frequencies: IDH1,876.0,18.0,0.05965128547398955,0.04127674291762475,0.14841439346546392,-0.021249644043673722,0.14055221499165282,0.31711323808460284,0.436415809032582,HC3,tested,,0.6686039530685255,,,,,,,,,,,,,,,,,,,,,,,,,,,,,False
GGM-0000314,uracil,uracil,uridine,uridine,unresolved,UPP1,1,MAR04579,0,,Pyrimidine metabolism,False,1_direct_reaction,Human-GEM v2.0.0,False,,,,,,False,missing frequencies: UPP1,876.0,18.0,0.06226440768080983,0.04328906362664263,0.15033750351567626,-0.022580597951872575,0.14710941331349225,0.20567165931080278,0.3302004746724224,HC3,tested,,0.6686039530685255,,,,,,,,,,,,,,,,,,,,,,,,,,,,,False
GGM-0000125,NADP,NADP+,beta-alanine,beta-alanine,unresolved,ALDH1B1,1,MAR04079,0,,Beta-alanine metabolism,False,1_direct_reaction,Human-GEM v2.0.0,False,,,,,,False,missing frequencies: ALDH1B1,876.0,18.0,-0.053816081163641526,0.03744601855438645,0.15067131336755504,-0.1272089288946576,0.01957676656737454,0.3384063600060629,0.23077419767877985,HC3,tested,,0.6686039530685255,,,,,,,,,,,,,,,,,,,,,,,,,,,,,False
GGM-0000254,glutamate,glutamate,glycine,glycine,unresolved,OARD1,1,MAR05336,0,,Histidine metabolism,False,1_direct_reaction,Human-GEM v2.0.0,False,,,,,,False,missing frequencies: OARD1,876.0,18.0,-0.056291275250212394,0.039708260084066305,0.15630135829466482,-0.13411803490373175,0.02153548440330698,0.5118447952799304,0.39926224477950567,HC3,tested,,0.6829167039336125,,,,,,,,,,,,,,,,,,,,,,,,,,,,,False
GGM-0000066,CMP,CMP,UMP,UMP,unresolved,RAD1;RAD9A,2,MAR07164,0,,Nucleotide metabolism,False,1_direct_reaction,Human-GEM v2.0.0,False,,,,,,False,missing frequencies: RAD1;RAD9A,876.0,18.0,0.040102316336805305,0.029529753882462574,0.174453899925744,-0.017774937745153173,0.09797957041876379,0.6686448578767665,0.7488494905503771,HC3,tested,,0.7402116835671524,,,,,,,,,,,,,,,,,,,,,,,,,,,,,False
GGM-0000313,thymidine,thymidine,thymine,thymine,unresolved,TYMP,1,MAR04485,0,,Pyrimidine metabolism,False,1_direct_reaction,Human-GEM v2.0.0,False,,,,,,False,missing frequencies: TYMP,876.0,18.0,-0.05658800910443087,0.041685942488258465,0.1746274042218282,-0.13829095504302547,0.02511493683416372,0.020014664887700657,-0.09316135332116107,HC3,tested,,0.7402116835671524,,,,,,,,,,,,,,,,,,,,,,,,,,,,,False
GGM-0000211,carnosine,carnosine,histidine,histidine,unresolved,CARNS1,1,MAR04425,0,,Beta-alanine metabolism,False,1_direct_reaction,Human-GEM v2.0.0,False,,,,,,False,missing frequencies: CARNS1,876.0,18.0,-0.06604033663272005,0.04934635385813523,0.18079792712283704,-0.16275741296303425,0.030676739697594144,0.9963536826399025,0.8642730093744625,HC3,tested,,0.7444876274878829,,,,,,,,,,,,,,,,,,,,,,,,,,,,,False
GGM-0000229,dimethylglycine,dimethylglycine,sarcosine,sarcosine,unresolved,SARDH,1,MAR04701,0,,Sulfur metabolism,False,1_direct_reaction,Human-GEM v2.0.0,False,,,,,,False,missing frequencies: SARDH,876.0,18.0,0.04936786354373877,0.03689528703001135,0.18087903625585888,-0.022945570234351266,0.12168129732182881,-0.2907155383225158,-0.19197981123503824,HC3,tested,,0.7444876274878829,,,,,,,,,,,,,,,,,,,,,,,,,,,,,False
GGM-0000227,dimethylglycine,dimethylglycine,sarcosine,sarcosine,unresolved,DMGDH,1,MAR04700,0,,"Glycine, serine and threonine metabolism",False,1_direct_reaction,Human-GEM v2.0.0,False,,,,,,False,missing frequencies: DMGDH,876.0,18.0,0.060609592727113165,0.04578847850155174,0.1856071701816736,-0.029134176042814777,0.1503533614970411,-0.23009776416501396,-0.10887857871078763,HC3,tested,,0.7530348047370757,,,,,,,,,,,,,,,,,,,,,,,,,,,,,False
GGM-0000124,NAD,NAD+,xanthine,xanthine,unresolved,XDH,1,MAR04519,0,,Purine metabolism,False,1_direct_reaction,Human-GEM v2.0.0,False,,,,,,False,missing frequencies: XDH,876.0,18.0,-0.0626432455184999,0.05026962305255734,0.2127111221400344,-0.16116989621791672,0.03588340518091694,-0.5087637922766708,-0.6340502833136705,HC3,tested,,0.8464231388318744,,,,,,,,,,,,,,,,,,,,,,,,,,,,,False
GGM-0000160,UMP,UMP,uridine,uridine,unresolved,NT5C2,1,MAR03970,0,,Pyrimidine metabolism,False,1_direct_reaction,Human-GEM v2.0.0,False,,,,,,False,missing frequencies: NT5C2,876.0,18.0,-0.054578325616283535,0.04397743120226082,0.21458614787286956,-0.14077250690530274,0.03161585567273567,0.1461094986811999,0.036952847448632836,HC3,tested,,0.8464231388318744,,,,,,,,,,,,,,,,,,,,,,,,,,,,,False
GGM-0000023,AMP,AMP,adenosine,adenosine,unresolved,NT5M,1,MAR04081,0,,Purine metabolism,False,1_direct_reaction,Human-GEM v2.0.0,False,,,,,,False,missing frequencies: NT5M,876.0,18.0,-0.04539839063923275,0.03762040598740743,0.2275287880889213,-0.11913303145832632,0.028336250179860828,-0.03582326239855495,-0.12662004367702046,HC3,tested,,0.8710501182951846,,,,,,,,,,,,,,,,,,,,,,,,,,,,,False
GGM-0000209,betaine,betaine,methionine,methionine,unresolved,BHMT,1,MAR04699,0,,"Glycine, serine and threonine metabolism",False,1_direct_reaction,Human-GEM v2.0.0,False,,,,,,False,missing frequencies: BHMT,876.0,18.0,0.05695520743524119,0.04732519276482006,0.22878830175236708,-0.03580046594522166,0.14971088081570405,0.6753014944692171,0.7892119093396994,HC3,tested,,0.8710501182951846,,,,,,,,,,,,,,,,,,,,,,,,,,,,,False
GGM-0000045,AMP,AMP,cAMP,cAMP,unresolved,PDE8B,1,MAR04014,0,,Purine metabolism,False,1_direct_reaction,Human-GEM v2.0.0,False,,,,,,False,missing frequencies: PDE8B,876.0,18.0,-0.054932703049881015,0.045784106164680365,0.2302091125066712,-0.1446679021970128,0.034802496097250765,0.2917059740373625,0.18184056793760045,HC3,tested,,0.8710501182951846,,,,,,,,,,,,,,,,,,,,,,,,,,,,,False
GGM-0000167,UMP,UMP,uridine,uridine,unresolved,UCKL1,1,MAR05299,0,,Pyrimidine metabolism,False,1_direct_reaction,Human-GEM v2.0.0,False,,,,,,False,missing frequencies: UCKL1,876.0,18.0,0.04970083731820154,0.04206677104076352,0.23741408856506319,-0.032748518867587485,0.13215019350399057,-0.07332912370614769,0.026072550930255393,HC3,tested,,0.8710501182951846,,,,,,,,,,,,,,,,,,,,,,,,,,,,,False
GGM-0000218,choline,choline,serine,serine,unresolved,PTDSS1,1,MAR00623,0,,Glycerophospholipid metabolism,False,1_direct_reaction,Human-GEM v2.0.0,False,,,,,,False,missing frequencies: PTDSS1,876.0,18.0,-0.04668637988186325,0.040013465277863355,0.2433045877632536,-0.12511133072311942,0.03173857095939292,0.06030001955223452,-0.03307274021149198,HC3,tested,,0.8710501182951846,,,,,,,,,,,,,,,,,,,,,,,,,,,,,False
GGM-0000197,beta-alanine,beta-alanine,carnosine,carnosine,unresolved,CARNS1,1,MAR04425,0,,Beta-alanine metabolism,False,1_direct_reaction,Human-GEM v2.0.0,False,,,,,,False,missing frequencies: CARNS1,876.0,18.0,0.05699208114820792,0.04885549382618361,0.24339458659197477,-0.038762927198030914,0.15274708949444676,0.017268729436747746,0.13125289173316357,HC3,tested,,0.8710501182951846,,,,,,,,,,,,,,,,,,,,,,,,,,,,,False
GGM-0000077,CMP,CMP,cytidine,cytidine,unresolved,UCKL1,1,MAR04180,0,,Nucleotide metabolism,False,1_direct_reaction,Human-GEM v2.0.0,False,,,,,,False,missing frequencies: UCKL1,876.0,18.0,0.039549490188355296,0.03457465813800027,0.2526706444080946,-0.02821559453990992,0.10731457491662051,0.3260227182536254,0.405121698630336,HC3,tested,,0.8710501182951846,,,,,,,,,,,,,,,,,,,,,,,,,,,,,False
GGM-0000296,glycine,glycine,serine,serine,unresolved,SHMT2,1,MAR04792,0,,"Glycine, serine and threonine metabolism",False,1_direct_reaction,Human-GEM v2.0.0,False,,,,,,False,missing frequencies: SHMT2,876.0,18.0,0.05000852114268564,0.04385362338860031,0.2541401186551091,-0.03594300129055433,0.13596004357592562,0.20325135609667097,0.3032683983820422,HC3,tested,,0.8710501182951846,,,,,,,,,,,,,,,,,,,,,,,,,,,,,False
GGM-0000298,homocysteine,homocysteine,methionine,methionine,unresolved,BHMT2,1,MAR04699,0,,"Glycine, serine and threonine metabolism",False,1_direct_reaction,Human-GEM v2.0.0,False,,,,,,False,missing frequencies: BHMT2,876.0,18.0,-0.05976501853855937,0.05342303546999427,0.26326280300452776,-0.16447224400455399,0.04494220692743525,-0.531187683374807,-0.6507177204519259,HC3,tested,,0.8710501182951846,,,,,,,,,,,,,,,,,,,,,,,,,,,,,False
GGM-0000032,AMP,AMP,cAMP,cAMP,unresolved,PDE2A,1,MAR04014,0,,Purine metabolism,False,1_direct_reaction,Human-GEM v2.0.0,False,,,,,,False,missing frequencies: PDE2A,876.0,18.0,-0.04120921481834819,0.03693505443443417,0.26454159083704976,-0.11360059127686557,0.031182161640169195,0.11838717294283871,0.03596874330614233,HC3,tested,,0.8710501182951846,,,,,,,,,,,,,,,,,,,,,,,,,,,,,False
GGM-0000133,NADP,NADP+,dimethylglycine,dimethylglycine,unresolved,DMGDH,1,MAR04700,0,,"Glycine, serine and threonine metabolism",False,1_direct_reaction,Human-GEM v2.0.0,False,,,,,,False,missing frequencies: DMGDH,876.0,18.0,-0.06603327276876078,0.059249361029668476,0.2650657582996778,-0.182159886493922,0.050093340956400445,0.20190959931370964,0.06984305377618807,HC3,tested,,0.8710501182951846,,,,,,,,,,,,,,,,,,,,,,,,,,,,,False
GGM-0000030,AMP,AMP,cAMP,cAMP,unresolved,PDE1B,1,MAR04014,0,,Purine metabolism,False,1_direct_reaction,Human-GEM v2.0.0,False,,,,,,False,missing frequencies: PDE1B,876.0,18.0,-0.05464716136783733,0.049488534623220455,0.2694895515388529,-0.15164290687701293,0.042348584141338255,0.24228608853055816,0.13299176579488353,HC3,tested,,0.8710501182951846,,,,,,,,,,,,,,,,,,,,,,,,,,,,,False
GGM-0000106,NAD,NAD+,beta-alanine,beta-alanine,unresolved,ALDH9A1,1,MAR07993,0,,Beta-alanine metabolism,False,1_direct_reaction,Human-GEM v2.0.0,False,,,,,,False,missing frequencies: ALDH9A1,876.0,18.0,-0.03643417437539539,0.033061585517939265,0.27045763294074676,-0.10123369126234738,0.028365342511556597,0.4735015049954998,0.4006331562447091,HC3,tested,,0.8710501182951846,,,,,,,,,,,,,,,,,,,,,,,,,,,,,False
GGM-0000028,AMP,AMP,cAMP,cAMP,unresolved,PDE11A,1,MAR04014,0,,Purine metabolism,False,1_direct_reaction,Human-GEM v2.0.0,False,,,,,,False,missing frequencies: PDE11A,876.0,18.0,-0.047867421726375536,0.04358614945138177,0.27210602440046094,-0.13329470487586403,0.03755986142311296,0.23073275941169397,0.1349979159589429,HC3,tested,,0.8710501182951846,,,,,,,,,,,,,,,,,,,,,,,,,,,,,False
GGM-0000233,glutamate,glutamate,NAD,NAD+,unresolved,ALDH4A1,1,MAR03806,0,,Arginine and proline metabolism,False,1_direct_reaction,Human-GEM v2.0.0,False,,,,,,False,missing frequencies: ALDH4A1,876.0,18.0,-0.06550635818025223,0.05983794057189294,0.2736351648542329,-0.18278656661021048,0.051773850249706016,0.6960829641554029,0.5650702477948986,HC3,tested,,0.8710501182951846,,,,,,,,,,,,,,,,,,,,,,,,,,,,,False
GGM-0000076,CMP,CMP,cytidine,cytidine,unresolved,UCK2,1,MAR04180,0,,Nucleotide metabolism,False,1_direct_reaction,Human-GEM v2.0.0,False,,,,,,False,missing frequencies: UCK2,876.0,18.0,0.0401566860774967,0.036693375949260074,0.2737860900815473,-0.03176100925424126,0.11207438140923466,0.3403959677049456,0.42070933985993897,HC3,tested,,0.8710501182951846,,,,,,,,,,,,,,,,,,,,,,,,,,,,,False
GGM-0000096,NAD,NAD+,NADP,NADP+,unresolved,ACP5,1,MAR04270,0,,Nicotinate and nicotinamide metabolism,False,1_direct_reaction,Human-GEM v2.0.0,False,,,,,,False,missing frequencies: ACP5,876.0,18.0,-0.04575394191563222,0.04190795665432656,0.27493324240779204,-0.127892027623778,0.03638414379251354,0.6792874367208378,0.5877795528895734,HC3,tested,,0.8710501182951846,,,,,,,,,,,,,,,,,,,,,,,,,,,,,False
GGM-0000316,urate,urate,xanthine,xanthine,unresolved,XDH,1,MAR04646,0,,Purine metabolism,False,1_direct_reaction,Human-GEM v2.0.0,False,,,,,,False,missing frequencies: XDH,876.0,18.0,-0.05237890530905287,0.04831332150437023,0.27829813333675524,-0.14707127543112303,0.04231346481301729,0.7669751727293184,0.6622173621112126,HC3,tested,,0.8710501182951846,,,,,,,,,,,,,,,,,,,,,,,,,,,,,False
GGM-0000201,beta-alanine,beta-alanine,histidine,histidine,unresolved,CNDP1,1,MAR04427,0,,Beta-alanine metabolism,False,1_direct_reaction,Human-GEM v2.0.0,False,,,,,,False,missing frequencies: CNDP1,876.0,18.0,0.07215567608732826,0.06666672916744053,0.2791040872002176,-0.058508712047941114,0.20282006422259763,-0.03952904382361046,0.10478230835104606,HC3,tested,,0.8710501182951846,,,,,,,,,,,,,,,,,,,,,,,,,,,,,False
GGM-0000112,NAD,NAD+,malate,malate,unresolved,ME3,1,MAR04087,0,,Pyruvate metabolism,False,1_direct_reaction,Human-GEM v2.0.0,False,,,,,,False,missing frequencies: ME3,876.0,18.0,0.03970520908538236,0.037586115233075625,0.29079477720647595,-0.033962223090218166,0.11337264126098288,0.6238275096404237,0.7032379278111883,HC3,tested,,0.8976708339852083,,,,,,,,,,,,,,,,,,,,,,,,,,,,,False
GGM-0000027,AMP,AMP,cAMP,cAMP,unresolved,PDE10A,1,MAR04014,0,,Purine metabolism,False,1_direct_reaction,Human-GEM v2.0.0,False,,,,,,False,missing frequencies: PDE10A,876.0,18.0,0.046182486623132665,0.04487835227467753,0.303451801129338,-0.041777467520736494,0.13414244076700182,0.09924806154859313,0.19161303479485847,HC3,tested,,0.9174536028998546,,,,,,,,,,,,,,,,,,,,,,,,,,,,,False
GGM-0000284,glycine,glycine,alanine,alanine,unresolved,AGXT2,1,MAR04788,0,,"Glycine, serine and threonine metabolism",False,1_direct_reaction,Human-GEM v2.0.0,False,,,,,,False,missing frequencies: AGXT2,876.0,18.0,0.04056647799005027,0.039727465555738195,0.30719796583964587,-0.03729792369625212,0.11843087967635266,0.5267085982974251,0.6078415542775257,HC3,tested,,0.9174536028998546,,,,,,,,,,,,,,,,,,,,,,,,,,,,,False
GGM-0000085,GMP,GMP,guanosine,guanosine,unresolved,NT5C,1,MAR04449,0,,Purine metabolism,False,1_direct_reaction,Human-GEM v2.0.0,False,,,,,,False,missing frequencies: NT5C,876.0,18.0,-0.03374938856141158,0.03313478370572873,0.3084173024796666,-0.09869237126016453,0.03119359413734136,0.1237270947581641,0.05622831763534094,HC3,tested,,0.9174536028998546,,,,,,,,,,,,,,,,,,,,,,,,,,,,,False
GGM-0000158,UMP,UMP,uridine,uridine,unresolved,NT5C1A,1,MAR03970,0,,Pyrimidine metabolism,False,1_direct_reaction,Human-GEM v2.0.0,False,,,,,,False,missing frequencies: NT5C1A,876.0,18.0,0.05541100807060003,0.05560601866014276,0.31901066899213615,-0.053574785826941966,0.16439680196814202,0.14205409654815468,0.2528761126893547,HC3,tested,,0.9174536028998546,,,,,,,,,,,,,,,,,,,,,,,,,,,,,False
GGM-0000152,NADP,NADP+,trimethylamine-N-oxide,trimethylamine-N-oxide,unresolved,FMO3,1,MAR09514,0,,Isolated,False,1_direct_reaction,Human-GEM v2.0.0,False,,,,,,False,missing frequencies: FMO3,876.0,18.0,-0.05102965498813372,0.051230930058506714,0.31921554239415506,-0.15144043279729735,0.049381122821029924,-0.4341528914777736,-0.536212201454041,HC3,tested,,0.9174536028998546,,,,,,,,,,,,,,,,,,,,,,,,,,,,,False
GGM-0000082,GMP,GMP,UMP,UMP,unresolved,TREX2,1,MAR07164,0,,Nucleotide metabolism,False,1_direct_reaction,Human-GEM v2.0.0,False,,,,,,False,missing frequencies: TREX2,876.0,18.0,0.03039925465396512,0.03056575754761285,0.31995389461430224,-0.029508529299539392,0.09030703860746964,0.7618578689746722,0.8226563782826024,HC3,tested,,0.9174536028998546,,,,,,,,,,,,,,,,,,,,,,,,,,,,,False
GGM-0000186,arginine,arginine,ornithine,ornithine,unresolved,GATM,1,MAR04582,0,,"Glycine, serine and threonine metabolism",False,1_direct_reaction,Human-GEM v2.0.0,False,,,,,,False,missing frequencies: GATM,876.0,18.0,-0.02783597680150652,0.02804386520559749,0.3209112492525149,-0.08280094259177356,0.027128988988760525,0.8055218326753664,0.7498498790723533,HC3,tested,,0.9174536028998546,,,,,,,,,,,,,,,,,,,,,,,,,,,,,False
GGM-0000250,glutamate,glutamate,glycine,glycine,unresolved,ACY3,1,MAR05336,0,,Histidine metabolism,False,1_direct_reaction,Human-GEM v2.0.0,False,,,,,,False,missing frequencies: ACY3,876.0,18.0,-0.041161018128704645,0.04165185803889684,0.32304704327459666,-0.12279715977411756,0.04047512351670828,0.4975780128854835,0.4152559766280742,HC3,tested,,0.9174536028998546,,,,,,,,,,,,,,,,,,,,,,,,,,,,,False
GGM-0000287,glycine,glycine,leucine,leucine,unresolved,CNDP2,1,MAR11411,0,,Peptide metabolism,False,1_direct_reaction,Human-GEM v2.0.0,False,,,,,,False,missing frequencies: CNDP2,876.0,18.0,0.03776133233797951,0.03884570584959307,0.33100820788030116,-0.03837485208125981,0.11389751675721882,0.321426279375556,0.39694894405151504,HC3,tested,,0.9221570691405114,,,,,,,,,,,,,,,,,,,,,,,,,,,,,False
GGM-0000138,NADP,NADP+,malate,malate,unresolved,ME1,1,MAR04089,0,,Pyruvate metabolism,False,1_direct_reaction,Human-GEM v2.0.0,False,,,,,,False,missing frequencies: ME1,876.0,18.0,-0.033314014189700855,0.03430920952623336,0.33155159161077286,-0.10055882919915678,0.033930800819755066,0.5381006313777016,0.4714726029982999,HC3,tested,,0.9221570691405114,,,,,,,,,,,,,,,,,,,,,,,,,,,,,False
GGM-0000017,AMP,AMP,adenosine,adenosine,unresolved,NT5C,1,MAR04010,0,,Purine metabolism,False,1_direct_reaction,Human-GEM v2.0.0,False,,,,,,False,missing frequencies: NT5C,876.0,18.0,0.04004849226437157,0.041705614289497046,0.3369212504292267,-0.04169300969616167,0.12178999422490482,-0.2078852929455296,-0.12778830841678646,HC3,tested,,0.9221570691405114,,,,,,,,,,,,,,,,,,,,,,,,,,,,,False
GGM-0000184,arginine,arginine,ornithine,ornithine,unresolved,ARG1,1,MAR03816,0,,Arginine and proline metabolism,False,1_direct_reaction,Human-GEM v2.0.0,False,,,,,,False,missing frequencies: ARG1,876.0,18.0,-0.033108598063406665,0.03499896293478189,0.3441547197469734,-0.10170530491183144,0.03548810878501812,0.8902819597494693,0.8240647636226559,HC3,tested,,0.9221570691405114,,,,,,,,,,,,,,,,,,,,,,,,,,,,,False
GGM-0000128,NADP,NADP+,beta-alanine,beta-alanine,unresolved,ALDH7A1,1,MAR04079,0,,Beta-alanine metabolism,False,1_direct_reaction,Human-GEM v2.0.0,False,,,,,,False,missing frequencies: ALDH7A1,876.0,18.0,-0.040520771542639625,0.0428736857404908,0.3445976910766567,-0.12455165147849008,0.04351010839321083,0.5676326714782259,0.48659112839294666,HC3,tested,,0.9221570691405114,,,,,,,,,,,,,,,,,,,,,,,,,,,,,False
GGM-0000148,NADP,NADP+,thyroxine,thyroxine,unresolved,DIO1,1,MAR06854,0,,"Phenylalanine, tyrosine and tryptophan biosynthesis",False,1_direct_reaction,Human-GEM v2.0.0,False,,,,,,False,missing frequencies: DIO1,876.0,18.0,-0.04403699070642767,0.04678617617660094,0.34658220844870213,-0.1357362109869114,0.04766222957405606,0.11110593631416249,0.023031954901307154,HC3,tested,,0.9221570691405114,,,,,,,,,,,,,,,,,,,,,,,,,,,,,False
GGM-0000073,CMP,CMP,cytidine,cytidine,unresolved,NT5E,1,MAR04177,0,,Pyrimidine metabolism,False,1_direct_reaction,Human-GEM v2.0.0,False,,,,,,False,missing frequencies: NT5E,876.0,18.0,-0.041218868151963774,0.0438694043717409,0.34743241689448845,-0.12720132074379994,0.04476358443987239,0.7235346480548791,0.6410969117509516,HC3,tested,,0.9221570691405114,,,,,,,,,,,,,,,,,,,,,,,,,,,,,False
GGM-0000061,CMP,CMP,GMP,GMP,unresolved,TREX1,1,MAR07164,0,,Nucleotide metabolism,False,1_direct_reaction,Human-GEM v2.0.0,False,,,,,,False,missing frequencies: TREX1,876.0,18.0,0.02529204171241991,0.027151314435071367,0.3515837053167753,-0.027923556713242453,0.07850764013808227,0.6929047287796244,0.7434888122044643,HC3,tested,,0.9243992082768825,,,,,,,,,,,,,,,,,,,,,,,,,,,,,False
GGM-0000177,arginine,arginine,NADP,NADP+,unresolved,NOS1,1,MAR02023,0,,Arginine and proline metabolism,False,1_direct_reaction,Human-GEM v2.0.0,False,,,,,,False,missing frequencies: NOS1,876.0,18.0,0.050835870940479755,0.05508188950570293,0.3560517973928238,-0.05712264869111275,0.15879439057207226,-0.26254762851707425,-0.16087588663611477,HC3,tested,,0.9243992082768825,,,,,,,,,,,,,,,,,,,,,,,,,,,,,False
GGM-0000179,arginine,arginine,NADP,NADP+,unresolved,NOS3,1,MAR02023,0,,Arginine and proline metabolism,False,1_direct_reaction,Human-GEM v2.0.0,False,,,,,,False,missing frequencies: NOS3,876.0,18.0,-0.03874909893431128,0.04252546211821933,0.3621912694410767,-0.12209747311194356,0.04459927524332101,-0.12438861454970074,-0.2018868124183233,HC3,tested,,0.9243992082768825,,,,,,,,,,,,,,,,,,,,,,,,,,,,,False
GGM-0000064,CMP,CMP,UMP,UMP,unresolved,TREX1,1,MAR07164,0,,Nucleotide metabolism,False,1_direct_reaction,Human-GEM v2.0.0,False,,,,,,False,missing frequencies: TREX1,876.0,18.0,-0.02529932502749288,0.027766163402605546,0.3622128299314209,-0.07972000528545387,0.02912135523046811,0.7621714139498548,0.711572763894869,HC3,tested,,0.9243992082768825,,,,,,,,,,,,,,,,,,,,,,,,,,,,,False
GGM-0000081,GMP,GMP,UMP,UMP,unresolved,TREX1,1,MAR07164,0,,Nucleotide metabolism,False,1_direct_reaction,Human-GEM v2.0.0,False,,,,,,False,missing frequencies: TREX1,876.0,18.0,-0.02578213596566767,0.028434323922032687,0.36455180044722124,-0.08151238677759742,0.029948114846262093,0.9005008589403877,0.8489365870090523,HC3,tested,,0.9243992082768825,,,,,,,,,,,,,,,,,,,,,,,,,,,,,False
GGM-0000300,hypoxanthine,hypoxanthine,inosine,inosine,unresolved,PNP,1,MAR04574,0,,Purine metabolism,False,1_direct_reaction,Human-GEM v2.0.0,False,,,,,,False,missing frequencies: PNP,876.0,18.0,-0.03464672399916363,0.038984854116968795,0.37415213942338366,-0.11105563401097052,0.041762186012643254,0.6279160770968208,0.5586226290984935,HC3,tested,,0.934523790005583,,,,,,,,,,,,,,,,,,,,,,,,,,,,,False
GGM-0000118,NAD,NAD+,proline,proline,unresolved,PYCR1,1,MAR03837,0,,Arginine and proline metabolism,False,1_direct_reaction,Human-GEM v2.0.0,False,,,,,,False,missing frequencies: PYCR1,876.0,18.0,0.03763996283856581,0.04254897053072682,0.3763579068379175,-0.045754486980914874,0.1210344126580465,0.2944694780363944,0.369749403713526,HC3,tested,,0.934523790005583,,,,,,,,,,,,,,,,,,,,,,,,,,,,,False
GGM-0000281,glycine,glycine,AMP,AMP,unresolved,BAAT,1,MAR01844,0,,Bile acid biosynthesis,False,1_direct_reaction,Human-GEM v2.0.0,False,,,,,,False,missing frequencies: BAAT,876.0,18.0,-0.03536444806311265,0.041061050759454445,0.3890920784461078,-0.11584262871901439,0.0451137325927891,0.3237460510946316,0.25301715496840627,HC3,tested,,0.934523790005583,,,,,,,,,,,,,,,,,,,,,,,,,,,,,False
GGM-0000117,NAD,NAD+,oxalate,oxalate,unresolved,LDHD,1,MAR08780,0,,Tricarboxylic acid cycle and glyoxylate/dicarboxylate metabolism,False,1_direct_reaction,Human-GEM v2.0.0,False,,,,,,False,missing frequencies: LDHD,876.0,18.0,-0.04348563909430436,0.05090067748565897,0.3929258334675525,-0.14324913375488474,0.056277855566276014,-0.23817735907796644,-0.32514863726657517,HC3,tested,,0.934523790005583,,,,,,,,,,,,,,,,,,,,,,,,,,,,,False
GGM-0000299,homocysteine,homocysteine,methionine,methionine,unresolved,MTR,1,MAR03917,0,,Cysteine and methionine metabolism,False,1_direct_reaction,Human-GEM v2.0.0,False,,,,,,False,missing frequencies: MTR,876.0,18.0,0.03493738299073628,0.04090054888885259,0.3929923664586963,-0.04522621977933452,0.11510098576080707,-0.6523920560893791,-0.5825172901079066,HC3,tested,,0.934523790005583,,,,,,,,,,,,,,,,,,,,,,,,,,,,,False
GGM-0000198,beta-alanine,beta-alanine,carnosine,carnosine,unresolved,CNDP1,1,MAR04427,0,,Beta-alanine metabolism,False,1_direct_reaction,Human-GEM v2.0.0,False,,,,,,False,missing frequencies: CNDP1,876.0,18.0,0.04765957341871402,0.055888465460997044,0.3937911635163812,-0.061879806036050936,0.15719895287347896,0.03643359835087695,0.131752745188305,HC3,tested,,0.934523790005583,,,,,,,,,,,,,,,,,,,,,,,,,,,,,False
GGM-0000317,xanthine,xanthine,xanthosine,xanthosine,unresolved,PNP,1,MAR04663,0,,Purine metabolism,False,1_direct_reaction,Human-GEM v2.0.0,False,,,,,,False,missing frequencies: PNP,876.0,18.0,-0.037158999806301454,0.04384680312993356,0.3967313013613273,-0.12309715477818935,0.04877915516558644,0.42710174887482666,0.3527837492622238,HC3,tested,,0.934523790005583,,,,,,,,,,,,,,,,,,,,,,,,,,,,,False
GGM-0000225,dimethylglycine,dimethylglycine,methionine,methionine,unresolved,BHMT,1,MAR04699,0,,"Glycine, serine and threonine metabolism",False,1_direct_reaction,Human-GEM v2.0.0,False,,,,,,False,missing frequencies: BHMT,876.0,18.0,0.04040984745251617,0.04776366094306872,0.3975318347386313,-0.05320520776568096,0.1340249026707133,0.8417874683054963,0.9226071632105287,HC3,tested,,0.934523790005583,,,,,,,,,,,,,,,,,,,,,,,,,,,,,False
GGM-0000119,NAD,NAD+,proline,proline,unresolved,PYCR2,1,MAR03835,0,,Arginine and proline metabolism,False,1_direct_reaction,Human-GEM v2.0.0,False,,,,,,False,missing frequencies: PYCR2,876.0,18.0,0.03904928232046991,0.04635263123472671,0.39954205319252334,-0.051800205488260816,0.12989877012920065,0.3205281901897732,0.39862675483071297,HC3,tested,,0.934523790005583,,,,,,,,,,,,,,,,,,,,,,,,,,,,,False
GGM-0000046,AMP,AMP,carnosine,carnosine,unresolved,CARNS1,1,MAR04425,0,,Beta-alanine metabolism,False,1_direct_reaction,Human-GEM v2.0.0,False,,,,,,False,missing frequencies: CARNS1,876.0,18.0,0.03974874387092292,0.047374426837198405,0.4014503604953561,-0.05310342651821373,0.13260091426005957,-0.6256006788746415,-0.5461031911327958,HC3,tested,,0.934523790005583,,,,,,,,,,,,,,,,,,,,,,,,,,,,,False
GGM-0000151,NADP,NADP+,trimethylamine-N-oxide,trimethylamine-N-oxide,unresolved,FMO2,1,MAR09514,0,,Isolated,False,1_direct_reaction,Human-GEM v2.0.0,False,,,,,,False,missing frequencies: FMO2,876.0,18.0,-0.04501844726630432,0.05422225561533642,0.40639307733667884,-0.1512921154328884,0.06125522090027976,-0.5614917550131863,-0.6515286495457949,HC3,tested,,0.9383384875090797,,,,,,,,,,,,,,,,,,,,,,,,,,,,,False
GGM-0000243,glutamate,glutamate,glutamine,glutamine,unresolved,CAD,1,MAR09802,0,,"Alanine, aspartate and glutamate metabolism",False,1_direct_reaction,Human-GEM v2.0.0,False,,,,,,False,missing frequencies: CAD,876.0,18.0,0.03290990345586844,0.03997574342385094,0.4103676514480521,-0.04544111391009332,0.1112609208218302,0.060093999925110046,0.12591380683684691,HC3,tested,,0.9398742984777968,,,,,,,,,,,,,,,,,,,,,,,,,,,,,False
GGM-0000009,AMP,AMP,NAD,NAD+,unresolved,NUDT12,1,MAR04263,0,,Nicotinate and nicotinamide metabolism,False,1_direct_reaction,Human-GEM v2.0.0,False,,,,,,False,missing frequencies: NUDT12,876.0,18.0,-0.03558195348453114,0.0436139371907815,0.4145921904229295,-0.1210636996024549,0.04989979263339263,0.4321747271065963,0.36101082013753405,HC3,tested,,0.9419534566408958,,,,,,,,,,,,,,,,,,,,,,,,,,,,,False
GGM-0000193,aspartate,aspartate,citrulline,citrulline,unresolved,ASS1,1,MAR03811,0,,"Alanine, aspartate and glutamate metabolism",False,1_direct_reaction,Human-GEM v2.0.0,False,,,,,,False,missing frequencies: ASS1,876.0,18.0,-0.03249063966274015,0.040474726203906984,0.42212562869613046,-0.11181964530651742,0.046838365981037126,0.3675932446972767,0.30261196537179647,HC3,tested,,0.9427974463569966,,,,,,,,,,,,,,,,,,,,,,,,,,,,,False
GGM-0000075,CMP,CMP,cytidine,cytidine,unresolved,UCK1,1,MAR04180,0,,Nucleotide metabolism,False,1_direct_reaction,Human-GEM v2.0.0,False,,,,,,False,missing frequencies: UCK1,876.0,18.0,-0.029054560578064974,0.036514250526745,0.4262036973190625,-0.10062117653295788,0.04251205537682792,0.4559201810009563,0.39781105984482634,HC3,tested,,0.9427974463569966,,,,,,,,,,,,,,,,,,,,,,,,,,,,,False
GGM-0000129,NADP,NADP+,beta-alanine,beta-alanine,unresolved,ALDH9A1,1,MAR04079,0,,Beta-alanine metabolism,False,1_direct_reaction,Human-GEM v2.0.0,False,,,,,,False,missing frequencies: ALDH9A1,876.0,18.0,-0.029818217423714814,0.03773447035384125,0.42940418361969357,-0.10377642029293804,0.04413998544550842,0.4273075275382109,0.36767109269078124,HC3,tested,,0.9427974463569966,,,,,,,,,,,,,,,,,,,,,,,,,,,,,False
GGM-0000190,aspartate,aspartate,AMP,AMP,unresolved,ASS1,1,MAR03811,0,,"Alanine, aspartate and glutamate metabolism",False,1_direct_reaction,Human-GEM v2.0.0,False,,,,,,False,missing frequencies: ASS1,876.0,18.0,-0.03222065555245886,0.041051138471767626,0.4325176731798237,-0.11267940848149004,0.04823809737657232,-0.13419907430280253,-0.19864038540772028,HC3,tested,,0.9427974463569966,,,,,,,,,,,,,,,,,,,,,,,,,,,,,False
GGM-0000289,glycine,glycine,ornithine,ornithine,unresolved,GATM,1,MAR04582,0,,"Glycine, serine and threonine metabolism",False,1_direct_reaction,Human-GEM v2.0.0,False,,,,,,False,missing frequencies: GATM,876.0,18.0,0.03415161552568405,0.04372834160734362,0.43480544391400566,-0.05155435912837378,0.11985759017974187,-0.10978819054330151,-0.04148495949193341,HC3,tested,,0.9427974463569966,,,,,,,,,,,,,,,,,,,,,,,,,,,,,False
GGM-0000136,NADP,NADP+,kynurenine,kynurenine,unresolved,KMO,1,MAR04220,0,,"Phenylalanine, tyrosine and tryptophan biosynthesis",False,1_direct_reaction,Human-GEM v2.0.0,False,,,,,,False,missing frequencies: KMO,876.0,18.0,0.036406514154644666,0.04685520072088995,0.43715847827238685,-0.05542799174669482,0.12824102005598415,0.20040625813333163,0.27321928644262095,HC3,tested,,0.9427974463569966,,,,,,,,,,,,,,,,,,,,,,,,,,,,,False
GGM-0000249,glutamate,glutamate,glutamine,glutamine,unresolved,PPAT,1,MAR04406,0,,Purine metabolism,False,1_direct_reaction,Human-GEM v2.0.0,False,,,,,,False,missing frequencies: PPAT,876.0,18.0,0.03382559127450393,0.043632771776504486,0.4382016299969139,-0.051693069953100614,0.11934425250210848,0.07784115418805346,0.14549233673706133,HC3,tested,,0.9427974463569966,,,,,,,,,,,,,,,,,,,,,,,,,,,,,False
GGM-0000078,CMP,CMP,inositol,inositol,unresolved,CDIPT,1,MAR00610,0,,Glycerophospholipid metabolism,False,1_direct_reaction,Human-GEM v2.0.0,False,,,,,,False,missing frequencies: CDIPT,876.0,18.0,0.02910369881268217,0.038283911803906265,0.44713084469789155,-0.04593138951028196,0.1041387871356463,-0.5835574669406881,-0.5253500693153238,HC3,tested,,0.9444283126809673,,,,,,,,,,,,,,,,,,,,,,,,,,,,,False
GGM-0000157,UMP,UMP,uridine,uridine,unresolved,NT5C,1,MAR03970,0,,Pyrimidine metabolism,False,1_direct_reaction,Human-GEM v2.0.0,False,,,,,,False,missing frequencies: NT5C,876.0,18.0,0.030515468579025103,0.040629173949705506,0.45260882739812003,-0.04911624908401067,0.11014718624206088,0.1909596015427636,0.2519905387008138,HC3,tested,,0.9444283126809673,,,,,,,,,,,,,,,,,,,,,,,,,,,,,False
GGM-0000272,glutamate,glutamate,tyrosine,tyrosine,unresolved,GOT1,1,MAR06768,0,,"Phenylalanine, tyrosine and tryptophan biosynthesis",False,1_direct_reaction,Human-GEM v2.0.0,False,,,,,,False,missing frequencies: GOT1,876.0,18.0,0.04031157498918857,0.053965653430851426,0.45507215267045265,-0.06545916213745064,0.14608231211582778,0.18389900983692298,0.26452215981530014,HC3,tested,,0.9444283126809673,,,,,,,,,,,,,,,,,,,,,,,,,,,,,False
GGM-0000236,glutamate,glutamate,NAD,NAD+,unresolved,SCCPDH,1,MAR04667,0,,Lysine metabolism,False,1_direct_reaction,Human-GEM v2.0.0,False,,,,,,False,missing frequencies: SCCPDH,876.0,18.0,-0.035953760672454274,0.04818877150796547,0.4556055270960473,-0.1304020172872965,0.05849449594238795,0.6986949418153606,0.6267874204704521,HC3,tested,,0.9444283126809673,,,,,,,,,,,,,,,,,,,,,,,,,,,,,False
GGM-0000007,AMP,AMP,GMP,GMP,unresolved,RAD1;RAD9A,2,MAR07164,0,,Nucleotide metabolism,False,1_direct_reaction,Human-GEM v2.0.0,False,,,,,,False,missing frequencies: RAD1;RAD9A,876.0,18.0,0.019685266633897937,0.026593035247684107,0.45915350843859937,-0.032436124691167106,0.07180665795896299,0.8542273398601825,0.8935978731279783,HC3,tested,,0.9444283126809673,,,,,,,,,,,,,,,,,,,,,,,,,,,,,False
GGM-0000026,AMP,AMP,beta-alanine,beta-alanine,unresolved,CARNS1,1,MAR04425,0,,Beta-alanine metabolism,False,1_direct_reaction,Human-GEM v2.0.0,False,,,,,,False,missing frequencies: CARNS1,876.0,18.0,0.03878738702991974,0.0527810524061476,0.462416650524602,-0.0646615747522507,0.14223634881209019,-0.0015133966187010212,0.07606137744113846,HC3,tested,,0.9444283126809673,,,,,,,,,,,,,,,,,,,,,,,,,,,,,False
GGM-0000056,AMP,AMP,taurine,taurine,unresolved,BAAT,1,MAR01841,0,,Bile acid biosynthesis,False,1_direct_reaction,Human-GEM v2.0.0,False,,,,,,False,missing frequencies: BAAT,876.0,18.0,-0.04722160829453254,0.06456364046400419,0.4645371194582574,-0.17376401831477364,0.07932080172570857,0.6011024268868604,0.5066592102977953,HC3,tested,,0.9444283126809673,,,,,,,,,,,,,,,,,,,,,,,,,,,,,False
GGM-0000114,NAD,NAD+,oxalate,oxalate,unresolved,LDHAL6B,1,MAR08780,0,,Tricarboxylic acid cycle and glyoxylate/dicarboxylate metabolism,False,1_direct_reaction,Human-GEM v2.0.0,False,,,,,,False,missing frequencies: LDHAL6B,876.0,18.0,0.039633606708460264,0.05431367570708536,0.4655632527300543,-0.0668192415454151,0.14608645496233563,-0.26853591305103847,-0.18926869963411797,HC3,tested,,0.9444283126809673,,,,,,,,,,,,,,,,,,,,,,,,,,,,,False
GGM-0000276,glutamate,glutamate,valine,valine,unresolved,BCAT2,1,MAR03744,0,,"Valine, leucine, and isoleucine metabolism",False,1_direct_reaction,Human-GEM v2.0.0,False,,,,,,False,missing frequencies: BCAT2,876.0,18.0,-0.03411493273746851,0.04791165278586779,0.47644104735791915,-0.12802004663755753,0.059790181162620505,0.21604789960261436,0.14781803412767733,HC3,tested,,0.9585350487168636,,,,,,,,,,,,,,,,,,,,,,,,,,,,,False
GGM-0000306,ornithine,ornithine,citrulline,citrulline,unresolved,OTC,1,MAR03809,0,,Arginine and proline metabolism,False,1_direct_reaction,Human-GEM v2.0.0,False,,,,,,False,missing frequencies: OTC,876.0,18.0,0.037072118625531295,0.05240015053274532,0.4792675243584318,-0.06563028920312686,0.13977452645418945,0.49435906158810117,0.5685032988391637,HC3,tested,,0.9585350487168636,,,,,,,,,,,,,,,,,,,,,,,,,,,,,False
GGM-0000091,GMP,GMP,guanosine,guanosine,unresolved,NT5E,1,MAR04449,0,,Purine metabolism,False,1_direct_reaction,Human-GEM v2.0.0,False,,,,,,False,missing frequencies: NT5E,876.0,18.0,-0.02482872006660557,0.03536985275095852,0.4826953242453754,-0.09415235759696922,0.04449491746375808,0.15815559334063573,0.10849815320742458,HC3,tested,,0.9586396649348715,,,,,,,,,,,,,,,,,,,,,,,,,,,,,False
GGM-0000310,serine,serine,alanine,alanine,unresolved,AGXT,1,MAR04198,0,,"Glycine, serine and threonine metabolism",False,1_direct_reaction,Human-GEM v2.0.0,False,,,,,,False,missing frequencies: AGXT,876.0,18.0,0.0306286676764646,0.04406099075014998,0.48696599682148267,-0.05572928731698182,0.11698662266991103,0.03518310346639625,0.09644043881932546,HC3,tested,,0.9604051603979242,,,,,,,,,,,,,,,,,,,,,,,,,,,,,False
GGM-0000029,AMP,AMP,cAMP,cAMP,unresolved,PDE1A,1,MAR04014,0,,Purine metabolism,False,1_direct_reaction,Human-GEM v2.0.0,False,,,,,,False,missing frequencies: PDE1A,876.0,18.0,0.03120892753007544,0.04598406590653384,0.49733427828677523,-0.05891818550944708,0.12133604056959796,0.15919820919435002,0.22161606425450092,HC3,tested,,0.9626509904345598,,,,,,,,,,,,,,,,,,,,,,,,,,,,,False
GGM-0000286,glycine,glycine,alanine,alanine,unresolved,KLK2,1,MAR09475,0,,Isolated,False,1_direct_reaction,Human-GEM v2.0.0,False,,,,,,False,missing frequencies: KLK2,876.0,18.0,-0.03805409424753782,0.05608782814268422,0.49747164277942335,-0.14798421737827094,0.07187602888319532,0.5545878477300867,0.4784796592350111,HC3,tested,,0.9626509904345598,,,,,,,,,,,,,,,,,,,,,,,,,,,,,False
GGM-0000016,AMP,AMP,adenosine,adenosine,unresolved,DCK,1,MAR04012,0,,Purine metabolism,False,1_direct_reaction,Human-GEM v2.0.0,False,,,,,,False,missing frequencies: DCK,876.0,18.0,-0.02871966929421028,0.04273819350895107,0.5015896061526742,-0.1124849893360579,0.05504565074763733,-0.0995037084480518,-0.15694304703647236,HC3,tested,,0.9626509904345598,,,,,,,,,,,,,,,,,,,,,,,,,,,,,False
GGM-0000196,aspartate,aspartate,glutamate,glutamate,unresolved,GOT2,1,MAR03827,0,,"Alanine, aspartate and glutamate metabolism",False,1_direct_reaction,Human-GEM v2.0.0,False,,,,,,False,missing frequencies: GOT2,876.0,18.0,-0.027756763670458134,0.04131238424189391,0.5016631921982917,-0.10872754890005026,0.05321402155913399,-0.10268668086071496,-0.15820020820163122,HC3,tested,,0.9626509904345598,,,,,,,,,,,,,,,,,,,,,,,,,,,,,False
GGM-0000145,NADP,NADP+,sarcosine,sarcosine,unresolved,DMGDH,1,MAR04700,0,,"Glycine, serine and threonine metabolism",False,1_direct_reaction,Human-GEM v2.0.0,False,,,,,,False,missing frequencies: DMGDH,876.0,18.0,-0.03129997197770452,0.047212615228706414,0.5073575755204216,-0.12383499744191637,0.06123505348650734,0.24180684954006776,0.17920690558465874,HC3,tested,,0.9635480670930459,,,,,,,,,,,,,,,,,,,,,,,,,,,,,False
GGM-0000002,AMP,AMP,CMP,CMP,unresolved,TREX2,1,MAR07164,0,,Nucleotide metabolism,False,1_direct_reaction,Human-GEM v2.0.0,False,,,,,,False,missing frequencies: TREX2,876.0,18.0,-0.020955795771544036,0.03172591313512496,0.5089162326195664,-0.0831374428930352,0.04122585134994712,0.6556188991667872,0.6137073076236991,HC3,tested,,0.9635480670930459,,,,,,,,,,,,,,,,,,,,,,,,,,,,,False
GGM-0000185,arginine,arginine,ornithine,ornithine,unresolved,ARG2,1,MAR08426,0,,Arginine and proline metabolism,False,1_direct_reaction,Human-GEM v2.0.0,False,,,,,,False,missing frequencies: ARG2,876.0,18.0,-0.018531716696890455,0.02928120509154833,0.5268069325679434,-0.07592182410025604,0.03885839070647512,0.7593170911908366,0.7222536577970556,HC3,tested,,0.9776756479542466,,,,,,,,,,,,,,,,,,,,,,,,,,,,,False
GGM-0000147,NADP,NADP+,thymine,thymine,unresolved,DPYD,1,MAR04472,0,,Pyrimidine metabolism,False,1_direct_reaction,Human-GEM v2.0.0,False,,,,,,False,missing frequencies: DPYD,876.0,18.0,0.02786699823564573,0.04429643542155269,0.5292819543180212,-0.05895241983410188,0.11468641630539333,-0.4967076370337885,-0.440973640562497,HC3,tested,,0.9776756479542466,,,,,,,,,,,,,,,,,,,,,,,,,,,,,False
GGM-0000065,CMP,CMP,UMP,UMP,unresolved,TREX2,1,MAR07164,0,,Nucleotide metabolism,False,1_direct_reaction,Human-GEM v2.0.0,False,,,,,,False,missing frequencies: TREX2,876.0,18.0,0.01987005367773618,0.031615845424273745,0.5296869107153979,-0.042095864694625826,0.08183597205009818,0.6630027963603421,0.7027429037158145,HC3,tested,,0.9776756479542466,,,,,,,,,,,,,,,,,,,,,,,,,,,,,False
GGM-0000288,glycine,glycine,leucine,leucine,unresolved,DPEP1,1,MAR11411,0,,Peptide metabolism,False,1_direct_reaction,Human-GEM v2.0.0,False,,,,,,False,missing frequencies: DPEP1,876.0,18.0,0.03848502569440619,0.06212705552659122,0.5356154865487832,-0.08328176560323272,0.1602518169920451,0.24939362538216692,0.3263636767709793,HC3,tested,,0.9776756479542466,,,,,,,,,,,,,,,,,,,,,,,,,,,,,False
GGM-0000178,arginine,arginine,NADP,NADP+,unresolved,NOS2,1,MAR02023,0,,Arginine and proline metabolism,False,1_direct_reaction,Human-GEM v2.0.0,False,,,,,,False,missing frequencies: NOS2,876.0,18.0,0.028670404998438953,0.04653757631333853,0.5378483158789331,-0.06254156850348888,0.11988237850036679,-0.3300381448214452,-0.2726973348245674,HC3,tested,,0.9776756479542466,,,,,,,,,,,,,,,,,,,,,,,,,,,,,False
GGM-0000274,glutamate,glutamate,tyrosine,tyrosine,unresolved,TAT,1,MAR06768,0,,"Phenylalanine, tyrosine and tryptophan biosynthesis",False,1_direct_reaction,Human-GEM v2.0.0,False,,,,,,False,missing frequencies: TAT,876.0,18.0,-0.02904107832487161,0.04777361966987916,0.5432608119029225,-0.12267565228894908,0.06459349563920586,0.3099547458249444,0.25187258917520117,HC3,tested,,0.9776756479542466,,,,,,,,,,,,,,,,,,,,,,,,,,,,,False
GGM-0000042,AMP,AMP,cAMP,cAMP,unresolved,PDE7A,1,MAR04014,0,,Purine metabolism,False,1_direct_reaction,Human-GEM v2.0.0,False,,,,,,False,missing frequencies: PDE7A,876.0,18.0,-0.026477863441498092,0.04383911245050641,0.545858208499749,-0.11240094495869213,0.059445218075695944,0.13377869346602744,0.08082296658303126,HC3,tested,,0.9776756479542466,,,,,,,,,,,,,,,,,,,,,,,,,,,,,False
GGM-0000301,hypoxanthine,hypoxanthine,xanthine,xanthine,unresolved,XDH,1,MAR04519,0,,Purine metabolism,False,1_direct_reaction,Human-GEM v2.0.0,False,,,,,,False,missing frequencies: XDH,876.0,18.0,0.02790243252372677,0.04632709447428408,0.5469798692894291,-0.06289700415425457,0.11870186920170812,0.46768193587744755,0.5234868009249011,HC3,tested,,0.9776756479542466,,,,,,,,,,,,,,,,,,,,,,,,,,,,,False
GGM-0000015,AMP,AMP,adenosine,adenosine,unresolved,ADK,1,MAR04012,0,,Purine metabolism,False,1_direct_reaction,Human-GEM v2.0.0,False,,,,,,False,missing frequencies: ADK,876.0,18.0,-0.02748532451545285,0.04621185572734295,0.5519986833582382,-0.11805889739980606,0.06308824836890035,-0.08042361567880357,-0.13539426470970928,HC3,tested,,0.9776756479542466,,,,,,,,,,,,,,,,,,,,,,,,,,,,,False
GGM-0000143,NADP,NADP+,proline,proline,unresolved,PYCR2,1,MAR03833,0,,Arginine and proline metabolism,False,1_direct_reaction,Human-GEM v2.0.0,False,,,,,,False,missing frequencies: PYCR2,876.0,18.0,-0.022595266360443837,0.03852356272051386,0.5575186904209726,-0.09810006184882086,0.052909529127933196,0.36679433013999924,0.32160379741911155,HC3,tested,,0.9776756479542466,,,,,,,,,,,,,,,,,,,,,,,,,,,,,False
GGM-0000271,glutamate,glutamate,phenylalanine,phenylalanine,unresolved,TAT,1,MAR01616,0,,Phenylalanine metabolism,False,1_direct_reaction,Human-GEM v2.0.0,False,,,,,,False,missing frequencies: TAT,876.0,18.0,-0.028409193915573602,0.04857016853913587,0.5586080039279167,-0.12360497497532032,0.06678658714417311,0.3291765708288772,0.27235818299772996,HC3,tested,,0.9776756479542466,,,,,,,,,,,,,,,,,,,,,,,,,,,,,False
GGM-0000024,AMP,AMP,adenosine,adenosine,unresolved,RBAK,1,MAR04010,0,,Purine metabolism,False,1_direct_reaction,Human-GEM v2.0.0,False,,,,,,False,missing frequencies: RBAK,876.0,18.0,-0.02275400988303722,0.03897477913959822,0.5593456622682199,-0.09914317330205273,0.053635153535978294,-0.05541301893358215,-0.10092103869965659,HC3,tested,,0.9776756479542466,,,,,,,,,,,,,,,,,,,,,,,,,,,,,False
GGM-0000135,NADP,NADP+,glucuronate,glucuronate,unresolved,AKR1A1,1,MAR06537,0,,Pentose and glucuronate interconversions,False,1_direct_reaction,Human-GEM v2.0.0,False,,,,,,False,missing frequencies: AKR1A1,876.0,18.0,0.022903761606967176,0.03941023392461548,0.561130741607543,-0.05433887750757778,0.10014640072151214,-0.12618267752346216,-0.08037515430952781,HC3,tested,,0.9776756479542466,,,,,,,,,,,,,,,,,,,,,,,,,,,,,False
GGM-0000034,AMP,AMP,cAMP,cAMP,unresolved,PDE3B,1,MAR04014,0,,Purine metabolism,False,1_direct_reaction,Human-GEM v2.0.0,False,,,,,,False,missing frequencies: PDE3B,876.0,18.0,0.02753779439613837,0.048234079169836463,0.5680539585245596,-0.06699926360419473,0.12207485239647148,0.14675686714207356,0.2018324559343503,HC3,tested,,0.980405120192741,,,,,,,,,,,,,,,,,,,,,,,,,,,,,False
GGM-0000308,phenylalanine,phenylalanine,tyrosine,tyrosine,unresolved,PAH,1,MAR08539,0,,"Phenylalanine, tyrosine and tryptophan biosynthesis",False,1_direct_reaction,Human-GEM v2.0.0,False,,,,,,False,missing frequencies: PAH,876.0,18.0,-0.010078625287685532,0.017861508741240283,0.5725737569337623,-0.045086539130063844,0.024929288554692775,0.9933487583859094,0.9731915078105383,HC3,tested,,0.980405120192741,,,,,,,,,,,,,,,,,,,,,,,,,,,,,False
GGM-0000311,serine,serine,homocysteine,homocysteine,unresolved,CBS,1,MAR03879,0,,Cysteine and methionine metabolism,False,1_direct_reaction,Human-GEM v2.0.0,False,,,,,,False,missing frequencies: CBS,876.0,18.0,0.0211701844998802,0.03808436175686876,0.5782955933002754,-0.05347379291777715,0.09581416191753755,-0.5526155461360629,-0.5102751771363025,HC3,tested,,0.980405120192741,,,,,,,,,,,,,,,,,,,,,,,,,,,,,False
GGM-0000244,glutamate,glutamate,glutamine,glutamine,unresolved,GFPT1,1,MAR04300,0,,Amino sugar and nucleotide sugar metabolism,False,1_direct_reaction,Human-GEM v2.0.0,False,,,,,,False,missing frequencies: GFPT1,876.0,18.0,-0.023608265816554272,0.04302797419829132,0.5832302274113782,-0.10794154557292396,0.060725013939815414,0.12884381947608342,0.08162728784297486,HC3,tested,,0.980405120192741,,,,,,,,,,,,,,,,,,,,,,,,,,,,,False
GGM-0000022,AMP,AMP,adenosine,adenosine,unresolved,NT5E,1,MAR04010,0,,Purine metabolism,False,1_direct_reaction,Human-GEM v2.0.0,False,,,,,,False,missing frequencies: NT5E,876.0,18.0,-0.01967872490711297,0.0358732097539795,0.583305204659547,-0.08998892403476377,0.05063147422053783,0.4766850763682423,0.43732762655401636,HC3,tested,,0.980405120192741,,,,,,,,,,,,,,,,,,,,,,,,,,,,,False
GGM-0000189,asparagine,asparagine,aspartate,aspartate,unresolved,ASRGL1,1,MAR03862,0,,"Alanine, aspartate and glutamate metabolism",False,1_direct_reaction,Human-GEM v2.0.0,False,,,,,,False,missing frequencies: ASRGL1,876.0,18.0,0.021455031931049643,0.03974753307869196,0.5893468781733253,-0.05644870137750105,0.09935876523960033,0.558819950643003,0.6017300145051024,HC3,tested,,0.980405120192741,,,,,,,,,,,,,,,,,,,,,,,,,,,,,False
GGM-0000010,AMP,AMP,UMP,UMP,unresolved,TREX1,1,MAR07164,0,,Nucleotide metabolism,False,1_direct_reaction,Human-GEM v2.0.0,False,,,,,,False,missing frequencies: TREX1,876.0,18.0,0.01106291132271707,0.02051663652643,0.5897373963642054,-0.029148957352984693,0.05127477999841883,0.8637500097055424,0.8858758323509766,HC3,tested,,0.980405120192741,,,,,,,,,,,,,,,,,,,,,,,,,,,,,False
GGM-0000200,beta-alanine,beta-alanine,histidine,histidine,unresolved,CARNS1,1,MAR04425,0,,Beta-alanine metabolism,False,1_direct_reaction,Human-GEM v2.0.0,False,,,,,,False,missing frequencies: CARNS1,876.0,18.0,-0.027015114259769497,0.05072961370427912,0.5943579721479759,-0.12644333006978614,0.07241310155024713,0.05479945871781187,0.000769230198272873,HC3,tested,,0.980405120192741,,,,,,,,,,,,,,,,,,,,,,,,,,,,,False
GGM-0000173,adenosine,adenosine,inosine,inosine,unresolved,ADA,1,MAR04481,0,,Purine metabolism,False,1_direct_reaction,Human-GEM v2.0.0,False,,,,,,False,missing frequencies: ADA,876.0,18.0,-0.020121130412234695,0.03788727653458761,0.5953641551547113,-0.09437882789233591,0.05413656706786653,0.2126554557418883,0.17241319491741888,HC3,tested,,0.980405120192741,,,,,,,,,,,,,,,,,,,,,,,,,,,,,False
GGM-0000248,glutamate,glutamate,glutamine,glutamine,unresolved,GLUL,1,MAR03890,0,,"Alanine, aspartate and glutamate metabolism",False,1_direct_reaction,Human-GEM v2.0.0,False,,,,,,False,missing frequencies: GLUL,876.0,18.0,0.022974427549033654,0.0439055917636433,0.6007871901525029,-0.06307895102762565,0.10902780612569296,0.06008662424164364,0.10603547933971096,HC3,tested,,0.980405120192741,,,,,,,,,,,,,,,,,,,,,,,,,,,,,False
GGM-0000199,beta-alanine,beta-alanine,carnosine,carnosine,unresolved,CNDP2,1,MAR04427,0,,Beta-alanine metabolism,False,1_direct_reaction,Human-GEM v2.0.0,False,,,,,,False,missing frequencies: CNDP2,876.0,18.0,0.02113109128058801,0.0409142457035669,0.6055242956179108,-0.05905935675302577,0.10132153931420179,0.08270309804288567,0.12496528060406167,HC3,tested,,0.980405120192741,,,,,,,,,,,,,,,,,,,,,,,,,,,,,False
GGM-0000307,ornithine,ornithine,putrescine,putrescine,unresolved,ODC1,1,MAR04212,0,,Arginine and proline metabolism,False,1_direct_reaction,Human-GEM v2.0.0,False,,,,,,False,missing frequencies: ODC1,876.0,18.0,0.020368285319822495,0.03975985136470054,0.6084531480926711,-0.057559591385656285,0.09829616202530128,-0.3990154796394172,-0.3582789089997722,HC3,tested,,0.980405120192741,,,,,,,,,,,,,,,,,,,,,,,,,,,,,False
GGM-0000220,cytidine,cytidine,uridine,uridine,unresolved,AICDA,1,MAR04580,0,,Pyrimidine metabolism,False,1_direct_reaction,Human-GEM v2.0.0,False,,,,,,False,missing frequencies: AICDA,876.0,18.0,0.01755268234962419,0.03512800347574114,0.6173019895854921,-0.05129693931162628,0.08640230401087466,0.7947338759353313,0.8298392406345796,HC3,tested,,0.980405120192741,,,,,,,,,,,,,,,,,,,,,,,,,,,,,False
GGM-0000208,betaine,betaine,homocysteine,homocysteine,unresolved,BHMT2,1,MAR04699,0,,"Glycine, serine and threonine metabolism",False,1_direct_reaction,Human-GEM v2.0.0,False,,,,,,False,missing frequencies: BHMT2,876.0,18.0,-0.024360925130723785,0.04883043588127322,0.6178581925635416,-0.12006682080741167,0.0713449705459641,-0.35608698867356886,-0.40480883893501646,HC3,tested,,0.980405120192741,,,,,,,,,,,,,,,,,,,,,,,,,,,,,False
GGM-0000139,NADP,NADP+,malate,malate,unresolved,ME2,1,MAR04091,0,,Pyruvate metabolism,False,1_direct_reaction,Human-GEM v2.0.0,False,,,,,,False,missing frequencies: ME2,876.0,18.0,0.020764954826928486,0.04180845374438932,0.619422622988655,-0.061178108761383354,0.10270801841524033,0.5072752829348436,0.5488051925887006,HC3,tested,,0.980405120192741,,,,,,,,,,,,,,,,,,,,,,,,,,,,,False
GGM-0000003,AMP,AMP,CMP,CMP,unresolved,RAD1;RAD9A,2,MAR07164,0,,Nucleotide metabolism,False,1_direct_reaction,Human-GEM v2.0.0,False,,,,,,False,missing frequencies: RAD1;RAD9A,876.0,18.0,0.013062629095465343,0.026857666119662574,0.6267083929421,-0.03957742920787493,0.06570268739880561,0.6115675183555946,0.6376927765465252,HC3,tested,,0.980405120192741,,,,,,,,,,,,,,,,,,,,,,,,,,,,,False
GGM-0000068,CMP,CMP,cytidine,cytidine,unresolved,NT5C1A,1,MAR04177,0,,Pyrimidine metabolism,False,1_direct_reaction,Human-GEM v2.0.0,False,,,,,,False,missing frequencies: NT5C1A,876.0,18.0,0.020122141161918072,0.041511665697765966,0.6278646111120523,-0.06123922854397,0.10148351086780615,0.3978497335556442,0.4380940158794803,HC3,tested,,0.980405120192741,,,,,,,,,,,,,,,,,,,,,,,,,,,,,False
GGM-0000194,aspartate,aspartate,glutamate,glutamate,unresolved,GOT1,1,MAR03829,0,,"Alanine, aspartate and glutamate metabolism",False,1_direct_reaction,Human-GEM v2.0.0,False,,,,,,False,missing frequencies: GOT1,876.0,18.0,-0.0187931362101781,0.03906040794051031,0.6304240686645353,-0.09535012899502064,0.05776385657466444,-0.18021465848063023,-0.2178009309009864,HC3,tested,,0.980405120192741,,,,,,,,,,,,,,,,,,,,,,,,,,,,,False
GGM-0000226,dimethylglycine,dimethylglycine,methionine,methionine,unresolved,BHMT2,1,MAR04699,0,,"Glycine, serine and threonine metabolism",False,1_direct_reaction,Human-GEM v2.0.0,False,,,,,,False,missing frequencies: BHMT2,876.0,18.0,-0.02314783790372231,0.04828932576764209,0.6316845079499379,-0.1177931772460228,0.07149750143857818,0.873951165868695,0.8276554900612504,HC3,tested,,0.980405120192741,,,,,,,,,,,,,,,,,,,,,,,,,,,,,False
GGM-0000240,glutamate,glutamate,alanine,alanine,unresolved,GPT,1,MAR03899,0,,"Alanine, aspartate and glutamate metabolism",False,1_direct_reaction,Human-GEM v2.0.0,False,,,,,,False,missing frequencies: GPT,876.0,18.0,-0.021006283348738032,0.04382889407296352,0.6317399189974352,-0.10690933721396756,0.06489677051649151,0.01927135666186422,-0.022741210035611845,HC3,tested,,0.980405120192741,,,,,,,,,,,,,,,,,,,,,,,,,,,,,False
GGM-0000036,AMP,AMP,cAMP,cAMP,unresolved,PDE4B,1,MAR04014,0,,Purine metabolism,False,1_direct_reaction,Human-GEM v2.0.0,False,,,,,,False,missing frequencies: PDE4B,876.0,18.0,-0.019768204739072263,0.04278977860986585,0.6440925990210669,-0.10363462972085172,0.0640982202427072,0.20805402829605993,0.1685176188179154,HC3,tested,,0.9805137842070512,,,,,,,,,,,,,,,,,,,,,,,,,,,,,False
GGM-0000089,GMP,GMP,guanosine,guanosine,unresolved,NT5C3A,1,MAR04449,0,,Purine metabolism,False,1_direct_reaction,Human-GEM v2.0.0,False,,,,,,False,missing frequencies: NT5C3A,876.0,18.0,0.019192743865728026,0.042337522853455586,0.6503132655412995,-0.06378727612168639,0.10217276385314245,0.08763011091068809,0.12601559864214415,HC3,tested,,0.9805137842070512,,,,,,,,,,,,,,,,,,,,,,,,,,,,,False
GGM-0000258,glutamate,glutamate,glycine,glycine,unresolved,SIRT6,1,MAR05336,0,,Histidine metabolism,False,1_direct_reaction,Human-GEM v2.0.0,False,,,,,,False,missing frequencies: SIRT6,876.0,18.0,0.021536582029385524,0.047570763725023384,0.6507451399499868,-0.07170040158872477,0.11477356564749581,0.4552604360052012,0.49833360006397226,HC3,tested,,0.9805137842070512,,,,,,,,,,,,,,,,,,,,,,,,,,,,,False
GGM-0000044,AMP,AMP,cAMP,cAMP,unresolved,PDE8A,1,MAR04014,0,,Purine metabolism,False,1_direct_reaction,Human-GEM v2.0.0,False,,,,,,False,missing frequencies: PDE8A,876.0,18.0,-0.01830783269185221,0.041267878884046566,0.6573072459797733,-0.09919138902294447,0.06257572363924005,0.20033800539591717,0.16372234001221275,HC3,tested,,0.9805137842070512,,,,,,,,,,,,,,,,,,,,,,,,,,,,,False
GGM-0000295,glycine,glycine,serine,serine,unresolved,SHMT1,1,MAR03845,0,,"Glycine, serine and threonine metabolism",False,1_direct_reaction,Human-GEM v2.0.0,False,,,,,,False,missing frequencies: SHMT1,876.0,18.0,-0.017110853929027083,0.039047604068040795,0.6612377105847468,-0.09364275158496675,0.05942104372691258,0.25063399129969005,0.21641228344163588,HC3,tested,,0.9805137842070512,,,,,,,,,,,,,,,,,,,,,,,,,,,,,False
GGM-0000169,aconitate,cis-aconitate,isocitrate,isocitrate,unresolved,ACO2,1,MAR04589,0,,Tricarboxylic acid cycle and glyoxylate/dicarboxylate metabolism,False,1_direct_reaction,Human-GEM v2.0.0,False,,,,,,False,missing frequencies: ACO2,876.0,18.0,0.01106631864558202,0.025277624990233505,0.6615377405404781,-0.038476915949985285,0.06060955324114932,0.7422398616724544,0.7643724989636185,HC3,tested,,0.9805137842070512,,,,,,,,,,,,,,,,,,,,,,,,,,,,,False
GGM-0000126,NADP,NADP+,beta-alanine,beta-alanine,unresolved,ALDH2,1,MAR04079,0,,Beta-alanine metabolism,False,1_direct_reaction,Human-GEM v2.0.0,False,,,,,,False,missing frequencies: ALDH2,876.0,18.0,0.015128161222935017,0.0362570650303777,0.6764975567213702,-0.055934380421731905,0.08619070286760194,0.4437995683967467,0.4740558908426168,HC3,tested,,0.9805137842070512,,,,,,,,,,,,,,,,,,,,,,,,,,,,,False
GGM-0000247,glutamate,glutamate,glutamine,glutamine,unresolved,GLS2,1,MAR09802,0,,"Alanine, aspartate and glutamate metabolism",False,1_direct_reaction,Human-GEM v2.0.0,False,,,,,,False,missing frequencies: GLS2,876.0,18.0,-0.017629802228627405,0.042300355928894195,0.6768417556271626,-0.10053697638248538,0.06527737192523056,0.1753471615547802,0.1400875570975254,HC3,tested,,0.9805137842070512,,,,,,,,,,,,,,,,,,,,,,,,,,,,,False
GGM-0000035,AMP,AMP,cAMP,cAMP,unresolved,PDE4A,1,MAR04014,0,,Purine metabolism,False,1_direct_reaction,Human-GEM v2.0.0,False,,,,,,False,missing frequencies: PDE4A,876.0,18.0,0.016530033561078912,0.03980879755878655,0.6779693735371088,-0.06149377592198876,0.09455384304414657,0.22697028545059714,0.260030352572755,HC3,tested,,0.9805137842070512,,,,,,,,,,,,,,,,,,,,,,,,,,,,,False
GGM-0000087,GMP,GMP,guanosine,guanosine,unresolved,NT5C1B,1,MAR04449,0,,Purine metabolism,False,1_direct_reaction,Human-GEM v2.0.0,False,,,,,,False,missing frequencies: NT5C1B,876.0,18.0,0.016942009603775343,0.040831925909687934,0.6781999858625951,-0.06308709459862089,0.09697111380617157,0.04531675448513861,0.0792007736926893,HC3,tested,,0.9805137842070512,,,,,,,,,,,,,,,,,,,,,,,,,,,,,False
GGM-0000008,AMP,AMP,NAD,NAD+,unresolved,NADSYN1,1,MAR04261,0,,Nicotinate and nicotinamide metabolism,False,1_direct_reaction,Human-GEM v2.0.0,False,,,,,,False,missing frequencies: NADSYN1,876.0,18.0,-0.015117813251791082,0.03665466084169568,0.6800176508746698,-0.08695962836704524,0.056724001863463075,0.38961611008803976,0.3593804835844576,HC3,tested,,0.9805137842070512,,,,,,,,,,,,,,,,,,,,,,,,,,,,,False
GGM-0000278,glutamine,glutamine,alanine,alanine,unresolved,AADAT,1,MAR04197,0,,"Alanine, aspartate and glutamate metabolism",False,1_direct_reaction,Human-GEM v2.0.0,False,,,,,,False,missing frequencies: AADAT,876.0,18.0,-0.017436896934831914,0.04270231364800877,0.6830269270731584,-0.10113189374146231,0.06625809987179848,0.41496706481419815,0.3800932709445343,HC3,tested,,0.9805137842070512,,,,,,,,,,,,,,,,,,,,,,,,,,,,,False
GGM-0000175,alanine,alanine,kynurenine,kynurenine,unresolved,KYNU,1,MAR04224,0,,"Phenylalanine, tyrosine and tryptophan biosynthesis",False,1_direct_reaction,Human-GEM v2.0.0,False,,,,,,False,missing frequencies: KYNU,876.0,18.0,0.015612119493082197,0.03850316660554456,0.6851274748383744,-0.05985270034453047,0.09107693933069486,-0.09565183035564426,-0.06442759136947987,HC3,tested,,0.9805137842070512,,,,,,,,,,,,,,,,,,,,,,,,,,,,,False
GGM-0000180,arginine,arginine,citrulline,citrulline,unresolved,NOS1,1,MAR02023,0,,Arginine and proline metabolism,False,1_direct_reaction,Human-GEM v2.0.0,False,,,,,,False,missing frequencies: NOS1,876.0,18.0,0.02248168239101801,0.05608964026786511,0.6885548479985035,-0.08745199243980514,0.13241535722184117,0.7001779329320591,0.7451412977140951,HC3,tested,,0.9805137842070512,,,,,,,,,,,,,,,,,,,,,,,,,,,,,False
GGM-0000212,carnosine,carnosine,histidine,histidine,unresolved,CNDP1,1,MAR04427,0,,Beta-alanine metabolism,False,1_direct_reaction,Human-GEM v2.0.0,False,,,,,,False,missing frequencies: CNDP1,876.0,18.0,0.012589638350819176,0.03182839897746122,0.6924389963283635,-0.04979287733057629,0.07497215403221465,0.8985164529951392,0.9236957296967775,HC3,tested,,0.9805137842070512,,,,,,,,,,,,,,,,,,,,,,,,,,,,,False
GGM-0000130,NADP,NADP+,citrulline,citrulline,unresolved,NOS1,1,MAR02023,0,,Arginine and proline metabolism,False,1_direct_reaction,Human-GEM v2.0.0,False,,,,,,False,missing frequencies: NOS1,876.0,18.0,0.02576718169102263,0.06646195940352814,0.6982393917649825,-0.10449586508185571,0.15603022846390097,0.10469180111551943,0.15622616449756468,HC3,tested,,0.9805137842070512,,,,,,,,,,,,,,,,,,,,,,,,,,,,,False
GGM-0000312,taurine,taurine,taurocholate,taurocholate,unresolved,BAAT,1,MAR01667,0,,Bile acid biosynthesis,False,1_direct_reaction,Human-GEM v2.0.0,False,,,,,,False,missing frequencies: BAAT,876.0,18.0,-0.01171782922610101,0.031180167248474673,0.7070579008516582,-0.07282983406504673,0.049394175612844704,0.17339622839247368,0.14996056994027165,HC3,tested,,0.9805137842070512,,,,,,,,,,,,,,,,,,,,,,,,,,,,,False
GGM-0000146,NADP,NADP+,sarcosine,sarcosine,unresolved,PDPR,1,MAR04700,0,,"Glycine, serine and threonine metabolism",False,1_direct_reaction,Human-GEM v2.0.0,False,,,,,,False,missing frequencies: PDPR,876.0,18.0,0.012937197518368264,0.03459991678519042,0.7084725098744304,-0.05487739324868786,0.08075178828542438,0.19189528700463648,0.21776968204137304,HC3,tested,,0.9805137842070512,,,,,,,,,,,,,,,,,,,,,,,,,,,,,False
GGM-0000267,glutamate,glutamate,methionine,methionine,unresolved,TAT,1,MAR05391,0,,Cysteine and methionine metabolism,False,1_direct_reaction,Human-GEM v2.0.0,False,,,,,,False,missing frequencies: TAT,876.0,18.0,-0.019553892971968412,0.05256213361796918,0.7098818110561658,-0.12257378181377002,0.08346599586983319,0.07679870146843501,0.037690915524498186,HC3,tested,,0.9805137842070512,,,,,,,,,,,,,,,,,,,,,,,,,,,,,False
GGM-0000006,AMP,AMP,GMP,GMP,unresolved,TREX2,1,MAR07164,0,,Nucleotide metabolism,False,1_direct_reaction,Human-GEM v2.0.0,False,,,,,,False,missing frequencies: TREX2,876.0,18.0,0.009250545657798516,0.025357344385822288,0.7152552167178499,-0.040448936081992105,0.05895002739758914,0.8646032927959069,0.8831043841115038,HC3,tested,,0.9805137842070512,,,,,,,,,,,,,,,,,,,,,,,,,,,,,False
GGM-0000265,glutamate,glutamate,leucine,leucine,unresolved,BCAT1,1,MAR06923,0,,"Valine, leucine, and isoleucine metabolism",False,1_direct_reaction,Human-GEM v2.0.0,False,,,,,,False,missing frequencies: BCAT1,876.0,18.0,0.018890112349469558,0.053110344781933355,0.7220826936108038,-0.08520425062962461,0.12298447532856371,0.07471321087721489,0.11249343557615402,HC3,tested,,0.9805137842070512,,,,,,,,,,,,,,,,,,,,,,,,,,,,,False
GGM-0000141,NADP,NADP+,malate,malate,unresolved,RWDD2A,1,MAR04089,0,,Pyruvate metabolism,False,1_direct_reaction,Human-GEM v2.0.0,False,,,,,,False,missing frequencies: RWDD2A,876.0,18.0,-0.013906988048003367,0.040839903337469605,0.733461568601363,-0.09395172772154095,0.0661377516255342,0.5725436263505059,0.5447296502544992,HC3,tested,,0.9805137842070512,,,,,,,,,,,,,,,,,,,,,,,,,,,,,False
GGM-0000132,NADP,NADP+,citrulline,citrulline,unresolved,NOS3,1,MAR02023,0,,Arginine and proline metabolism,False,1_direct_reaction,Human-GEM v2.0.0,False,,,,,,False,missing frequencies: NOS3,876.0,18.0,-0.015094043981765226,0.0446603819461975,0.7353828476616431,-0.10262678413211518,0.07243869616858473,0.059219489075902104,0.029031401112371652,HC3,tested,,0.9805137842070512,,,,,,,,,,,,,,,,,,,,,,,,,,,,,False
GGM-0000116,NAD,NAD+,oxalate,oxalate,unresolved,LDHC,1,MAR08780,0,,Tricarboxylic acid cycle and glyoxylate/dicarboxylate metabolism,False,1_direct_reaction,Human-GEM v2.0.0,False,,,,,,False,missing frequencies: LDHC,876.0,18.0,-0.03099876235945314,0.092628250914819,0.7378832733821411,-0.21254679810343768,0.1505492733845314,-0.27247296211869954,-0.33447048683760583,HC3,tested,,0.9805137842070512,,,,,,,,,,,,,,,,,,,,,,,,,,,,,False
GGM-0000154,NADP,NADP+,trimethylamine-N-oxide,trimethylamine-N-oxide,unresolved,FMO5,1,MAR09514,0,,Isolated,False,1_direct_reaction,Human-GEM v2.0.0,False,,,,,,False,missing frequencies: FMO5,876.0,18.0,-0.014738451267415388,0.044178444350270435,0.7386724969938716,-0.10132661108695246,0.0718497085521217,-0.5929223567652023,-0.622399259300033,HC3,tested,,0.9805137842070512,,,,,,,,,,,,,,,,,,,,,,,,,,,,,False
GGM-0000269,glutamate,glutamate,phenylalanine,phenylalanine,unresolved,GOT1,1,MAR06725,0,,"Phenylalanine, tyrosine and tryptophan biosynthesis",False,1_direct_reaction,Human-GEM v2.0.0,False,,,,,,False,missing frequencies: GOT1,876.0,18.0,0.017870943317972145,0.054352795831260244,0.7423104226715882,-0.08865857897035671,0.12440046560630101,0.21133681444985009,0.24707870108579438,HC3,tested,,0.9805137842070512,,,,,,,,,,,,,,,,,,,,,,,,,,,,,False
GGM-0000033,AMP,AMP,cAMP,cAMP,unresolved,PDE3A,1,MAR04014,0,,Purine metabolism,False,1_direct_reaction,Human-GEM v2.0.0,False,,,,,,False,missing frequencies: PDE3A,876.0,18.0,-0.01184165505353884,0.03609335321178586,0.7428480808561867,-0.08258332742992222,0.058900017322844535,0.20852641797695198,0.1848431078698743,HC3,tested,,0.9805137842070512,,,,,,,,,,,,,,,,,,,,,,,,,,,,,False
GGM-0000210,betaine,betaine,methionine,methionine,unresolved,BHMT2,1,MAR04699,0,,"Glycine, serine and threonine metabolism",False,1_direct_reaction,Human-GEM v2.0.0,False,,,,,,False,missing frequencies: BHMT2,876.0,18.0,0.016882888880383886,0.05286428974147895,0.7494513977920548,-0.0867292150812051,0.12049499284197288,0.7104346165749326,0.7442003943357004,HC3,tested,,0.9805137842070512,,,,,,,,,,,,,,,,,,,,,,,,,,,,,False
GGM-0000215,choline,choline,acetylcholine,acetylcholine,unresolved,ACHE,1,MAR00641,0,,Glycerophospholipid metabolism,False,1_direct_reaction,Human-GEM v2.0.0,False,,,,,,False,missing frequencies: ACHE,876.0,18.0,-0.011301015087076644,0.03558045910778561,0.7507742745850767,-0.08103743349173659,0.0584354033175833,-0.11303901453135586,-0.13564104470550914,HC3,tested,,0.9805137842070512,,,,,,,,,,,,,,,,,,,,,,,,,,,,,False
GGM-0000150,NADP,NADP+,trimethylamine-N-oxide,trimethylamine-N-oxide,unresolved,FMO1,1,MAR09514,0,,Isolated,False,1_direct_reaction,Human-GEM v2.0.0,False,,,,,,False,missing frequencies: FMO1,876.0,18.0,-0.017513031759001357,0.05516759382902877,0.7509010852685141,-0.12563952877763188,0.09061346525962917,-0.5445459642231725,-0.5795720277411751,HC3,tested,,0.9805137842070512,,,,,,,,,,,,,,,,,,,,,,,,,,,,,False
GGM-0000079,GMP,GMP,NADP,NADP+,unresolved,GMPR,1,MAR04419,0,,Purine metabolism,False,1_direct_reaction,Human-GEM v2.0.0,False,,,,,,False,missing frequencies: GMPR,876.0,18.0,-0.013797682491602514,0.043575159754423776,0.7515160160459481,-0.09920342623085233,0.0716080612476473,0.23700110218008746,0.20940573719688244,HC3,tested,,0.9805137842070512,,,,,,,,,,,,,,,,,,,,,,,,,,,,,False
GGM-0000245,glutamate,glutamate,glutamine,glutamine,unresolved,GFPT2,1,MAR04300,0,,Amino sugar and nucleotide sugar metabolism,False,1_direct_reaction,Human-GEM v2.0.0,False,,,,,,False,missing frequencies: GFPT2,876.0,18.0,0.01384271468790467,0.04387845063893447,0.7523982534056387,-0.07215746826182541,0.09984289763763475,0.07779642357525446,0.1054818529510638,HC3,tested,,0.9805137842070512,,,,,,,,,,,,,,,,,,,,,,,,,,,,,False
GGM-0000224,dimethylglycine,dimethylglycine,homocysteine,homocysteine,unresolved,BHMT2,1,MAR04699,0,,"Glycine, serine and threonine metabolism",False,1_direct_reaction,Human-GEM v2.0.0,False,,,,,,False,missing frequencies: BHMT2,876.0,18.0,-0.015284068326325981,0.04864343261094341,0.7533644307692723,-0.11062344432817622,0.08005530767552427,-0.4098814186924987,-0.44044955534515073,HC3,tested,,0.9805137842070512,,,,,,,,,,,,,,,,,,,,,,,,,,,,,False
GGM-0000037,AMP,AMP,cAMP,cAMP,unresolved,PDE4C,1,MAR04014,0,,Purine metabolism,False,1_direct_reaction,Human-GEM v2.0.0,False,,,,,,False,missing frequencies: PDE4C,876.0,18.0,-0.017324388291979353,0.05644497499378455,0.7589002662346972,-0.12795450638806105,0.09330572980410233,0.19972754732321046,0.16507877073925176,HC3,tested,,0.9805137842070512,,,,,,,,,,,,,,,,,,,,,,,,,,,,,False
GGM-0000183,arginine,arginine,glycine,glycine,unresolved,GATM,1,MAR04582,0,,"Glycine, serine and threonine metabolism",False,1_direct_reaction,Human-GEM v2.0.0,False,,,,,,False,missing frequencies: GATM,876.0,18.0,-0.010615981129206229,0.03516736739067865,0.7627509940390554,-0.07954275464602471,0.05831079238761226,-0.31496877995024214,-0.33620074220865465,HC3,tested,,0.9805137842070512,,,,,,,,,,,,,,,,,,,,,,,,,,,,,False
GGM-0000038,AMP,AMP,cAMP,cAMP,unresolved,PDE4D,1,MAR04014,0,,Purine metabolism,False,1_direct_reaction,Human-GEM v2.0.0,False,,,,,,False,missing frequencies: PDE4D,876.0,18.0,-0.01171879532462964,0.04105257903478819,0.7752931240967448,-0.09218037170529858,0.06874278105603931,0.12500552861302114,0.10156793796376187,HC3,tested,,0.9805137842070512,,,,,,,,,,,,,,,,,,,,,,,,,,,,,False
GGM-0000246,glutamate,glutamate,glutamine,glutamine,unresolved,GLS,1,MAR03892,0,,"Alanine, aspartate and glutamate metabolism",False,1_direct_reaction,Human-GEM v2.0.0,False,,,,,,False,missing frequencies: GLS,876.0,18.0,0.012147502815542766,0.043123195611278704,0.778178913985094,-0.07237240748083922,0.09666741311192474,0.10600989088516073,0.13030489651624627,HC3,tested,,0.9805137842070512,,,,,,,,,,,,,,,,,,,,,,,,,,,,,False
GGM-0000062,CMP,CMP,GMP,GMP,unresolved,TREX2,1,MAR07164,0,,Nucleotide metabolism,False,1_direct_reaction,Human-GEM v2.0.0,False,,,,,,False,missing frequencies: TREX2,876.0,18.0,-0.008578751919202203,0.03135711261208149,0.7844056149889644,-0.07003756329804861,0.05288005945964421,0.7712046878893531,0.7540471840509487,HC3,tested,,0.9805137842070512,,,,,,,,,,,,,,,,,,,,,,,,,,,,,False
GGM-0000305,leucine,leucine,phenylalanine,phenylalanine,unresolved,CMA1,1,MAR03042,0,,Miscellaneous,False,1_direct_reaction,Human-GEM v2.0.0,False,,,,,,False,missing frequencies: CMA1,876.0,18.0,-0.0037436788583105744,0.013822093721767644,0.7865083624011552,-0.030834484743912354,0.023347127027291203,0.9222610875264866,0.9147737298098654,HC3,tested,,0.9805137842070512,,,,,,,,,,,,,,,,,,,,,,,,,,,,,False
GGM-0000294,glycine,glycine,sarcosine,sarcosine,unresolved,TPP1,1,MAR06915,0,,Peptide metabolism,False,1_direct_reaction,Human-GEM v2.0.0,False,,,,,,False,missing frequencies: TPP1,876.0,18.0,0.010433353907822435,0.03885643479049549,0.7883065289046342,-0.06572385884917789,0.08659056666482276,0.02564931260620587,0.04651602042185074,HC3,tested,,0.9805137842070512,,,,,,,,,,,,,,,,,,,,,,,,,,,,,False
GGM-0000168,aconitate,cis-aconitate,citrate,citrate,unresolved,ACO2,1,MAR04458,0,,Tricarboxylic acid cycle and glyoxylate/dicarboxylate metabolism,False,1_direct_reaction,Human-GEM v2.0.0,False,,,,,,False,missing frequencies: ACO2,876.0,18.0,0.007598126203670102,0.02990760580692481,0.7994543745410425,-0.0510197040417235,0.06621595644906371,0.762142163060026,0.7773384154673662,HC3,tested,,0.9805137842070512,,,,,,,,,,,,,,,,,,,,,,,,,,,,,False
GGM-0000072,CMP,CMP,cytidine,cytidine,unresolved,NT5C3B,1,MAR04177,0,,Pyrimidine metabolism,False,1_direct_reaction,Human-GEM v2.0.0,False,,,,,,False,missing frequencies: NT5C3B,876.0,18.0,0.010564991959637914,0.04172752453981122,0.8001213932659819,-0.07121945330240337,0.09234943722167918,0.38217393573886416,0.40330391965813994,HC3,tested,,0.9805137842070512,,,,,,,,,,,,,,,,,,,,,,,,,,,,,False
GGM-0000004,AMP,AMP,GMP,GMP,unresolved,GMPS,1,MAR04453,0,,Purine metabolism,False,1_direct_reaction,Human-GEM v2.0.0,False,,,,,,False,missing frequencies: GMPS,876.0,18.0,0.0058902306928754235,0.024093654759383284,0.806865068728431,-0.04133246489145788,0.05311292627720872,0.883867590081933,0.8956480514676839,HC3,tested,,0.9805137842070512,,,,,,,,,,,,,,,,,,,,,,,,,,,,,False
GGM-0000291,glycine,glycine,sarcosine,sarcosine,unresolved,GNMT,1,MAR03901,0,,"Glycine, serine and threonine metabolism",False,1_direct_reaction,Human-GEM v2.0.0,False,,,,,,False,missing frequencies: GNMT,876.0,18.0,-0.009688071735604407,0.03987229859184557,0.808022821697748,-0.08783634095644884,0.06846019748524003,0.05539635934704522,0.0360202158758364,HC3,tested,,0.9805137842070512,,,,,,,,,,,,,,,,,,,,,,,,,,,,,False
GGM-0000181,arginine,arginine,citrulline,citrulline,unresolved,NOS2,1,MAR02023,0,,Arginine and proline metabolism,False,1_direct_reaction,Human-GEM v2.0.0,False,,,,,,False,missing frequencies: NOS2,876.0,18.0,0.01608403533293695,0.06621318417476668,0.8080728867392744,-0.1136914209513232,0.1458594916171971,0.7289551553865989,0.7611232260524727,HC3,tested,,0.9805137842070512,,,,,,,,,,,,,,,,,,,,,,,,,,,,,False
GGM-0000203,betaine,betaine,NAD,NAD+,unresolved,ALDH7A1,1,MAR04697,0,,"Glycine, serine and threonine metabolism",False,1_direct_reaction,Human-GEM v2.0.0,False,,,,,,False,missing frequencies: ALDH7A1,876.0,18.0,-0.009583142084537288,0.039614696501519935,0.8088508626731197,-0.08722652048600123,0.06806023631692666,-0.37760445583212016,-0.3967707400011948,HC3,tested,,0.9805137842070512,,,,,,,,,,,,,,,,,,,,,,,,,,,,,False
GGM-0000048,AMP,AMP,histidine,histidine,unresolved,CARNS1,1,MAR04425,0,,Beta-alanine metabolism,False,1_direct_reaction,Human-GEM v2.0.0,False,,,,,,False,missing frequencies: CARNS1,876.0,18.0,-0.01388258552850561,0.06040058499030715,0.8182146206580619,-0.1322655567546582,0.10450038569764697,-0.5669582795920174,-0.5947234506490287,HC3,tested,,0.9805137842070512,,,,,,,,,,,,,,,,,,,,,,,,,,,,,False
GGM-0000041,AMP,AMP,cAMP,cAMP,unresolved,PDE6H,1,MAR04014,0,,Purine metabolism,False,1_direct_reaction,Human-GEM v2.0.0,False,,,,,,False,missing frequencies: PDE6H,876.0,18.0,0.01436691436658053,0.06347919594923633,0.8209488351742975,-0.11005002346148357,0.13878385219464462,0.11783888154103347,0.14657271027419452,HC3,tested,,0.9805137842070512,,,,,,,,,,,,,,,,,,,,,,,,,,,,,False
GGM-0000172,adenosine,adenosine,homocysteine,homocysteine,unresolved,AHCYL2,1,MAR03877,0,,Cysteine and methionine metabolism,False,1_direct_reaction,Human-GEM v2.0.0,False,,,,,,False,missing frequencies: AHCYL2,876.0,18.0,0.010227320380548147,0.04621888701412029,0.8248743364259484,-0.08036003357265362,0.10081467433374991,0.05006749565775691,0.0705221364188532,HC3,tested,,0.9805137842070512,,,,,,,,,,,,,,,,,,,,,,,,,,,,,False
GGM-0000182,arginine,arginine,citrulline,citrulline,unresolved,NOS3,1,MAR02023,0,,Arginine and proline metabolism,False,1_direct_reaction,Human-GEM v2.0.0,False,,,,,,False,missing frequencies: NOS3,876.0,18.0,0.008631692005327346,0.0395544857865287,0.827255494434856,-0.06889367556327038,0.08615705957392507,0.7185834020659012,0.7358467860765558,HC3,tested,,0.9805137842070512,,,,,,,,,,,,,,,,,,,,,,,,,,,,,False
GGM-0000069,CMP,CMP,cytidine,cytidine,unresolved,NT5C1B,1,MAR04177,0,,Pyrimidine metabolism,False,1_direct_reaction,Human-GEM v2.0.0,False,,,,,,False,missing frequencies: NT5C1B,876.0,18.0,0.009181602326672002,0.042592610023153184,0.8293245278087381,-0.07429837932626795,0.09266158397961197,0.6717566853870784,0.6901198900404224,HC3,tested,,0.9805137842070512,,,,,,,,,,,,,,,,,,,,,,,,,,,,,False
GGM-0000216,choline,choline,acetylcholine,acetylcholine,unresolved,BCHE,1,MAR00641,0,,Glycerophospholipid metabolism,False,1_direct_reaction,Human-GEM v2.0.0,False,,,,,,False,missing frequencies: BCHE,876.0,18.0,-0.008133038112545815,0.03857417948630017,0.8330109490356656,-0.08373704063887791,0.06747096441378628,-0.14765227222471053,-0.16391834844980216,HC3,tested,,0.9805137842070512,,,,,,,,,,,,,,,,,,,,,,,,,,,,,False
GGM-0000315,uracil,uracil,uridine,uridine,unresolved,UPP2,1,MAR04579,0,,Pyrimidine metabolism,False,1_direct_reaction,Human-GEM v2.0.0,False,,,,,,False,missing frequencies: UPP2,876.0,18.0,0.012658063298515845,0.06006356320677791,0.83308667820694,-0.10506435736991397,0.13038048396694565,0.19063699858306424,0.21595312518009593,HC3,tested,,0.9805137842070512,,,,,,,,,,,,,,,,,,,,,,,,,,,,,False
GGM-0000266,glutamate,glutamate,leucine,leucine,unresolved,BCAT2,1,MAR03765,0,,"Valine, leucine, and isoleucine metabolism",False,1_direct_reaction,Human-GEM v2.0.0,False,,,,,,False,missing frequencies: BCAT2,876.0,18.0,-0.010136853451622314,0.04914587391714155,0.8365874168257531,-0.10646099631796617,0.08618728941472155,0.06652778588496394,0.04625407898171932,HC3,tested,,0.9805137842070512,,,,,,,,,,,,,,,,,,,,,,,,,,,,,False
GGM-0000260,glutamate,glutamate,isoleucine,isoleucine,unresolved,BCAT1,1,MAR03777,0,,"Valine, leucine, and isoleucine metabolism",False,1_direct_reaction,Human-GEM v2.0.0,False,,,,,,False,missing frequencies: BCAT1,876.0,18.0,0.010444767524625365,0.05253910573718691,0.8424192956892931,-0.0925299875002027,0.11341952254945344,0.06531438527252643,0.08620392032177716,HC3,tested,,0.9805137842070512,,,,,,,,,,,,,,,,,,,,,,,,,,,,,False
GGM-0000204,betaine,betaine,NADP,NADP+,unresolved,ALDH7A1,1,MAR04698,0,,"Glycine, serine and threonine metabolism",False,1_direct_reaction,Human-GEM v2.0.0,False,,,,,,False,missing frequencies: ALDH7A1,876.0,18.0,0.007925606027194092,0.04003596729147386,0.8430746801985617,-0.07054344795031828,0.08639466000470647,0.20438486410962622,0.2202360761640144,HC3,tested,,0.9805137842070512,,,,,,,,,,,,,,,,,,,,,,,,,,,,,False
GGM-0000237,glutamate,glutamate,NADP,NADP+,unresolved,AASS,1,MAR04668,0,,Lysine metabolism,False,1_direct_reaction,Human-GEM v2.0.0,False,,,,,,False,missing frequencies: AASS,876.0,18.0,0.006707660741600001,0.03434831633612887,0.8451709836750898,-0.06061380220680137,0.07402912369000136,0.47953466033874964,0.49294998182194966,HC3,tested,,0.9805137842070512,,,,,,,,,,,,,,,,,,,,,,,,,,,,,False
GGM-0000092,GMP,GMP,guanosine,guanosine,unresolved,NT5M,1,MAR04450,0,,Purine metabolism,False,1_direct_reaction,Human-GEM v2.0.0,False,,,,,,False,missing frequencies: NT5M,876.0,18.0,-0.0065838372413982195,0.033714901863077566,0.8451739575410455,-0.07266383063533262,0.059496156152536187,0.06777268120355401,0.054605006720757576,HC3,tested,,0.9805137842070512,,,,,,,,,,,,,,,,,,,,,,,,,,,,,False
GGM-0000202,beta-alanine,beta-alanine,histidine,histidine,unresolved,CNDP2,1,MAR04427,0,,Beta-alanine metabolism,False,1_direct_reaction,Human-GEM v2.0.0,False,,,,,,False,missing frequencies: CNDP2,876.0,18.0,-0.008664442415577196,0.044676035998715107,0.8462233536486455,-0.09622786394507375,0.07889897911391937,0.0697089910004176,0.05238010616926321,HC3,tested,,0.9805137842070512,,,,,,,,,,,,,,,,,,,,,,,,,,,,,False
GGM-0000304,isocitrate,isocitrate,NADP,NADP+,unresolved,IDH2,1,MAR03958,0,,Tricarboxylic acid cycle and glyoxylate/dicarboxylate metabolism,False,1_direct_reaction,Human-GEM v2.0.0,False,,,,,,False,missing frequencies: IDH2,876.0,18.0,0.007724451341498004,0.03999696136392991,0.8468603265049868,-0.07066815242284466,0.08611705510584067,0.4318018462878645,0.44725074897086053,HC3,tested,,0.9805137842070512,,,,,,,,,,,,,,,,,,,,,,,,,,,,,False
GGM-0000235,glutamate,glutamate,NAD,NAD+,unresolved,GLUD2,1,MAR03802,0,,"Alanine, aspartate and glutamate metabolism",False,1_direct_reaction,Human-GEM v2.0.0,False,,,,,,False,missing frequencies: GLUD2,876.0,18.0,-0.008842182815644715,0.04686435349934388,0.8503466951301418,-0.10069462783311237,0.08301026220182295,0.6266249309916215,0.608940565360332,HC3,tested,,0.9805137842070512,,,,,,,,,,,,,,,,,,,,,,,,,,,,,False
GGM-0000214,choline,choline,NAD,NAD+,unresolved,CHDH,1,MAR04696,0,,"Glycine, serine and threonine metabolism",False,1_direct_reaction,Human-GEM v2.0.0,False,,,,,,False,missing frequencies: CHDH,876.0,18.0,-0.007335463628672861,0.0391604791959941,0.8514112910560849,-0.08408859247015135,0.06941766521280562,-0.21223477801947635,-0.22690570527682205,HC3,tested,,0.9805137842070512,,,,,,,,,,,,,,,,,,,,,,,,,,,,,False
GGM-0000275,glutamate,glutamate,valine,valine,unresolved,BCAT1,1,MAR03747,0,,"Valine, leucine, and isoleucine metabolism",False,1_direct_reaction,Human-GEM v2.0.0,False,,,,,,False,missing frequencies: BCAT1,876.0,18.0,0.008273534729612635,0.04455791437561789,0.8526953403247776,-0.07905837267281796,0.09560544213204322,0.24537387716264222,0.2619209466218675,HC3,tested,,0.9805137842070512,,,,,,,,,,,,,,,,,,,,,,,,,,,,,False
GGM-0000261,glutamate,glutamate,isoleucine,isoleucine,unresolved,BCAT2,1,MAR03778,0,,"Valine, leucine, and isoleucine metabolism",False,1_direct_reaction,Human-GEM v2.0.0,False,,,,,,False,missing frequencies: BCAT2,876.0,18.0,-0.008844958422296087,0.04766006567010811,0.8527707911941607,-0.10225697063652182,0.08456705379192965,0.0388876810811091,0.021197764236516925,HC3,tested,,0.9805137842070512,,,,,,,,,,,,,,,,,,,,,,,,,,,,,False
GGM-0000001,AMP,AMP,CMP,CMP,unresolved,TREX1,1,MAR07164,0,,Nucleotide metabolism,False,1_direct_reaction,Human-GEM v2.0.0,False,,,,,,False,missing frequencies: TREX1,876.0,18.0,0.004470308811818535,0.026049296429239345,0.8637444756741369,-0.04658537401209841,0.05552599163573548,0.5985562616408096,0.6074968792644466,HC3,tested,,0.9854936655446943,,,,,,,,,,,,,,,,,,,,,,,,,,,,,False
GGM-0000109,NAD,NAD+,malate,malate,unresolved,MDH1B,1,MAR04139,0,,Tricarboxylic acid cycle and glyoxylate/dicarboxylate metabolism,False,1_direct_reaction,Human-GEM v2.0.0,False,,,,,,False,missing frequencies: MDH1B,876.0,18.0,-0.006799662686863876,0.04154006416219375,0.8699757666460705,-0.08821669236024665,0.07461736698651888,0.6868022851479567,0.6732029597742291,HC3,tested,,0.9854936655446943,,,,,,,,,,,,,,,,,,,,,,,,,,,,,False
GGM-0000171,adenosine,adenosine,homocysteine,homocysteine,unresolved,AHCY,1,MAR03877,0,,Cysteine and methionine metabolism,False,1_direct_reaction,Human-GEM v2.0.0,False,,,,,,False,missing frequencies: AHCY,876.0,18.0,0.006178067997567031,0.03807898350808638,0.8711140964834865,-0.06845536824617696,0.08081150424131103,0.07241045018816794,0.08476658618330202,HC3,tested,,0.9854936655446943,,,,,,,,,,,,,,,,,,,,,,,,,,,,,False
GGM-0000142,NADP,NADP+,proline,proline,unresolved,PYCR1,1,MAR08609,0,,Arginine and proline metabolism,False,1_direct_reaction,Human-GEM v2.0.0,False,,,,,,False,missing frequencies: PYCR1,876.0,18.0,0.005255852150755115,0.03281954145658671,0.872767653347339,-0.05906926709327406,0.06958097139478428,0.5155572077667132,0.5260689120682234,HC3,tested,,0.9854936655446943,,,,,,,,,,,,,,,,,,,,,,,,,,,,,False
GGM-0000290,glycine,glycine,proline,proline,unresolved,PEPD,1,MAR07193,0,,Peptide metabolism,False,1_direct_reaction,Human-GEM v2.0.0,False,,,,,,False,missing frequencies: PEPD,876.0,18.0,0.006853818066086962,0.04337696728045256,0.8744521257650105,-0.07816347556217239,0.09187111169434632,0.5603266954478633,0.5740343315800372,HC3,tested,,0.9854936655446943,,,,,,,,,,,,,,,,,,,,,,,,,,,,,False
GGM-0000205,betaine,betaine,dimethylglycine,dimethylglycine,unresolved,BHMT,1,MAR04699,0,,"Glycine, serine and threonine metabolism",False,1_direct_reaction,Human-GEM v2.0.0,False,,,,,,False,missing frequencies: BHMT,876.0,18.0,0.005651814854562658,0.042634690225195504,0.8945383945143154,-0.07791064247884241,0.08921427218796774,0.8236997764880162,0.8350034061971415,HC3,tested,,0.9989942409922765,,,,,,,,,,,,,,,,,,,,,,,,,,,,,False
GGM-0000110,NAD,NAD+,malate,malate,unresolved,MDH2,1,MAR04141,0,,Tricarboxylic acid cycle and glyoxylate/dicarboxylate metabolism,False,1_direct_reaction,Human-GEM v2.0.0,False,,,,,,False,missing frequencies: MDH2,876.0,18.0,0.005293596214469759,0.041099680952397945,0.8975167274850171,-0.07526029822831708,0.0858474906572566,0.6107577263624754,0.621344918791415,HC3,tested,,0.9989942409922765,,,,,,,,,,,,,,,,,,,,,,,,,,,,,False
GGM-0000259,glutamate,glutamate,glycine,glycine,unresolved,SIRT7,1,MAR05336,0,,Histidine metabolism,False,1_direct_reaction,Human-GEM v2.0.0,False,,,,,,False,missing frequencies: SIRT7,876.0,18.0,0.005251774496381076,0.04389655887369655,0.9047685088553841,-0.08078389994130628,0.09128744893406843,0.47614934257552083,0.486652891568283,HC3,tested,,0.9989942409922765,,,,,,,,,,,,,,,,,,,,,,,,,,,,,False
GGM-0000040,AMP,AMP,cAMP,cAMP,unresolved,PDE6G,1,MAR04014,0,,Purine metabolism,False,1_direct_reaction,Human-GEM v2.0.0,False,,,,,,False,missing frequencies: PDE6G,876.0,18.0,0.006570735360166839,0.056098266772538825,0.906757808440268,-0.10337984710912929,0.11652131782946296,0.10324845752187917,0.11638992824221284,HC3,tested,,0.9989942409922765,,,,,,,,,,,,,,,,,,,,,,,,,,,,,False
GGM-0000039,AMP,AMP,cAMP,cAMP,unresolved,PDE6C,1,MAR04014,0,,Purine metabolism,False,1_direct_reaction,Human-GEM v2.0.0,False,,,,,,False,missing frequencies: PDE6C,876.0,18.0,0.006324311649423212,0.05611462641945506,0.9102656708287568,-0.10365833513862852,0.11630695843747493,0.14115143534371147,0.15380005864255789,HC3,tested,,0.9989942409922765,,,,,,,,,,,,,,,,,,,,,,,,,,,,,False
GGM-0000228,dimethylglycine,dimethylglycine,sarcosine,sarcosine,unresolved,PDPR,1,MAR04700,0,,"Glycine, serine and threonine metabolism",False,1_direct_reaction,Human-GEM v2.0.0,False,,,,,,False,missing frequencies: PDPR,876.0,18.0,-0.004430123739701256,0.040803476459827674,0.9135418012045388,-0.0844034680449914,0.07554322056558889,-0.1729111269557569,-0.1817713744351594,HC3,tested,,0.9989942409922765,,,,,,,,,,,,,,,,,,,,,,,,,,,,,False
GGM-0000137,NADP,NADP+,lysine,lysine,unresolved,AASS,1,MAR04288,0,,Lysine metabolism,False,1_direct_reaction,Human-GEM v2.0.0,False,,,,,,False,missing frequencies: AASS,876.0,18.0,-0.003982205251372217,0.03977819452596294,0.9202567928459074,-0.08194603389228791,0.07398162338954348,0.15666699577934654,0.1487025852766021,HC3,tested,,0.9989942409922765,,,,,,,,,,,,,,,,,,,,,,,,,,,,,False
GGM-0000131,NADP,NADP+,citrulline,citrulline,unresolved,NOS2,1,MAR02023,0,,Arginine and proline metabolism,False,1_direct_reaction,Human-GEM v2.0.0,False,,,,,,False,missing frequencies: NOS2,876.0,18.0,-0.0058285483769367485,0.05993484593334354,0.9225293908149997,-0.12329868782524701,0.11164159107137352,0.03518133204045369,0.023524235286580195,HC3,tested,,0.9989942409922765,,,,,,,,,,,,,,,,,,,,,,,,,,,,,False
GGM-0000111,NAD,NAD+,malate,malate,unresolved,ME2,1,MAR04087,0,,Pyruvate metabolism,False,1_direct_reaction,Human-GEM v2.0.0,False,,,,,,False,missing frequencies: ME2,876.0,18.0,-0.00412287928450835,0.04384516698621102,0.9250831836695239,-0.09005782747362653,0.08181206890460985,0.680064705238023,0.6718189466690062,HC3,tested,,0.9989942409922765,,,,,,,,,,,,,,,,,,,,,,,,,,,,,False
GGM-0000159,UMP,UMP,uridine,uridine,unresolved,NT5C1B,1,MAR03970,0,,Pyrimidine metabolism,False,1_direct_reaction,Human-GEM v2.0.0,False,,,,,,False,missing frequencies: NT5C1B,876.0,18.0,0.004151668726229832,0.04605665771583818,0.9281738651281692,-0.08611772164510179,0.09442105909756146,0.22838913599711988,0.23669247344957953,HC3,tested,,0.9989942409922765,,,,,,,,,,,,,,,,,,,,,,,,,,,,,False
GGM-0000283,glycine,glycine,alanine,alanine,unresolved,AGXT,1,MAR04788,0,,"Glycine, serine and threonine metabolism",False,1_direct_reaction,Human-GEM v2.0.0,False,,,,,,False,missing frequencies: AGXT,876.0,18.0,-0.002200583670111205,0.02744456060834743,0.936091813046117,-0.05599093403399885,0.051589766693776434,0.510647272377758,0.5062461050375355,HC3,tested,,0.9989942409922765,,,,,,,,,,,,,,,,,,,,,,,,,,,,,False
GGM-0000021,AMP,AMP,adenosine,adenosine,unresolved,NT5C3B,1,MAR04081,0,,Purine metabolism,False,1_direct_reaction,Human-GEM v2.0.0,False,,,,,,False,missing frequencies: NT5C3B,876.0,18.0,-0.0030011060447976932,0.0379968869009002,0.9370461882516556,-0.07747363589520384,0.07147142380560845,-0.15325260082298559,-0.15925481291258098,HC3,tested,,0.9989942409922765,,,,,,,,,,,,,,,,,,,,,,,,,,,,,False
GGM-0000093,GMP,GMP,guanosine,guanosine,unresolved,RBAK,1,MAR04450,0,,Purine metabolism,False,1_direct_reaction,Human-GEM v2.0.0,False,,,,,,False,missing frequencies: RBAK,876.0,18.0,0.0025132148053007494,0.033355145168844566,0.9399385154547762,-0.06286166842473978,0.06788809803534127,0.09352298046188567,0.09854941007248716,HC3,tested,,0.9989942409922765,,,,,,,,,,,,,,,,,,,,,,,,,,,,,False
GGM-0000238,glutamate,glutamate,NADP,NADP+,unresolved,GLUD1,1,MAR03804,0,,"Alanine, aspartate and glutamate metabolism",False,1_direct_reaction,Human-GEM v2.0.0,False,,,,,,False,missing frequencies: GLUD1,876.0,18.0,-0.002493949323768438,0.03490354404899815,0.9430375397713262,-0.07090363859261214,0.06591573994507527,0.5424578372437886,0.5374699385962517,HC3,tested,,0.9989942409922765,,,,,,,,,,,,,,,,,,,,,,,,,,,,,False
GGM-0000018,AMP,AMP,adenosine,adenosine,unresolved,NT5C1A,1,MAR04010,0,,Purine metabolism,False,1_direct_reaction,Human-GEM v2.0.0,False,,,,,,False,missing frequencies: NT5C1A,876.0,18.0,0.0030822703580998803,0.043830264051855354,0.9439366727273395,-0.08282346861641723,0.088988009332617,-0.14085665322421906,-0.1346921125080193,HC3,tested,,0.9989942409922765,,,,,,,,,,,,,,,,,,,,,,,,,,,,,False
GGM-0000043,AMP,AMP,cAMP,cAMP,unresolved,PDE7B,1,MAR04014,0,,Purine metabolism,False,1_direct_reaction,Human-GEM v2.0.0,False,,,,,,False,missing frequencies: PDE7B,876.0,18.0,0.004024003871914894,0.06040690609661281,0.9468882326990191,-0.11437135649493924,0.12241936423876904,0.20194673367719948,0.20999474142102928,HC3,tested,,0.9989942409922765,,,,,,,,,,,,,,,,,,,,,,,,,,,,,False
GGM-0000103,NAD,NAD+,beta-alanine,beta-alanine,unresolved,ALDH2,1,MAR00088,0,,Beta-alanine metabolism,False,1_direct_reaction,Human-GEM v2.0.0,False,,,,,,False,missing frequencies: ALDH2,876.0,18.0,-0.001861638338282427,0.03325092277575424,0.9553517100079395,-0.06703224943148335,0.0633089727549185,0.38009247381406264,0.37636919713749784,HC3,tested,,0.9989942409922765,,,,,,,,,,,,,,,,,,,,,,,,,,,,,False
GGM-0000113,NAD,NAD+,oxalate,oxalate,unresolved,LDHAL6A,1,MAR08780,0,,Tricarboxylic acid cycle and glyoxylate/dicarboxylate metabolism,False,1_direct_reaction,Human-GEM v2.0.0,False,,,,,,False,missing frequencies: LDHAL6A,876.0,18.0,0.0018964152296039056,0.04831544324689227,0.968690507686887,-0.09280011343139391,0.09659294389060172,-0.27975347776021375,-0.2759606473010059,HC3,tested,,0.9989942409922765,,,,,,,,,,,,,,,,,,,,,,,,,,,,,False
GGM-0000019,AMP,AMP,adenosine,adenosine,unresolved,NT5C1B,1,MAR04010,0,,Purine metabolism,False,1_direct_reaction,Human-GEM v2.0.0,False,,,,,,False,missing frequencies: NT5C1B,876.0,18.0,-0.001529122444122788,0.04052897785580446,0.9699036625419701,-0.08096445937172092,0.07790621448347534,0.1535733780915356,0.15051513320329002,HC3,tested,,0.9989942409922765,,,,,,,,,,,,,,,,,,,,,,,,,,,,,False
GGM-0000163,UMP,UMP,uridine,uridine,unresolved,NT5E,1,MAR03970,0,,Pyrimidine metabolism,False,1_direct_reaction,Human-GEM v2.0.0,False,,,,,,False,missing frequencies: NT5E,876.0,18.0,0.0018285999452426968,0.04988590559390759,0.9707595766273149,-0.09594597835498139,0.0996031782454668,0.26879512745342493,0.27245232734391034,HC3,tested,,0.9989942409922765,,,,,,,,,,,,,,,,,,,,,,,,,,,,,False
GGM-0000123,NAD,NAD+,urate,urate,unresolved,XDH,1,MAR04646,0,,Purine metabolism,False,1_direct_reaction,Human-GEM v2.0.0,False,,,,,,False,missing frequencies: XDH,876.0,18.0,0.0014859124301401004,0.04241191936116938,0.972051628314309,-0.08163992203296891,0.0846117468932491,-0.5333341894488285,-0.5303623645885484,HC3,tested,,0.9989942409922765,,,,,,,,,,,,,,,,,,,,,,,,,,,,,False
GGM-0000206,betaine,betaine,dimethylglycine,dimethylglycine,unresolved,BHMT2,1,MAR04699,0,,"Glycine, serine and threonine metabolism",False,1_direct_reaction,Human-GEM v2.0.0,False,,,,,,False,missing frequencies: BHMT2,876.0,18.0,-0.00200765073663808,0.06069297381302905,0.9736117487187548,-0.12096369352480767,0.1169483920515315,0.8462846242913323,0.8422693228180561,HC3,tested,,0.9989942409922765,,,,,,,,,,,,,,,,,,,,,,,,,,,,,False
GGM-0000097,NAD,NAD+,NADP,NADP+,unresolved,ACP6,1,MAR04270,0,,Nicotinate and nicotinamide metabolism,False,1_direct_reaction,Human-GEM v2.0.0,False,,,,,,False,missing frequencies: ACP6,876.0,18.0,0.0008948244686606752,0.03632560745005607,0.9803473505797102,-0.07030205784998911,0.07209170678731044,0.688330941690572,0.6901205906278932,HC3,tested,,0.9989942409922765,,,,,,,,,,,,,,,,,,,,,,,,,,,,,False
GGM-0000195,aspartate,aspartate,glutamate,glutamate,unresolved,GOT1L1,1,MAR03829,0,,"Alanine, aspartate and glutamate metabolism",False,1_direct_reaction,Human-GEM v2.0.0,False,,,,,,False,missing frequencies: GOT1L1,876.0,18.0,-0.001005662372438803,0.04343811687444011,0.9815293372976182,-0.086142807002583,0.08413148225770539,-0.13605656393693877,-0.13806788868181635,HC3,tested,,0.9989942409922765,,,,,,,,,,,,,,,,,,,,,,,,,,,,,False
GGM-0000012,AMP,AMP,UMP,UMP,unresolved,RAD1;RAD9A,2,MAR07164,0,,Nucleotide metabolism,False,1_direct_reaction,Human-GEM v2.0.0,False,,,,,,False,missing frequencies: RAD1;RAD9A,876.0,18.0,-0.00036588344800351016,0.020266438441251988,0.9855960435607761,-0.040087372887755476,0.03935560599174846,0.8786035261367728,0.8778717592407659,HC3,tested,,0.9989942409922765,,,,,,,,,,,,,,,,,,,,,,,,,,,,,False
GGM-0000153,NADP,NADP+,trimethylamine-N-oxide,trimethylamine-N-oxide,unresolved,FMO4,1,MAR09514,0,,Isolated,False,1_direct_reaction,Human-GEM v2.0.0,False,,,,,,False,missing frequencies: FMO4,876.0,18.0,0.0005082278066990617,0.03609851530007316,0.9887670248749302,-0.07024356207681243,0.07126001769021056,-0.5166807599808634,-0.5156643043674654,HC3,tested,,0.9989942409922765,,,,,,,,,,,,,,,,,,,,,,,,,,,,,False
GGM-0000108,NAD,NAD+,malate,malate,unresolved,MDH1,1,MAR04139,0,,Tricarboxylic acid cycle and glyoxylate/dicarboxylate metabolism,False,1_direct_reaction,Human-GEM v2.0.0,False,,,,,,False,missing frequencies: MDH1,876.0,18.0,0.0006853178246390285,0.06123827099669183,0.9910710559045518,-0.11933948780438072,0.12071012345365878,0.5772490882987541,0.5786197239480321,HC3,tested,,0.9989942409922765,,,,,,,,,,,,,,,,,,,,,,,,,,,,,False
GGM-0000234,glutamate,glutamate,NAD,NAD+,unresolved,GLUD1,1,MAR03802,0,,"Alanine, aspartate and glutamate metabolism",False,1_direct_reaction,Human-GEM v2.0.0,False,,,,,,False,missing frequencies: GLUD1,876.0,18.0,-0.0003061410837429182,0.04799239252979816,0.9949103686081506,-0.09436950197405644,0.09375721980657062,0.6541062177361021,0.6534939355686162,HC3,tested,,0.9989942409922765,,,,,,,,,,,,,,,,,,,,,,,,,,,,,False
GGM-0000162,UMP,UMP,uridine,uridine,unresolved,NT5C3B,1,MAR03970,0,,Pyrimidine metabolism,False,1_direct_reaction,Human-GEM v2.0.0,False,,,,,,False,missing frequencies: NT5C3B,876.0,18.0,-0.0002461828265731096,0.04201799951252848,0.9953252331158994,-0.08259994857355048,0.08210758292040425,0.12973553630363524,0.12924317065048904,HC3,tested,,0.9989942409922765,,,,,,,,,,,,,,,,,,,,,,,,,,,,,False
GGM-0000192,aspartate,aspartate,beta-alanine,beta-alanine,unresolved,GAD2,1,MAR04174,0,,Beta-alanine metabolism,False,1_direct_reaction,Human-GEM v2.0.0,False,,,,,,False,missing frequencies: GAD2,876.0,18.0,-0.00026338965955907245,0.05914416228252822,0.9964467524758704,-0.11618381762910666,0.11565703830998851,0.10822851937028963,0.10770174005117147,HC3,tested,,0.9989942409922765,,,,,,,,,,,,,,,,,,,,,,,,,,,,,False
GGM-0000149,NADP,NADP+,thyroxine,thyroxine,unresolved,DIO2,1,MAR06854,0,,"Phenylalanine, tyrosine and tryptophan biosynthesis",False,1_direct_reaction,Human-GEM v2.0.0,False,,,,,,False,missing frequencies: DIO2,876.0,18.0,0.00012898697038639384,0.042413198108117674,0.9975734781114672,-0.0829993537906866,0.08325732773145939,0.053382806031252464,0.05364077997202525,HC3,tested,,0.9989942409922765,,,,,,,,,,,,,,,,,,,,,,,,,,,,,False
GGM-0000242,glutamate,glutamate,beta-alanine,beta-alanine,unresolved,ABAT,1,MAR04330,0,,Beta-alanine metabolism,False,1_direct_reaction,Human-GEM v2.0.0,False,,,,,,False,missing frequencies: ABAT,876.0,18.0,5.841191177757832e-05,0.04633908309451164,0.9989942409922765,-0.09076452203007411,0.09088134585362927,0.1108405826416404,0.11095740646519556,HC3,tested,,0.9989942409922765,,,,,,,,,,,,,,,,,,,,,,,,,,,,,False
