hypothesis_id,metabolite_a,metabolite_a_name,metabolite_b,metabolite_b_name,direction_status,genes,gene_count,reaction_ids,reaction_distance,intermediate_metabolites,subsystems,contains_transport_reaction,review_priority,pathway_source,path_search_truncated,signature_prevalence,expected_discovery_carriers,expected_replication_carriers,discovery_power,replication_power,eligible,ineligibility_reason,n,groups,informative_groups,context_0_n,context_1_n,triple_interaction_estimate,standard_error,p_value,confidence_interval_low,confidence_interval_high,nature_interaction_context_0,nature_interaction_context_1,design_rank,residual_degrees_of_freedom,condition_number,maximum_leverage,covariance_type,analysis_status,analysis_error,fdr_q_value
GGM-0000247,glutamate,glutamate,glutamine,glutamine,unresolved,GLS2,1,MAR09802,0,,"Alanine, aspartate and glutamate metabolism",False,1_direct_reaction,Human-GEM v2.0.0,False,,,,,,False,missing frequencies: GLS2,606,14,14,236,370,-0.3021521784170534,0.09835175440479522,0.002125168473045701,-0.49491807486678063,-0.10938628196732614,0.2232999703680391,-0.07885220804901427,47,559.0,42.62509200972259,0.8490744916343376,HC3,tested,,0.603547846344979
GGM-0000042,AMP,AMP,cAMP,cAMP,unresolved,PDE7A,1,MAR04014,0,,Purine metabolism,False,1_direct_reaction,Human-GEM v2.0.0,False,,,,,,False,missing frequencies: PDE7A,606,14,14,236,370,-0.32028521858456205,0.11793647946853476,0.006612714360012388,-0.5514364708063377,-0.08913396636278637,0.20360980898681458,-0.11667540959774747,47,559.0,67.28045622169681,0.7689055391892132,HC3,tested,,0.6547342406256343
GGM-0000124,NAD,NAD+,xanthine,xanthine,unresolved,XDH,1,MAR04519,0,,Purine metabolism,False,1_direct_reaction,Human-GEM v2.0.0,False,,,,,,False,missing frequencies: XDH,606,14,14,236,370,0.3283221662992416,0.1225419645541286,0.007378438872637531,0.08814432917836565,0.5685000034201175,-0.2370719287786921,0.0912502375205495,47,559.0,41.36448721283539,0.6480561586182481,HC3,tested,,0.6547342406256343
GGM-0000114,NAD,NAD+,oxalate,oxalate,unresolved,LDHAL6B,1,MAR08780,0,,Tricarboxylic acid cycle and glyoxylate/dicarboxylate metabolism,False,1_direct_reaction,Human-GEM v2.0.0,False,,,,,,False,missing frequencies: LDHAL6B,606,14,14,236,370,0.2593711028368831,0.10636416735363774,0.01474756045217737,0.05090116557816213,0.467841040095604,-0.1532609531368946,0.10611014969998847,47,559.0,49.00771233663184,0.9033722106931594,HC3,tested,,0.6547342406256343
GGM-0000197,beta-alanine,beta-alanine,carnosine,carnosine,unresolved,CARNS1,1,MAR04425,0,,Beta-alanine metabolism,False,1_direct_reaction,Human-GEM v2.0.0,False,,,,,,False,missing frequencies: CARNS1,606,14,14,236,370,-0.23369563499578075,0.09659438572140332,0.015548268363261912,-0.4230171521185013,-0.0443741178730602,0.22059355777264536,-0.013102077223135389,47,559.0,50.30070258600394,0.830691982244121,HC3,tested,,0.6547342406256343
GGM-0000072,CMP,CMP,cytidine,cytidine,unresolved,NT5C3B,1,MAR04177,0,,Pyrimidine metabolism,False,1_direct_reaction,Human-GEM v2.0.0,False,,,,,,False,missing frequencies: NT5C3B,606,14,14,236,370,0.2352329988088516,0.09731380588478934,0.015637741817360076,0.04450144407614251,0.4259645535415607,-0.0756451028333293,0.1595878959755223,47,559.0,52.62571188223792,0.85466160279086,HC3,tested,,0.6547342406256343
GGM-0000249,glutamate,glutamate,glutamine,glutamine,unresolved,PPAT,1,MAR04406,0,,Purine metabolism,False,1_direct_reaction,Human-GEM v2.0.0,False,,,,,,False,missing frequencies: PPAT,606,14,14,236,370,-0.2478803923258083,0.10303519427532319,0.01613781579006845,-0.44982566224552933,-0.0459351224060873,0.203893905449742,-0.043986486876066294,47,559.0,46.414697208196024,0.6282707003062353,HC3,tested,,0.6547342406256343
GGM-0000210,betaine,betaine,methionine,methionine,unresolved,BHMT2,1,MAR04699,0,,"Glycine, serine and threonine metabolism",False,1_direct_reaction,Human-GEM v2.0.0,False,,,,,,False,missing frequencies: BHMT2,606,14,14,236,370,-0.23196838554441337,0.10891931105330102,0.03319416766653012,-0.4454463124297988,-0.01849045865902796,0.18053347541695533,-0.051434910127458044,47,559.0,41.97146757573093,0.9990794750175956,HC3,tested,,0.9457866671994428
GGM-0000301,hypoxanthine,hypoxanthine,xanthine,xanthine,unresolved,XDH,1,MAR04519,0,,Purine metabolism,False,1_direct_reaction,Human-GEM v2.0.0,False,,,,,,False,missing frequencies: XDH,606,14,14,236,370,-0.1722400304938214,0.08334698582785534,0.03877734934007961,-0.33559712093638816,-0.008882940051254617,0.12675977221675094,-0.045480258277070446,47,559.0,45.79634687010106,0.7292059286214427,HC3,tested,,0.9457866671994428
GGM-0000003,AMP,AMP,CMP,CMP,unresolved,RAD1;RAD9A,2,MAR07164,0,,Nucleotide metabolism,False,1_direct_reaction,Human-GEM v2.0.0,False,,,,,,False,missing frequencies: RAD1;RAD9A,606,14,14,236,370,-0.1440887458358157,0.0717255048924581,0.04454865823718893,-0.284668152197985,-0.0035093394736464,0.11762345174732561,-0.026465294088490104,47,559.0,48.70138187887002,0.8118168865412895,HC3,tested,,0.9457866671994428
GGM-0000119,NAD,NAD+,proline,proline,unresolved,PYCR2,1,MAR03835,0,,Arginine and proline metabolism,False,1_direct_reaction,Human-GEM v2.0.0,False,,,,,,False,missing frequencies: PYCR2,606,14,14,236,370,0.21729042362037077,0.10887696795106996,0.04596192704221799,0.0038954876903519176,0.4306853595503896,-0.06084558070096737,0.1564448429194034,47,559.0,44.54760510883221,0.665786511784145,HC3,tested,,0.9457866671994428
GGM-0000150,NADP,NADP+,trimethylamine-N-oxide,trimethylamine-N-oxide,unresolved,FMO1,1,MAR09514,0,,Isolated,False,1_direct_reaction,Human-GEM v2.0.0,False,,,,,,False,missing frequencies: FMO1,606,14,14,236,370,-0.26881318642610236,0.13488027863438004,0.04626405226158988,-0.5331736747742146,-0.004452698077990147,0.0669735261447912,-0.20183966028131117,47,559.0,42.63261124774951,0.9951840274361727,HC3,tested,,0.9457866671994428
GGM-0000085,GMP,GMP,guanosine,guanosine,unresolved,NT5C,1,MAR04449,0,,Purine metabolism,False,1_direct_reaction,Human-GEM v2.0.0,False,,,,,,False,missing frequencies: NT5C,606,14,14,236,370,-0.18785030753905335,0.0956023026536169,0.04942418647971358,-0.3752273775792405,-0.0004732374988661858,0.051460399606118604,-0.13638990793293476,47,559.0,89.58456080440796,0.8379889544283509,HC3,tested,,0.9457866671994428
GGM-0000244,glutamate,glutamate,glutamine,glutamine,unresolved,GFPT1,1,MAR04300,0,,Amino sugar and nucleotide sugar metabolism,False,1_direct_reaction,Human-GEM v2.0.0,False,,,,,,False,missing frequencies: GFPT1,606,14,14,236,370,-0.2105886341360296,0.11333449000448555,0.06315253703224548,-0.43272015275103604,0.011542884478976806,0.14834033443012773,-0.06224829970590187,47,559.0,51.343721631990086,0.6520586569132868,HC3,tested,,0.9457866671994428
GGM-0000170,adenine,adenine,adenosine,adenosine,unresolved,PNP,1,MAR08486,0,,Nucleotide metabolism,False,1_direct_reaction,Human-GEM v2.0.0,False,,,,,,False,missing frequencies: PNP,606,14,14,236,370,0.15678711506795837,0.08486001350476582,0.06466064919280536,-0.009535455128965253,0.323109685264882,-0.17857797279727,-0.021790857729311636,47,559.0,46.707469017556015,0.8943717735077108,HC3,tested,,0.9457866671994428
GGM-0000315,uracil,uracil,uridine,uridine,unresolved,UPP2,1,MAR04579,0,,Pyrimidine metabolism,False,1_direct_reaction,Human-GEM v2.0.0,False,,,,,,False,missing frequencies: UPP2,606,14,14,236,370,-0.2575536531910174,0.13988344954176257,0.06559199785880694,-0.5317201763260979,0.016612869944063136,0.19387730741318862,-0.0636763457778288,47,559.0,43.853718000958835,0.9013421989719864,HC3,tested,,0.9457866671994428
GGM-0000299,homocysteine,homocysteine,methionine,methionine,unresolved,MTR,1,MAR03917,0,,Cysteine and methionine metabolism,False,1_direct_reaction,Human-GEM v2.0.0,False,,,,,,False,missing frequencies: MTR,606,14,14,236,370,-0.19296734782592848,0.1050949597687429,0.06633936184230234,-0.3989496839293505,0.013014988277493533,0.15241838927280385,-0.040548958553124625,47,559.0,43.62757314457584,0.5983986623514761,HC3,tested,,0.9457866671994428
GGM-0000228,dimethylglycine,dimethylglycine,sarcosine,sarcosine,unresolved,PDPR,1,MAR04700,0,,"Glycine, serine and threonine metabolism",False,1_direct_reaction,Human-GEM v2.0.0,False,,,,,,False,missing frequencies: PDPR,606,14,14,236,370,0.18051428614091966,0.09849196274878509,0.06683501263734525,-0.012526413613359738,0.3735549858951991,-0.07339168178430859,0.10712260435661107,47,559.0,41.607902591564255,0.6362843090046849,HC3,tested,,0.9457866671994428
GGM-0000252,glutamate,glutamate,glycine,glycine,unresolved,NTAN1,1,MAR05336,0,,Histidine metabolism,False,1_direct_reaction,Human-GEM v2.0.0,False,,,,,,False,missing frequencies: NTAN1,606,14,14,236,370,-0.17716953720041756,0.09784391069510877,0.07018165501834601,-0.36894007826938413,0.01460100386854904,0.2031064539560367,0.025936916755619127,47,559.0,45.37533032318744,0.8309469618063372,HC3,tested,,0.9457866671994428
GGM-0000200,beta-alanine,beta-alanine,histidine,histidine,unresolved,CARNS1,1,MAR04425,0,,Beta-alanine metabolism,False,1_direct_reaction,Human-GEM v2.0.0,False,,,,,,False,missing frequencies: CARNS1,606,14,14,236,370,-0.1898310545275901,0.10616569726551274,0.07376569319977858,-0.3979119975615776,0.01824988850639736,0.11260201021971121,-0.0772290443078789,47,559.0,50.30070258600394,0.830691982244121,HC3,tested,,0.9457866671994428
GGM-0000021,AMP,AMP,adenosine,adenosine,unresolved,NT5C3B,1,MAR04081,0,,Purine metabolism,False,1_direct_reaction,Human-GEM v2.0.0,False,,,,,,False,missing frequencies: NT5C3B,606,14,14,236,370,-0.19449372662059383,0.10917149542328584,0.07482376708368521,-0.4084659257886134,0.019478472547425768,0.1359224822610725,-0.058571244359521324,47,559.0,57.5233115385146,0.8212206700235588,HC3,tested,,0.9457866671994428
GGM-0000285,glycine,glycine,alanine,alanine,unresolved,KLK1,1,MAR09475,0,,Isolated,False,1_direct_reaction,Human-GEM v2.0.0,False,,,,,,False,missing frequencies: KLK1,606,14,14,236,370,0.19903646891083945,0.11200606190208502,0.07556574719098108,-0.02049137846741106,0.41856431628908997,-0.08888069351016956,0.1101557754006699,47,559.0,49.262153877742016,0.956578529460692,HC3,tested,,0.9457866671994428
GGM-0000148,NADP,NADP+,thyroxine,thyroxine,unresolved,DIO1,1,MAR06854,0,,"Phenylalanine, tyrosine and tryptophan biosynthesis",False,1_direct_reaction,Human-GEM v2.0.0,False,,,,,,False,missing frequencies: DIO1,606,14,14,236,370,-0.2484156123406086,0.14062048759859447,0.07730065315834676,-0.5240267035223151,0.027195478841097853,0.1318764685833869,-0.11653914375722171,47,559.0,39.910664886506346,0.964918599952158,HC3,tested,,0.9457866671994428
GGM-0000160,UMP,UMP,uridine,uridine,unresolved,NT5C2,1,MAR03970,0,,Pyrimidine metabolism,False,1_direct_reaction,Human-GEM v2.0.0,False,,,,,,False,missing frequencies: NT5C2,606,14,14,236,370,0.17773878806642537,0.10228862632405025,0.08227774994978795,-0.02274323555678881,0.37822081168963956,-0.1960353832417547,-0.018296595175329333,47,559.0,40.973655096341304,0.8254656631408389,HC3,tested,,0.9457866671994428
GGM-0000130,NADP,NADP+,citrulline,citrulline,unresolved,NOS1,1,MAR02023,0,,Arginine and proline metabolism,False,1_direct_reaction,Human-GEM v2.0.0,False,,,,,,False,missing frequencies: NOS1,606,14,14,236,370,0.30988252388835924,0.18222005175190414,0.08901904825835757,-0.04726221480639764,0.6670272625831162,-0.21840982976526302,0.09147269412309622,47,559.0,54.652633070931685,0.9998954719078411,HC3,tested,,0.9457866671994428
GGM-0000108,NAD,NAD+,malate,malate,unresolved,MDH1,1,MAR04139,0,,Tricarboxylic acid cycle and glyoxylate/dicarboxylate metabolism,False,1_direct_reaction,Human-GEM v2.0.0,False,,,,,,False,missing frequencies: MDH1,606,14,14,236,370,-0.20461145430223154,0.12046577650386209,0.08941291154717063,-0.44072003761945266,0.031497129014989605,0.14226882456599077,-0.06234262973624077,47,559.0,58.417704276742036,0.7053810438981126,HC3,tested,,0.9457866671994428
GGM-0000236,glutamate,glutamate,NAD,NAD+,unresolved,SCCPDH,1,MAR04667,0,,Lysine metabolism,False,1_direct_reaction,Human-GEM v2.0.0,False,,,,,,False,missing frequencies: SCCPDH,606,14,14,236,370,-0.2158131550374413,0.1272603888847342,0.08991633807882027,-0.46523893391008175,0.03361262383519914,0.07241688843337418,-0.14339626660406712,47,559.0,48.94677757592893,0.650534367981631,HC3,tested,,0.9457866671994428
GGM-0000278,glutamine,glutamine,alanine,alanine,unresolved,AADAT,1,MAR04197,0,,"Alanine, aspartate and glutamate metabolism",False,1_direct_reaction,Human-GEM v2.0.0,False,,,,,,False,missing frequencies: AADAT,606,14,14,236,370,-0.2209935575862531,0.13203376771162662,0.09417670656666459,-0.47977498704416877,0.03778787187166255,0.16275924186502216,-0.058234315721230945,47,559.0,47.59809101043385,0.6878350841096874,HC3,tested,,0.9552208808904552
GGM-0000013,AMP,AMP,adenine,adenine,unresolved,APRT,1,MAR04085,0,,Purine metabolism,False,1_direct_reaction,Human-GEM v2.0.0,False,,,,,,False,missing frequencies: APRT,606,14,14,236,370,0.15790251588160328,0.09703436401211211,0.10367668972193475,-0.03228134284488601,0.34808637460809255,-0.13798764855201914,0.01991486732958414,47,559.0,46.43437998342194,0.7979711618177333,HC3,tested,,0.9855136516078267
GGM-0000237,glutamate,glutamate,NADP,NADP+,unresolved,AASS,1,MAR04668,0,,Lysine metabolism,False,1_direct_reaction,Human-GEM v2.0.0,False,,,,,,False,missing frequencies: AASS,606,14,14,236,370,-0.1524764195895634,0.094557442475092,0.1068473311318304,-0.33780560131096166,0.032852762131834856,0.06118744151783465,-0.09128897807172875,47,559.0,41.87651502238593,0.5984358691008684,HC3,tested,,0.9855136516078267
GGM-0000112,NAD,NAD+,malate,malate,unresolved,ME3,1,MAR04087,0,,Pyruvate metabolism,False,1_direct_reaction,Human-GEM v2.0.0,False,,,,,,False,missing frequencies: ME3,606,14,14,236,370,-0.1522089971046542,0.09593285965788328,0.11259872711088834,-0.3402339469680409,0.03581595275873253,0.11191570403812642,-0.04029329306652776,47,559.0,39.92964292663163,0.7454373185225166,HC3,tested,,0.9855136516078267
GGM-0000156,UMP,UMP,uracil,uracil,unresolved,UPRT,1,MAR04343,0,,Pyrimidine metabolism,False,1_direct_reaction,Human-GEM v2.0.0,False,,,,,,False,missing frequencies: UPRT,606,14,14,236,370,-0.13404396116294928,0.08487483631247235,0.11426420367961605,-0.30039558352912743,0.03230766120322889,-0.0015218530958475592,-0.13556581425879685,47,559.0,44.93439679757551,0.8279262870899886,HC3,tested,,0.9855136516078267
GGM-0000117,NAD,NAD+,oxalate,oxalate,unresolved,LDHD,1,MAR08780,0,,Tricarboxylic acid cycle and glyoxylate/dicarboxylate metabolism,False,1_direct_reaction,Human-GEM v2.0.0,False,,,,,,False,missing frequencies: LDHD,606,14,14,236,370,0.1959018688498085,0.13012856901335648,0.13220878848565945,-0.05914543977610506,0.45094917747572205,-0.12742522800154954,0.06847664084825897,47,559.0,42.11261892479746,0.799731397388463,HC3,tested,,0.9855136516078267
GGM-0000311,serine,serine,homocysteine,homocysteine,unresolved,CBS,1,MAR03879,0,,Cysteine and methionine metabolism,False,1_direct_reaction,Human-GEM v2.0.0,False,,,,,,False,missing frequencies: CBS,606,14,14,236,370,0.16147994186267778,0.10731403611103325,0.13239040963501122,-0.048851703950578196,0.37181158767593375,-0.1192306865634486,0.04224925529922918,47,559.0,64.50119682916842,0.6258501370503717,HC3,tested,,0.9855136516078267
GGM-0000073,CMP,CMP,cytidine,cytidine,unresolved,NT5E,1,MAR04177,0,,Pyrimidine metabolism,False,1_direct_reaction,Human-GEM v2.0.0,False,,,,,,False,missing frequencies: NT5E,606,14,14,236,370,-0.15112899342303274,0.10243250428455347,0.14010483444377084,-0.35189301266700235,0.049635025820936846,-0.007100468251823098,-0.15822946167485583,47,559.0,68.85962944337871,0.7175048581665054,HC3,tested,,0.9855136516078267
GGM-0000240,glutamate,glutamate,alanine,alanine,unresolved,GPT,1,MAR03899,0,,"Alanine, aspartate and glutamate metabolism",False,1_direct_reaction,Human-GEM v2.0.0,False,,,,,,False,missing frequencies: GPT,606,14,14,236,370,0.14862613880379474,0.1009424665704946,0.14091703458675192,-0.04921746018501308,0.3464697377926026,-0.08998955784157289,0.05863658096222185,47,559.0,41.99526907607182,0.7293168975903849,HC3,tested,,0.9855136516078267
GGM-0000308,phenylalanine,phenylalanine,tyrosine,tyrosine,unresolved,PAH,1,MAR08539,0,,"Phenylalanine, tyrosine and tryptophan biosynthesis",False,1_direct_reaction,Human-GEM v2.0.0,False,,,,,,False,missing frequencies: PAH,606,14,14,236,370,0.09184975460007196,0.06416376134879449,0.15228995651100455,-0.03390890675618842,0.21760841595633235,-0.07241296211064797,0.019436792489423982,47,559.0,58.50582871927242,0.9768607921701808,HC3,tested,,0.9855136516078267
GGM-0000061,CMP,CMP,GMP,GMP,unresolved,TREX1,1,MAR07164,0,,Nucleotide metabolism,False,1_direct_reaction,Human-GEM v2.0.0,False,,,,,,False,missing frequencies: TREX1,606,14,14,236,370,-0.11171466995344141,0.0802235827119388,0.16375847721228864,-0.26895000277961156,0.045520662872728754,0.10153270818006717,-0.010181961773374243,47,559.0,57.678931380644876,0.7416946621546007,HC3,tested,,0.9855136516078267
GGM-0000287,glycine,glycine,leucine,leucine,unresolved,CNDP2,1,MAR11411,0,,Peptide metabolism,False,1_direct_reaction,Human-GEM v2.0.0,False,,,,,,False,missing frequencies: CNDP2,606,14,14,236,370,0.1502921396767128,0.10835496038336237,0.16543104216729265,-0.06207968022094182,0.36266395957436737,-0.009937360147578256,0.14035477952913453,47,559.0,41.7484130791364,0.6755424191454334,HC3,tested,,0.9855136516078267
GGM-0000104,NAD,NAD+,beta-alanine,beta-alanine,unresolved,ALDH3A2,1,MAR07993,0,,Beta-alanine metabolism,False,1_direct_reaction,Human-GEM v2.0.0,False,,,,,,False,missing frequencies: ALDH3A2,606,14,14,236,370,0.11152206337385351,0.08169219302785588,0.17220604022771535,-0.048591692778838125,0.27163581952654514,0.014870822070161657,0.12639288544401517,47,559.0,48.386678860152536,0.7998560333825686,HC3,tested,,0.9855136516078267
GGM-0000145,NADP,NADP+,sarcosine,sarcosine,unresolved,DMGDH,1,MAR04700,0,,"Glycine, serine and threonine metabolism",False,1_direct_reaction,Human-GEM v2.0.0,False,,,,,,False,missing frequencies: DMGDH,606,14,14,236,370,0.15262469537354878,0.1138515571054749,0.1800637739317874,-0.07052025613698731,0.3757696468840849,-0.08164923858173362,0.07097545679181516,47,559.0,50.98804119079994,0.9105072693300915,HC3,tested,,0.9855136516078267
GGM-0000220,cytidine,cytidine,uridine,uridine,unresolved,AICDA,1,MAR04580,0,,Pyrimidine metabolism,False,1_direct_reaction,Human-GEM v2.0.0,False,,,,,,False,missing frequencies: AICDA,606,14,14,236,370,0.12514708306991015,0.09444962203754322,0.1851664672777682,-0.059970774477095146,0.31026494061691545,-0.08310432994975354,0.04204275312015661,47,559.0,52.35800306663589,0.9994998892672412,HC3,tested,,0.9855136516078267
GGM-0000140,NADP,NADP+,malate,malate,unresolved,ME3,1,MAR04091,0,,Pyruvate metabolism,False,1_direct_reaction,Human-GEM v2.0.0,False,,,,,,False,missing frequencies: ME3,606,14,14,236,370,-0.12815416070892674,0.09791313373607474,0.1905832436762004,-0.320060376445087,0.0637520550272335,0.12522493934544682,-0.0029292213634799225,47,559.0,38.959856642253904,0.684157842007802,HC3,tested,,0.9855136516078267
GGM-0000015,AMP,AMP,adenosine,adenosine,unresolved,ADK,1,MAR04012,0,,Purine metabolism,False,1_direct_reaction,Human-GEM v2.0.0,False,,,,,,False,missing frequencies: ADK,606,14,14,236,370,-0.13257636029458406,0.10230815050453433,0.1950260112790807,-0.3330966506083747,0.0679439300192066,0.06555787770255417,-0.06701848259202989,47,559.0,69.25866968749152,0.7252176692657053,HC3,tested,,0.9855136516078267
GGM-0000175,alanine,alanine,kynurenine,kynurenine,unresolved,KYNU,1,MAR04224,0,,"Phenylalanine, tyrosine and tryptophan biosynthesis",False,1_direct_reaction,Human-GEM v2.0.0,False,,,,,,False,missing frequencies: KYNU,606,14,14,236,370,0.14601588511352193,0.11343388762094776,0.19801296041083372,-0.07631044924989958,0.36834221947694346,-0.027148450488820895,0.11886743462470103,47,559.0,59.264307649755615,0.9798033783864033,HC3,tested,,0.9855136516078267
GGM-0000266,glutamate,glutamate,leucine,leucine,unresolved,BCAT2,1,MAR03765,0,,"Valine, leucine, and isoleucine metabolism",False,1_direct_reaction,Human-GEM v2.0.0,False,,,,,,False,missing frequencies: BCAT2,606,14,14,236,370,-0.15861818741714198,0.1264159458563935,0.20957590752027289,-0.40638888836723874,0.08915251353295478,0.08321300520723952,-0.07540518220990246,47,559.0,40.628419737158914,0.5898372841842637,HC3,tested,,0.9855136516078267
GGM-0000195,aspartate,aspartate,glutamate,glutamate,unresolved,GOT1L1,1,MAR03829,0,,"Alanine, aspartate and glutamate metabolism",False,1_direct_reaction,Human-GEM v2.0.0,False,,,,,,False,missing frequencies: GOT1L1,606,14,14,236,370,-0.12338591939399322,0.10068324614296942,0.2203921213345018,-0.3207214556807946,0.07394961689280814,0.07448257587349312,-0.0489033435205001,47,559.0,38.570103819759034,0.966977979863841,HC3,tested,,0.9855136516078267
GGM-0000281,glycine,glycine,AMP,AMP,unresolved,BAAT,1,MAR01844,0,,Bile acid biosynthesis,False,1_direct_reaction,Human-GEM v2.0.0,False,,,,,,False,missing frequencies: BAAT,606,14,14,236,370,0.1877014507124743,0.15400068056249622,0.22290674739328797,-0.11413433678467583,0.4895372382096244,-0.20735726679446176,-0.019655816081987465,47,559.0,50.845855750957504,0.7236965087881114,HC3,tested,,0.9855136516078267
GGM-0000218,choline,choline,serine,serine,unresolved,PTDSS1,1,MAR00623,0,,Glycerophospholipid metabolism,False,1_direct_reaction,Human-GEM v2.0.0,False,,,,,,False,missing frequencies: PTDSS1,606,14,14,236,370,-0.16101833843933233,0.1350004807369288,0.23297741039096154,-0.4256144185793061,0.10357774170064143,0.08027098265411717,-0.08074735578521516,47,559.0,58.01640446951634,0.8113423146377369,HC3,tested,,0.9855136516078267
GGM-0000276,glutamate,glutamate,valine,valine,unresolved,BCAT2,1,MAR03744,0,,"Valine, leucine, and isoleucine metabolism",False,1_direct_reaction,Human-GEM v2.0.0,False,,,,,,False,missing frequencies: BCAT2,606,14,14,236,370,-0.10511371559105256,0.08942984836123088,0.23984423978525826,-0.28039299752194347,0.07016556633983834,0.06098646385316163,-0.044127251737890935,47,559.0,40.628419737158914,0.5898372841842637,HC3,tested,,0.9855136516078267
GGM-0000243,glutamate,glutamate,glutamine,glutamine,unresolved,CAD,1,MAR09802,0,,"Alanine, aspartate and glutamate metabolism",False,1_direct_reaction,Human-GEM v2.0.0,False,,,,,,False,missing frequencies: CAD,606,14,14,236,370,-0.14594142027747167,0.12423057725630665,0.24008975723758896,-0.38942887747845345,0.09754603692351013,0.12971951714034505,-0.016221903137126625,47,559.0,47.40904863869372,0.6034558934300328,HC3,tested,,0.9855136516078267
GGM-0000036,AMP,AMP,cAMP,cAMP,unresolved,PDE4B,1,MAR04014,0,,Purine metabolism,False,1_direct_reaction,Human-GEM v2.0.0,False,,,,,,False,missing frequencies: PDE4B,606,14,14,236,370,0.15363390938057953,0.13111079957496538,0.24128264797371513,-0.10333853577060204,0.4106063545317611,-0.14420635020512612,0.009427559175453404,47,559.0,46.76067326148607,0.8402253339333333,HC3,tested,,0.9855136516078267
GGM-0000312,taurine,taurine,taurocholate,taurocholate,unresolved,BAAT,1,MAR01667,0,,Bile acid biosynthesis,False,1_direct_reaction,Human-GEM v2.0.0,False,,,,,,False,missing frequencies: BAAT,606,14,14,236,370,0.13168978214041072,0.11301198226036853,0.24390861011802523,-0.0898096329113911,0.35318919719221253,-0.056046687287699064,0.07564309485271165,47,559.0,41.84839723886631,0.801550294881246,HC3,tested,,0.9855136516078267
GGM-0000134,NADP,NADP+,dimethylglycine,dimethylglycine,unresolved,PDPR,1,MAR04700,0,,"Glycine, serine and threonine metabolism",False,1_direct_reaction,Human-GEM v2.0.0,False,,,,,,False,missing frequencies: PDPR,606,14,14,236,370,0.1103629888007548,0.09607085101754867,0.2506522183602057,-0.0779324191577538,0.2986583967592634,-0.14228389452789733,-0.031920905727142526,47,559.0,52.80805187355946,0.6472533703214037,HC3,tested,,0.9855136516078267
GGM-0000002,AMP,AMP,CMP,CMP,unresolved,TREX2,1,MAR07164,0,,Nucleotide metabolism,False,1_direct_reaction,Human-GEM v2.0.0,False,,,,,,False,missing frequencies: TREX2,606,14,14,236,370,-0.11318032812842466,0.09862404001489836,0.25113632699244726,-0.3064798945674626,0.08011923831061327,0.06777211133007945,-0.04540821679834521,47,559.0,44.50526617306542,0.7440637960965155,HC3,tested,,0.9855136516078267
GGM-0000306,ornithine,ornithine,citrulline,citrulline,unresolved,OTC,1,MAR03809,0,,Arginine and proline metabolism,False,1_direct_reaction,Human-GEM v2.0.0,False,,,,,,False,missing frequencies: OTC,606,14,14,236,370,-0.19848066996604874,0.17329494649131838,0.2520706459188691,-0.5381325237918286,0.1411711838597311,0.09851680561031272,-0.09996386435573602,47,559.0,62.714505473602166,0.9837642707072636,HC3,tested,,0.9855136516078267
GGM-0000209,betaine,betaine,methionine,methionine,unresolved,BHMT,1,MAR04699,0,,"Glycine, serine and threonine metabolism",False,1_direct_reaction,Human-GEM v2.0.0,False,,,,,,False,missing frequencies: BHMT,606,14,14,236,370,-0.16078697226650826,0.14047711221954906,0.25238412759023876,-0.4361170528690159,0.11454310833599943,0.10187882625233594,-0.058908146014172325,47,559.0,44.1087428265637,0.999021645711317,HC3,tested,,0.9855136516078267
GGM-0000153,NADP,NADP+,trimethylamine-N-oxide,trimethylamine-N-oxide,unresolved,FMO4,1,MAR09514,0,,Isolated,False,1_direct_reaction,Human-GEM v2.0.0,False,,,,,,False,missing frequencies: FMO4,606,14,14,236,370,0.1069111396497309,0.09381639092328736,0.2544619574202386,-0.07696560771944277,0.29078788701890457,-0.06785143492459024,0.039059704725140657,47,559.0,40.014040089761295,0.6773914755312765,HC3,tested,,0.9855136516078267
GGM-0000181,arginine,arginine,citrulline,citrulline,unresolved,NOS2,1,MAR02023,0,,Arginine and proline metabolism,False,1_direct_reaction,Human-GEM v2.0.0,False,,,,,,False,missing frequencies: NOS2,606,14,14,236,370,0.21884713523285915,0.19206928841780363,0.254529002116617,-0.1576017526022721,0.5952960230679905,-0.14339041231609584,0.07545672291676331,47,559.0,58.67627217692233,0.9221586563586132,HC3,tested,,0.9855136516078267
GGM-0000138,NADP,NADP+,malate,malate,unresolved,ME1,1,MAR04089,0,,Pyruvate metabolism,False,1_direct_reaction,Human-GEM v2.0.0,False,,,,,,False,missing frequencies: ME1,606,14,14,236,370,0.10976316794730948,0.09659859356331565,0.2558388870590762,-0.0795665963940119,0.2990929322886309,-0.08742886400434237,0.022334303942967107,47,559.0,53.07735403636727,0.724114887059677,HC3,tested,,0.9855136516078267
GGM-0000238,glutamate,glutamate,NADP,NADP+,unresolved,GLUD1,1,MAR03804,0,,"Alanine, aspartate and glutamate metabolism",False,1_direct_reaction,Human-GEM v2.0.0,False,,,,,,False,missing frequencies: GLUD1,606,14,14,236,370,-0.10118375983408709,0.08925302138032286,0.2569316484307931,-0.27611646725090333,0.07374894758272912,0.03997435432585775,-0.06120940550822934,47,559.0,46.073840397398804,0.6807968498653494,HC3,tested,,0.9855136516078267
GGM-0000011,AMP,AMP,UMP,UMP,unresolved,TREX2,1,MAR07164,0,,Nucleotide metabolism,False,1_direct_reaction,Human-GEM v2.0.0,False,,,,,,False,missing frequencies: TREX2,606,14,14,236,370,-0.07743895990286649,0.06872026877292053,0.25979652213354554,-0.21212821170570328,0.05725029189997029,0.11369904093677062,0.03626008103390413,47,559.0,44.50526617306542,0.7440637960965155,HC3,tested,,0.9855136516078267
GGM-0000123,NAD,NAD+,urate,urate,unresolved,XDH,1,MAR04646,0,,Purine metabolism,False,1_direct_reaction,Human-GEM v2.0.0,False,,,,,,False,missing frequencies: XDH,606,14,14,236,370,0.127781679655238,0.11341451420287822,0.2598784920910485,-0.09450668350650973,0.3500700428169857,-0.04812827203442764,0.07965340762081037,47,559.0,41.36448721283539,0.6480561586182481,HC3,tested,,0.9855136516078267
GGM-0000093,GMP,GMP,guanosine,guanosine,unresolved,RBAK,1,MAR04450,0,,Purine metabolism,False,1_direct_reaction,Human-GEM v2.0.0,False,,,,,,False,missing frequencies: RBAK,606,14,14,236,370,0.09718857404874703,0.08782829734074908,0.26847783963748384,-0.07495172556259616,0.26932887366009023,-0.04870869272776163,0.04847988132098541,47,559.0,45.7528278190663,0.5753617559767796,HC3,tested,,0.9855136516078267
GGM-0000163,UMP,UMP,uridine,uridine,unresolved,NT5E,1,MAR03970,0,,Pyrimidine metabolism,False,1_direct_reaction,Human-GEM v2.0.0,False,,,,,,False,missing frequencies: NT5E,606,14,14,236,370,-0.1333103383625565,0.12073911530834874,0.26954156662302686,-0.36995465589214876,0.10333397916703574,0.09481246095935818,-0.038497877403198336,47,559.0,70.16879163399481,0.8475985653128539,HC3,tested,,0.9855136516078267
GGM-0000019,AMP,AMP,adenosine,adenosine,unresolved,NT5C1B,1,MAR04010,0,,Purine metabolism,False,1_direct_reaction,Human-GEM v2.0.0,False,,,,,,False,missing frequencies: NT5C1B,606,14,14,236,370,-0.12392120171139616,0.11269649135977723,0.271505901201502,-0.34480226596058894,0.0969598625377966,0.13042006170432238,0.006498859992926223,47,559.0,69.36532235971144,0.8012710961930659,HC3,tested,,0.9855136516078267
GGM-0000046,AMP,AMP,carnosine,carnosine,unresolved,CARNS1,1,MAR04425,0,,Beta-alanine metabolism,False,1_direct_reaction,Human-GEM v2.0.0,False,,,,,,False,missing frequencies: CARNS1,606,14,14,236,370,0.18465202207892062,0.1682647441540398,0.27247100920101575,-0.14514081633084402,0.5144448604886853,-0.09139560897576912,0.0932564131031515,47,559.0,43.574323699061075,0.8354067334449516,HC3,tested,,0.9855136516078267
GGM-0000141,NADP,NADP+,malate,malate,unresolved,RWDD2A,1,MAR04089,0,,Pyruvate metabolism,False,1_direct_reaction,Human-GEM v2.0.0,False,,,,,,False,missing frequencies: RWDD2A,606,14,14,236,370,0.14470109773681056,0.13403853948790706,0.2803433069443124,-0.11800961219983713,0.40741180767345825,-0.139855874077959,0.004845223658851566,47,559.0,40.06547423094737,0.708143700995537,HC3,tested,,0.9855136516078267
GGM-0000037,AMP,AMP,cAMP,cAMP,unresolved,PDE4C,1,MAR04014,0,,Purine metabolism,False,1_direct_reaction,Human-GEM v2.0.0,False,,,,,,False,missing frequencies: PDE4C,606,14,14,236,370,-0.1971686481763534,0.18631741049591796,0.28994576613657264,-0.5623440624411177,0.16800676608841084,0.17301761667541773,-0.02415103150093567,47,559.0,66.30261005287228,0.9858290152466123,HC3,tested,,0.9855136516078267
GGM-0000158,UMP,UMP,uridine,uridine,unresolved,NT5C1A,1,MAR03970,0,,Pyrimidine metabolism,False,1_direct_reaction,Human-GEM v2.0.0,False,,,,,,False,missing frequencies: NT5C1A,606,14,14,236,370,-0.17773190066675496,0.16937111100384036,0.2940107450461845,-0.5096931782558177,0.1542293769223078,0.19617377958066995,0.018441878913914994,47,559.0,39.72140420312042,0.9923039864497336,HC3,tested,,0.9855136516078267
GGM-0000177,arginine,arginine,NADP,NADP+,unresolved,NOS1,1,MAR02023,0,,Arginine and proline metabolism,False,1_direct_reaction,Human-GEM v2.0.0,False,,,,,,False,missing frequencies: NOS1,606,14,14,236,370,0.13979168116937937,0.13464173964055157,0.2991540430929651,-0.12410127934192064,0.4036846416806794,-0.059537428942491505,0.08025425222688787,47,559.0,54.48624632340275,0.9998943075717157,HC3,tested,,0.9855136516078267
GGM-0000126,NADP,NADP+,beta-alanine,beta-alanine,unresolved,ALDH2,1,MAR04079,0,,Beta-alanine metabolism,False,1_direct_reaction,Human-GEM v2.0.0,False,,,,,,False,missing frequencies: ALDH2,606,14,14,236,370,0.1004762040559278,0.09680621723112831,0.29931165385218217,-0.08926049519664447,0.2902129033085001,-0.07894177612718463,0.021534427928743174,47,559.0,43.376374518253506,0.621265365265152,HC3,tested,,0.9855136516078267
GGM-0000068,CMP,CMP,cytidine,cytidine,unresolved,NT5C1A,1,MAR04177,0,,Pyrimidine metabolism,False,1_direct_reaction,Human-GEM v2.0.0,False,,,,,,False,missing frequencies: NT5C1A,606,14,14,236,370,-0.12774822371248276,0.1242096662852341,0.30372005844877514,-0.3711946961632806,0.11569824873831508,0.06731175297792356,-0.0604364707345592,47,559.0,45.60849088724381,0.9933138307639722,HC3,tested,,0.9855136516078267
GGM-0000078,CMP,CMP,inositol,inositol,unresolved,CDIPT,1,MAR00610,0,,Glycerophospholipid metabolism,False,1_direct_reaction,Human-GEM v2.0.0,False,,,,,,False,missing frequencies: CDIPT,606,14,14,236,370,-0.1031567459594554,0.1005880658098033,0.3051100512219671,-0.30030573222121465,0.09399224030230385,0.15374471075546722,0.050587964796011825,47,559.0,47.05475123216387,0.7915555018480045,HC3,tested,,0.9855136516078267
GGM-0000248,glutamate,glutamate,glutamine,glutamine,unresolved,GLUL,1,MAR03890,0,,"Alanine, aspartate and glutamate metabolism",False,1_direct_reaction,Human-GEM v2.0.0,False,,,,,,False,missing frequencies: GLUL,606,14,14,236,370,-0.11428557976101644,0.11159661934139094,0.30579023706916797,-0.3330109344665687,0.1044397749445358,0.12449915020077103,0.010213570439754585,47,559.0,42.61556747196503,0.8160471059430963,HC3,tested,,0.9855136516078267
GGM-0000261,glutamate,glutamate,isoleucine,isoleucine,unresolved,BCAT2,1,MAR03778,0,,"Valine, leucine, and isoleucine metabolism",False,1_direct_reaction,Human-GEM v2.0.0,False,,,,,,False,missing frequencies: BCAT2,606,14,14,236,370,-0.13068746097477335,0.12790896158742834,0.30691227001521804,-0.38138441898605013,0.12000949703650343,0.07911488433955986,-0.05157257663521349,47,559.0,40.628419737158914,0.5898372841842637,HC3,tested,,0.9855136516078267
GGM-0000317,xanthine,xanthine,xanthosine,xanthosine,unresolved,PNP,1,MAR04663,0,,Purine metabolism,False,1_direct_reaction,Human-GEM v2.0.0,False,,,,,,False,missing frequencies: PNP,606,14,14,236,370,-0.09587968161980599,0.09538194112310135,0.3147917002029904,-0.28282485099660454,0.09106548775699257,0.022564999196571296,-0.07331468242323469,47,559.0,44.31110219738368,0.894747044564584,HC3,tested,,0.9855136516078267
GGM-0000211,carnosine,carnosine,histidine,histidine,unresolved,CARNS1,1,MAR04425,0,,Beta-alanine metabolism,False,1_direct_reaction,Human-GEM v2.0.0,False,,,,,,False,missing frequencies: CARNS1,606,14,14,236,370,0.12165519102054365,0.12118929750185657,0.3154536458527072,-0.11587146739480517,0.3591818494358925,-0.17975741400617107,-0.05810222298562742,47,559.0,50.38041830358699,0.8356251293930652,HC3,tested,,0.9855136516078267
GGM-0000137,NADP,NADP+,lysine,lysine,unresolved,AASS,1,MAR04288,0,,Lysine metabolism,False,1_direct_reaction,Human-GEM v2.0.0,False,,,,,,False,missing frequencies: AASS,606,14,14,236,370,0.10457491143469279,0.10461008798154187,0.3174732670341792,-0.10045709342869562,0.3096069162980812,-0.04906400191967965,0.05551090951501314,47,559.0,49.69703514741302,0.6941311486528907,HC3,tested,,0.9855136516078267
GGM-0000250,glutamate,glutamate,glycine,glycine,unresolved,ACY3,1,MAR05336,0,,Histidine metabolism,False,1_direct_reaction,Human-GEM v2.0.0,False,,,,,,False,missing frequencies: ACY3,606,14,14,236,370,-0.09666058250822249,0.09785921399742734,0.3232743801813115,-0.288461117498578,0.09513995248213303,-0.016824077782636143,-0.11348466029085863,47,559.0,47.81054847873882,0.8874869310583905,HC3,tested,,0.9855136516078267
GGM-0000226,dimethylglycine,dimethylglycine,methionine,methionine,unresolved,BHMT2,1,MAR04699,0,,"Glycine, serine and threonine metabolism",False,1_direct_reaction,Human-GEM v2.0.0,False,,,,,,False,missing frequencies: BHMT2,606,14,14,236,370,-0.12221469959698965,0.12627053863290674,0.3331044198895666,-0.3697004076259604,0.12527100843198108,0.04950902502505684,-0.0727056745719328,47,559.0,41.2507838968723,0.9990684837097732,HC3,tested,,0.9855136516078267
GGM-0000111,NAD,NAD+,malate,malate,unresolved,ME2,1,MAR04087,0,,Pyruvate metabolism,False,1_direct_reaction,Human-GEM v2.0.0,False,,,,,,False,missing frequencies: ME2,606,14,14,236,370,-0.1066841812062657,0.11031398162578195,0.33349617711411816,-0.3228956121840116,0.10952724977148019,0.05193253961158637,-0.05475164159467933,47,559.0,51.25265248034798,0.7411221139290642,HC3,tested,,0.9855136516078267
GGM-0000256,glutamate,glutamate,glycine,glycine,unresolved,SIRT3,1,MAR05336,0,,Histidine metabolism,False,1_direct_reaction,Human-GEM v2.0.0,False,,,,,,False,missing frequencies: SIRT3,606,14,14,236,370,-0.11260156544214606,0.11690239790432748,0.3354421187272212,-0.3417260550409986,0.11652292415670648,0.008938474055504504,-0.10366309138664155,47,559.0,40.83923714339568,0.6031415825351293,HC3,tested,,0.9855136516078267
GGM-0000001,AMP,AMP,CMP,CMP,unresolved,TREX1,1,MAR07164,0,,Nucleotide metabolism,False,1_direct_reaction,Human-GEM v2.0.0,False,,,,,,False,missing frequencies: TREX1,606,14,14,236,370,-0.08173962100738576,0.08665716997836784,0.3455515957550588,-0.25158455316715234,0.08810531115238081,0.037546857607700934,-0.04419276339968482,47,559.0,61.61666076863546,0.7481476179198513,HC3,tested,,0.9855136516078267
GGM-0000004,AMP,AMP,GMP,GMP,unresolved,GMPS,1,MAR04453,0,,Purine metabolism,False,1_direct_reaction,Human-GEM v2.0.0,False,,,,,,False,missing frequencies: GMPS,606,14,14,236,370,0.06556599843085605,0.06993026105997682,0.34845452778541297,-0.07149479467618232,0.20262679153789442,-0.07376648311468736,-0.008200484683831319,47,559.0,45.13597951732611,0.7584697764639913,HC3,tested,,0.9855136516078267
GGM-0000146,NADP,NADP+,sarcosine,sarcosine,unresolved,PDPR,1,MAR04700,0,,"Glycine, serine and threonine metabolism",False,1_direct_reaction,Human-GEM v2.0.0,False,,,,,,False,missing frequencies: PDPR,606,14,14,236,370,-0.09595868265508335,0.10260621334057414,0.34967844956089034,-0.2970631653926419,0.10514580008247519,0.11003696514008214,0.014078282484998789,47,559.0,52.80805187355946,0.6472533703214037,HC3,tested,,0.9855136516078267
GGM-0000169,aconitate,cis-aconitate,isocitrate,isocitrate,unresolved,ACO2,1,MAR04589,0,,Tricarboxylic acid cycle and glyoxylate/dicarboxylate metabolism,False,1_direct_reaction,Human-GEM v2.0.0,False,,,,,,False,missing frequencies: ACO2,606,14,14,236,370,0.05885599982495854,0.06331026140256668,0.35255547743594406,-0.06522983237588845,0.18294183202580552,-0.03899924082747326,0.019856758997485277,47,559.0,50.978166688016614,0.5993971040568384,HC3,tested,,0.9855136516078267
GGM-0000096,NAD,NAD+,NADP,NADP+,unresolved,ACP5,1,MAR04270,0,,Nicotinate and nicotinamide metabolism,False,1_direct_reaction,Human-GEM v2.0.0,False,,,,,,False,missing frequencies: ACP5,606,14,14,236,370,-0.12915438520199404,0.1394114923067977,0.3542248087223877,-0.40239588915430036,0.14408711875031224,0.004150814567721502,-0.12500357063427253,47,559.0,49.56599833333312,0.8114880374206696,HC3,tested,,0.9855136516078267
GGM-0000303,isocitrate,isocitrate,NADP,NADP+,unresolved,IDH1,1,MAR00710,0,,Tricarboxylic acid cycle and glyoxylate/dicarboxylate metabolism,False,1_direct_reaction,Human-GEM v2.0.0,False,,,,,,False,missing frequencies: IDH1,606,14,14,236,370,-0.08659679367512053,0.0942271590503121,0.3580842787952164,-0.27127863177925965,0.0980850444290186,0.10778358688765223,0.021186793212531696,47,559.0,42.10708438396252,0.5801095696440786,HC3,tested,,0.9855136516078267
GGM-0000289,glycine,glycine,ornithine,ornithine,unresolved,GATM,1,MAR04582,0,,"Glycine, serine and threonine metabolism",False,1_direct_reaction,Human-GEM v2.0.0,False,,,,,,False,missing frequencies: GATM,606,14,14,236,370,0.09834586697543624,0.10902575817396591,0.3670342940391135,-0.11534069243271036,0.31203242638358286,-0.07221376575205728,0.02613210122337896,47,559.0,40.87472736331217,0.7516334309920651,HC3,tested,,0.9855136516078267
GGM-0000154,NADP,NADP+,trimethylamine-N-oxide,trimethylamine-N-oxide,unresolved,FMO5,1,MAR09514,0,,Isolated,False,1_direct_reaction,Human-GEM v2.0.0,False,,,,,,False,missing frequencies: FMO5,606,14,14,236,370,-0.09907950882933289,0.11061564166683553,0.3704078012874037,-0.3158821826231187,0.1177231649644529,0.05019043837171991,-0.04888907045761298,47,559.0,45.11001384741022,0.6718646315407014,HC3,tested,,0.9855136516078267
GGM-0000020,AMP,AMP,adenosine,adenosine,unresolved,NT5C2,1,MAR04010,0,,Purine metabolism,False,1_direct_reaction,Human-GEM v2.0.0,False,,,,,,False,missing frequencies: NT5C2,606,14,14,236,370,0.09158488694142741,0.10228036702712391,0.37055738518743264,-0.10888094875727353,0.2920507226401283,-0.01568549642366599,0.07589939051776143,47,559.0,42.573954243592105,0.7226408291939571,HC3,tested,,0.9855136516078267
GGM-0000151,NADP,NADP+,trimethylamine-N-oxide,trimethylamine-N-oxide,unresolved,FMO2,1,MAR09514,0,,Isolated,False,1_direct_reaction,Human-GEM v2.0.0,False,,,,,,False,missing frequencies: FMO2,606,14,14,236,370,0.12451612878080254,0.13989154495338915,0.3734173182333085,-0.14966626106950615,0.3986985186311112,-0.1317301852992083,-0.007214056518405759,47,559.0,43.461256170695734,0.9926133673609934,HC3,tested,,0.9855136516078267
GGM-0000162,UMP,UMP,uridine,uridine,unresolved,NT5C3B,1,MAR03970,0,,Pyrimidine metabolism,False,1_direct_reaction,Human-GEM v2.0.0,False,,,,,,False,missing frequencies: NT5C3B,606,14,14,236,370,0.10385988869407987,0.11869978970731787,0.3815850323457505,-0.12878742410474137,0.3365072014929011,-0.060688647200204095,0.04317124149387578,47,559.0,61.767796602967394,0.8718415689820432,HC3,tested,,0.9855136516078267
GGM-0000291,glycine,glycine,sarcosine,sarcosine,unresolved,GNMT,1,MAR03901,0,,"Glycine, serine and threonine metabolism",False,1_direct_reaction,Human-GEM v2.0.0,False,,,,,,False,missing frequencies: GNMT,606,14,14,236,370,-0.09884381298443125,0.11354020446549022,0.38399322985649353,-0.3213785245341059,0.12369089856524342,0.086319413845409,-0.012524399139022244,47,559.0,45.32683358987215,0.6782612439304283,HC3,tested,,0.9855136516078267
GGM-0000245,glutamate,glutamate,glutamine,glutamine,unresolved,GFPT2,1,MAR04300,0,,Amino sugar and nucleotide sugar metabolism,False,1_direct_reaction,Human-GEM v2.0.0,False,,,,,,False,missing frequencies: GFPT2,606,14,14,236,370,-0.10990084559335195,0.1268954728777865,0.3864496867662707,-0.3586114022349927,0.13880971104828882,0.1133197496071729,0.0034189040138209587,47,559.0,70.42237802795024,0.630678953063392,HC3,tested,,0.9855136516078267
GGM-0000054,AMP,AMP,phenylalanine,phenylalanine,unresolved,FARSA;FARSB,2,MAR05145,0,,Aminoacyl-tRNA biosynthesis,False,1_direct_reaction,Human-GEM v2.0.0,False,,,,,,False,missing frequencies: FARSA;FARSB,606,14,14,236,370,0.0836364338977768,0.09751902702676543,0.39109005954790677,-0.10749734688207159,0.2747702146776252,-0.1252698711004811,-0.04163343720270431,47,559.0,56.81780099403343,0.7630418511737053,HC3,tested,,0.9855136516078267
GGM-0000172,adenosine,adenosine,homocysteine,homocysteine,unresolved,AHCYL2,1,MAR03877,0,,Cysteine and methionine metabolism,False,1_direct_reaction,Human-GEM v2.0.0,False,,,,,,False,missing frequencies: AHCYL2,606,14,14,236,370,-0.1131500336578065,0.13215068023024618,0.39187619305367427,-0.3721606074415584,0.14586054012594535,0.08889240291940614,-0.024257630738400357,47,559.0,42.84227540936105,0.5573531621627967,HC3,tested,,0.9855136516078267
GGM-0000022,AMP,AMP,adenosine,adenosine,unresolved,NT5E,1,MAR04010,0,,Purine metabolism,False,1_direct_reaction,Human-GEM v2.0.0,False,,,,,,False,missing frequencies: NT5E,606,14,14,236,370,0.08711192799207049,0.10444581821681997,0.40425877955753964,-0.11759811404871415,0.29182197003285515,-0.10492239630119501,-0.017810468309124527,47,559.0,76.45104442318339,0.7352965452579358,HC3,tested,,0.9855136516078267
GGM-0000221,cytidine,cytidine,uridine,uridine,unresolved,APOBEC4,1,MAR04580,0,,Pyrimidine metabolism,False,1_direct_reaction,Human-GEM v2.0.0,False,,,,,,False,missing frequencies: APOBEC4,606,14,14,236,370,-0.11220610692436107,0.13475855710376605,0.40504468663077364,-0.37632802545632676,0.15191581160760464,0.22716623605391154,0.11496012912955046,47,559.0,53.70162585258264,0.8806300604466096,HC3,tested,,0.9855136516078267
GGM-0000062,CMP,CMP,GMP,GMP,unresolved,TREX2,1,MAR07164,0,,Nucleotide metabolism,False,1_direct_reaction,Human-GEM v2.0.0,False,,,,,,False,missing frequencies: TREX2,606,14,14,236,370,-0.07138333663290221,0.08585586106736035,0.40572945455349574,-0.23965773218660308,0.09689105892079868,0.051616963796378534,-0.019766372836523674,47,559.0,48.17355468285565,0.7148179481766864,HC3,tested,,0.9855136516078267
GGM-0000039,AMP,AMP,cAMP,cAMP,unresolved,PDE6C,1,MAR04014,0,,Purine metabolism,False,1_direct_reaction,Human-GEM v2.0.0,False,,,,,,False,missing frequencies: PDE6C,606,14,14,236,370,-0.12332729352212972,0.14879196874449838,0.4071852206383688,-0.41495419345015594,0.16829960640589647,0.0504253345039858,-0.07290195901814392,47,559.0,105.73580365223381,0.9373218918150532,HC3,tested,,0.9855136516078267
GGM-0000305,leucine,leucine,phenylalanine,phenylalanine,unresolved,CMA1,1,MAR03042,0,,Miscellaneous,False,1_direct_reaction,Human-GEM v2.0.0,False,,,,,,False,missing frequencies: CMA1,606,14,14,236,370,-0.03258805167931474,0.03947366037563539,0.4090511945344948,-0.10995500435352593,0.044778900994896446,0.031411627496310594,-0.0011764241830041489,47,559.0,122.6059091383762,0.9603713643427896,HC3,tested,,0.9855136516078267
GGM-0000048,AMP,AMP,histidine,histidine,unresolved,CARNS1,1,MAR04425,0,,Beta-alanine metabolism,False,1_direct_reaction,Human-GEM v2.0.0,False,,,,,,False,missing frequencies: CARNS1,606,14,14,236,370,0.131770400530684,0.16041807189801288,0.4114078281075758,-0.1826432428587782,0.4461840439201462,-0.1436328697867062,-0.01186246925602219,47,559.0,43.574323699061075,0.8354067334449516,HC3,tested,,0.9855136516078267
GGM-0000185,arginine,arginine,ornithine,ornithine,unresolved,ARG2,1,MAR08426,0,,Arginine and proline metabolism,False,1_direct_reaction,Human-GEM v2.0.0,False,,,,,,False,missing frequencies: ARG2,606,14,14,236,370,-0.05599359255452402,0.069177568170797,0.41827455514032785,-0.19157913470735052,0.07959194959830249,0.053374245772819004,-0.0026193467817050148,47,559.0,58.96732222813989,0.5411664146302805,HC3,tested,,0.9855136516078267
GGM-0000071,CMP,CMP,cytidine,cytidine,unresolved,NT5C3A,1,MAR04177,0,,Pyrimidine metabolism,False,1_direct_reaction,Human-GEM v2.0.0,False,,,,,,False,missing frequencies: NT5C3A,606,14,14,236,370,-0.0920635954753959,0.11387216511417918,0.41881316559310167,-0.31524893794078546,0.13112174698999368,0.15059903613069311,0.05853544065529721,47,559.0,53.47508799391943,0.7561098829751213,HC3,tested,,0.9855136516078267
GGM-0000251,glutamate,glutamate,glycine,glycine,unresolved,MACROD1,1,MAR05336,0,,Histidine metabolism,False,1_direct_reaction,Human-GEM v2.0.0,False,,,,,,False,missing frequencies: MACROD1,606,14,14,236,370,-0.09731298042077881,0.12160075760418931,0.42355656172511635,-0.335646085817775,0.14102012497621735,0.02191455952215937,-0.07539842089861944,47,559.0,43.219690246056906,0.59520190291903,HC3,tested,,0.9855136516078267
GGM-0000105,NAD,NAD+,beta-alanine,beta-alanine,unresolved,ALDH7A1,1,MAR07993,0,,Beta-alanine metabolism,False,1_direct_reaction,Human-GEM v2.0.0,False,,,,,,False,missing frequencies: ALDH7A1,606,14,14,236,370,0.07382630462050697,0.09335584673949864,0.4290575776922537,-0.10914779273515139,0.2568004019761653,-0.06356612429425702,0.010260180326249951,47,559.0,41.42374420848259,0.6663084424458007,HC3,tested,,0.9855136516078267
GGM-0000070,CMP,CMP,cytidine,cytidine,unresolved,NT5C2,1,MAR04177,0,,Pyrimidine metabolism,False,1_direct_reaction,Human-GEM v2.0.0,False,,,,,,False,missing frequencies: NT5C2,606,14,14,236,370,-0.05864777197619867,0.07468806456310643,0.43231509483891883,-0.20503368859488957,0.08773814464249224,-0.028991238257782027,-0.0876390102339807,47,559.0,45.140347343244045,0.7495509762557302,HC3,tested,,0.9855136516078267
GGM-0000242,glutamate,glutamate,beta-alanine,beta-alanine,unresolved,ABAT,1,MAR04330,0,,Beta-alanine metabolism,False,1_direct_reaction,Human-GEM v2.0.0,False,,,,,,False,missing frequencies: ABAT,606,14,14,236,370,0.09202360972989722,0.11829366455101659,0.4366131755940762,-0.13982771238935782,0.3238749318491522,-0.08164408645701487,0.010379523272882343,47,559.0,44.81130742708909,0.5994939080647675,HC3,tested,,0.9855136516078267
GGM-0000290,glycine,glycine,proline,proline,unresolved,PEPD,1,MAR07193,0,,Peptide metabolism,False,1_direct_reaction,Human-GEM v2.0.0,False,,,,,,False,missing frequencies: PEPD,606,14,14,236,370,0.08296674429995862,0.10808155036700334,0.4427064633787301,-0.1288692018126198,0.29480269041253704,-0.04191532331054167,0.04105142098941695,47,559.0,46.291795279560915,0.824911739382062,HC3,tested,,0.9855136516078267
GGM-0000092,GMP,GMP,guanosine,guanosine,unresolved,NT5M,1,MAR04450,0,,Purine metabolism,False,1_direct_reaction,Human-GEM v2.0.0,False,,,,,,False,missing frequencies: NT5M,606,14,14,236,370,0.07105873252372553,0.09280097095583474,0.44384822751189,-0.11082782828005815,0.2529452933275092,-0.0711723322813314,-0.00011359975760585894,47,559.0,77.92303767408544,0.6301631816903525,HC3,tested,,0.9855136516078267
GGM-0000139,NADP,NADP+,malate,malate,unresolved,ME2,1,MAR04091,0,,Pyruvate metabolism,False,1_direct_reaction,Human-GEM v2.0.0,False,,,,,,False,missing frequencies: ME2,606,14,14,236,370,-0.08366171039819548,0.1108059598907846,0.4502315966093504,-0.30083740105652307,0.13351398026013211,0.055371809896590594,-0.028289900501604882,47,559.0,43.16572848445599,0.7470311513206727,HC3,tested,,0.9855136516078267
GGM-0000065,CMP,CMP,UMP,UMP,unresolved,TREX2,1,MAR07164,0,,Nucleotide metabolism,False,1_direct_reaction,Human-GEM v2.0.0,False,,,,,,False,missing frequencies: TREX2,606,14,14,236,370,-0.07507852794774136,0.09961657588321575,0.45104436622216626,-0.27032342894204553,0.12016637304656283,0.09616830395129645,0.02108977600355509,47,559.0,48.17355468285565,0.7148179481766864,HC3,tested,,0.9855136516078267
GGM-0000241,glutamate,glutamate,alanine,alanine,unresolved,GPT2,1,MAR04109,0,,"Alanine, aspartate and glutamate metabolism",False,1_direct_reaction,Human-GEM v2.0.0,False,,,,,,False,missing frequencies: GPT2,606,14,14,236,370,0.08203426105157412,0.10923190146592279,0.45264657845214684,-0.13205633178446247,0.29612485388761073,0.035266126836343954,0.11730038788791808,47,559.0,40.48611470101124,0.6986757780506503,HC3,tested,,0.9855136516078267
GGM-0000314,uracil,uracil,uridine,uridine,unresolved,UPP1,1,MAR04579,0,,Pyrimidine metabolism,False,1_direct_reaction,Human-GEM v2.0.0,False,,,,,,False,missing frequencies: UPP1,606,14,14,236,370,0.08431155526818146,0.11312322212463867,0.4560860116971527,-0.13740588591123495,0.30602899644759785,0.025397481698532155,0.10970903696671361,47,559.0,45.76237264543473,0.5438661242897976,HC3,tested,,0.9855136516078267
GGM-0000131,NADP,NADP+,citrulline,citrulline,unresolved,NOS2,1,MAR02023,0,,Arginine and proline metabolism,False,1_direct_reaction,Human-GEM v2.0.0,False,,,,,,False,missing frequencies: NOS2,606,14,14,236,370,0.16330728917110832,0.2195999116310282,0.45708324462833616,-0.2671006286338855,0.5937152069761021,-0.09509122923380363,0.06821605993730469,47,559.0,42.309446474628636,0.9202423444960938,HC3,tested,,0.9855136516078267
GGM-0000232,glutamate,glutamate,NAD,NAD+,unresolved,AASS,1,MAR04667,0,,Lysine metabolism,False,1_direct_reaction,Human-GEM v2.0.0,False,,,,,,False,missing frequencies: AASS,606,14,14,236,370,-0.08623184459977293,0.11676521159120729,0.4602068390936005,-0.31508745396573806,0.1426237647661922,0.12452882261065418,0.03829697801088125,47,559.0,41.87651502238593,0.5984358691008684,HC3,tested,,0.9855136516078267
GGM-0000077,CMP,CMP,cytidine,cytidine,unresolved,UCKL1,1,MAR04180,0,,Nucleotide metabolism,False,1_direct_reaction,Human-GEM v2.0.0,False,,,,,,False,missing frequencies: UCKL1,606,14,14,236,370,0.0662161511831826,0.0904617370168286,0.4641809847940853,-0.11108559534873529,0.24351789771510046,0.010234471142838533,0.07645062232602112,47,559.0,53.513836146907806,0.7118773940896548,HC3,tested,,0.9855136516078267
GGM-0000147,NADP,NADP+,thymine,thymine,unresolved,DPYD,1,MAR04472,0,,Pyrimidine metabolism,False,1_direct_reaction,Human-GEM v2.0.0,False,,,,,,False,missing frequencies: DPYD,606,14,14,236,370,0.0741835897078129,0.1013827558874514,0.46434069350784346,-0.12452296048500795,0.27289013990063377,-0.02419605389002585,0.049987535817787046,47,559.0,40.19696073064664,0.661153581116788,HC3,tested,,0.9855136516078267
GGM-0000008,AMP,AMP,NAD,NAD+,unresolved,NADSYN1,1,MAR04261,0,,Nicotinate and nicotinamide metabolism,False,1_direct_reaction,Human-GEM v2.0.0,False,,,,,,False,missing frequencies: NADSYN1,606,14,14,236,370,-0.0720998084787289,0.09959228536485788,0.4690965954062869,-0.26729710093188586,0.12309748397442807,0.051846112493491824,-0.02025369598523708,47,559.0,48.04892498627451,0.7687707530649868,HC3,tested,,0.9855136516078267
GGM-0000035,AMP,AMP,cAMP,cAMP,unresolved,PDE4A,1,MAR04014,0,,Purine metabolism,False,1_direct_reaction,Human-GEM v2.0.0,False,,,,,,False,missing frequencies: PDE4A,606,14,14,236,370,-0.07067219572413236,0.09871448402353161,0.4740374808171316,-0.2641490291627089,0.12280463771444416,0.06530003094414846,-0.005372164779983896,47,559.0,48.78841807630806,0.7368666587032388,HC3,tested,,0.9855136516078267
GGM-0000128,NADP,NADP+,beta-alanine,beta-alanine,unresolved,ALDH7A1,1,MAR04079,0,,Beta-alanine metabolism,False,1_direct_reaction,Human-GEM v2.0.0,False,,,,,,False,missing frequencies: ALDH7A1,606,14,14,236,370,-0.07749903417099918,0.10900660577748673,0.47711074176990964,-0.291148055571829,0.1361499872298306,0.01599506195635385,-0.06150397221464533,47,559.0,40.26291011979101,0.6433605936026615,HC3,tested,,0.9855136516078267
GGM-0000296,glycine,glycine,serine,serine,unresolved,SHMT2,1,MAR04792,0,,"Glycine, serine and threonine metabolism",False,1_direct_reaction,Human-GEM v2.0.0,False,,,,,,False,missing frequencies: SHMT2,606,14,14,236,370,0.07630382083460292,0.10806275072906381,0.48012185147083686,-0.13549527866469163,0.28810292033389745,-0.012273841088646945,0.06402997974595598,47,559.0,48.65592394258655,0.6922070146775852,HC3,tested,,0.9855136516078267
GGM-0000297,homocysteine,homocysteine,methionine,methionine,unresolved,BHMT,1,MAR04699,0,,"Glycine, serine and threonine metabolism",False,1_direct_reaction,Human-GEM v2.0.0,False,,,,,,False,missing frequencies: BHMT,606,14,14,236,370,0.09574062592324299,0.13580767797359677,0.4808275899086789,-0.17043753172902026,0.3619187835755063,-0.16299544666100063,-0.06725482073775764,47,559.0,48.900578905118984,0.9990950992774031,HC3,tested,,0.9855136516078267
GGM-0000081,GMP,GMP,UMP,UMP,unresolved,TREX1,1,MAR07164,0,,Nucleotide metabolism,False,1_direct_reaction,Human-GEM v2.0.0,False,,,,,,False,missing frequencies: TREX1,606,14,14,236,370,-0.04862123673530413,0.06903247859661779,0.4812309758258395,-0.18392240854820713,0.08667993507759886,-0.015882771438614607,-0.06450400817391874,47,559.0,45.617510314160754,0.6952278907768769,HC3,tested,,0.9855136516078267
GGM-0000027,AMP,AMP,cAMP,cAMP,unresolved,PDE10A,1,MAR04014,0,,Purine metabolism,False,1_direct_reaction,Human-GEM v2.0.0,False,,,,,,False,missing frequencies: PDE10A,606,14,14,236,370,0.08705842376869292,0.12468936853796789,0.4850505886686467,-0.15732824782076588,0.3314450953581517,0.008467152659402764,0.09552557642809568,47,559.0,48.27802466849313,0.7734765340048363,HC3,tested,,0.9855136516078267
GGM-0000064,CMP,CMP,UMP,UMP,unresolved,TREX1,1,MAR07164,0,,Nucleotide metabolism,False,1_direct_reaction,Human-GEM v2.0.0,False,,,,,,False,missing frequencies: TREX1,606,14,14,236,370,-0.06686833002588785,0.09580536103970698,0.4852020775883461,-0.25464338718957036,0.12090672713779468,0.019561010810422868,-0.04730731921546498,47,559.0,57.678931380644876,0.7416946621546007,HC3,tested,,0.9855136516078267
GGM-0000259,glutamate,glutamate,glycine,glycine,unresolved,SIRT7,1,MAR05336,0,,Histidine metabolism,False,1_direct_reaction,Human-GEM v2.0.0,False,,,,,,False,missing frequencies: SIRT7,606,14,14,236,370,-0.0783969116862186,0.11255745211748609,0.48611216268603896,-0.299005464028083,0.1422116406556458,0.033929887443739974,-0.04446702424247862,47,559.0,61.969730739633356,0.6437861132448472,HC3,tested,,0.9855136516078267
GGM-0000116,NAD,NAD+,oxalate,oxalate,unresolved,LDHC,1,MAR08780,0,,Tricarboxylic acid cycle and glyoxylate/dicarboxylate metabolism,False,1_direct_reaction,Human-GEM v2.0.0,False,,,,,,False,missing frequencies: LDHC,606,14,14,236,370,0.14133953700581692,0.20414824400508963,0.48872524519075233,-0.25878366875125375,0.5414627427628875,-0.10269577596192618,0.03864376104389074,47,559.0,44.12564338769175,0.9978869147230457,HC3,tested,,0.9855136516078267
GGM-0000009,AMP,AMP,NAD,NAD+,unresolved,NUDT12,1,MAR04263,0,,Nicotinate and nicotinamide metabolism,False,1_direct_reaction,Human-GEM v2.0.0,False,,,,,,False,missing frequencies: NUDT12,606,14,14,236,370,-0.09418887776337655,0.13650317505381498,0.4901864155664023,-0.36173018464422024,0.17335242911746718,0.026349609874467203,-0.06783926788890934,47,559.0,45.323062180913304,0.7313927001400922,HC3,tested,,0.9855136516078267
GGM-0000125,NADP,NADP+,beta-alanine,beta-alanine,unresolved,ALDH1B1,1,MAR04079,0,,Beta-alanine metabolism,False,1_direct_reaction,Human-GEM v2.0.0,False,,,,,,False,missing frequencies: ALDH1B1,606,14,14,236,370,-0.07252913737097526,0.10580574021298308,0.49303261940044374,-0.27990457754602344,0.1348463028040729,0.0068890895923648535,-0.0656400477786104,47,559.0,49.27366388968779,0.6302140544911621,HC3,tested,,0.9855136516078267
GGM-0000206,betaine,betaine,dimethylglycine,dimethylglycine,unresolved,BHMT2,1,MAR04699,0,,"Glycine, serine and threonine metabolism",False,1_direct_reaction,Human-GEM v2.0.0,False,,,,,,False,missing frequencies: BHMT2,606,14,14,236,370,0.08228928541914886,0.12006609158365644,0.49311263350753143,-0.15303592984930547,0.31761450068760316,0.03153372909723057,0.11382301451637943,47,559.0,41.97146757573093,0.9990794750175956,HC3,tested,,0.9855136516078267
GGM-0000275,glutamate,glutamate,valine,valine,unresolved,BCAT1,1,MAR03747,0,,"Valine, leucine, and isoleucine metabolism",False,1_direct_reaction,Human-GEM v2.0.0,False,,,,,,False,missing frequencies: BCAT1,606,14,14,236,370,0.05679585084875821,0.08308681611379247,0.4942452441637063,-0.10605131632437725,0.21964301802189368,-0.02022319458231986,0.03657265626643835,47,559.0,45.86438024306301,0.6176144700178592,HC3,tested,,0.9855136516078267
GGM-0000173,adenosine,adenosine,inosine,inosine,unresolved,ADA,1,MAR04481,0,,Purine metabolism,False,1_direct_reaction,Human-GEM v2.0.0,False,,,,,,False,missing frequencies: ADA,606,14,14,236,370,0.07346769415395679,0.11051346474713351,0.5061880152183718,-0.1431347165571618,0.2900701048650754,-0.05399548689189503,0.01947220726206176,47,559.0,81.06727944840642,0.5812496931121119,HC3,tested,,0.9855136516078267
GGM-0000184,arginine,arginine,ornithine,ornithine,unresolved,ARG1,1,MAR03816,0,,Arginine and proline metabolism,False,1_direct_reaction,Human-GEM v2.0.0,False,,,,,,False,missing frequencies: ARG1,606,14,14,236,370,-0.07521628512938978,0.1138181490322629,0.5087109857699373,-0.2982957580196375,0.14786318776085788,-0.0524368953545732,-0.12765318048396299,47,559.0,48.074646019713974,0.700216929879681,HC3,tested,,0.9855136516078267
GGM-0000293,glycine,glycine,sarcosine,sarcosine,unresolved,SARDH,1,MAR03849,0,,"Glycine, serine and threonine metabolism",False,1_direct_reaction,Human-GEM v2.0.0,False,,,,,,False,missing frequencies: SARDH,606,14,14,236,370,0.07579800119383524,0.11514439195815572,0.5103540375824172,-0.1498808600659134,0.3014768624535839,0.015109642057130631,0.09090764325096587,47,559.0,56.51262379141254,0.8263189369272984,HC3,tested,,0.9855136516078267
GGM-0000204,betaine,betaine,NADP,NADP+,unresolved,ALDH7A1,1,MAR04698,0,,"Glycine, serine and threonine metabolism",False,1_direct_reaction,Human-GEM v2.0.0,False,,,,,,False,missing frequencies: ALDH7A1,606,14,14,236,370,0.06717872313991684,0.10229231328014028,0.5113527036355956,-0.13331052678444638,0.2676679730642801,-0.028765345420867724,0.03841337771904911,47,559.0,41.2129360482132,0.9370153956239212,HC3,tested,,0.9855136516078267
GGM-0000133,NADP,NADP+,dimethylglycine,dimethylglycine,unresolved,DMGDH,1,MAR04700,0,,"Glycine, serine and threonine metabolism",False,1_direct_reaction,Human-GEM v2.0.0,False,,,,,,False,missing frequencies: DMGDH,606,14,14,236,370,0.07310979118974545,0.11138138221752493,0.5115722659184185,-0.14519370650489344,0.29141328888438434,-0.06706357505529084,0.006046216134454607,47,559.0,50.98804119079994,0.9105072693300915,HC3,tested,,0.9855136516078267
GGM-0000203,betaine,betaine,NAD,NAD+,unresolved,ALDH7A1,1,MAR04697,0,,"Glycine, serine and threonine metabolism",False,1_direct_reaction,Human-GEM v2.0.0,False,,,,,,False,missing frequencies: ALDH7A1,606,14,14,236,370,-0.06921339190219136,0.10631910664350468,0.5150485908283111,-0.2775950117919337,0.139168227987551,0.014835330932107562,-0.0543780609700838,47,559.0,41.2129360482132,0.9370153956239212,HC3,tested,,0.9855136516078267
GGM-0000099,NAD,NAD+,NADP,NADP+,unresolved,NADK,1,MAR04269,0,,Nicotinate and nicotinamide metabolism,False,1_direct_reaction,Human-GEM v2.0.0,False,,,,,,False,missing frequencies: NADK,606,14,14,236,370,0.0618141934353298,0.09519219565299201,0.5161044273695916,-0.12475908165382484,0.24838746852448446,0.060055892046190766,0.12187008548152056,47,559.0,41.36198035550433,0.7687099054617713,HC3,tested,,0.9855136516078267
GGM-0000047,AMP,AMP,citrulline,citrulline,unresolved,ASS1,1,MAR03811,0,,"Alanine, aspartate and glutamate metabolism",False,1_direct_reaction,Human-GEM v2.0.0,False,,,,,,False,missing frequencies: ASS1,606,14,14,236,370,0.06621046832577708,0.1057110943909827,0.531095792189749,-0.14097946944686313,0.27340040609841726,-0.13136070261028648,-0.0651502342845094,47,559.0,58.42495673848311,0.7221905246714772,HC3,tested,,0.9855136516078267
GGM-0000193,aspartate,aspartate,citrulline,citrulline,unresolved,ASS1,1,MAR03811,0,,"Alanine, aspartate and glutamate metabolism",False,1_direct_reaction,Human-GEM v2.0.0,False,,,,,,False,missing frequencies: ASS1,606,14,14,236,370,-0.07130426699060757,0.11437714483257044,0.5330127667240193,-0.2954793515169672,0.15287081753575205,0.03540985257825698,-0.03589441441235059,47,559.0,41.311640940698176,0.5835717231329722,HC3,tested,,0.9855136516078267
GGM-0000034,AMP,AMP,cAMP,cAMP,unresolved,PDE3B,1,MAR04014,0,,Purine metabolism,False,1_direct_reaction,Human-GEM v2.0.0,False,,,,,,False,missing frequencies: PDE3B,606,14,14,236,370,-0.07076751677348417,0.1138287013848429,0.5341379202673737,-0.29386767189474083,0.1523326383477725,0.04837198895541958,-0.022395527818064587,47,559.0,61.18906231557099,0.720290289795369,HC3,tested,,0.9855136516078267
GGM-0000038,AMP,AMP,cAMP,cAMP,unresolved,PDE4D,1,MAR04014,0,,Purine metabolism,False,1_direct_reaction,Human-GEM v2.0.0,False,,,,,,False,missing frequencies: PDE4D,606,14,14,236,370,0.08649557694101412,0.1406210514998506,0.5384907100060432,-0.18911661946684521,0.36210777334887345,-0.09472889120941037,-0.008233314268396255,47,559.0,44.82230012547404,0.7181402602666028,HC3,tested,,0.9855136516078267
GGM-0000215,choline,choline,acetylcholine,acetylcholine,unresolved,ACHE,1,MAR00641,0,,Glycerophospholipid metabolism,False,1_direct_reaction,Human-GEM v2.0.0,False,,,,,,False,missing frequencies: ACHE,606,14,14,236,370,0.06969488918569554,0.11421843845449031,0.5417362999160256,-0.15416913655551023,0.2935589149269013,-0.035392131614834045,0.03430275757086149,47,559.0,40.58889401661459,0.7834058560161951,HC3,tested,,0.9855136516078267
GGM-0000118,NAD,NAD+,proline,proline,unresolved,PYCR1,1,MAR03837,0,,Arginine and proline metabolism,False,1_direct_reaction,Human-GEM v2.0.0,False,,,,,,False,missing frequencies: PYCR1,606,14,14,236,370,0.06152655840762132,0.10544928451979255,0.5595765360521632,-0.14515024144668914,0.26820335826193176,0.02466200210403946,0.08618856051166078,47,559.0,44.569305963220806,0.6729551678646741,HC3,tested,,0.9855136516078267
GGM-0000310,serine,serine,alanine,alanine,unresolved,AGXT,1,MAR04198,0,,"Glycine, serine and threonine metabolism",False,1_direct_reaction,Human-GEM v2.0.0,False,,,,,,False,missing frequencies: AGXT,606,14,14,236,370,-0.0987579120173357,0.1693351175343984,0.5597520271068948,-0.4306486437026135,0.23313281966794214,0.018346819951234647,-0.08041109206610106,47,559.0,60.28106588653114,0.9810982915080928,HC3,tested,,0.9855136516078267
GGM-0000213,carnosine,carnosine,histidine,histidine,unresolved,CNDP2,1,MAR04427,0,,Beta-alanine metabolism,False,1_direct_reaction,Human-GEM v2.0.0,False,,,,,,False,missing frequencies: CNDP2,606,14,14,236,370,-0.06068366726317425,0.10435543653017768,0.5608971849215962,-0.265216564453278,0.1438492299269295,0.1122388016544167,0.05155513439124245,47,559.0,53.29842865038168,0.8020795336355964,HC3,tested,,0.9855136516078267
GGM-0000246,glutamate,glutamate,glutamine,glutamine,unresolved,GLS,1,MAR03892,0,,"Alanine, aspartate and glutamate metabolism",False,1_direct_reaction,Human-GEM v2.0.0,False,,,,,,False,missing frequencies: GLS,606,14,14,236,370,-0.07486937886343233,0.1311402337511953,0.5680600936288782,-0.3318995139399391,0.18216075621307448,0.05461998655551147,-0.020249392307920853,47,559.0,47.30196905972774,0.7055283313042479,HC3,tested,,0.9855136516078267
GGM-0000024,AMP,AMP,adenosine,adenosine,unresolved,RBAK,1,MAR04010,0,,Purine metabolism,False,1_direct_reaction,Human-GEM v2.0.0,False,,,,,,False,missing frequencies: RBAK,606,14,14,236,370,0.061199313074492084,0.1079773028443177,0.5708640544727791,-0.15043231164814494,0.2728309377971291,-0.057681584241963145,0.0035177288325289394,47,559.0,45.307031760666455,0.759789024224132,HC3,tested,,0.9855136516078267
GGM-0000161,UMP,UMP,uridine,uridine,unresolved,NT5C3A,1,MAR03970,0,,Pyrimidine metabolism,False,1_direct_reaction,Human-GEM v2.0.0,False,,,,,,False,missing frequencies: NT5C3A,606,14,14,236,370,0.07130594257908393,0.1307984990378588,0.5856443584153543,-0.18505440476701626,0.3276662899251841,0.07857993370293112,0.14988587628201505,47,559.0,47.318828975898825,0.8270993117985528,HC3,tested,,0.9855136516078267
GGM-0000269,glutamate,glutamate,phenylalanine,phenylalanine,unresolved,GOT1,1,MAR06725,0,,"Phenylalanine, tyrosine and tryptophan biosynthesis",False,1_direct_reaction,Human-GEM v2.0.0,False,,,,,,False,missing frequencies: GOT1,606,14,14,236,370,-0.056815831610764436,0.10455503840394799,0.5868503191364223,-0.26173994128470474,0.14810827806317584,0.04376363453170305,-0.013052197079061384,47,559.0,47.41349954566247,0.5990976863862811,HC3,tested,,0.9855136516078267
GGM-0000298,homocysteine,homocysteine,methionine,methionine,unresolved,BHMT2,1,MAR04699,0,,"Glycine, serine and threonine metabolism",False,1_direct_reaction,Human-GEM v2.0.0,False,,,,,,False,missing frequencies: BHMT2,606,14,14,236,370,0.05330164150553863,0.09930236575809234,0.5914326838137858,-0.14132741895994588,0.24793070197102313,-0.08690406002057965,-0.033602418515041026,47,559.0,47.25579483731605,0.999129757660751,HC3,tested,,0.9855136516078267
GGM-0000045,AMP,AMP,cAMP,cAMP,unresolved,PDE8B,1,MAR04014,0,,Purine metabolism,False,1_direct_reaction,Human-GEM v2.0.0,False,,,,,,False,missing frequencies: PDE8B,606,14,14,236,370,0.07375608110452392,0.13823810284248755,0.5936572077290061,-0.19718562175789578,0.3446977839669436,-0.12229574580512192,-0.048539664700598006,47,559.0,48.681104553309545,0.9024615309888003,HC3,tested,,0.9855136516078267
GGM-0000090,GMP,GMP,guanosine,guanosine,unresolved,NT5C3B,1,MAR04449,0,,Purine metabolism,False,1_direct_reaction,Human-GEM v2.0.0,False,,,,,,False,missing frequencies: NT5C3B,606,14,14,236,370,-0.05597622707861076,0.10555593109232904,0.5959044929671617,-0.2628620503741674,0.15090959621694583,-0.05230135012413237,-0.10827757720274313,47,559.0,42.26128582061192,0.7510695372377056,HC3,tested,,0.9855136516078267
GGM-0000190,aspartate,aspartate,AMP,AMP,unresolved,ASS1,1,MAR03811,0,,"Alanine, aspartate and glutamate metabolism",False,1_direct_reaction,Human-GEM v2.0.0,False,,,,,,False,missing frequencies: ASS1,606,14,14,236,370,0.05294480277894564,0.10024682288990663,0.5973990839426168,-0.14353535964983685,0.24942496520772814,-0.10832164444582064,-0.055376841666874996,47,559.0,41.311640940698176,0.5835717231329722,HC3,tested,,0.9855136516078267
GGM-0000179,arginine,arginine,NADP,NADP+,unresolved,NOS3,1,MAR02023,0,,Arginine and proline metabolism,False,1_direct_reaction,Human-GEM v2.0.0,False,,,,,,False,missing frequencies: NOS3,606,14,14,236,370,0.0753969705111997,0.14427747726719015,0.601264407633261,-0.2073816887127894,0.3581756297351888,-0.014064016421547233,0.06133295408965247,47,559.0,45.688345254169114,0.9230442679602556,HC3,tested,,0.9855136516078267
GGM-0000292,glycine,glycine,sarcosine,sarcosine,unresolved,PIPOX,1,MAR03849,0,,"Glycine, serine and threonine metabolism",False,1_direct_reaction,Human-GEM v2.0.0,False,,,,,,False,missing frequencies: PIPOX,606,14,14,236,370,0.06137624376894529,0.11864612402737203,0.6049432020207797,-0.17116588622997622,0.2939183737678668,-0.08253966042627268,-0.02116341665732739,47,559.0,45.623805254617125,0.8342182203533242,HC3,tested,,0.9855136516078267
GGM-0000196,aspartate,aspartate,glutamate,glutamate,unresolved,GOT2,1,MAR03827,0,,"Alanine, aspartate and glutamate metabolism",False,1_direct_reaction,Human-GEM v2.0.0,False,,,,,,False,missing frequencies: GOT2,606,14,14,236,370,-0.0543897181600097,0.10623437692368845,0.6086660488150493,-0.26260527085049207,0.1538258345304727,0.030386261860371033,-0.024003456299638664,47,559.0,53.383000537504365,0.6545485776740456,HC3,tested,,0.9855136516078267
GGM-0000272,glutamate,glutamate,tyrosine,tyrosine,unresolved,GOT1,1,MAR06768,0,,"Phenylalanine, tyrosine and tryptophan biosynthesis",False,1_direct_reaction,Human-GEM v2.0.0,False,,,,,,False,missing frequencies: GOT1,606,14,14,236,370,-0.05492290031800049,0.10978807063787754,0.6168899626718576,-0.2701035647003799,0.1602577640643789,0.06434295242821915,0.009420052110218659,47,559.0,47.41349954566247,0.5990976863862811,HC3,tested,,0.9855136516078267
GGM-0000018,AMP,AMP,adenosine,adenosine,unresolved,NT5C1A,1,MAR04010,0,,Purine metabolism,False,1_direct_reaction,Human-GEM v2.0.0,False,,,,,,False,missing frequencies: NT5C1A,606,14,14,236,370,0.05767700137873811,0.11650141133578844,0.6205467853636746,-0.17066156898749363,0.28601557174496983,-0.037880339717447406,0.019796661661290703,47,559.0,44.36757662472308,0.9920216963698358,HC3,tested,,0.9855136516078267
GGM-0000183,arginine,arginine,glycine,glycine,unresolved,GATM,1,MAR04582,0,,"Glycine, serine and threonine metabolism",False,1_direct_reaction,Human-GEM v2.0.0,False,,,,,,False,missing frequencies: GATM,606,14,14,236,370,-0.04550914092358586,0.09266100731077259,0.6233303797749244,-0.22712137802390278,0.13610309617673108,-0.03422136335095294,-0.07973050427453879,47,559.0,50.61248052563502,0.7308689289573032,HC3,tested,,0.9855136516078267
GGM-0000005,AMP,AMP,GMP,GMP,unresolved,TREX1,1,MAR07164,0,,Nucleotide metabolism,False,1_direct_reaction,Human-GEM v2.0.0,False,,,,,,False,missing frequencies: TREX1,606,14,14,236,370,-0.03519278949743425,0.07206897764001986,0.6253225454162512,-0.17644539007449567,0.10605981107962716,0.05815619762029385,0.022963408122859602,47,559.0,61.61666076863546,0.7481476179198513,HC3,tested,,0.9855136516078267
GGM-0000216,choline,choline,acetylcholine,acetylcholine,unresolved,BCHE,1,MAR00641,0,,Glycerophospholipid metabolism,False,1_direct_reaction,Human-GEM v2.0.0,False,,,,,,False,missing frequencies: BCHE,606,14,14,236,370,-0.05648911335510048,0.11795570436132785,0.6320090077728979,-0.28767804567435723,0.1746998189641563,0.02504915569409768,-0.0314399576610028,47,559.0,104.91318809775188,0.6912305515948836,HC3,tested,,0.9855136516078267
GGM-0000006,AMP,AMP,GMP,GMP,unresolved,TREX2,1,MAR07164,0,,Nucleotide metabolism,False,1_direct_reaction,Human-GEM v2.0.0,False,,,,,,False,missing frequencies: TREX2,606,14,14,236,370,-0.04592374192535136,0.09601148455464212,0.632425957331626,-0.2341027937546736,0.14225530990397087,0.027817679002776007,-0.018106062922575356,47,559.0,44.50526617306542,0.7440637960965155,HC3,tested,,0.9855136516078267
GGM-0000268,glutamate,glutamate,ornithine,ornithine,unresolved,OAT,1,MAR03807,0,,Arginine and proline metabolism,False,1_direct_reaction,Human-GEM v2.0.0,False,,,,,,False,missing frequencies: OAT,606,14,14,236,370,0.05843821681686961,0.1237947304967638,0.6368858286399199,-0.1841949964326297,0.30107143006636894,0.04901226364084017,0.10745048045770977,47,559.0,44.019313322603324,0.6337372954364097,HC3,tested,,0.9855136516078267
GGM-0000152,NADP,NADP+,trimethylamine-N-oxide,trimethylamine-N-oxide,unresolved,FMO3,1,MAR09514,0,,Isolated,False,1_direct_reaction,Human-GEM v2.0.0,False,,,,,,False,missing frequencies: FMO3,606,14,14,236,370,0.11301022857425526,0.24156253873145828,0.6399060879209042,-0.36044364735346485,0.5864641045019754,-0.08315739545775523,0.029852833116500027,47,559.0,64.03042597425562,0.9995642081680631,HC3,tested,,0.9855136516078267
GGM-0000205,betaine,betaine,dimethylglycine,dimethylglycine,unresolved,BHMT,1,MAR04699,0,,"Glycine, serine and threonine metabolism",False,1_direct_reaction,Human-GEM v2.0.0,False,,,,,,False,missing frequencies: BHMT,606,14,14,236,370,0.04848980013410669,0.10450157038699626,0.6426403996954698,-0.1563295141522834,0.2533091144204968,0.005324585878315312,0.053814386012422,47,559.0,44.1087428265637,0.999021645711317,HC3,tested,,0.9855136516078267
GGM-0000168,aconitate,cis-aconitate,citrate,citrate,unresolved,ACO2,1,MAR04458,0,,Tricarboxylic acid cycle and glyoxylate/dicarboxylate metabolism,False,1_direct_reaction,Human-GEM v2.0.0,False,,,,,,False,missing frequencies: ACO2,606,14,14,236,370,0.033723025119271804,0.07328836318174344,0.6454145819337793,-0.10991952720283665,0.17736557744138026,-0.01975892786892152,0.013964097250350284,47,559.0,50.978166688016614,0.5993971040568384,HC3,tested,,0.9855136516078267
GGM-0000066,CMP,CMP,UMP,UMP,unresolved,RAD1;RAD9A,2,MAR07164,0,,Nucleotide metabolism,False,1_direct_reaction,Human-GEM v2.0.0,False,,,,,,False,missing frequencies: RAD1;RAD9A,606,14,14,236,370,-0.0342856482605172,0.07477391153832445,0.6465758775425496,-0.1808398218588171,0.11226852533778273,0.08368473506505197,0.049399086804534774,47,559.0,42.64905750091636,0.7335500032145853,HC3,tested,,0.9855136516078267
GGM-0000225,dimethylglycine,dimethylglycine,methionine,methionine,unresolved,BHMT,1,MAR04699,0,,"Glycine, serine and threonine metabolism",False,1_direct_reaction,Human-GEM v2.0.0,False,,,,,,False,missing frequencies: BHMT,606,14,14,236,370,-0.06375366916211918,0.14128037867352886,0.6518047948519006,-0.34065812308441645,0.21315078476017812,0.0513681515280352,-0.012385517634083978,47,559.0,40.40408467415418,0.999078015700602,HC3,tested,,0.9855136516078267
GGM-0000017,AMP,AMP,adenosine,adenosine,unresolved,NT5C,1,MAR04010,0,,Purine metabolism,False,1_direct_reaction,Human-GEM v2.0.0,False,,,,,,False,missing frequencies: NT5C,606,14,14,236,370,0.05087975732117092,0.11484273177822817,0.6577378515775244,-0.17420786085034984,0.2759673754926917,-0.013220007496144888,0.03765974982502603,47,559.0,60.455794576815826,0.8894522923435628,HC3,tested,,0.9855136516078267
GGM-0000106,NAD,NAD+,beta-alanine,beta-alanine,unresolved,ALDH9A1,1,MAR07993,0,,Beta-alanine metabolism,False,1_direct_reaction,Human-GEM v2.0.0,False,,,,,,False,missing frequencies: ALDH9A1,606,14,14,236,370,0.03813402826708798,0.08649207319757332,0.6592881292013231,-0.13138732014835786,0.2076553766825338,-0.03118785383558276,0.006946174431505216,47,559.0,40.6122806666452,0.6548540832551712,HC3,tested,,0.9855136516078267
GGM-0000023,AMP,AMP,adenosine,adenosine,unresolved,NT5M,1,MAR04081,0,,Purine metabolism,False,1_direct_reaction,Human-GEM v2.0.0,False,,,,,,False,missing frequencies: NT5M,606,14,14,236,370,-0.05122387631986411,0.1164710435783912,0.6600825189360213,-0.279502926975306,0.1770551743355778,-0.01385731688595956,-0.06508119320582367,47,559.0,94.77005833014461,0.7671747477434718,HC3,tested,,0.9855136516078267
GGM-0000086,GMP,GMP,guanosine,guanosine,unresolved,NT5C1A,1,MAR04449,0,,Purine metabolism,False,1_direct_reaction,Human-GEM v2.0.0,False,,,,,,False,missing frequencies: NT5C1A,606,14,14,236,370,0.04444411130896908,0.10107236443403099,0.660135821567182,-0.15365408281403875,0.2425423054319769,-0.0010769214595017448,0.04336718984946734,47,559.0,44.209464049466774,0.9928148840833579,HC3,tested,,0.9855136516078267
GGM-0000202,beta-alanine,beta-alanine,histidine,histidine,unresolved,CNDP2,1,MAR04427,0,,Beta-alanine metabolism,False,1_direct_reaction,Human-GEM v2.0.0,False,,,,,,False,missing frequencies: CNDP2,606,14,14,236,370,0.0458875066451922,0.10446394378748573,0.6604684748343036,-0.15885806086129656,0.25063307415168096,-0.01972914515176968,0.02615836149342252,47,559.0,45.56938392532884,0.5825680632171276,HC3,tested,,0.9855136516078267
GGM-0000171,adenosine,adenosine,homocysteine,homocysteine,unresolved,AHCY,1,MAR03877,0,,Cysteine and methionine metabolism,False,1_direct_reaction,Human-GEM v2.0.0,False,,,,,,False,missing frequencies: AHCY,606,14,14,236,370,-0.046506342882397446,0.10668910187143756,0.6629054537236021,-0.25561314009333996,0.16260045432854506,0.010177124169325511,-0.03632921871307193,47,559.0,47.2370461598457,0.7228274760547749,HC3,tested,,0.9855136516078267
GGM-0000235,glutamate,glutamate,NAD,NAD+,unresolved,GLUD2,1,MAR03802,0,,"Alanine, aspartate and glutamate metabolism",False,1_direct_reaction,Human-GEM v2.0.0,False,,,,,,False,missing frequencies: GLUD2,606,14,14,236,370,0.055153432138697236,0.12945919346948773,0.6700863689904839,-0.19858192452910167,0.3088887888064961,-0.050326897155277994,0.004826534983419242,47,559.0,38.69192009257773,0.6285431914560581,HC3,tested,,0.9855136516078267
GGM-0000230,glucuronate,glucuronate,inositol,inositol,unresolved,MIOX,1,MAR06539,0,,Inositol phosphate metabolism,False,1_direct_reaction,Human-GEM v2.0.0,False,,,,,,False,missing frequencies: MIOX,606,14,14,236,370,-0.054628063129034315,0.12960737048004153,0.6733981424495359,-0.3086538414008555,0.19939771514278684,0.1799372835331653,0.12530922040413098,47,559.0,51.75182547983342,0.9030045558061052,HC3,tested,,0.9855136516078267
GGM-0000234,glutamate,glutamate,NAD,NAD+,unresolved,GLUD1,1,MAR03802,0,,"Alanine, aspartate and glutamate metabolism",False,1_direct_reaction,Human-GEM v2.0.0,False,,,,,,False,missing frequencies: GLUD1,606,14,14,236,370,-0.05708620430645235,0.14088615066863464,0.6853350121882136,-0.3332179855374599,0.21904557692455523,0.03531257624944636,-0.021773628057005993,47,559.0,46.073840397398804,0.6807968498653494,HC3,tested,,0.9855136516078267
GGM-0000063,CMP,CMP,GMP,GMP,unresolved,RAD1;RAD9A,2,MAR07164,0,,Nucleotide metabolism,False,1_direct_reaction,Human-GEM v2.0.0,False,,,,,,False,missing frequencies: RAD1;RAD9A,606,14,14,236,370,-0.03246266939966608,0.08012800751416146,0.6853781973786972,-0.18951067828037738,0.12458533948104522,0.06502146983966148,0.0325588004399954,47,559.0,42.64905750091636,0.7335500032145853,HC3,tested,,0.9855136516078267
GGM-0000307,ornithine,ornithine,putrescine,putrescine,unresolved,ODC1,1,MAR04212,0,,Arginine and proline metabolism,False,1_direct_reaction,Human-GEM v2.0.0,False,,,,,,False,missing frequencies: ODC1,606,14,14,236,370,-0.04172792319813441,0.10401252504641786,0.6882863418289658,-0.24558872623018374,0.1621328798339149,0.0537958084630637,0.012067885264929287,47,559.0,53.404109292412464,0.6231531716898832,HC3,tested,,0.9855136516078267
GGM-0000159,UMP,UMP,uridine,uridine,unresolved,NT5C1B,1,MAR03970,0,,Pyrimidine metabolism,False,1_direct_reaction,Human-GEM v2.0.0,False,,,,,,False,missing frequencies: NT5C1B,606,14,14,236,370,-0.051394170903474964,0.12890562794295884,0.690117143157856,-0.3040445590761943,0.20125621726924436,-0.0019142283829252072,-0.053308399286400174,47,559.0,58.651666768277664,0.8630735491455745,HC3,tested,,0.9855136516078267
GGM-0000212,carnosine,carnosine,histidine,histidine,unresolved,CNDP1,1,MAR04427,0,,Beta-alanine metabolism,False,1_direct_reaction,Human-GEM v2.0.0,False,,,,,,False,missing frequencies: CNDP1,606,14,14,236,370,-0.040147541020684234,0.10234913990381393,0.6948656289475095,-0.24074816908081084,0.16045308703944236,0.04212914383853286,0.001981602817848628,47,559.0,55.64280116614254,0.9607516620159576,HC3,tested,,0.9855136516078267
GGM-0000166,UMP,UMP,uridine,uridine,unresolved,UCK2,1,MAR03969,0,,Pyrimidine metabolism,False,1_direct_reaction,Human-GEM v2.0.0,False,,,,,,False,missing frequencies: UCK2,606,14,14,236,370,-0.05072071949710985,0.13114531374674368,0.6989397753849156,-0.3077608111819331,0.20631937218771343,0.14342055054225258,0.09269983104514273,47,559.0,47.32674535706393,0.8299295606160405,HC3,tested,,0.9855136516078267
GGM-0000087,GMP,GMP,guanosine,guanosine,unresolved,NT5C1B,1,MAR04449,0,,Purine metabolism,False,1_direct_reaction,Human-GEM v2.0.0,False,,,,,,False,missing frequencies: NT5C1B,606,14,14,236,370,0.03681591316220083,0.0965679429004706,0.7030224767578939,-0.15245377698384194,0.22608560330824362,0.02496725180894133,0.061783164971142154,47,559.0,67.13296983667931,0.672520189872841,HC3,tested,,0.9855136516078267
GGM-0000132,NADP,NADP+,citrulline,citrulline,unresolved,NOS3,1,MAR02023,0,,Arginine and proline metabolism,False,1_direct_reaction,Human-GEM v2.0.0,False,,,,,,False,missing frequencies: NOS3,606,14,14,236,370,0.04598434856641305,0.12331624550847727,0.7092245582816635,-0.1957110513389016,0.28767974847172767,-0.013209833810567442,0.032774514755845606,47,559.0,40.166244576467385,0.9249007217432572,HC3,tested,,0.9855136516078267
GGM-0000186,arginine,arginine,ornithine,ornithine,unresolved,GATM,1,MAR04582,0,,"Glycine, serine and threonine metabolism",False,1_direct_reaction,Human-GEM v2.0.0,False,,,,,,False,missing frequencies: GATM,606,14,14,236,370,0.032359630513165184,0.08919278276538342,0.716750196715687,-0.14245501138789118,0.20717427241422154,-0.03932344799548175,-0.006963817482316566,47,559.0,50.61248052563502,0.7308689289573032,HC3,tested,,0.9855136516078267
GGM-0000286,glycine,glycine,alanine,alanine,unresolved,KLK2,1,MAR09475,0,,Isolated,False,1_direct_reaction,Human-GEM v2.0.0,False,,,,,,False,missing frequencies: KLK2,606,14,14,236,370,0.055662410510673284,0.15787280402847884,0.7244051513101324,-0.2537625995234952,0.3650874205448418,-0.0751362468209739,-0.01947383631030062,47,559.0,44.740604390290436,0.9706798343701205,HC3,tested,,0.9855136516078267
GGM-0000284,glycine,glycine,alanine,alanine,unresolved,AGXT2,1,MAR04788,0,,"Glycine, serine and threonine metabolism",False,1_direct_reaction,Human-GEM v2.0.0,False,,,,,,False,missing frequencies: AGXT2,606,14,14,236,370,0.0342350528984293,0.09730633459929634,0.7249675682509521,-0.1564818583837953,0.22495196418065388,0.010986690478589693,0.045221743377018994,47,559.0,45.48889234625546,0.9463307773534717,HC3,tested,,0.9855136516078267
GGM-0000043,AMP,AMP,cAMP,cAMP,unresolved,PDE7B,1,MAR04014,0,,Purine metabolism,False,1_direct_reaction,Human-GEM v2.0.0,False,,,,,,False,missing frequencies: PDE7B,606,14,14,236,370,-0.05061935986279191,0.14521230225773354,0.7273981526890043,-0.335230242400094,0.23399152267451018,0.035850495028993914,-0.014768864833797996,47,559.0,50.66625969955583,0.9358221175619282,HC3,tested,,0.9855136516078267
GGM-0000032,AMP,AMP,cAMP,cAMP,unresolved,PDE2A,1,MAR04014,0,,Purine metabolism,False,1_direct_reaction,Human-GEM v2.0.0,False,,,,,,False,missing frequencies: PDE2A,606,14,14,236,370,-0.0385342490743725,0.11137787427960896,0.7293595527792178,-0.2568308713370361,0.17976237318829108,-0.014698840867992231,-0.05323308994236473,47,559.0,75.26150467482513,0.9520353216552222,HC3,tested,,0.9855136516078267
GGM-0000136,NADP,NADP+,kynurenine,kynurenine,unresolved,KMO,1,MAR04220,0,,"Phenylalanine, tyrosine and tryptophan biosynthesis",False,1_direct_reaction,Human-GEM v2.0.0,False,,,,,,False,missing frequencies: KMO,606,14,14,236,370,0.04222882032479026,0.12361936037807673,0.7326492167163253,-0.2000606738081179,0.28451831445769843,0.04450124946614399,0.08673006979093426,47,559.0,39.206649604458136,0.7354658176904147,HC3,tested,,0.9855136516078267
GGM-0000056,AMP,AMP,taurine,taurine,unresolved,BAAT,1,MAR01841,0,,Bile acid biosynthesis,False,1_direct_reaction,Human-GEM v2.0.0,False,,,,,,False,missing frequencies: BAAT,606,14,14,236,370,-0.045921171993979,0.13624770262487265,0.7360853839961925,-0.3129617621150528,0.2211194181270948,-0.02154353342152077,-0.06746470541549977,47,559.0,39.50607518126278,0.7718482743767743,HC3,tested,,0.9855136516078267
GGM-0000142,NADP,NADP+,proline,proline,unresolved,PYCR1,1,MAR08609,0,,Arginine and proline metabolism,False,1_direct_reaction,Human-GEM v2.0.0,False,,,,,,False,missing frequencies: PYCR1,606,14,14,236,370,0.0325380636464901,0.09748766452188509,0.7385561740725044,-0.1585342477533279,0.22361037504630807,0.002295053199546501,0.0348331168460366,47,559.0,44.40420017515163,0.8559363343929415,HC3,tested,,0.9855136516078267
GGM-0000283,glycine,glycine,alanine,alanine,unresolved,AGXT,1,MAR04788,0,,"Glycine, serine and threonine metabolism",False,1_direct_reaction,Human-GEM v2.0.0,False,,,,,,False,missing frequencies: AGXT,606,14,14,236,370,0.04808178552636075,0.15068117057694333,0.7496535823167525,-0.24724788195278466,0.34341145300550613,-0.002123145059328058,0.04595864046703269,47,559.0,132.8475439469587,0.9845387936878475,HC3,tested,,0.9855136516078267
GGM-0000167,UMP,UMP,uridine,uridine,unresolved,UCKL1,1,MAR05299,0,,Pyrimidine metabolism,False,1_direct_reaction,Human-GEM v2.0.0,False,,,,,,False,missing frequencies: UCKL1,606,14,14,236,370,-0.037528082619275524,0.11807097797210243,0.7506037181004077,-0.26894294706401833,0.1938867818254673,0.0387695271569356,0.0012414445376600775,47,559.0,53.48969347420125,0.8206699272191147,HC3,tested,,0.9855136516078267
GGM-0000041,AMP,AMP,cAMP,cAMP,unresolved,PDE6H,1,MAR04014,0,,Purine metabolism,False,1_direct_reaction,Human-GEM v2.0.0,False,,,,,,False,missing frequencies: PDE6H,606,14,14,236,370,-0.04134732532409513,0.13072057096738238,0.7517724381158857,-0.2975549364586768,0.21486028581048655,0.08854031191843613,0.047192986594341,47,559.0,165.81384310634712,0.9814066175673768,HC3,tested,,0.9855136516078267
GGM-0000182,arginine,arginine,citrulline,citrulline,unresolved,NOS3,1,MAR02023,0,,Arginine and proline metabolism,False,1_direct_reaction,Human-GEM v2.0.0,False,,,,,,False,missing frequencies: NOS3,606,14,14,236,370,0.03231700482488635,0.10229143096208398,0.7520550985421882,-0.16817051578786363,0.23280452543763636,-0.014561823168615371,0.017755181656270977,47,559.0,45.688345254169114,0.9230442679602556,HC3,tested,,0.9855136516078267
GGM-0000316,urate,urate,xanthine,xanthine,unresolved,XDH,1,MAR04646,0,,Purine metabolism,False,1_direct_reaction,Human-GEM v2.0.0,False,,,,,,False,missing frequencies: XDH,606,14,14,236,370,0.03789975426392928,0.12274354504847763,0.7574950666754228,-0.20267317336585658,0.27847268189371516,-0.04784884351336821,-0.009949089249438929,47,559.0,45.27963700946689,0.9726638664493755,HC3,tested,,0.9855136516078267
GGM-0000012,AMP,AMP,UMP,UMP,unresolved,RAD1;RAD9A,2,MAR07164,0,,Nucleotide metabolism,False,1_direct_reaction,Human-GEM v2.0.0,False,,,,,,False,missing frequencies: RAD1;RAD9A,606,14,14,236,370,-0.018865671064988942,0.061566396469000445,0.7592787509863348,-0.13953359080214375,0.10180224867216588,0.01670502869619328,-0.0021606423687956615,47,559.0,48.70138187887002,0.8118168865412895,HC3,tested,,0.9855136516078267
GGM-0000295,glycine,glycine,serine,serine,unresolved,SHMT1,1,MAR03845,0,,"Glycine, serine and threonine metabolism",False,1_direct_reaction,Human-GEM v2.0.0,False,,,,,,False,missing frequencies: SHMT1,606,14,14,236,370,-0.027765543383546986,0.09067664588570529,0.7594493966647902,-0.2054885035584214,0.14995741679132746,-0.02974660135607471,-0.0575121447396217,47,559.0,47.76414016551386,0.7121972427655359,HC3,tested,,0.9855136516078267
GGM-0000214,choline,choline,NAD,NAD+,unresolved,CHDH,1,MAR04696,0,,"Glycine, serine and threonine metabolism",False,1_direct_reaction,Human-GEM v2.0.0,False,,,,,,False,missing frequencies: CHDH,606,14,14,236,370,-0.028705342231095082,0.10091158305490004,0.7760576307871666,-0.22648841064162156,0.1690777261794314,-0.011469511626346511,-0.04017485385744159,47,559.0,41.38503512553149,0.8296366339574021,HC3,tested,,0.9855136516078267
GGM-0000233,glutamate,glutamate,NAD,NAD+,unresolved,ALDH4A1,1,MAR03806,0,,Arginine and proline metabolism,False,1_direct_reaction,Human-GEM v2.0.0,False,,,,,,False,missing frequencies: ALDH4A1,606,14,14,236,370,-0.03873342783660985,0.1383838174738891,0.7795553508975988,-0.30996072612859704,0.23249387045537737,-0.06244006774403253,-0.10117349558064238,47,559.0,53.3065735991224,0.719488941677499,HC3,tested,,0.9855136516078267
GGM-0000102,NAD,NAD+,beta-alanine,beta-alanine,unresolved,ALDH1B1,1,MAR00088,0,,Beta-alanine metabolism,False,1_direct_reaction,Human-GEM v2.0.0,False,,,,,,False,missing frequencies: ALDH1B1,606,14,14,236,370,-0.02644319363202743,0.09480255263419222,0.7802992120154646,-0.21225278243750703,0.15936639517345216,-0.08408166776056307,-0.1105248613925905,47,559.0,51.6841672853355,0.6901408395658267,HC3,tested,,0.9855136516078267
GGM-0000103,NAD,NAD+,beta-alanine,beta-alanine,unresolved,ALDH2,1,MAR00088,0,,Beta-alanine metabolism,False,1_direct_reaction,Human-GEM v2.0.0,False,,,,,,False,missing frequencies: ALDH2,606,14,14,236,370,-0.025493550645002555,0.09349447167158638,0.7851035012731129,-0.2087393478749122,0.15775224658490708,0.026118720257634807,0.0006251696126322523,47,559.0,67.70424704433138,0.6950261279140842,HC3,tested,,0.9855136516078267
GGM-0000223,dimethylglycine,dimethylglycine,homocysteine,homocysteine,unresolved,BHMT,1,MAR04699,0,,"Glycine, serine and threonine metabolism",False,1_direct_reaction,Human-GEM v2.0.0,False,,,,,,False,missing frequencies: BHMT,606,14,14,236,370,-0.03369407410663761,0.12411084782157696,0.78601902268433,-0.2769468659276599,0.20955871771438464,-0.04117800537433763,-0.07487207948097524,47,559.0,40.40408467415418,0.999078015700602,HC3,tested,,0.9855136516078267
GGM-0000260,glutamate,glutamate,isoleucine,isoleucine,unresolved,BCAT1,1,MAR03777,0,,"Valine, leucine, and isoleucine metabolism",False,1_direct_reaction,Human-GEM v2.0.0,False,,,,,,False,missing frequencies: BCAT1,606,14,14,236,370,-0.029046628418725705,0.10727201006198893,0.7865637311620943,-0.2392959046894423,0.1812026478519909,0.029421267001730807,0.0003746385830051026,47,559.0,45.86438024306301,0.6176144700178592,HC3,tested,,0.9855136516078267
GGM-0000075,CMP,CMP,cytidine,cytidine,unresolved,UCK1,1,MAR04180,0,,Nucleotide metabolism,False,1_direct_reaction,Human-GEM v2.0.0,False,,,,,,False,missing frequencies: UCK1,606,14,14,236,370,-0.02370090264822375,0.0881435124205568,0.7880143884476059,-0.196459012463374,0.1490572071669265,-0.04924134209573911,-0.07294224474396285,47,559.0,43.07725300619758,0.7258389387859677,HC3,tested,,0.9855136516078267
GGM-0000030,AMP,AMP,cAMP,cAMP,unresolved,PDE1B,1,MAR04014,0,,Purine metabolism,False,1_direct_reaction,Human-GEM v2.0.0,False,,,,,,False,missing frequencies: PDE1B,606,14,14,236,370,0.03697032077772272,0.1380719455940191,0.7888830773772684,-0.23364571986192856,0.307586361417374,-0.11258755176284863,-0.0756172309851259,47,559.0,62.10920285762365,0.9990320293821741,HC3,tested,,0.9855136516078267
GGM-0000255,glutamate,glutamate,glycine,glycine,unresolved,SIRT1,1,MAR05336,0,,Histidine metabolism,False,1_direct_reaction,Human-GEM v2.0.0,False,,,,,,False,missing frequencies: SIRT1,606,14,14,236,370,-0.02983782465931048,0.11257530646882678,0.7909727256743283,-0.2504813708867699,0.19080572156814898,-0.03415332496831554,-0.06399114962762602,47,559.0,39.962680551135,0.5845410998829663,HC3,tested,,0.9855136516078267
GGM-0000217,choline,choline,acetylcholine,acetylcholine,unresolved,CHAT,1,MAR00640,0,,Glycerophospholipid metabolism,False,1_direct_reaction,Human-GEM v2.0.0,False,,,,,,False,missing frequencies: CHAT,606,14,14,236,370,0.033427900385881976,0.12783537790886937,0.7937132884670428,-0.21712483626556925,0.28398063703733323,0.12211918197023515,0.15554708235611714,47,559.0,124.6265280922241,0.9995494129147253,HC3,tested,,0.9855136516078267
GGM-0000089,GMP,GMP,guanosine,guanosine,unresolved,NT5C3A,1,MAR04449,0,,Purine metabolism,False,1_direct_reaction,Human-GEM v2.0.0,False,,,,,,False,missing frequencies: NT5C3A,606,14,14,236,370,-0.02131365115381934,0.08619188122662076,0.8046904337212086,-0.19024663411775006,0.1476193318101114,0.03985813610966773,0.01854448495584839,47,559.0,47.714621519541986,0.5546690930752541,HC3,tested,,0.9855136516078267
GGM-0000164,UMP,UMP,uridine,uridine,unresolved,NT5M,1,MAR03970,0,,Pyrimidine metabolism,False,1_direct_reaction,Human-GEM v2.0.0,False,,,,,,False,missing frequencies: NT5M,606,14,14,236,370,0.028965304174382745,0.11912405469858241,0.8078873111980966,-0.20451355272721816,0.2624441610759837,0.04678834498045562,0.07575364915483837,47,559.0,86.26109156840913,0.8544640874875828,HC3,tested,,0.9855136516078267
GGM-0000016,AMP,AMP,adenosine,adenosine,unresolved,DCK,1,MAR04012,0,,Purine metabolism,False,1_direct_reaction,Human-GEM v2.0.0,False,,,,,,False,missing frequencies: DCK,606,14,14,236,370,0.025773927715816453,0.10625764524464132,0.8083457369014306,-0.18248723004571427,0.2340350854773472,-0.00793144406507157,0.01784248365074488,47,559.0,46.773687824509054,0.7191068327196957,HC3,tested,,0.9855136516078267
GGM-0000219,citrate,citrate,isocitrate,isocitrate,unresolved,ACO1,1,MAR04454,0,,Tricarboxylic acid cycle and glyoxylate/dicarboxylate metabolism,False,1_direct_reaction,Human-GEM v2.0.0,False,,,,,,False,missing frequencies: ACO1,606,14,14,236,370,0.014615645366352993,0.0604894697945153,0.8090723216202905,-0.10394153687482047,0.13317282760752644,0.07020636842356755,0.08482201378992055,47,559.0,40.46173480934117,0.5928284794381322,HC3,tested,,0.9855136516078267
GGM-0000254,glutamate,glutamate,glycine,glycine,unresolved,OARD1,1,MAR05336,0,,Histidine metabolism,False,1_direct_reaction,Human-GEM v2.0.0,False,,,,,,False,missing frequencies: OARD1,606,14,14,236,370,0.027961377191575706,0.11675241073703103,0.8107233762979973,-0.20086914296123262,0.256791897344384,-0.06998041944630573,-0.04201904225473002,47,559.0,41.50923418346909,0.6579779421249953,HC3,tested,,0.9855136516078267
GGM-0000294,glycine,glycine,sarcosine,sarcosine,unresolved,TPP1,1,MAR06915,0,,Peptide metabolism,False,1_direct_reaction,Human-GEM v2.0.0,False,,,,,,False,missing frequencies: TPP1,606,14,14,236,370,0.023247120340572098,0.09811806381096891,0.8127110367180943,-0.1690607509617298,0.215554991642874,-0.030314826010756118,-0.00706770567018402,47,559.0,43.16067322892998,0.7694464288144631,HC3,tested,,0.9855136516078267
GGM-0000122,NAD,NAD+,thymine,thymine,unresolved,DPYD,1,MAR04470,0,,Pyrimidine metabolism,False,1_direct_reaction,Human-GEM v2.0.0,False,,,,,,False,missing frequencies: DPYD,606,14,14,236,370,-0.01912836849168092,0.08751202684433022,0.8269773257803053,-0.19064878932067056,0.1523920523373087,-0.12902238185129092,-0.14815075034297184,47,559.0,40.770291936045595,0.757183590771073,HC3,tested,,0.9855136516078267
GGM-0000079,GMP,GMP,NADP,NADP+,unresolved,GMPR,1,MAR04419,0,,Purine metabolism,False,1_direct_reaction,Human-GEM v2.0.0,False,,,,,,False,missing frequencies: GMPR,606,14,14,236,370,-0.02059820824393533,0.09441999204601441,0.8273082226388125,-0.20565799207468194,0.1644615755868113,0.015033337982849266,-0.005564870261086064,47,559.0,46.0854129449062,0.6469424053933338,HC3,tested,,0.9855136516078267
GGM-0000107,NAD,NAD+,hypoxanthine,hypoxanthine,unresolved,XDH,1,MAR04519,0,,Purine metabolism,False,1_direct_reaction,Human-GEM v2.0.0,False,,,,,,False,missing frequencies: XDH,606,14,14,236,370,0.02465223307676713,0.11372823248079744,0.828391950144665,-0.1982510066109942,0.2475554727645285,-0.10373109632769169,-0.07907886325092456,47,559.0,41.36448721283539,0.6480561586182481,HC3,tested,,0.9855136516078267
GGM-0000273,glutamate,glutamate,tyrosine,tyrosine,unresolved,GOT2,1,MAR06768,0,,"Phenylalanine, tyrosine and tryptophan biosynthesis",False,1_direct_reaction,Human-GEM v2.0.0,False,,,,,,False,missing frequencies: GOT2,606,14,14,236,370,0.019002455047059764,0.0881672436787219,0.8293561673367728,-0.1538021671794019,0.19180707727352145,-0.13041586877847508,-0.11141341373141532,47,559.0,61.23054756892374,0.758791092328013,HC3,tested,,0.9855136516078267
GGM-0000222,cytidine,cytidine,uridine,uridine,unresolved,CDA,1,MAR04580,0,,Pyrimidine metabolism,False,1_direct_reaction,Human-GEM v2.0.0,False,,,,,,False,missing frequencies: CDA,606,14,14,236,370,0.018403440308166798,0.08826616897114412,0.8348390772794626,-0.1545950719286025,0.19140195254493608,-0.23582633679770265,-0.21742289648953586,47,559.0,63.241064687339005,0.7876166212442749,HC3,tested,,0.9855136516078267
GGM-0000091,GMP,GMP,guanosine,guanosine,unresolved,NT5E,1,MAR04449,0,,Purine metabolism,False,1_direct_reaction,Human-GEM v2.0.0,False,,,,,,False,missing frequencies: NT5E,606,14,14,236,370,-0.018939448913723376,0.09236454403515941,0.8375322217680745,-0.1999706286710997,0.16209173084365294,-0.011423401971475454,-0.030362850885198828,47,559.0,74.16767636873179,0.6153320118195086,HC3,tested,,0.9855136516078267
GGM-0000088,GMP,GMP,guanosine,guanosine,unresolved,NT5C2,1,MAR04449,0,,Purine metabolism,False,1_direct_reaction,Human-GEM v2.0.0,False,,,,,,False,missing frequencies: NT5C2,606,14,14,236,370,0.018435716065895037,0.08990828068231099,0.8375328596901812,-0.1577812759833528,0.19465270811514285,-0.06207760849702977,-0.043641892431134734,47,559.0,44.789379276635685,0.5972734438169615,HC3,tested,,0.9855136516078267
GGM-0000239,glutamate,glutamate,NADP,NADP+,unresolved,GLUD2,1,MAR03804,0,,"Alanine, aspartate and glutamate metabolism",False,1_direct_reaction,Human-GEM v2.0.0,False,,,,,,False,missing frequencies: GLUD2,606,14,14,236,370,0.02303104405988563,0.11684872078542437,0.8437482039175789,-0.20598824031912294,0.2520503284388942,0.0508169276384163,0.07384797169830193,47,559.0,38.69192009257773,0.6285431914560581,HC3,tested,,0.9855136516078267
GGM-0000227,dimethylglycine,dimethylglycine,sarcosine,sarcosine,unresolved,DMGDH,1,MAR04700,0,,"Glycine, serine and threonine metabolism",False,1_direct_reaction,Human-GEM v2.0.0,False,,,,,,False,missing frequencies: DMGDH,606,14,14,236,370,-0.027036118338297253,0.1382497450247905,0.8449545812404915,-0.2980006394587322,0.24392840278213765,0.13512693749910898,0.10809081916081173,47,559.0,49.1655819908891,0.9102620492994141,HC3,tested,,0.9855136516078267
GGM-0000257,glutamate,glutamate,glycine,glycine,unresolved,SIRT5,1,MAR05336,0,,Histidine metabolism,False,1_direct_reaction,Human-GEM v2.0.0,False,,,,,,False,missing frequencies: SIRT5,606,14,14,236,370,-0.02246494879427389,0.11576132824448182,0.8461268356143397,-0.24935298295597758,0.2044230853674298,-0.03893593685165416,-0.06140088564592805,47,559.0,57.327661717894514,0.5882420881447404,HC3,tested,,0.9855136516078267
GGM-0000300,hypoxanthine,hypoxanthine,inosine,inosine,unresolved,PNP,1,MAR04574,0,,Purine metabolism,False,1_direct_reaction,Human-GEM v2.0.0,False,,,,,,False,missing frequencies: PNP,606,14,14,236,370,-0.016328647132321284,0.08616415402263733,0.8496960441534191,-0.1852072857750525,0.1525499915104099,-0.03317976519496754,-0.04950841232728882,47,559.0,50.499888048710574,0.7044776798070727,HC3,tested,,0.9855136516078267
GGM-0000313,thymidine,thymidine,thymine,thymine,unresolved,TYMP,1,MAR04485,0,,Pyrimidine metabolism,False,1_direct_reaction,Human-GEM v2.0.0,False,,,,,,False,missing frequencies: TYMP,606,14,14,236,370,0.021771893305187744,0.11631910614770911,0.8515243380913923,-0.2062093654582137,0.2497531520685892,-0.05662049460674332,-0.03484860130155558,47,559.0,45.92586971514112,0.6383961429472416,HC3,tested,,0.9855136516078267
GGM-0000129,NADP,NADP+,beta-alanine,beta-alanine,unresolved,ALDH9A1,1,MAR04079,0,,Beta-alanine metabolism,False,1_direct_reaction,Human-GEM v2.0.0,False,,,,,,False,missing frequencies: ALDH9A1,606,14,14,236,370,-0.01907853121618697,0.10388976846928386,0.8542942641858232,-0.22269873577818822,0.18454167334581428,0.007459342387149391,-0.011619188829037579,47,559.0,41.7865291986992,0.755343321019824,HC3,tested,,0.9855136516078267
GGM-0000288,glycine,glycine,leucine,leucine,unresolved,DPEP1,1,MAR11411,0,,Peptide metabolism,False,1_direct_reaction,Human-GEM v2.0.0,False,,,,,,False,missing frequencies: DPEP1,606,14,14,236,370,0.031982149336090705,0.17416265114546273,0.8543007459398777,-0.3093703743610298,0.3733346730332113,-0.008314038676753165,0.023668110659337542,47,559.0,87.39465397174789,0.9867105539296364,HC3,tested,,0.9855136516078267
GGM-0000127,NADP,NADP+,beta-alanine,beta-alanine,unresolved,ALDH3A2,1,MAR04079,0,,Beta-alanine metabolism,False,1_direct_reaction,Human-GEM v2.0.0,False,,,,,,False,missing frequencies: ALDH3A2,606,14,14,236,370,0.014825835498376468,0.08129398090346594,0.8552899330382759,-0.14450743923230372,0.17415911022905664,0.048371154175750726,0.0631969896741272,47,559.0,59.12389801394558,0.6828737745662442,HC3,tested,,0.9855136516078267
GGM-0000121,NAD,NAD+,taurine,taurine,unresolved,FMO1,1,MAR13083,0,,Metabolism of other amino acids,False,1_direct_reaction,Human-GEM v2.0.0,False,,,,,,False,missing frequencies: FMO1,606,14,14,236,370,-0.018844534125207844,0.106634732162533,0.8597280043783474,-0.22784476866484746,0.19015570041443178,0.016511956110124605,-0.0023325780150832386,47,559.0,40.30175862197087,0.9950301707130821,HC3,tested,,0.9855136516078267
GGM-0000258,glutamate,glutamate,glycine,glycine,unresolved,SIRT6,1,MAR05336,0,,Histidine metabolism,False,1_direct_reaction,Human-GEM v2.0.0,False,,,,,,False,missing frequencies: SIRT6,606,14,14,236,370,0.01874221255724937,0.1113454992682532,0.8663277387587496,-0.19949095584915785,0.23697538096365658,0.05275745804394319,0.07149967060119256,47,559.0,42.47929124478588,0.590490454797383,HC3,tested,,0.9855136516078267
GGM-0000165,UMP,UMP,uridine,uridine,unresolved,UCK1,1,MAR03969,0,,Pyrimidine metabolism,False,1_direct_reaction,Human-GEM v2.0.0,False,,,,,,False,missing frequencies: UCK1,606,14,14,236,370,-0.021518864895051597,0.12889875927150077,0.8674141703640667,-0.2741557907190915,0.23111806092898832,-0.1127117334417678,-0.13423059833681938,47,559.0,42.933748469793066,0.846498350982535,HC3,tested,,0.9855136516078267
GGM-0000207,betaine,betaine,homocysteine,homocysteine,unresolved,BHMT,1,MAR04699,0,,"Glycine, serine and threonine metabolism",False,1_direct_reaction,Human-GEM v2.0.0,False,,,,,,False,missing frequencies: BHMT,606,14,14,236,370,0.014410224700005945,0.08794028331636493,0.8698384037180785,-0.1579495633903179,0.1867700127903298,-0.061440275956408906,-0.04703005125640296,47,559.0,44.1087428265637,0.999021645711317,HC3,tested,,0.9855136516078267
GGM-0000097,NAD,NAD+,NADP,NADP+,unresolved,ACP6,1,MAR04270,0,,Nicotinate and nicotinamide metabolism,False,1_direct_reaction,Human-GEM v2.0.0,False,,,,,,False,missing frequencies: ACP6,606,14,14,236,370,-0.015459698981865182,0.0960380889453255,0.872113356538216,-0.2036908944587575,0.1727714964950271,0.018026312606995554,0.0025666136251303717,47,559.0,65.12693480471481,0.7029270060387184,HC3,tested,,0.9855136516078267
GGM-0000028,AMP,AMP,cAMP,cAMP,unresolved,PDE11A,1,MAR04014,0,,Purine metabolism,False,1_direct_reaction,Human-GEM v2.0.0,False,,,,,,False,missing frequencies: PDE11A,606,14,14,236,370,-0.021534824050145424,0.14131801807303596,0.878882852618756,-0.29851304983987637,0.25544340173958546,-0.06885052094084482,-0.09038534499099024,47,559.0,40.483043119166894,0.9438686900099758,HC3,tested,,0.9855136516078267
GGM-0000229,dimethylglycine,dimethylglycine,sarcosine,sarcosine,unresolved,SARDH,1,MAR04701,0,,Sulfur metabolism,False,1_direct_reaction,Human-GEM v2.0.0,False,,,,,,False,missing frequencies: SARDH,606,14,14,236,370,0.013723226947489616,0.09348813683411904,0.8832969054952667,-0.16951015422913612,0.19695660812411536,0.057454584461855654,0.07117781140934527,47,559.0,44.08769709357855,0.6354519709815255,HC3,tested,,0.9855136516078267
GGM-0000189,asparagine,asparagine,aspartate,aspartate,unresolved,ASRGL1,1,MAR03862,0,,"Alanine, aspartate and glutamate metabolism",False,1_direct_reaction,Human-GEM v2.0.0,False,,,,,,False,missing frequencies: ASRGL1,606,14,14,236,370,-0.020101618945410675,0.1373994283578496,0.8836840914363137,-0.2893995500231873,0.24919631213236593,0.07395473730538689,0.053853118359976214,47,559.0,52.71302042883078,0.727533497701379,HC3,tested,,0.9855136516078267
GGM-0000080,GMP,GMP,NADP,NADP+,unresolved,GMPR2,1,MAR04419,0,,Purine metabolism,False,1_direct_reaction,Human-GEM v2.0.0,False,,,,,,False,missing frequencies: GMPR2,606,14,14,236,370,0.014760231243446848,0.10162102304481543,0.8845152176936303,-0.18441331399650626,0.21393377648339998,0.06808529901567315,0.08284553025911999,47,559.0,44.394189198932665,0.5494730770346002,HC3,tested,,0.9855136516078267
GGM-0000178,arginine,arginine,NADP,NADP+,unresolved,NOS2,1,MAR02023,0,,Arginine and proline metabolism,False,1_direct_reaction,Human-GEM v2.0.0,False,,,,,,False,missing frequencies: NOS2,606,14,14,236,370,0.018858459239676925,0.13321317244424272,0.8874228050775245,-0.24223456101736235,0.2799514794967162,0.03953509253944329,0.058393551779120215,47,559.0,58.67627217692233,0.9221586563586132,HC3,tested,,0.9855136516078267
GGM-0000267,glutamate,glutamate,methionine,methionine,unresolved,TAT,1,MAR05391,0,,Cysteine and methionine metabolism,False,1_direct_reaction,Human-GEM v2.0.0,False,,,,,,False,missing frequencies: TAT,606,14,14,236,370,-0.018700198615864944,0.13471627053368265,0.8895989242710153,-0.2827392369934375,0.2453388397617076,0.008961410828512826,-0.009738787787352118,47,559.0,45.951525361255136,0.9984760138151244,HC3,tested,,0.9855136516078267
GGM-0000069,CMP,CMP,cytidine,cytidine,unresolved,NT5C1B,1,MAR04177,0,,Pyrimidine metabolism,False,1_direct_reaction,Human-GEM v2.0.0,False,,,,,,False,missing frequencies: NT5C1B,606,14,14,236,370,-0.013453034941718579,0.09738587060035295,0.8901285497856446,-0.20432583392148843,0.1774197640380513,0.035202522067398004,0.021749487125679423,47,559.0,59.227291905616944,0.7442705628897051,HC3,tested,,0.9855136516078267
GGM-0000076,CMP,CMP,cytidine,cytidine,unresolved,UCK2,1,MAR04180,0,,Nucleotide metabolism,False,1_direct_reaction,Human-GEM v2.0.0,False,,,,,,False,missing frequencies: UCK2,606,14,14,236,370,-0.011563214100237454,0.08417802656098629,0.8907413606239767,-0.17654911444942664,0.15342268624895175,0.05979717582391977,0.048233961723682314,47,559.0,47.59349436317431,0.7198410197318799,HC3,tested,,0.9855136516078267
GGM-0000100,NAD,NAD+,NADP,NADP+,unresolved,NADK2,1,MAR04268,0,,Nicotinate and nicotinamide metabolism,False,1_direct_reaction,Human-GEM v2.0.0,False,,,,,,False,missing frequencies: NADK2,606,14,14,236,370,-0.01211368617736185,0.09070053126408452,0.8937529292699015,-0.1898834608336167,0.165656088478893,0.08279343083385385,0.070679744656492,47,559.0,45.7049798649091,0.7610559599881238,HC3,tested,,0.9855136516078267
GGM-0000208,betaine,betaine,homocysteine,homocysteine,unresolved,BHMT2,1,MAR04699,0,,"Glycine, serine and threonine metabolism",False,1_direct_reaction,Human-GEM v2.0.0,False,,,,,,False,missing frequencies: BHMT2,606,14,14,236,370,0.01356596418846304,0.10761860322706752,0.8996876439893976,-0.19736262220309536,0.22449455058002143,0.005307963911935003,0.018873928100398042,47,559.0,41.97146757573093,0.9990794750175956,HC3,tested,,0.9855136516078267
GGM-0000083,GMP,GMP,UMP,UMP,unresolved,RAD1;RAD9A,2,MAR07164,0,,Nucleotide metabolism,False,1_direct_reaction,Human-GEM v2.0.0,False,,,,,,False,missing frequencies: RAD1;RAD9A,606,14,14,236,370,-0.00801639166580963,0.06398488954960511,0.9002973728612981,-0.13342447073780894,0.11739168740618967,0.06540863624588268,0.057392244580073054,47,559.0,46.976528618557495,0.5285680902733192,HC3,tested,,0.9855136516078267
GGM-0000135,NADP,NADP+,glucuronate,glucuronate,unresolved,AKR1A1,1,MAR06537,0,,Pentose and glucuronate interconversions,False,1_direct_reaction,Human-GEM v2.0.0,False,,,,,,False,missing frequencies: AKR1A1,606,14,14,236,370,0.012092265813905443,0.09662183826516466,0.9004044498388262,-0.17728305730587135,0.20146758893368222,0.0036259734267953514,0.015718239240700795,47,559.0,45.2029560184554,0.7694219037756183,HC3,tested,,0.9855136516078267
GGM-0000082,GMP,GMP,UMP,UMP,unresolved,TREX2,1,MAR07164,0,,Nucleotide metabolism,False,1_direct_reaction,Human-GEM v2.0.0,False,,,,,,False,missing frequencies: TREX2,606,14,14,236,370,-0.008941136131458471,0.07189276995247282,0.9010241719132839,-0.14984837598712858,0.13196610372421164,0.05878361608148698,0.04984247995002851,47,559.0,44.493153200138195,0.6181341139047695,HC3,tested,,0.9855136516078267
GGM-0000110,NAD,NAD+,malate,malate,unresolved,MDH2,1,MAR04141,0,,Tricarboxylic acid cycle and glyoxylate/dicarboxylate metabolism,False,1_direct_reaction,Human-GEM v2.0.0,False,,,,,,False,missing frequencies: MDH2,606,14,14,236,370,0.014961013552039503,0.12422874888917788,0.9041416011506155,-0.2285228601152194,0.2584448872192984,0.0021534588415835325,0.017114472393623036,47,559.0,46.5060513222927,0.6541282229384844,HC3,tested,,0.9855136516078267
GGM-0000302,isocitrate,isocitrate,NAD,NAD+,unresolved,IDH3A;IDH3B;IDH3G,3,MAR03957,0,,Tricarboxylic acid cycle and glyoxylate/dicarboxylate metabolism,False,1_direct_reaction,Human-GEM v2.0.0,False,,,,,,False,missing frequencies: IDH3A;IDH3B;IDH3G,606,14,14,236,370,-0.010871991480052138,0.0905040942441565,0.9043824905164035,-0.18825675665201766,0.1665127736919134,-0.07922700546907746,-0.0900989969491296,47,559.0,42.241478190002134,0.6047040278637715,HC3,tested,,0.9855136516078267
GGM-0000262,glutamate,glutamate,kynurenine,kynurenine,unresolved,AADAT,1,MAR02765,0,,Tryptophan metabolism,False,1_direct_reaction,Human-GEM v2.0.0,False,,,,,,False,missing frequencies: AADAT,606,14,14,236,370,0.011264291859284042,0.09435237950646905,0.90497006721744,-0.17366297382905038,0.19619155754761847,-0.09890317089714748,-0.08763887903786344,47,559.0,57.971535655559094,0.6695473194188775,HC3,tested,,0.9855136516078267
GGM-0000265,glutamate,glutamate,leucine,leucine,unresolved,BCAT1,1,MAR06923,0,,"Valine, leucine, and isoleucine metabolism",False,1_direct_reaction,Human-GEM v2.0.0,False,,,,,,False,missing frequencies: BCAT1,606,14,14,236,370,-0.012625275548512687,0.10837880602915961,0.9072625406265911,-0.225043832053118,0.1997932809560926,0.03951936768038204,0.026894092131869357,47,559.0,45.86438024306301,0.6176144700178592,HC3,tested,,0.9855136516078267
GGM-0000157,UMP,UMP,uridine,uridine,unresolved,NT5C,1,MAR03970,0,,Pyrimidine metabolism,False,1_direct_reaction,Human-GEM v2.0.0,False,,,,,,False,missing frequencies: NT5C,606,14,14,236,370,-0.013968888399684309,0.12066321174385801,0.9078367426225428,-0.2504644376765765,0.22252666087720788,0.006580440906585935,-0.007388447493098374,47,559.0,60.16061422469692,0.8917880871312742,HC3,tested,,0.9855136516078267
GGM-0000180,arginine,arginine,citrulline,citrulline,unresolved,NOS1,1,MAR02023,0,,Arginine and proline metabolism,False,1_direct_reaction,Human-GEM v2.0.0,False,,,,,,False,missing frequencies: NOS1,606,14,14,236,370,0.01390020261156913,0.13499123796402548,0.9179858705377989,-0.25067776202639686,0.27847816724953517,0.058601445752989256,0.07250164836455839,47,559.0,54.48624632340275,0.9998943075717157,HC3,tested,,0.9855136516078267
GGM-0000033,AMP,AMP,cAMP,cAMP,unresolved,PDE3A,1,MAR04014,0,,Purine metabolism,False,1_direct_reaction,Human-GEM v2.0.0,False,,,,,,False,missing frequencies: PDE3A,606,14,14,236,370,0.01202074021235093,0.12178194499453888,0.9213708471299964,-0.22666748594418318,0.25070896636888507,-0.0098988998882386,0.0021218403241123306,47,559.0,66.28544846111713,0.9543209286037819,HC3,tested,,0.9855136516078267
GGM-0000113,NAD,NAD+,oxalate,oxalate,unresolved,LDHAL6A,1,MAR08780,0,,Tricarboxylic acid cycle and glyoxylate/dicarboxylate metabolism,False,1_direct_reaction,Human-GEM v2.0.0,False,,,,,,False,missing frequencies: LDHAL6A,606,14,14,236,370,-0.01419808256575102,0.15191782602265844,0.9255389492950349,-0.3119515501797833,0.2835553850482813,-0.009848191635621614,-0.024046274201372633,47,559.0,42.39658394265519,0.7298921287682896,HC3,tested,,0.9855136516078267
GGM-0000198,beta-alanine,beta-alanine,carnosine,carnosine,unresolved,CNDP1,1,MAR04427,0,,Beta-alanine metabolism,False,1_direct_reaction,Human-GEM v2.0.0,False,,,,,,False,missing frequencies: CNDP1,606,14,14,236,370,0.0147523782097972,0.15839022036382977,0.9257927760651669,-0.2956867492066718,0.3251915056262662,0.028388664518382994,0.043141042728180194,47,559.0,47.05125327745681,0.9600614820860034,HC3,tested,,0.9855136516078267
GGM-0000149,NADP,NADP+,thyroxine,thyroxine,unresolved,DIO2,1,MAR06854,0,,"Phenylalanine, tyrosine and tryptophan biosynthesis",False,1_direct_reaction,Human-GEM v2.0.0,False,,,,,,False,missing frequencies: DIO2,606,14,14,236,370,-0.009630793613908072,0.10365642063898371,0.9259744820581542,-0.21279364483265048,0.19353205760483436,-0.06669288263596508,-0.07632367624987316,47,559.0,47.391740168554286,0.8813467352077213,HC3,tested,,0.9855136516078267
GGM-0000201,beta-alanine,beta-alanine,histidine,histidine,unresolved,CNDP1,1,MAR04427,0,,Beta-alanine metabolism,False,1_direct_reaction,Human-GEM v2.0.0,False,,,,,,False,missing frequencies: CNDP1,606,14,14,236,370,-0.01377066761151946,0.15114292246138322,0.9274049978691604,-0.3100053521539606,0.28246401693092166,0.0994621621626056,0.08569149455108614,47,559.0,47.05125327745681,0.9600614820860034,HC3,tested,,0.9855136516078267
GGM-0000026,AMP,AMP,beta-alanine,beta-alanine,unresolved,CARNS1,1,MAR04425,0,,Beta-alanine metabolism,False,1_direct_reaction,Human-GEM v2.0.0,False,,,,,,False,missing frequencies: CARNS1,606,14,14,236,370,-0.01485859402064977,0.16363254269525843,0.9276478236385713,-0.335572484402069,0.30585529636076947,0.0345996969539052,0.019741102933255428,47,559.0,43.574323699061075,0.8354067334449516,HC3,tested,,0.9855136516078267
GGM-0000074,CMP,CMP,cytidine,cytidine,unresolved,RBAK,1,MAR04179,0,,Pyrimidine metabolism,False,1_direct_reaction,Human-GEM v2.0.0,False,,,,,,False,missing frequencies: RBAK,606,14,14,236,370,-0.008469943964229024,0.1032802521486022,0.9346392966211502,-0.2108955184897049,0.19395563056124682,0.08715920297207903,0.07868925900785001,47,559.0,41.559343332857786,0.7204720193548323,HC3,tested,,0.9855136516078267
GGM-0000224,dimethylglycine,dimethylglycine,homocysteine,homocysteine,unresolved,BHMT2,1,MAR04699,0,,"Glycine, serine and threonine metabolism",False,1_direct_reaction,Human-GEM v2.0.0,False,,,,,,False,missing frequencies: BHMT2,606,14,14,236,370,0.008799641629113503,0.12270993914013989,0.9428319721195025,-0.2317074196306626,0.24930670288888962,-0.023348522324054103,-0.0145488806949406,47,559.0,41.2507838968723,0.9990684837097732,HC3,tested,,0.9855136516078267
GGM-0000188,asparagine,asparagine,aspartate,aspartate,unresolved,ASPG,1,MAR03862,0,,"Alanine, aspartate and glutamate metabolism",False,1_direct_reaction,Human-GEM v2.0.0,False,,,,,,False,missing frequencies: ASPG,606,14,14,236,370,-0.011663531374524912,0.18250972550584144,0.9490447917814407,-0.3693760201942654,0.3460489574452156,-0.06708066906158991,-0.07874420043611483,47,559.0,42.55962156144359,0.9695589642074385,HC3,tested,,0.9855136516078267
GGM-0000304,isocitrate,isocitrate,NADP,NADP+,unresolved,IDH2,1,MAR03958,0,,Tricarboxylic acid cycle and glyoxylate/dicarboxylate metabolism,False,1_direct_reaction,Human-GEM v2.0.0,False,,,,,,False,missing frequencies: IDH2,606,14,14,236,370,0.006563174966004281,0.11023271293822094,0.9525225901159129,-0.2094889723110512,0.22261532224305977,0.008927020084687532,0.015490195050691814,47,559.0,52.29349802287523,0.589269421295633,HC3,tested,,0.9855136516078267
GGM-0000199,beta-alanine,beta-alanine,carnosine,carnosine,unresolved,CNDP2,1,MAR04427,0,,Beta-alanine metabolism,False,1_direct_reaction,Human-GEM v2.0.0,False,,,,,,False,missing frequencies: CNDP2,606,14,14,236,370,0.0052852271148859115,0.10240478677344159,0.9588385479637561,-0.19542446680556327,0.2059949210353351,0.03031527433774582,0.03560050145263173,47,559.0,45.56938392532884,0.5825680632171276,HC3,tested,,0.9855136516078267
GGM-0000155,NADP,NADP+,uracil,uracil,unresolved,DPYD,1,MAR04345,0,,Pyrimidine metabolism,False,1_direct_reaction,Human-GEM v2.0.0,False,,,,,,False,missing frequencies: DPYD,606,14,14,236,370,0.004002416389041488,0.08598238403253321,0.9628724724445432,-0.1645199596196154,0.1725247923976984,-0.07993959866610485,-0.07593718227706336,47,559.0,40.19696073064664,0.661153581116788,HC3,tested,,0.9855136516078267
GGM-0000109,NAD,NAD+,malate,malate,unresolved,MDH1B,1,MAR04139,0,,Tricarboxylic acid cycle and glyoxylate/dicarboxylate metabolism,False,1_direct_reaction,Human-GEM v2.0.0,False,,,,,,False,missing frequencies: MDH1B,606,14,14,236,370,-0.004622521309273946,0.09951190758044606,0.9629500378340073,-0.19966227619982663,0.1904172335812787,0.015187226635294886,0.01056470532602094,47,559.0,45.588811374380974,0.6541440310186756,HC3,tested,,0.9855136516078267
GGM-0000271,glutamate,glutamate,phenylalanine,phenylalanine,unresolved,TAT,1,MAR01616,0,,Phenylalanine metabolism,False,1_direct_reaction,Human-GEM v2.0.0,False,,,,,,False,missing frequencies: TAT,606,14,14,236,370,-0.004626713839912137,0.10039282436140037,0.9632416240592272,-0.20139303389451224,0.19213960621468795,-0.0177530942182664,-0.022379808058178536,47,559.0,45.951525361255136,0.9984760138151244,HC3,tested,,0.9855136516078267
GGM-0000115,NAD,NAD+,oxalate,oxalate,unresolved,LDHB,1,MAR08780,0,,Tricarboxylic acid cycle and glyoxylate/dicarboxylate metabolism,False,1_direct_reaction,Human-GEM v2.0.0,False,,,,,,False,missing frequencies: LDHB,606,14,14,236,370,-0.004847390318927964,0.1111827271938272,0.9652245177408556,-0.22276153132177134,0.2130667506839154,0.0404407825347655,0.03559339221583753,47,559.0,42.15521834445467,0.827992718713643,HC3,tested,,0.9855136516078267
GGM-0000031,AMP,AMP,cAMP,cAMP,unresolved,PDE1C,1,MAR04014,0,,Purine metabolism,False,1_direct_reaction,Human-GEM v2.0.0,False,,,,,,False,missing frequencies: PDE1C,606,14,14,236,370,0.004909624764354626,0.11339049940950476,0.9654636837630525,-0.21733167026728495,0.22715091979599422,0.06285112825744378,0.0677607530217984,47,559.0,44.09267340987881,0.9636144707694259,HC3,tested,,0.9855136516078267
GGM-0000044,AMP,AMP,cAMP,cAMP,unresolved,PDE8A,1,MAR04014,0,,Purine metabolism,False,1_direct_reaction,Human-GEM v2.0.0,False,,,,,,False,missing frequencies: PDE8A,606,14,14,236,370,0.005369471779646549,0.1278913447504272,0.9665109446249516,-0.2452929578655865,0.2560319014248796,-0.054454012350590025,-0.049084540570943476,47,559.0,57.68190935363378,0.7185214531306394,HC3,tested,,0.9855136516078267
GGM-0000029,AMP,AMP,cAMP,cAMP,unresolved,PDE1A,1,MAR04014,0,,Purine metabolism,False,1_direct_reaction,Human-GEM v2.0.0,False,,,,,,False,missing frequencies: PDE1A,606,14,14,236,370,0.005467507304990677,0.1312264609023857,0.9667660180404797,-0.2517316298823388,0.2626666444923202,0.03409817275578685,0.03956568006077753,47,559.0,52.532870392427675,0.9940740880662424,HC3,tested,,0.9855136516078267
GGM-0000192,aspartate,aspartate,beta-alanine,beta-alanine,unresolved,GAD2,1,MAR04174,0,,Beta-alanine metabolism,False,1_direct_reaction,Human-GEM v2.0.0,False,,,,,,False,missing frequencies: GAD2,606,14,14,236,370,0.004536960950413966,0.11107541918287091,0.9674188511334505,-0.21316686021570244,0.2222407821165304,-0.05720479774964414,-0.05266783679923018,47,559.0,59.35515958158836,0.9947390016679565,HC3,tested,,0.9855136516078267
GGM-0000194,aspartate,aspartate,glutamate,glutamate,unresolved,GOT1,1,MAR03829,0,,"Alanine, aspartate and glutamate metabolism",False,1_direct_reaction,Human-GEM v2.0.0,False,,,,,,False,missing frequencies: GOT1,606,14,14,236,370,0.0035523941555474768,0.08860531288022258,0.968019510255687,-0.17011082792859175,0.1772156162396867,0.02299966744303191,0.02655206159857939,47,559.0,43.4676304481293,0.6451090432703965,HC3,tested,,0.9855136516078267
GGM-0000010,AMP,AMP,UMP,UMP,unresolved,TREX1,1,MAR07164,0,,Nucleotide metabolism,False,1_direct_reaction,Human-GEM v2.0.0,False,,,,,,False,missing frequencies: TREX1,606,14,14,236,370,-0.0027084035700081447,0.06785890013539493,0.9681630591499424,-0.1357094038658824,0.1302925967258661,0.0065358750555434076,0.003827471485535263,47,559.0,61.61666076863546,0.7481476179198513,HC3,tested,,0.9855136516078267
GGM-0000270,glutamate,glutamate,phenylalanine,phenylalanine,unresolved,GOT2,1,MAR01616,0,,Phenylalanine metabolism,False,1_direct_reaction,Human-GEM v2.0.0,False,,,,,,False,missing frequencies: GOT2,606,14,14,236,370,0.002918347243827798,0.08389942059071008,0.9722520760239997,-0.1615214954377422,0.1673581899253978,-0.11747146347107022,-0.11455311622724243,47,559.0,61.23054756892374,0.758791092328013,HC3,tested,,0.9861413913957711
GGM-0000143,NADP,NADP+,proline,proline,unresolved,PYCR2,1,MAR03833,0,,Arginine and proline metabolism,False,1_direct_reaction,Human-GEM v2.0.0,False,,,,,,False,missing frequencies: PYCR2,606,14,14,236,370,-0.002616788235541276,0.09769904504849376,0.9786318759000574,-0.19410339785454533,0.1888698213834628,0.012442070335871136,0.00982528210032986,47,559.0,75.6164845186852,0.73848763694368,HC3,tested,,0.9890799030448979
GGM-0000007,AMP,AMP,GMP,GMP,unresolved,RAD1;RAD9A,2,MAR07164,0,,Nucleotide metabolism,False,1_direct_reaction,Human-GEM v2.0.0,False,,,,,,False,missing frequencies: RAD1;RAD9A,606,14,14,236,370,-0.0011497267469626586,0.0821989270792507,0.9888402520280625,-0.16225666339012818,0.15995720989620288,-0.007802700184434658,-0.008952426931397316,47,559.0,48.70138187887002,0.8118168865412895,HC3,tested,,0.9926703707163699
GGM-0000274,glutamate,glutamate,tyrosine,tyrosine,unresolved,TAT,1,MAR06768,0,,"Phenylalanine, tyrosine and tryptophan biosynthesis",False,1_direct_reaction,Human-GEM v2.0.0,False,,,,,,False,missing frequencies: TAT,606,14,14,236,370,-0.001574759328680577,0.11606870237295204,0.9891750525096221,-0.22906523571196527,0.22591571705460414,-0.02719776713723775,-0.028772526465918328,47,559.0,45.951525361255136,0.9984760138151244,HC3,tested,,0.9926703707163699
GGM-0000040,AMP,AMP,cAMP,cAMP,unresolved,PDE6G,1,MAR04014,0,,Purine metabolism,False,1_direct_reaction,Human-GEM v2.0.0,False,,,,,,False,missing frequencies: PDE6G,606,14,14,236,370,-0.000589196745159639,0.1393604735613503,0.9966266648375672,-0.2737307057938526,0.2725523123035334,-0.03857416556031094,-0.03916336230547057,47,559.0,67.47385328090341,0.8165095056567666,HC3,tested,,0.9966266648375672
