model,feature,r2,rmse_sd
population_mean,CE(16:1),-1.1663107584380938e-05,1.0120305090286672
population_mean,CE(18:1),-1.3247723829046265e-07,1.012114364952205
population_mean,CE(18:2),-4.031993758868424e-06,1.014742604229615
population_mean,CE(18:3),-2.3348639399678461e-07,1.00824545697708
population_mean,CE(18:4),-1.7584772422640782e-06,1.0151431323718476
population_mean,CE(20:2),-3.2712524615785554e-06,1.0061844631833783
population_mean,CE(20:3),-4.4827223488752566e-08,1.0080249399017671
population_mean,CE(20:4),-1.0007784833732103e-05,1.011047858279465
population_mean,CE(20:5),-5.532128808649617e-05,1.0399557145772724
population_mean,CE(22:4),-3.0687558894015865e-07,1.0033975249359153
population_mean,CE(22:5),-8.885211504328083e-07,1.0056532906809
population_mean,CE(22:6),-9.120948303298348e-07,1.0208377648060725
population_mean,CER(22:0),-3.29754474837074e-08,1.0124547784157052
population_mean,CER(24:0),-1.596103327283771e-07,1.0128890994929483
population_mean,CER(24:1),-2.4264161360143532e-06,1.0081630148947212
population_mean,DAG(16:0_18:1),-3.279244694587291e-05,1.0208092641384006
population_mean,DAG(18:1_18:1),-4.920059970991986e-06,1.0176157390450855
population_mean,FFA(12:0),-8.605831416375054e-07,1.0066458991527651
population_mean,FFA(14:0),-7.817465916826194e-07,1.0108382120288144
population_mean,FFA(14:1),-1.9896366525440357e-06,1.0161206278769672
population_mean,FFA(15:0),-1.3629638309753389e-05,1.0197459826084059
population_mean,FFA(16:0),-1.9703605187437745e-06,1.012440674188479
population_mean,FFA(16:1),-2.4813743126905763e-06,1.024008907410858
population_mean,FFA(17:0),-2.3460906706240792e-07,1.0064460552564796
population_mean,FFA(18:0),-5.149087876077374e-07,1.0038239755041098
population_mean,FFA(18:1),-1.1635290558142941e-05,1.0221833249160361
population_mean,FFA(18:2),-1.1437630427213463e-05,1.0267295047133573
population_mean,FFA(18:3),-1.6232402697324844e-05,1.0295204124834993
population_mean,FFA(18:4),-5.936227462921551e-07,1.0033906587684167
population_mean,FFA(20:0),-2.393054352456403e-07,1.0021281699624418
population_mean,FFA(20:1),-9.521163404047073e-05,1.1027114294230462
population_mean,FFA(20:2),-2.717277743990998e-05,1.1278728912341125
population_mean,FFA(20:3),-2.198702939715247e-07,1.0067583533080657
population_mean,FFA(20:4),-1.0354820894287187e-05,1.011099492543249
population_mean,FFA(20:5),-6.303237557703234e-05,1.0290759193266465
population_mean,FFA(22:0),-2.204586023069055e-06,1.0087593995539306
population_mean,FFA(22:1),-2.271041524615214e-06,1.0053144718550735
population_mean,FFA(22:2),-1.081425626603405e-06,1.0097806879970448
population_mean,FFA(22:4),-8.189158671179086e-07,1.0100882934998974
population_mean,FFA(22:5),-3.9174494759208756e-09,1.004583860652978
population_mean,FFA(22:6),-1.3534720411101375e-07,1.0164030115423845
population_mean,FFA(24:0),-3.868898670544851e-06,1.0085761037264156
population_mean,FFA(24:1),-3.0027499486884324e-06,1.0085916047071486
population_mean,HCER(16:0),-5.027161731341323e-08,1.010398566170294
population_mean,HCER(22:0),-2.7511444619765513e-05,1.0244704074853144
population_mean,HCER(24:0),-1.282891251563889e-05,1.022807504292206
population_mean,HCER(24:1),-7.427225052558661e-05,1.058676117450257
population_mean,LCER(16:0),-2.3651996690077226e-06,1.0725250062644833
population_mean,LPC(15:0),-7.73840647783075e-07,1.0049031721141772
population_mean,LPC(16:0),-2.1581989084751285e-07,1.0254340816562046
population_mean,LPC(16:1),-6.00485188906319e-07,1.0110229038308645
population_mean,LPC(17:0),-4.300991118810771e-09,1.0128879078362847
population_mean,LPC(18:0),-8.216720016829271e-06,1.0107903824629287
population_mean,LPC(18:1),-8.652848572987537e-06,1.031094511120187
population_mean,LPC(18:2),-1.205099021195366e-05,1.0257828031817973
population_mean,LPC(20:3),-6.205187128127676e-06,1.015364546287296
population_mean,LPC(20:4),-7.34677097602443e-07,1.0170584061276504
population_mean,LPE(16:0),-5.573614223486345e-07,1.0307689536559375
population_mean,LPE(18:0),-7.90774258296878e-07,1.0160256990805936
population_mean,LPE(18:1),-3.2125164934893036e-06,1.014035495330772
population_mean,LPE(18:2),-3.351400339468569e-07,1.0070220963913885
population_mean,LPE(20:4),-1.241120203943069e-06,1.011820705122311
population_mean,PC(14:0_18:1),-3.946559790080073e-08,1.0059674037761819
population_mean,PC(14:0_18:2),-3.147921124213582e-06,1.0129665359114997
population_mean,PC(16:0_14:0),-8.04756261629791e-12,1.003593273405701
population_mean,PC(16:0_16:0),-3.3323511618998936e-06,1.007627620068208
population_mean,PC(16:0_16:1),-1.3444313520905027e-05,1.0160699211213098
population_mean,PC(16:0_18:0),-8.022769659055129e-06,1.0099151362296233
population_mean,PC(16:0_18:1),-2.442210257358468e-06,1.0103346031430869
population_mean,PC(16:0_18:2),-4.725984896536417e-06,1.0131647309984577
population_mean,PC(16:0_18:3),-3.164094586338706e-08,1.0032406220429655
population_mean,PC(16:0_20:2),-2.2212918575625906e-06,1.0140647229640232
population_mean,PC(16:0_20:3),-1.4524622393707887e-07,1.0119288156100488
population_mean,PC(16:0_20:4),-2.4112200301296127e-05,1.0171805787963266
population_mean,PC(16:0_20:5),-2.9068143206467667e-05,1.0320153041619422
population_mean,PC(16:0_22:4),-3.590728719693459e-06,1.0109973448075755
population_mean,PC(16:0_22:5),-2.000414236036363e-06,1.0117110098431314
population_mean,PC(16:0_22:6),-2.800734838936947e-06,1.0185551848058094
population_mean,PC(17:0_18:1),-1.8961878001100274e-07,1.0043273089108213
population_mean,PC(17:0_18:2),-7.22505973493881e-07,1.0157448160420222
population_mean,PC(18:0_18:0),-5.188020351098999e-07,1.0072517541343449
population_mean,PC(18:0_18:1),-1.3735900861178152e-07,1.014335795255522
population_mean,PC(18:0_18:2),-4.370021411403968e-08,1.0275706353637126
population_mean,PC(18:0_20:2),-3.126490534910431e-06,1.0173086096264023
population_mean,PC(18:0_20:3),-2.871707835971904e-07,1.0187580494382342
population_mean,PC(18:0_20:4),-2.8669915571821747e-05,1.0293036213487472
population_mean,PC(18:0_20:5),-4.3372776714400985e-05,1.0393806415974693
population_mean,PC(18:0_22:5),-1.3602190640282785e-05,1.0146198766934087
population_mean,PC(18:0_22:6),-1.800255501893666e-05,1.019951979288222
population_mean,PC(18:1_16:1),-5.854228955826102e-06,1.0158445205453828
population_mean,PC(18:1_18:1),-2.395505889207783e-07,1.0359101074787118
population_mean,PC(18:1_18:2),-7.020114753952811e-07,1.0198120738407104
population_mean,PC(18:1_20:3),-6.256827091988271e-07,1.0135688147636472
population_mean,PC(18:1_20:4),-2.3726194031681302e-07,1.011805574445758
population_mean,PC(18:2_16:1),-3.0854368948673994e-06,1.013557232090939
population_mean,PC(18:2_18:2),-8.361165644288349e-07,1.0102056934524375
population_mean,PC(18:2_20:3),-6.767331948154265e-07,1.0137244485205135
population_mean,PC(18:2_20:4),-1.0133978245452369e-06,1.009310092725014
population_mean,PE(16:0_18:2),-5.9952986409816944e-05,1.0419902994473798
population_mean,PE(16:0_20:4),-2.2492048921129992e-06,1.035594854653728
population_mean,PE(18:0_18:0),-4.0601942519202794e-07,1.0122259118453365
population_mean,PE(18:0_18:1),-7.086626843122446e-07,1.003500667003062
population_mean,PE(18:0_18:2),-1.0424678979381596e-05,1.0111617092258016
population_mean,PE(18:0_20:4),-5.504810713929942e-07,1.0243600577841847
population_mean,PE(18:0_22:5),-2.411406081481715e-07,1.0097118711527944
population_mean,PE(18:1_18:2),-1.9025605764388942e-05,1.0178193971667604
population_mean,PE(18:1_20:4),-1.0998938695383487e-06,1.0175088998162074
population_mean,PE(O-16:0_20:4),-2.8172628886435902e-05,1.030730355079439
population_mean,PE(O-18:0_20:4),-1.3949746707098143e-05,1.023547428940938
population_mean,PE(P-16:0_18:1),-2.1765571643461712e-05,1.0148568182853468
population_mean,PE(P-16:0_18:2),-8.776991651249233e-06,1.0162004145685601
population_mean,PE(P-16:0_20:4),-2.0803648133060904e-06,1.0126722696463761
population_mean,PE(P-16:0_22:5),-2.054354069525033e-06,1.008365624792783
population_mean,PE(P-18:0_18:1),-3.285496137372945e-05,1.0185587256815647
population_mean,PE(P-18:0_18:2),-1.7010189368837914e-05,1.0251522717450563
population_mean,PE(P-18:0_20:4),-5.908937461551744e-07,1.0161325753004578
population_mean,PE(P-18:1_18:1),-8.345666788311945e-06,1.0127571999803096
population_mean,PE(P-18:1_18:2),-6.780244983461969e-06,1.0129550084818575
population_mean,PE(P-18:1_20:4),-4.6248297529416504e-06,1.0114274295279946
population_mean,PI(16:0_18:1),-3.5926444710288052e-06,1.008798001643587
population_mean,PI(16:0_18:2),-4.872261558874769e-06,1.0109149829124522
population_mean,PI(16:0_20:4),-7.207264141051439e-07,1.0108612671183026
population_mean,PI(18:0_18:1),-1.1065821814426613e-07,1.009215877007714
population_mean,PI(18:0_18:2),-7.187024069210679e-07,1.011577563096457
population_mean,PI(18:0_20:3),-1.2971791618632267e-07,1.008951403783516
population_mean,PI(18:0_20:4),-3.2864388714859416e-06,1.0087717100024236
population_mean,PI(18:1_18:1),-4.4417728073398166e-07,1.0185508205275655
population_mean,SM(14:0),-6.109277845833816e-07,1.0195508330144534
population_mean,SM(16:0),-2.4193788032311758e-05,1.016929467901845
population_mean,SM(18:0),-2.148956103509292e-06,1.00850119096814
population_mean,SM(18:1),-5.432822549611416e-06,1.0115657998139571
population_mean,SM(20:0),-2.7535935531730615e-07,1.0041390315037158
population_mean,SM(20:1),-3.9061282750552095e-06,1.0120019211233309
population_mean,SM(22:0),-8.939399731566766e-08,1.008313056946623
population_mean,SM(22:1),-1.0608758629349069e-06,1.0116532374125518
population_mean,SM(24:0),-2.025279940864877e-06,1.0148924493862241
population_mean,SM(24:1),-2.0342120788718887e-05,1.017469490984982
population_mean,SM(26:0),-9.814003831820628e-09,1.0020918239247867
population_mean,SM(26:1),-4.925306118508388e-07,1.0286697325687413
population_mean,TAG44:1-FA16:0,-2.2591028159268944e-08,1.0116943440954154
population_mean,TAG44:1-FA18:1,-2.6663783625480164e-08,1.0098373846047344
population_mean,TAG46:0-FA14:0,-1.8355781339352006e-08,1.0144877075432144
population_mean,TAG46:0-FA16:0,-5.155655080635313e-08,1.0143763978802163
population_mean,TAG46:1-FA12:0,-1.3692965155076564e-06,1.0139651378232466
population_mean,TAG46:1-FA14:0,-1.2594284770628406e-07,1.0160340554878011
population_mean,TAG46:1-FA16:0,-3.0820517005203385e-07,1.0159090973371137
population_mean,TAG46:1-FA18:1,-3.4820030854199047e-06,1.014028103433505
population_mean,TAG46:2-FA12:0,-3.616453071009218e-06,1.0186988975882765
population_mean,TAG46:2-FA14:0,-1.311555708927159e-06,1.0187233490057281
population_mean,TAG46:2-FA16:0,-1.6391262731563216e-06,1.019214053282254
population_mean,TAG46:2-FA18:1,-2.515949632408976e-06,1.0103527235555225
population_mean,TAG46:2-FA18:2,-3.4106191129090746e-06,1.019928955665952
population_mean,TAG46:3-FA18:2,-4.747259647830404e-06,1.0174989102247343
population_mean,TAG47:0-FA16:0,-1.0718210474713885e-06,1.0147667021455216
population_mean,TAG47:1-FA16:1,-2.0920157333126355e-06,1.0144369229261834
population_mean,TAG47:1-FA18:1,-9.315755838290585e-06,1.0144592060818713
population_mean,TAG47:2-FA18:1,-2.4412574662457942e-05,1.017893406527741
population_mean,TAG48:0-FA14:0,-2.6229928582477413e-06,1.014909554247633
population_mean,TAG48:0-FA16:0,-6.239790593109973e-07,1.0153019496203535
population_mean,TAG48:0-FA18:0,-2.1336386026860055e-06,1.0139019330147279
population_mean,TAG48:1-FA14:0,-3.850189895349132e-06,1.0161146703619621
population_mean,TAG48:1-FA16:0,-2.4191077987456566e-06,1.0172431786305107
population_mean,TAG48:1-FA16:1,-1.3216643579561094e-07,1.0206749048992987
population_mean,TAG48:1-FA18:1,-5.9150060551793615e-06,1.0162975826649059
population_mean,TAG48:2-FA12:0,-7.074819149632816e-06,1.0124133098821377
population_mean,TAG48:2-FA14:0,-8.48301752176539e-06,1.0222380951746712
population_mean,TAG48:2-FA14:1,-2.734475435861583e-06,1.016444883918625
population_mean,TAG48:2-FA16:0,-7.05409926626821e-06,1.021973319607898
population_mean,TAG48:2-FA16:1,-1.470404971115613e-06,1.0241123735900486
population_mean,TAG48:2-FA18:1,-4.06092819726922e-06,1.0161508820740575
population_mean,TAG48:2-FA18:2,-1.5478206929264715e-05,1.0246490970627118
population_mean,TAG48:3-FA12:0,-6.0747744756728395e-06,1.017053875075908
population_mean,TAG48:3-FA14:0,-3.3756358344128046e-06,1.0257513527327426
population_mean,TAG48:3-FA14:1,-1.1730936292142502e-05,1.023997414286066
population_mean,TAG48:3-FA16:0,-5.88496998443766e-06,1.022857215943164
population_mean,TAG48:3-FA16:1,-3.7537422437061707e-07,1.0267026923962563
population_mean,TAG48:3-FA18:1,-1.1634413890071471e-05,1.0175458031400884
population_mean,TAG48:3-FA18:2,-1.279375841334307e-05,1.0239516959174961
population_mean,TAG48:3-FA18:3,-3.005962769142556e-06,1.0175281621562091
population_mean,TAG48:4-FA12:0,-4.165710220327412e-06,1.0191452948948323
population_mean,TAG48:4-FA18:1,-1.090637537326522e-05,1.0155763147630854
population_mean,TAG48:4-FA18:2,-9.536895484441033e-06,1.0216600792563943
population_mean,TAG49:0-FA16:0,-3.9229077388736044e-06,1.0168386730103207
population_mean,TAG49:0-FA17:0,-7.431924146761304e-06,1.0181137402857932
population_mean,TAG49:1-FA15:0,-9.641096317292153e-06,1.018760131879107
population_mean,TAG49:1-FA16:0,-1.0260934011796508e-05,1.019842213923004
population_mean,TAG49:1-FA16:1,-1.6666547390631337e-05,1.0231551232072487
population_mean,TAG49:1-FA18:1,-1.0519696793664934e-05,1.0186229441299115
population_mean,TAG49:2-FA14:0,-1.967781703160476e-05,1.022800927594524
population_mean,TAG49:2-FA15:0,-3.088189715394485e-05,1.028163469663359
population_mean,TAG49:2-FA16:0,-2.6593343864789176e-05,1.0276354975046744
population_mean,TAG49:2-FA16:1,-1.5604957549042453e-05,1.0246126223075498
population_mean,TAG49:2-FA18:1,-1.2929653409710085e-05,1.02022030831411
population_mean,TAG49:2-FA18:2,-2.0197380005138044e-05,1.0294034762659505
population_mean,TAG49:3-FA15:0,-3.769683716892125e-05,1.0311768258383736
population_mean,TAG49:3-FA16:0,-1.4657902761117114e-05,1.0248561612303302
population_mean,TAG49:3-FA16:1,-4.826342538377659e-05,1.0319422389484583
population_mean,TAG49:3-FA18:2,-5.38036890631588e-05,1.0327227014379383
population_mean,TAG50:0-FA16:0,-5.589523410121089e-06,1.0158232554097737
population_mean,TAG50:0-FA18:0,-4.547715965586008e-06,1.0149769161794922
population_mean,TAG50:1-FA14:0,-5.767956044788747e-06,1.0136193526442425
population_mean,TAG50:1-FA16:0,-1.1194482972820552e-05,1.0182422248289744
population_mean,TAG50:1-FA16:1,-4.6987035151602186e-08,1.023114244779576
population_mean,TAG50:1-FA18:0,-2.453238086230769e-06,1.0164141574190193
population_mean,TAG50:1-FA18:1,-1.5474069519516576e-05,1.019309095654016
population_mean,TAG50:2-FA14:0,-2.8602971660074417e-06,1.0143863666684387
population_mean,TAG50:2-FA14:1,-9.962837963062299e-06,1.0134163892461572
population_mean,TAG50:2-FA16:0,-1.9095486498921233e-05,1.0244769618683705
population_mean,TAG50:2-FA16:1,-4.874774075513955e-07,1.0255424415541905
population_mean,TAG50:2-FA18:0,-1.1678268695414218e-05,1.0196099055152528
population_mean,TAG50:2-FA18:1,-1.023678177114462e-06,1.020637812869877
population_mean,TAG50:2-FA18:2,-4.05798186600137e-05,1.0267831247254504
population_mean,TAG50:3-FA14:0,-3.725109658736514e-06,1.0205905531570103
population_mean,TAG50:3-FA14:1,-1.4424734777751524e-05,1.0152438624233295
population_mean,TAG50:3-FA16:0,-1.5500417761105112e-05,1.0307685318307527
population_mean,TAG50:3-FA16:1,-5.430196925448882e-07,1.0310221980658436
population_mean,TAG50:3-FA18:0,-1.3479929264370583e-05,1.0190068280044
population_mean,TAG50:3-FA18:1,-7.382667780886365e-06,1.019943626739789
population_mean,TAG50:3-FA18:2,-2.010538355423641e-05,1.027803299892296
population_mean,TAG50:3-FA18:3,-2.3365463514224416e-05,1.0228411930166803
population_mean,TAG50:4-FA14:0,-4.97768740892468e-07,1.025264711017453
population_mean,TAG50:4-FA14:1,-4.419006088562938e-05,1.0235710771709918
population_mean,TAG50:4-FA16:0,-1.3725716913937092e-05,1.0248403289997137
population_mean,TAG50:4-FA16:1,-1.0056680619374703e-06,1.0335246728571132
population_mean,TAG50:4-FA18:1,-1.3458436502356008e-05,1.0190753831210517
population_mean,TAG50:4-FA18:2,-3.493533384357761e-06,1.0255770453102806
population_mean,TAG50:4-FA18:3,-9.535744825095449e-06,1.0212239625478068
population_mean,TAG50:5-FA14:0,-1.3813419419417272e-06,1.0211801900678612
population_mean,TAG50:5-FA16:1,-4.0920522970111506e-07,1.0293919996192802
population_mean,TAG50:5-FA18:1,-2.7916322510090907e-05,1.0181354178806372
population_mean,TAG50:5-FA18:2,-7.431359187126674e-06,1.0251412034428036
population_mean,TAG50:5-FA18:3,-1.428240756329302e-06,1.022331563874701
population_mean,TAG51:0-FA16:0,-6.0669875658891925e-06,1.0145303367461391
population_mean,TAG51:0-FA17:0,-1.6081483544150288e-05,1.018419980775793
population_mean,TAG51:0-FA18:0,-8.20074129381787e-06,1.0152211275147975
population_mean,TAG51:1-FA15:0,-1.551412382405637e-05,1.0168483320031496
population_mean,TAG51:1-FA16:0,-1.5826041146249636e-05,1.0208775987095988
population_mean,TAG51:1-FA17:0,-2.426727490467684e-05,1.0221071640962076
population_mean,TAG51:1-FA18:0,-1.2582020117779535e-05,1.017643430038411
population_mean,TAG51:1-FA18:1,-2.2373380348827965e-05,1.0206045075961043
population_mean,TAG51:2-FA15:0,-1.43683711153475e-05,1.016219670213084
population_mean,TAG51:2-FA16:0,-3.737378327195451e-05,1.0282159319744264
population_mean,TAG51:2-FA16:1,-7.1023879208986784e-06,1.0253336338089507
population_mean,TAG51:2-FA17:0,-6.023472460880974e-05,1.032187427130155
population_mean,TAG51:2-FA18:1,-2.072040076628312e-05,1.0194151812120926
population_mean,TAG51:2-FA18:2,-6.86353371530668e-05,1.0329875323544315
population_mean,TAG51:3-FA15:0,-1.8756161192179377e-05,1.0227103105370132
population_mean,TAG51:3-FA16:1,-6.567552915504038e-06,1.0301019804261633
population_mean,TAG51:3-FA17:0,-5.4920421566517774e-05,1.0362682438214297
population_mean,TAG51:3-FA18:2,-6.559300330022388e-05,1.0307034586393518
population_mean,TAG51:4-FA15:0,-8.970824738829819e-06,1.0250319976900888
population_mean,TAG51:4-FA16:1,-1.2323852398132829e-05,1.0369563878535513
population_mean,TAG51:4-FA18:2,-2.1044724311192198e-05,1.0268580469345336
population_mean,TAG51:4-FA18:3,-2.8150297936901936e-05,1.0239228468841597
population_mean,TAG51:5-FA18:2,-1.5975995510064678e-05,1.0226832669277952
population_mean,TAG52:0-FA16:0,-5.606699702731532e-06,1.0128915545089112
population_mean,TAG52:0-FA18:0,-5.975711490968649e-06,1.0135926325845195
population_mean,TAG52:0-FA20:0,-2.1540203420933324e-06,1.0098238201761482
population_mean,TAG52:1-FA16:0,-4.442909610213874e-06,1.0148288112319153
population_mean,TAG52:1-FA16:1,-3.212364663163214e-06,1.0178582658281965
population_mean,TAG52:1-FA18:0,-5.3772864145873456e-06,1.0139617050208865
population_mean,TAG52:1-FA18:1,-4.990059863541063e-06,1.0160198777929013
population_mean,TAG52:1-FA20:1,-1.1552456282926116e-05,1.016776444584732
population_mean,TAG52:2-FA16:0,-1.2139173770631118e-06,1.0168130685607562
population_mean,TAG52:2-FA16:1,-2.830020662258903e-10,1.0234598044538368
population_mean,TAG52:2-FA18:0,-1.9847999279010153e-05,1.0198246946566376
population_mean,TAG52:2-FA18:1,-5.201007271526947e-07,1.0171178171737136
population_mean,TAG52:2-FA18:2,-1.7473375900189936e-05,1.0182729663545471
population_mean,TAG52:2-FA20:1,-4.056302018717872e-07,1.018790290756024
population_mean,TAG52:2-FA20:2,-1.762163842733422e-05,1.0220281320102946
population_mean,TAG52:3-FA14:0,-1.2823727173483235e-06,1.0198477693980614
population_mean,TAG52:3-FA16:0,-4.694892432155484e-06,1.0176808701043185
population_mean,TAG52:3-FA16:1,-5.305025311708178e-06,1.026619098591035
population_mean,TAG52:3-FA18:0,-2.5031667080011033e-05,1.0253105177191575
population_mean,TAG52:3-FA18:1,-2.978674746634269e-06,1.0187690517186443
population_mean,TAG52:3-FA18:2,-4.938827412814817e-06,1.0178690441372875
population_mean,TAG52:3-FA18:3,-1.8071731028967974e-05,1.017736989974442
population_mean,TAG52:3-FA20:0,-9.509746861091628e-06,1.0172000326996904
population_mean,TAG52:3-FA20:1,-9.364497898456392e-06,1.01987385714213
population_mean,TAG52:3-FA20:2,-3.1489653813387974e-06,1.0232321701393443
population_mean,TAG52:3-FA20:3,-1.7920323540643324e-06,1.018334278532767
population_mean,TAG52:4-FA14:0,-4.836814144759671e-07,1.0195173555849084
population_mean,TAG52:4-FA16:0,-6.293809603930001e-06,1.0197885103268378
population_mean,TAG52:4-FA16:1,-2.018330839792526e-06,1.029137128335503
population_mean,TAG52:4-FA18:0,-1.0951695312844123e-05,1.020589188496622
population_mean,TAG52:4-FA18:1,-1.1225662708280737e-06,1.0237881165083293
population_mean,TAG52:4-FA18:2,-1.6099103379296764e-06,1.0213328496953278
population_mean,TAG52:4-FA18:3,-1.6536942620160033e-05,1.0197516701523144
population_mean,TAG52:4-FA20:0,-8.1111071872364e-06,1.0188681695022639
population_mean,TAG52:4-FA20:2,-2.9323176999884737e-06,1.0242783103733155
population_mean,TAG52:4-FA20:3,-7.850769889738984e-07,1.020289447762367
population_mean,TAG52:4-FA20:4,-2.660958935640778e-06,1.0194029291896831
population_mean,TAG52:5-FA14:0,-2.6753676647395253e-06,1.015747155176694
population_mean,TAG52:5-FA16:0,-1.9682338762372353e-05,1.0214299129813424
population_mean,TAG52:5-FA16:1,-4.2943517630789074e-09,1.0294341019998667
population_mean,TAG52:5-FA18:1,-5.9631799853576695e-06,1.0251657995060561
population_mean,TAG52:5-FA18:2,-1.1992913024894136e-06,1.026818802742157
population_mean,TAG52:5-FA18:3,-1.3503524243896337e-05,1.0252917503302694
population_mean,TAG52:5-FA20:4,-3.045171999671581e-06,1.0213740035890608
population_mean,TAG52:5-FA20:5,-2.2675933375460033e-07,1.0185402569484618
population_mean,TAG52:5-FA22:5,-2.018930431280097e-06,1.018609352013065
population_mean,TAG52:6-FA16:0,-1.3773791975424388e-05,1.0187155164615602
population_mean,TAG52:6-FA16:1,-6.5553365182768886e-06,1.028733128438866
population_mean,TAG52:6-FA18:1,-4.719380507212101e-05,1.0245049958382197
population_mean,TAG52:6-FA18:2,-7.569815504204769e-06,1.028052896164474
population_mean,TAG52:6-FA18:3,-6.515366556048008e-06,1.028393065735885
population_mean,TAG52:6-FA20:4,-8.82568739424272e-07,1.0223502175617059
population_mean,TAG52:6-FA20:5,-9.908271845215921e-07,1.0299293623337877
population_mean,TAG52:6-FA22:6,-5.938418536688417e-06,1.0202268935652459
population_mean,TAG52:7-FA16:0,-6.744608502362581e-06,1.0147938431116537
population_mean,TAG52:7-FA18:1,-3.1629726715554085e-05,1.021252638725821
population_mean,TAG53:0-FA16:0,-2.5619012156141707e-07,1.0249203257574195
population_mean,TAG53:1-FA16:0,-1.0923798627882064e-06,1.0090437257960208
population_mean,TAG53:1-FA17:0,-2.1252742997468488e-05,1.017368794180042
population_mean,TAG53:1-FA18:0,-1.6750123096320735e-05,1.0164782609265945
population_mean,TAG53:1-FA18:1,-1.533685524557349e-05,1.0153400766737102
population_mean,TAG53:2-FA16:0,-8.530069901979687e-06,1.018654109240952
population_mean,TAG53:2-FA17:0,-1.828411121551632e-05,1.016978738635777
population_mean,TAG53:2-FA18:1,-1.4462754131416844e-05,1.0165567115253011
population_mean,TAG53:2-FA18:2,-4.462208365918485e-05,1.0236530322666868
population_mean,TAG53:3-FA16:0,-3.334707207391929e-05,1.027630129611908
population_mean,TAG53:3-FA17:0,-3.710037509740971e-05,1.0228098841916942
population_mean,TAG53:3-FA18:2,-4.039237543707053e-05,1.0235381531642311
population_mean,TAG53:4-FA16:0,-2.8254559682361347e-05,1.0269691663685627
population_mean,TAG53:4-FA17:0,-3.255730941065238e-05,1.0251907897925385
population_mean,TAG53:4-FA18:2,-4.131886316427469e-05,1.026350224718619
population_mean,TAG53:4-FA18:3,-2.9906558971504182e-05,1.0212580120932637
population_mean,TAG53:5-FA20:4,-1.081314877193762e-06,1.0263503743583127
population_mean,TAG54:0-FA18:0,-6.1340006891619225e-06,1.0110183197874738
population_mean,TAG54:1-FA16:0,-1.1123646470601045e-07,1.0090447580961772
population_mean,TAG54:1-FA18:0,-4.911345284464019e-06,1.0113905124934455
population_mean,TAG54:1-FA18:1,-8.767621176630769e-06,1.0131972614918743
population_mean,TAG54:1-FA20:0,-1.017347539544744e-07,1.0109180359363261
population_mean,TAG54:1-FA20:1,-3.970201539749141e-06,1.0136485379730968
population_mean,TAG54:2-FA16:0,-3.6537521823643004e-06,1.0137643494735247
population_mean,TAG54:2-FA18:0,-6.866454745235728e-06,1.0145419460374527
population_mean,TAG54:2-FA18:1,-6.351703204954262e-06,1.0157808969353088
population_mean,TAG54:2-FA18:2,-1.4454204057878783e-05,1.0132068661672793
population_mean,TAG54:2-FA20:0,-7.229412140041802e-07,1.0105223158557626
population_mean,TAG54:2-FA20:1,-2.0871849932824205e-06,1.0138651224055244
population_mean,TAG54:2-FA20:2,-3.0477050514399195e-06,1.0170570361969784
population_mean,TAG54:3-FA16:0,-8.76845352770772e-07,1.0175524663475846
population_mean,TAG54:3-FA16:1,-2.9711659799147583e-09,1.0195122156141143
population_mean,TAG54:3-FA18:0,-8.026739831024088e-06,1.0152181939932619
population_mean,TAG54:3-FA18:1,-2.321036789432185e-06,1.0191876607069061
population_mean,TAG54:3-FA18:2,-7.151683330208769e-06,1.0152623820986135
population_mean,TAG54:3-FA18:3,-1.0533830832493152e-05,1.0123277066635505
population_mean,TAG54:3-FA20:1,-5.130753340187866e-06,1.0171405632178154
population_mean,TAG54:3-FA20:2,-6.246658745823197e-10,1.0175247833123462
population_mean,TAG54:3-FA20:3,-2.6026595767447702e-08,1.0147812980627995
population_mean,TAG54:4-FA16:0,-6.91993466750418e-07,1.018379696157839
population_mean,TAG54:4-FA16:1,-3.894095717660306e-06,1.0247328129403381
population_mean,TAG54:4-FA18:0,-3.2038773434273082e-06,1.0170249627444083
population_mean,TAG54:4-FA18:1,-2.621018424520116e-07,1.0204179582384254
population_mean,TAG54:4-FA18:2,-2.6899278315895003e-07,1.0200805489872762
population_mean,TAG54:4-FA18:3,-7.470457837222e-06,1.0187803959831816
population_mean,TAG54:4-FA20:1,-1.995225464401784e-06,1.0197831558867108
population_mean,TAG54:4-FA20:2,-2.3914061197949366e-07,1.0218048610482726
population_mean,TAG54:4-FA20:3,-1.9066817240620537e-06,1.0151941752648161
population_mean,TAG54:4-FA20:4,-2.067130551619556e-06,1.018844935872078
population_mean,TAG54:4-FA22:1,-1.1277997375991333e-06,1.0174043119279508
population_mean,TAG54:4-FA22:4,-4.211394836195481e-06,1.0213440297126026
population_mean,TAG54:5-FA16:0,-3.863915617241531e-06,1.0178373490388297
population_mean,TAG54:5-FA16:1,-5.016304271965311e-06,1.0253861867226548
population_mean,TAG54:5-FA18:0,-1.968723631851077e-05,1.0198229529732994
population_mean,TAG54:5-FA18:1,-2.1904773763736785e-06,1.024027528019088
population_mean,TAG54:5-FA18:2,-4.213193587343511e-07,1.0257570575151629
population_mean,TAG54:5-FA18:3,-2.373989051784875e-06,1.0269669797625909
population_mean,TAG54:5-FA20:2,-3.2059098196146607e-06,1.0278009939644048
population_mean,TAG54:5-FA20:3,-3.5714095587557892e-06,1.022060822024294
population_mean,TAG54:5-FA20:4,-3.1390441010969994e-06,1.0199974206864213
population_mean,TAG54:5-FA20:5,-9.915724841214058e-08,1.0232252337027785
population_mean,TAG54:5-FA22:1,-3.5614525759619653e-06,1.0227811243305176
population_mean,TAG54:5-FA22:4,-4.4727944703559785e-07,1.0245652227141546
population_mean,TAG54:5-FA22:5,-1.1086155837780609e-07,1.0180575163390373
population_mean,TAG54:6-FA16:0,-2.521288524182097e-06,1.021074079294387
population_mean,TAG54:6-FA16:1,-1.4781261858942685e-07,1.0255558902123556
population_mean,TAG54:6-FA18:1,-2.420260303570565e-05,1.0269197253814943
population_mean,TAG54:6-FA18:2,-4.719713891043753e-06,1.0308367859606533
population_mean,TAG54:6-FA18:3,-5.79655710453153e-06,1.032255021374327
population_mean,TAG54:6-FA20:3,-5.914966217046569e-06,1.0259442837683737
population_mean,TAG54:6-FA20:4,-6.712005691245082e-07,1.0260041648376916
population_mean,TAG54:6-FA20:5,-2.7276438216983223e-06,1.0309491496877583
population_mean,TAG54:6-FA22:5,-1.3727665579832404e-06,1.022887324843775
population_mean,TAG54:6-FA22:6,-9.337974082868072e-06,1.0166491454487188
population_mean,TAG54:7-FA16:1,-2.2989198633638352e-07,1.035706029331494
population_mean,TAG54:7-FA18:1,-5.698615737714796e-05,1.0245759960895644
population_mean,TAG54:7-FA18:2,-2.5258244018555587e-05,1.0289570710918403
population_mean,TAG54:7-FA18:3,-1.725124134788203e-05,1.033013011997195
population_mean,TAG54:7-FA20:4,-6.767431888210496e-07,1.0297574037590138
population_mean,TAG54:7-FA20:5,-8.3114103150983e-06,1.030533875723205
population_mean,TAG54:7-FA22:5,-6.228652065232154e-07,1.0191842963339397
population_mean,TAG54:7-FA22:6,-2.2049831477799486e-05,1.030787069730937
population_mean,TAG54:8-FA18:2,-5.9400571244205835e-05,1.0275058792410547
population_mean,TAG54:8-FA18:3,-3.549690931037297e-05,1.0290290590408089
population_mean,TAG54:8-FA20:5,-1.1907437567515444e-05,1.0327843394461727
population_mean,TAG54:8-FA22:6,-9.117598929186954e-07,1.0215112719040587
population_mean,TAG55:1-FA16:0,-2.419472262538136e-07,1.0136203913367827
population_mean,TAG55:1-FA18:1,-1.6058813031127883e-05,1.0281945454727766
population_mean,TAG55:2-FA18:1,-7.938742068169802e-07,1.0108537085692029
population_mean,TAG55:2-FA18:2,-3.8137442202712535e-05,1.0311746433283318
population_mean,TAG55:3-FA18:1,-9.969221729244637e-06,1.0161525084156222
population_mean,TAG55:3-FA18:2,-6.813878125733197e-06,1.0122539534502744
population_mean,TAG55:4-FA18:1,-8.059868494836309e-06,1.0174566395805071
population_mean,TAG55:4-FA18:2,-1.2482595051599432e-05,1.0167165091404924
population_mean,TAG55:5-FA18:1,-8.9214058867082e-06,1.019877718329595
population_mean,TAG55:5-FA18:2,-8.488193901756702e-06,1.0233015486993275
population_mean,TAG55:5-FA20:4,-5.0471804069474047e-08,1.02530325048164
population_mean,TAG55:7-FA22:6,-1.366981185135785e-06,1.0126698420738895
population_mean,TAG56:10-FA18:2,-9.149346277048664e-06,1.0114455958452069
population_mean,TAG56:1-FA18:1,-2.1171719999379945e-07,1.0129931047027747
population_mean,TAG56:2-FA16:0,-3.678831548281636e-07,1.007997582154722
population_mean,TAG56:2-FA18:0,-5.081511361693103e-06,1.0092095426336731
population_mean,TAG56:2-FA20:0,-5.385170016358742e-06,1.0189462999867533
population_mean,TAG56:2-FA20:1,-5.891146548142601e-06,1.0112393250734715
population_mean,TAG56:3-FA16:0,-1.4354225637003282e-06,1.0152214333465341
population_mean,TAG56:3-FA18:0,-8.077184980193053e-06,1.014771478177402
population_mean,TAG56:3-FA18:1,-1.299704881585484e-05,1.0135405462724947
population_mean,TAG56:3-FA18:2,-4.3552810924385454e-06,1.0068307867037436
population_mean,TAG56:3-FA20:0,-6.217648910844531e-06,1.0112874617325553
population_mean,TAG56:3-FA20:1,-8.778432254441526e-06,1.0131268659337662
population_mean,TAG56:3-FA20:2,-2.418366410905648e-06,1.01400747262541
population_mean,TAG56:4-FA16:0,-6.855335111133343e-06,1.01814760756599
population_mean,TAG56:4-FA18:0,-4.730992314572191e-06,1.0160235836165676
population_mean,TAG56:4-FA18:1,-5.469176613814852e-07,1.016909243084933
population_mean,TAG56:4-FA18:2,-4.871976275966361e-06,1.013968580734557
population_mean,TAG56:4-FA20:1,-6.630213579050803e-06,1.0137232263205347
population_mean,TAG56:4-FA20:2,-3.438307423220266e-07,1.0188178389018516
population_mean,TAG56:4-FA20:3,-4.840339684619721e-09,1.0154902755594253
population_mean,TAG56:4-FA20:4,-1.8990068184621123e-08,1.015449121682766
population_mean,TAG56:5-FA16:0,-1.3207856106589588e-05,1.0175983598107916
population_mean,TAG56:5-FA18:0,-1.9795577608228143e-06,1.0176325197882155
population_mean,TAG56:5-FA18:1,-6.470145366144209e-07,1.0191544794138774
population_mean,TAG56:5-FA18:2,-2.6014738030433193e-07,1.0257178266180134
population_mean,TAG56:5-FA20:1,-9.614521352396821e-06,1.0191881251290182
population_mean,TAG56:5-FA20:2,-4.1590284105552655e-08,1.0270341175015043
population_mean,TAG56:5-FA20:3,-1.8990610672897645e-06,1.018852281414467
population_mean,TAG56:5-FA20:4,-1.739865675975949e-07,1.0225500265162495
population_mean,TAG56:5-FA22:4,-3.078113092636059e-06,1.0182699303959823
population_mean,TAG56:5-FA22:5,-1.2409196687990232e-06,1.0131164210291643
population_mean,TAG56:6-FA16:0,-9.591202739134275e-06,1.0129080525004228
population_mean,TAG56:6-FA18:0,-1.1670067212810054e-05,1.0225511709274278
population_mean,TAG56:6-FA18:1,-1.1680266340796663e-05,1.0203245634960931
population_mean,TAG56:6-FA18:2,-6.406886005061452e-06,1.028932392658148
population_mean,TAG56:6-FA18:3,-7.079690739208999e-06,1.0313450237052246
population_mean,TAG56:6-FA20:2,-3.7301442699089193e-06,1.0316650118654236
population_mean,TAG56:6-FA20:3,-2.822422642267952e-07,1.0294924106282117
population_mean,TAG56:6-FA20:4,-3.2299842711580595e-07,1.0282124478290053
population_mean,TAG56:6-FA20:5,-1.1763273218390324e-05,1.0332131161597773
population_mean,TAG56:6-FA22:4,-1.909625383822444e-06,1.0217959420761422
population_mean,TAG56:6-FA22:5,-3.3405232291450204e-07,1.013206310796877
population_mean,TAG56:6-FA22:6,-7.409086299814405e-06,1.0164510995107456
population_mean,TAG56:7-FA16:0,-2.6929856637991634e-06,1.0121645178416456
population_mean,TAG56:7-FA16:1,-3.6753500494146607e-06,1.0261806112825511
population_mean,TAG56:7-FA18:0,-1.2931204628419124e-05,1.0232730010874425
population_mean,TAG56:7-FA18:1,-9.064537485059532e-06,1.0241847626832354
population_mean,TAG56:7-FA18:2,-5.07532929889809e-05,1.0286470422263732
population_mean,TAG56:7-FA18:3,-2.2393708065449047e-05,1.0282681540551957
population_mean,TAG56:7-FA20:3,-1.2808956491028312e-06,1.030613948484641
population_mean,TAG56:7-FA20:4,-8.39692441023665e-06,1.0307044134329562
population_mean,TAG56:7-FA20:5,-2.8775380256140792e-05,1.0322493893065692
population_mean,TAG56:7-FA22:4,-4.628935073913709e-06,1.026160123759861
population_mean,TAG56:7-FA22:5,-6.841460520767839e-06,1.016700165413058
population_mean,TAG56:7-FA22:6,-4.121346756758015e-06,1.0177649634478283
population_mean,TAG56:8-FA16:0,-2.6001033615052904e-07,1.0137464146860544
population_mean,TAG56:8-FA16:1,-2.148582574967861e-06,1.0225150453224168
population_mean,TAG56:8-FA18:1,-2.1091109097426397e-05,1.0301191547511623
population_mean,TAG56:8-FA18:2,-1.8531873274829636e-05,1.0203845270593344
population_mean,TAG56:8-FA18:3,-2.871273596549706e-05,1.0236126482045518
population_mean,TAG56:8-FA20:4,-4.060412514217404e-06,1.0329409673158827
population_mean,TAG56:8-FA20:5,-3.9946677473645664e-05,1.0301990383578274
population_mean,TAG56:8-FA22:5,-8.390450956019535e-06,1.0214936189378603
population_mean,TAG56:8-FA22:6,-1.547122630007891e-08,1.0150749398313499
population_mean,TAG56:9-FA18:3,-2.2474434754560235e-05,1.0256451359812926
population_mean,TAG56:9-FA20:4,-3.024952984764795e-06,1.0280188478208145
population_mean,TAG56:9-FA20:5,-3.051088280559e-05,1.0289715706691038
population_mean,TAG56:9-FA22:6,-8.151201829065258e-07,1.0184847799485486
population_mean,TAG57:2-FA18:1,-2.0945468797162192e-06,1.0171978371750163
population_mean,TAG57:3-FA18:2,-4.212072330478378e-06,1.01674516336421
population_mean,TAG58:10-FA18:2,-6.85899614416563e-06,1.0177209887369971
population_mean,TAG58:10-FA20:4,-4.501341374307799e-06,1.0232970780928332
population_mean,TAG58:10-FA22:6,-3.754177811732262e-06,1.0131749271231532
population_mean,TAG58:3-FA18:1,-2.8340383935177016e-06,1.0092357259778484
population_mean,TAG58:5-FA18:1,-6.093220100034102e-06,1.0172403711189226
population_mean,TAG58:6-FA16:0,-8.354317902581343e-06,1.0268992007357567
population_mean,TAG58:6-FA18:0,-5.4157419360212344e-06,1.0108865517681227
population_mean,TAG58:6-FA18:1,-1.3218120021862845e-05,1.0175983130211197
population_mean,TAG58:6-FA20:4,-3.7192044444189776e-07,1.0121310408817483
population_mean,TAG58:6-FA22:4,-1.1995627935412756e-07,1.0198278715868443
population_mean,TAG58:6-FA22:5,-8.700502540648358e-10,1.0149369387396068
population_mean,TAG58:7-FA16:0,-5.415375837314329e-06,1.0228970180775907
population_mean,TAG58:7-FA18:0,-1.534846090223141e-07,1.0109008035904667
population_mean,TAG58:7-FA18:1,-8.553312346171182e-06,1.0170985972750222
population_mean,TAG58:7-FA18:2,-3.193970772907839e-05,1.0214089228514283
population_mean,TAG58:7-FA20:4,-3.413305876609485e-06,1.01386916764979
population_mean,TAG58:7-FA22:4,-1.3796152069645018e-06,1.026822418737562
population_mean,TAG58:7-FA22:5,-3.418627736007096e-06,1.0207867674663949
population_mean,TAG58:7-FA22:6,-3.011035060840328e-06,1.0146780340746335
population_mean,TAG58:8-FA18:1,-4.008307534775213e-06,1.0148835873996003
population_mean,TAG58:8-FA18:2,-2.473391173407613e-05,1.0178476723720544
population_mean,TAG58:8-FA20:3,-4.593479833392422e-06,1.0076914560150452
population_mean,TAG58:8-FA20:4,-2.6054742043424284e-05,1.0169482270116934
population_mean,TAG58:8-FA22:5,-1.347992839484391e-05,1.0217217992844099
population_mean,TAG58:8-FA22:6,-2.6486598181385546e-07,1.0137502975704102
population_mean,TAG58:9-FA18:1,-2.5656246405159067e-06,1.0169568725387739
population_mean,TAG58:9-FA18:2,-7.7976836243554e-06,1.0133098922903796
population_mean,TAG58:9-FA20:4,-1.0208918546972257e-05,1.0145618928540443
population_mean,TAG58:9-FA22:5,-2.043208254454143e-05,1.0204563722640965
population_mean,TAG58:9-FA22:6,-2.1021596314785285e-06,1.011342000988795
population_mean,TAG60:10-FA22:5,-4.2034064740015253e-07,1.0106363060354775
population_mean,TAG60:10-FA22:6,-2.3024138284810647e-06,1.0165729315924035
population_mean,TAG60:11-FA22:6,-1.1826450496688068e-06,1.0203372683830207
static_ridge,CE(16:1),0.10284218450513427,0.9585736683033824
static_ridge,CE(18:1),0.021903145983352412,1.0009686854036899
static_ridge,CE(18:2),0.010974237902669604,1.0091571958220837
static_ridge,CE(18:3),0.055721723639748144,0.9797521437660959
static_ridge,CE(18:4),0.043506762661459475,0.9928139046083013
static_ridge,CE(20:2),0.05613275522265271,0.9775350857866836
static_ridge,CE(20:3),0.09095101458129462,0.9610918860386728
static_ridge,CE(20:4),-0.018857693391657993,1.02053124307997
static_ridge,CE(20:5),-0.010477620936127696,1.0453607339236344
static_ridge,CE(22:4),-0.02947860353047571,1.018079332549154
static_ridge,CE(22:5),-0.04043624261279266,1.02578376704669
static_ridge,CE(22:6),-0.06347242257626151,1.0527364157945978
static_ridge,CER(22:0),-0.03802708751529282,1.0315255050076988
static_ridge,CER(24:0),-0.01428308154193858,1.0200969602316994
static_ridge,CER(24:1),-0.02983007863188658,1.023088069501089
static_ridge,DAG(16:0_18:1),0.05814290548176626,0.9906722289509632
static_ridge,DAG(18:1_18:1),0.06979837072503237,0.9814570409048261
static_ridge,FFA(12:0),0.0414016286856016,0.9855868155149563
static_ridge,FFA(14:0),0.11878249135218855,0.9489056660103496
static_ridge,FFA(14:1),0.22946673928045358,0.891950043330085
static_ridge,FFA(15:0),-0.027947561963918677,1.033890450141766
static_ridge,FFA(16:0),0.07198528275890026,0.975318783580953
static_ridge,FFA(16:1),0.29688917579345175,0.8586478513418468
static_ridge,FFA(17:0),-0.02057093805613852,1.016745009935285
static_ridge,FFA(18:0),-0.01020646211674392,1.0089334564445187
static_ridge,FFA(18:1),0.1188885346190719,0.9594927369926709
static_ridge,FFA(18:2),0.099972424138146,0.974050484459533
static_ridge,FFA(18:3),0.05679262843645716,0.9998504127598624
static_ridge,FFA(18:4),-0.006287700549895581,1.0065399268891193
static_ridge,FFA(20:0),-0.0057719699328506735,1.0050160152260708
static_ridge,FFA(20:1),-0.02003812868906052,1.1136517528180478
static_ridge,FFA(20:2),-0.017692645783695893,1.1377912145695401
static_ridge,FFA(20:3),-0.01761318186176597,1.015585650617342
static_ridge,FFA(20:4),-0.020455429911981238,1.021383092286217
static_ridge,FFA(20:5),-0.06516603974724888,1.062043693988057
static_ridge,FFA(22:0),-0.01070930176992424,1.0141454512845818
static_ridge,FFA(22:1),-0.012771790174006536,1.0117127874560166
static_ridge,FFA(22:2),0.06168842662437379,0.9781385202674014
static_ridge,FFA(22:4),-0.015798963485807338,1.0180357815466123
static_ridge,FFA(22:5),-0.053085727366081414,1.0309036069713629
static_ridge,FFA(22:6),-0.1154390827590539,1.0734673566439177
static_ridge,FFA(24:0),-0.014888332424339623,1.0160544070606101
static_ridge,FFA(24:1),-0.010912608426026926,1.0140783326630194
static_ridge,HCER(16:0),-0.04073911622381621,1.030774459932366
static_ridge,HCER(22:0),-0.017407731871606602,1.0333345749823888
static_ridge,HCER(24:0),-0.0376279531530479,1.0418662059950141
static_ridge,HCER(24:1),-0.18509852931465054,1.152455641382672
static_ridge,LCER(16:0),0.0464297928923284,1.0473292914681338
static_ridge,LPC(15:0),-0.019627874152385427,1.0147169123741904
static_ridge,LPC(16:0),0.0930935631194506,0.9765375398777613
static_ridge,LPC(16:1),-0.020604803694952212,1.0213854524302255
static_ridge,LPC(17:0),0.04155636326243095,0.9916186236421946
static_ridge,LPC(18:0),0.02104537161195641,1.0000934865458915
static_ridge,LPC(18:1),0.062047695257843816,0.9985894500139391
static_ridge,LPC(18:2),0.09742798185684654,0.9745266718236774
static_ridge,LPC(20:3),0.028585197113792704,1.0007440257447775
static_ridge,LPC(20:4),0.018879885066283575,1.0074113139448586
static_ridge,LPE(16:0),-0.01081545096414227,1.0363277897014238
static_ridge,LPE(18:0),0.0650594444657221,0.9824184742722356
static_ridge,LPE(18:1),0.003014243135632033,1.0125044408360455
static_ridge,LPE(18:2),-0.04339785269204999,1.0286411563079934
static_ridge,LPE(20:4),-0.09122316777142236,1.0569637228410262
static_ridge,PC(14:0_18:1),0.06807730122597444,0.971122116574345
static_ridge,PC(14:0_18:2),0.061606816709843915,0.9812661937845216
static_ridge,PC(16:0_14:0),-0.04639510686878734,1.0266102400271044
static_ridge,PC(16:0_16:0),-0.013017053792637068,1.014162897530367
static_ridge,PC(16:0_16:1),0.08352190410178462,0.9727062816450834
static_ridge,PC(16:0_18:0),-0.011130199565448917,1.0155157888432353
static_ridge,PC(16:0_18:1),0.06501509267893235,0.9769379880673469
static_ridge,PC(16:0_18:2),0.014888877845660842,1.0055916262439848
static_ridge,PC(16:0_18:3),0.005965047862686257,1.000243941558343
static_ridge,PC(16:0_20:2),0.026106549556426106,1.000739207360245
static_ridge,PC(16:0_20:3),0.11878595496344335,0.9499278854121295
static_ridge,PC(16:0_20:4),0.04673443107341235,0.9931155388991026
static_ridge,PC(16:0_20:5),-0.009526541465372684,1.036904349992242
static_ridge,PC(16:0_22:4),0.024065725653254377,0.9987562740923854
static_ridge,PC(16:0_22:5),-0.02022061274477438,1.021887504592957
static_ridge,PC(16:0_22:6),-0.07041834215408183,1.0538061452619254
static_ridge,PC(17:0_18:1),0.06919958659872849,0.968954791008293
static_ridge,PC(17:0_18:2),0.09933462854777075,0.9639759309732608
static_ridge,PC(18:0_18:0),0.018861605852879215,0.9977070825541962
static_ridge,PC(18:0_18:1),0.08668214246701789,0.9693769672415116
static_ridge,PC(18:0_18:2),0.03848050787886759,1.0076059466587126
static_ridge,PC(18:0_20:2),0.12411331021069871,0.9520856171703654
static_ridge,PC(18:0_20:3),0.1708206892415849,0.9276736469957408
static_ridge,PC(18:0_20:4),0.11270152365122266,0.9695543140701435
static_ridge,PC(18:0_20:5),0.0075583910952568,1.0354227140020484
static_ridge,PC(18:0_22:5),-0.004330717154630737,1.0168076036374027
static_ridge,PC(18:0_22:6),-0.04809159659523532,1.0441801557662882
static_ridge,PC(18:1_16:1),0.20439162202994243,0.9060989872487445
static_ridge,PC(18:1_18:1),0.0029841106166447195,1.0343631936024866
static_ridge,PC(18:1_18:2),-0.006675740468437885,1.0232100528820713
static_ridge,PC(18:1_20:3),0.16483127033944522,0.9262755840514297
static_ridge,PC(18:1_20:4),0.11231163500092678,0.9532949229250023
static_ridge,PC(18:2_16:1),0.2095121683502399,0.9011460872605933
static_ridge,PC(18:2_18:2),-0.01772506233718696,1.019118921572679
static_ridge,PC(18:2_20:3),0.04383005448945987,0.9912593987350496
static_ridge,PC(18:2_20:4),0.016862878005277415,1.0007634679444468
static_ridge,PE(16:0_18:2),0.09150144885921996,0.9931452667779911
static_ridge,PE(16:0_20:4),0.05340299690806105,1.0075624137686772
static_ridge,PE(18:0_18:0),-0.011436476317668198,1.017997398969832
static_ridge,PE(18:0_18:1),0.020332573533925258,0.9932460479215204
static_ridge,PE(18:0_18:2),0.031595970153362574,0.9950539904098439
static_ridge,PE(18:0_20:4),0.06509073774727192,0.9904606990134524
static_ridge,PE(18:0_22:5),-0.03031517203238865,1.0249022757849315
static_ridge,PE(18:1_18:2),0.03114569691496305,1.0018341419938097
static_ridge,PE(18:1_20:4),0.08922297648766753,0.9710554067224388
static_ridge,PE(O-16:0_20:4),-0.16828461085658208,1.1140720448677845
static_ridge,PE(O-18:0_20:4),-0.09761470030279917,1.0723335650651613
static_ridge,PE(P-16:0_18:1),-0.019851152447481812,1.0248692033745919
static_ridge,PE(P-16:0_18:2),0.023471812418998317,1.0041991599530744
static_ridge,PE(P-16:0_20:4),-0.16030329610034988,1.0908228555156536
static_ridge,PE(P-16:0_22:5),-0.0026881042665851673,1.0097189740301986
static_ridge,PE(P-18:0_18:1),-0.04996557503423893,1.0436778570259748
static_ridge,PE(P-18:0_18:2),-0.009289280287560375,1.029893969251918
static_ridge,PE(P-18:0_20:4),-0.22353025711135266,1.1239774617838918
static_ridge,PE(P-18:1_18:1),0.005062790174877652,1.010186042955795
static_ridge,PE(P-18:1_18:2),0.015426363843336621,1.0051081281555636
static_ridge,PE(P-18:1_20:4),-0.15036659189056945,1.0848054376879994
static_ridge,PI(16:0_18:1),0.023256521786193307,0.9969966365219476
static_ridge,PI(16:0_18:2),0.027379680171654264,0.9969772415873611
static_ridge,PI(16:0_20:4),0.08190956075777645,0.9685769554278516
static_ridge,PI(18:0_18:1),0.037283131125465774,0.9902237558888427
static_ridge,PI(18:0_18:2),0.019914080363176545,1.0014542339399415
static_ridge,PI(18:0_20:3),0.11796380461917388,0.9475746295939502
static_ridge,PI(18:0_20:4),0.06257490101141772,0.9766983845388727
static_ridge,PI(18:1_18:1),-0.0022238183204077444,1.0196825011157282
static_ridge,SM(14:0),0.08095314420192834,0.9774118002761775
static_ridge,SM(16:0),0.009899382141257851,1.0118712216251573
static_ridge,SM(18:0),0.04745703742638663,0.9842790358582938
static_ridge,SM(18:1),0.1509199179854217,0.9321102519757831
static_ridge,SM(20:0),0.019435995769915837,0.9943327919792229
static_ridge,SM(20:1),0.16043447504482056,0.9272733690186089
static_ridge,SM(22:0),-0.02126474033729786,1.0189773735773535
static_ridge,SM(22:1),0.09845390243722241,0.9605620272766474
static_ridge,SM(24:0),-0.08574846131795288,1.0575092941355242
static_ridge,SM(24:1),0.027666586211176125,1.0032856109450161
static_ridge,SM(26:0),0.008952477611385179,0.997596132215505
static_ridge,SM(26:1),0.02051096286327847,1.018065321408147
static_ridge,TAG44:1-FA16:0,-0.005822971877070371,1.0146355909903386
static_ridge,TAG44:1-FA18:1,-0.008400839428568174,1.0140702406221194
static_ridge,TAG46:0-FA14:0,-0.02853826434607032,1.02886172624315
static_ridge,TAG46:0-FA16:0,-0.0259633665485286,1.0274603029817913
static_ridge,TAG46:1-FA12:0,-0.008711629974660795,1.0183715077699445
static_ridge,TAG46:1-FA14:0,0.006440362359787288,1.0127568930206887
static_ridge,TAG46:1-FA16:0,0.000945503035071571,1.0154285547110227
static_ridge,TAG46:1-FA18:1,-0.001085005510176984,1.0145763009579645
static_ridge,TAG46:2-FA12:0,0.0030562989681431896,1.017139142902397
static_ridge,TAG46:2-FA14:0,0.015777631834045014,1.0106542133897536
static_ridge,TAG46:2-FA16:0,0.0007916656625377438,1.0188097000406422
static_ridge,TAG46:2-FA18:1,0.033890416833291304,0.9930832690800222
static_ridge,TAG46:2-FA18:2,-0.006968160876654084,1.0234745559584564
static_ridge,TAG46:3-FA18:2,0.029228040471795946,1.0025165100729412
static_ridge,TAG47:0-FA16:0,-0.06569909749465919,1.047570534672552
static_ridge,TAG47:1-FA16:1,0.039818738694361144,0.994033925698781
static_ridge,TAG47:1-FA18:1,-0.02322748970539923,1.0261684652516652
static_ridge,TAG47:2-FA18:1,0.02720374060134856,1.0039404344858338
static_ridge,TAG48:0-FA14:0,-0.006176536321934378,1.0180377070481725
static_ridge,TAG48:0-FA16:0,-0.019785426306978326,1.0252965245267014
static_ridge,TAG48:0-FA18:0,-0.01997584988480483,1.0239775431781766
static_ridge,TAG48:1-FA14:0,0.01934255588831668,1.006237620204752
static_ridge,TAG48:1-FA16:0,0.02284354933326649,1.0055561179072376
static_ridge,TAG48:1-FA16:1,0.03046948555610729,1.0050048312206354
static_ridge,TAG48:1-FA18:1,0.02074480649353594,1.0056979153712815
static_ridge,TAG48:2-FA12:0,0.03594282866134246,0.9940487981595664
static_ridge,TAG48:2-FA14:0,0.04575964033966795,0.998571369492126
static_ridge,TAG48:2-FA14:1,0.05910220908575459,0.9859490319447518
static_ridge,TAG48:2-FA16:0,0.0379090217584066,1.0024116312548308
static_ridge,TAG48:2-FA16:1,0.1046577865449323,0.9690402687233434
static_ridge,TAG48:2-FA18:1,0.07888198945154079,0.9752477425979627
static_ridge,TAG48:2-FA18:2,0.016008286693636076,1.01640670464341
static_ridge,TAG48:3-FA12:0,0.034884690855793155,0.9991535645030961
static_ridge,TAG48:3-FA14:0,0.08291486577630114,0.9823046325884329
static_ridge,TAG48:3-FA14:1,0.08155992372324938,0.9813450262022285
static_ridge,TAG48:3-FA16:0,0.03960267803926554,1.0023957245158477
static_ridge,TAG48:3-FA16:1,0.12737443501902657,0.9590882833590648
static_ridge,TAG48:3-FA18:1,0.051901256563395504,0.9907822704686695
static_ridge,TAG48:3-FA18:2,0.07891383799924978,0.9827132695896578
static_ridge,TAG48:3-FA18:3,-0.004767313503697634,1.019949183230951
static_ridge,TAG48:4-FA12:0,0.024487316394844028,1.0065877932450522
static_ridge,TAG48:4-FA18:1,0.03589999491961282,0.9971746697538396
static_ridge,TAG48:4-FA18:2,0.045645697933446305,0.9980657922265556
static_ridge,TAG49:0-FA16:0,-0.04456941625192279,1.039249576950177
static_ridge,TAG49:0-FA17:0,-0.04813576939852493,1.0423257238300117
static_ridge,TAG49:1-FA15:0,-0.014883049933464898,1.0263083138736566
static_ridge,TAG49:1-FA16:0,-0.014828542825314317,1.027370504854253
static_ridge,TAG49:1-FA16:1,0.03746328311327651,1.0037984406513414
static_ridge,TAG49:1-FA18:1,-0.01648519286207506,1.0269793197213275
static_ridge,TAG49:2-FA14:0,0.04584049456473904,0.9990732497198329
static_ridge,TAG49:2-FA15:0,0.029906437378904083,1.012656780500642
static_ridge,TAG49:2-FA16:0,0.009570290726909514,1.022692692110862
static_ridge,TAG49:2-FA16:1,0.10171464480444159,0.9710989238522711
static_ridge,TAG49:2-FA18:1,0.07819171595392316,0.9795158321482166
static_ridge,TAG49:2-FA18:2,-0.015139258948873469,1.0371559344068892
static_ridge,TAG49:3-FA15:0,0.08011721986847586,0.9889884126510058
static_ridge,TAG49:3-FA16:0,-0.008000003611757345,1.0289398804789778
static_ridge,TAG49:3-FA16:1,0.13788379988195043,0.9581374427388267
static_ridge,TAG49:3-FA18:2,0.09248430614888992,0.9837825453922036
static_ridge,TAG50:0-FA16:0,0.003624666651541153,1.0139777399561951
static_ridge,TAG50:0-FA18:0,-0.016822828372690557,1.0234763732866266
static_ridge,TAG50:1-FA14:0,0.05185418484774784,0.986986488900903
static_ridge,TAG50:1-FA16:0,0.03498597954406213,1.0002659454575342
static_ridge,TAG50:1-FA16:1,0.09113447353622328,0.9753802029532387
static_ridge,TAG50:1-FA18:0,0.04183284482812921,0.9949260744251196
static_ridge,TAG50:1-FA18:1,0.03638895146202248,1.0005837026921853
static_ridge,TAG50:2-FA14:0,0.09946848183141455,0.9626141499972429
static_ridge,TAG50:2-FA14:1,0.02141617569288279,1.0025009123027007
static_ridge,TAG50:2-FA16:0,0.08495467219310582,0.9799848324032044
static_ridge,TAG50:2-FA16:1,0.13963710398173224,0.9512493404364797
static_ridge,TAG50:2-FA18:0,0.040761242747684445,0.9986076046170259
static_ridge,TAG50:2-FA18:1,0.1322102682359364,0.9507770395756062
static_ridge,TAG50:2-FA18:2,0.04436881544201121,1.003725753700667
static_ridge,TAG50:3-FA14:0,0.0985773972968097,0.9689803207918356
static_ridge,TAG50:3-FA14:1,0.07650218717303336,0.9756300671457047
static_ridge,TAG50:3-FA16:0,0.13546152604441253,0.9584069365517246
static_ridge,TAG50:3-FA16:1,0.17724703560755428,0.9351959680494979
static_ridge,TAG50:3-FA18:0,0.03428340811120656,1.0013802311572815
static_ridge,TAG50:3-FA18:1,0.12548932320772688,0.9537995725812155
static_ridge,TAG50:3-FA18:2,0.14281231856417764,0.951576268416777
static_ridge,TAG50:3-FA18:3,0.009040797867995165,1.0181951496665091
static_ridge,TAG50:4-FA14:0,0.07155311182415436,0.987903294809675
static_ridge,TAG50:4-FA14:1,0.08248198417428054,0.9804280103968346
static_ridge,TAG50:4-FA16:0,0.09113223755164224,0.9770202752831435
static_ridge,TAG50:4-FA16:1,0.19519787553872447,0.9271824177978595
static_ridge,TAG50:4-FA18:1,0.0799843063405985,0.9774645287542272
static_ridge,TAG50:4-FA18:2,0.10102743570129391,0.9723906003347491
static_ridge,TAG50:4-FA18:3,0.0979468006095372,0.9699179610516244
static_ridge,TAG50:5-FA14:0,0.04116518985293638,0.9999400830771838
static_ridge,TAG50:5-FA16:1,0.15677166426314415,0.9452643863874816
static_ridge,TAG50:5-FA18:1,0.042175329568482356,0.9964201308329076
static_ridge,TAG50:5-FA18:2,0.056311812511364634,0.9958555204196814
static_ridge,TAG50:5-FA18:3,0.0650219430681197,0.9885352689891763
static_ridge,TAG51:0-FA16:0,-0.04227593708511157,1.0357503201447553
static_ridge,TAG51:0-FA17:0,-0.022085714200497097,1.029596549338853
static_ridge,TAG51:0-FA18:0,-0.041695929043140456,1.0361660294003763
static_ridge,TAG51:1-FA15:0,0.00952276310162592,1.01198729752794
static_ridge,TAG51:1-FA16:0,0.01741253127154052,1.0119425283180041
static_ridge,TAG51:1-FA17:0,0.013391120994748151,1.015228199908188
static_ridge,TAG51:1-FA18:0,0.00029338525152777795,1.0174877372953097
static_ridge,TAG51:1-FA18:1,0.02465327476912027,1.0079341013802268
static_ridge,TAG51:2-FA15:0,0.0425400895327821,0.9943625887839853
static_ridge,TAG51:2-FA16:0,0.07808850451744576,0.987235647314176
static_ridge,TAG51:2-FA16:1,0.11919439773478557,0.9622849544440537
static_ridge,TAG51:2-FA17:0,0.060222127254017765,1.000594457554079
static_ridge,TAG51:2-FA18:1,0.0800223674311904,0.977766676194409
static_ridge,TAG51:2-FA18:2,0.030015813763508148,1.01733152678447
static_ridge,TAG51:3-FA15:0,0.03229014043352729,1.0060536579983963
static_ridge,TAG51:3-FA16:1,0.16368816378267703,0.942026061066938
static_ridge,TAG51:3-FA17:0,0.11379519005822525,0.9755000937242478
static_ridge,TAG51:3-FA18:2,0.08546890610837687,0.9856409269794335
static_ridge,TAG51:4-FA15:0,0.0200638103192754,1.0146923194223412
static_ridge,TAG51:4-FA16:1,0.18238812431211082,0.937629819222533
static_ridge,TAG51:4-FA18:2,0.05316034762723465,0.9991807529076567
static_ridge,TAG51:4-FA18:3,0.051412255421026676,0.997240426079521
static_ridge,TAG51:5-FA18:2,0.004941879572868735,1.0201449995144238
static_ridge,TAG52:0-FA16:0,0.0024827736097835507,1.01163054692383
static_ridge,TAG52:0-FA18:0,0.003280361499052309,1.0119257683563567
static_ridge,TAG52:0-FA20:0,-0.09999085726033408,1.0591066155680837
static_ridge,TAG52:1-FA16:0,0.0683483632714591,0.9795319344539182
static_ridge,TAG52:1-FA16:1,0.04989211083884515,0.9921402581178748
static_ridge,TAG52:1-FA18:0,0.04615184229081781,0.9902845603618083
static_ridge,TAG52:1-FA18:1,0.07820412932585818,0.9754802935845797
static_ridge,TAG52:1-FA20:1,0.010022501841073894,1.0116624477642575
static_ridge,TAG52:2-FA16:0,0.10304585818171541,0.9629993091280236
static_ridge,TAG52:2-FA16:1,0.13075039359636065,0.9542079752563858
static_ridge,TAG52:2-FA18:0,0.06513346079134796,0.986043380686771
static_ridge,TAG52:2-FA18:1,0.10179313231994214,0.96396071421892
static_ridge,TAG52:2-FA18:2,0.07926729421256185,0.97707343316238
static_ridge,TAG52:2-FA20:1,0.08061367610241377,0.976863154109828
static_ridge,TAG52:2-FA20:2,0.03502265886179856,1.0039627086367335
static_ridge,TAG52:3-FA14:0,0.08435008467848759,0.9758876043739431
static_ridge,TAG52:3-FA16:0,0.08447840470362333,0.9737442090291949
static_ridge,TAG52:3-FA16:1,0.14439851623359012,0.9496070974198443
static_ridge,TAG52:3-FA18:0,0.10383912351589752,0.9706059895173191
static_ridge,TAG52:3-FA18:1,0.1016588094989409,0.9655966564750363
static_ridge,TAG52:3-FA18:2,0.08371805367034657,0.9743284837459683
static_ridge,TAG52:3-FA18:3,0.06450881262634589,0.9843543968596298
static_ridge,TAG52:3-FA20:0,0.0817419858431937,0.9747352323001425
static_ridge,TAG52:3-FA20:1,0.1100526131957239,0.9621141281487944
static_ridge,TAG52:3-FA20:2,0.13042994349765524,0.9541700712387126
static_ridge,TAG52:3-FA20:3,0.016282784465629585,1.0100086884205952
static_ridge,TAG52:4-FA14:0,0.06042034486399672,0.9882374788701705
static_ridge,TAG52:4-FA16:0,0.06138524909075527,0.9879897420239004
static_ridge,TAG52:4-FA16:1,0.12226382288332649,0.9641726493464984
static_ridge,TAG52:4-FA18:0,0.07210619952969466,0.9831000581552345
static_ridge,TAG52:4-FA18:1,0.1214730436709156,0.9595936962194004
static_ridge,TAG52:4-FA18:2,0.06393825336392223,0.988141637904292
static_ridge,TAG52:4-FA18:3,0.06944259855620782,0.9836994265889841
static_ridge,TAG52:4-FA20:0,0.05558386388116865,0.9901430255925585
static_ridge,TAG52:4-FA20:2,0.1344361680139683,0.952942925184514
static_ridge,TAG52:4-FA20:3,0.1159751062099379,0.959302269518343
static_ridge,TAG52:4-FA20:4,-0.028083842216654054,1.0336168157571133
static_ridge,TAG52:5-FA14:0,0.022609379573625188,1.004197456913289
static_ridge,TAG52:5-FA16:0,0.043296168824790704,0.9990634129907743
static_ridge,TAG52:5-FA16:1,0.10212359458938991,0.9754540802304928
static_ridge,TAG52:5-FA18:1,0.10449450394383508,0.9701233151947977
static_ridge,TAG52:5-FA18:2,0.0696616997132965,0.9904076871372128
static_ridge,TAG52:5-FA18:3,0.0508829363426303,0.9988595390470584
static_ridge,TAG52:5-FA20:4,0.05464427826595597,0.9930743555608949
static_ridge,TAG52:5-FA20:5,-0.12450015741788145,1.0800849381185922
static_ridge,TAG52:5-FA22:5,0.02179309750532643,1.0074478683375043
static_ridge,TAG52:6-FA16:0,-0.012674850592181208,1.0251441612219472
static_ridge,TAG52:6-FA16:1,0.08890263000953391,0.9819371671068239
static_ridge,TAG52:6-FA18:1,0.0037213829286442124,1.0225728020569758
static_ridge,TAG52:6-FA18:2,0.051925630967793235,1.001002172339207
static_ridge,TAG52:6-FA18:3,0.04590208230650694,1.0045098479827517
static_ridge,TAG52:6-FA20:4,0.047526896231544935,0.9977594792036504
static_ridge,TAG52:6-FA20:5,-0.07651764342088474,1.0686064728804272
static_ridge,TAG52:6-FA22:6,-0.09428806380367738,1.0672380706251887
static_ridge,TAG52:7-FA16:0,-0.04725551436742914,1.0384908801433956
static_ridge,TAG52:7-FA18:1,-0.004538285066673531,1.0235511960616124
static_ridge,TAG53:0-FA16:0,-0.07797693725206578,1.0641302401956372
static_ridge,TAG53:1-FA16:0,-0.0176125576297399,1.0178903050816144
static_ridge,TAG53:1-FA17:0,0.032531379945948125,1.0006731366790136
static_ridge,TAG53:1-FA18:0,0.004461441364325913,1.014199753183552
static_ridge,TAG53:1-FA18:1,0.02481456571552354,1.0026556403712623
static_ridge,TAG53:2-FA16:0,0.047148673539738284,0.9943458388515363
static_ridge,TAG53:2-FA17:0,0.07321883436306986,0.9790311337575679
static_ridge,TAG53:2-FA18:1,0.07423178235874839,0.9780917708586268
static_ridge,TAG53:2-FA18:2,0.03160209825341742,1.0073259168435538
static_ridge,TAG53:3-FA16:0,0.07069246003491536,0.9906250786796122
static_ridge,TAG53:3-FA17:0,0.06772841590845302,0.987547704171319
static_ridge,TAG53:3-FA18:2,0.0719322977652671,0.9860185707393861
static_ridge,TAG53:4-FA16:0,0.04127398180103692,1.0055380891234322
static_ridge,TAG53:4-FA17:0,0.04560654330338354,1.00152398126541
static_ridge,TAG53:4-FA18:2,0.07796923904286868,0.9855060955047762
static_ridge,TAG53:4-FA18:3,0.052232492955586074,0.9942140367482587
static_ridge,TAG53:5-FA20:4,-0.00268385790144543,1.0277261851174293
static_ridge,TAG54:0-FA18:0,-0.05969176108979135,1.0407525222172564
static_ridge,TAG54:1-FA16:0,-0.05634435473177324,1.0370821618610593
static_ridge,TAG54:1-FA18:0,-0.02464748881986467,1.02377624646702
static_ridge,TAG54:1-FA18:1,-0.02666797334338944,1.0266138303481127
static_ridge,TAG54:1-FA20:0,-0.08724161832853694,1.0540930672508424
static_ridge,TAG54:1-FA20:1,0.04055364702555042,0.9928802783916145
static_ridge,TAG54:2-FA16:0,0.0617396635367059,0.9819692764566292
static_ridge,TAG54:2-FA18:0,-0.005240190479116169,1.0171931770414575
static_ridge,TAG54:2-FA18:1,-0.0023068462103719156,1.016948617507344
static_ridge,TAG54:2-FA18:2,-0.014726272016182707,1.0206326044344816
static_ridge,TAG54:2-FA20:0,-0.08144614728030564,1.0508680800091663
static_ridge,TAG54:2-FA20:1,0.07121324846119859,0.9770971263546985
static_ridge,TAG54:2-FA20:2,0.07674201895512978,0.9772511320024947
static_ridge,TAG54:3-FA16:0,0.09963734778424649,0.9655290761979626
static_ridge,TAG54:3-FA16:1,0.10158805237427126,0.9663405245588075
static_ridge,TAG54:3-FA18:0,-0.01782270859736279,1.0242210973352515
static_ridge,TAG54:3-FA18:1,-0.03212810228200946,1.0354293101609136
static_ridge,TAG54:3-FA18:2,-0.013628278410769079,1.0221534549241589
static_ridge,TAG54:3-FA18:3,-0.011665628714256027,1.018209942584955
static_ridge,TAG54:3-FA20:1,0.09550898209419245,0.9673463320730216
static_ridge,TAG54:3-FA20:2,0.10497078343537514,0.9626393310854819
static_ridge,TAG54:3-FA20:3,0.06787007704214365,0.9797396268818199
static_ridge,TAG54:4-FA16:0,0.10980035806656074,0.9608449001599911
static_ridge,TAG54:4-FA16:1,0.13603638513266114,0.9524836376208332
static_ridge,TAG54:4-FA18:0,-0.014416609143493853,1.0243281141502514
static_ridge,TAG54:4-FA18:1,-0.05786298895823472,1.0495249023287654
static_ridge,TAG54:4-FA18:2,-0.05402849691215472,1.0472746334616143
static_ridge,TAG54:4-FA18:3,-0.013066914359604942,1.0254111209888004
static_ridge,TAG54:4-FA20:1,0.09920332910510954,0.9678783763688711
static_ridge,TAG54:4-FA20:2,0.11451770612626411,0.9615189617672141
static_ridge,TAG54:4-FA20:3,0.11421704760377127,0.9554596742443142
static_ridge,TAG54:4-FA20:4,0.014575765661041906,1.0113914119389382
static_ridge,TAG54:4-FA22:1,-0.052495256925964906,1.0437666171947801
static_ridge,TAG54:4-FA22:4,-0.018144446635760536,1.0305660668402685
static_ridge,TAG54:5-FA16:0,0.06640819082397997,0.9834585501238456
static_ridge,TAG54:5-FA16:1,0.16202535414863872,0.9386459544075002
static_ridge,TAG54:5-FA18:0,-0.01347200079447819,1.026659392773252
static_ridge,TAG54:5-FA18:1,-0.05860060711039772,1.0536035499795307
static_ridge,TAG54:5-FA18:2,-0.06446035463844435,1.0583009055095474
static_ridge,TAG54:5-FA18:3,-0.05614154292333429,1.0553998479143978
static_ridge,TAG54:5-FA20:2,0.10960026760788033,0.9698416870014823
static_ridge,TAG54:5-FA20:3,0.1281275228629455,0.9543385113823017
static_ridge,TAG54:5-FA20:4,0.061939277695368555,0.9879020073130131
static_ridge,TAG54:5-FA20:5,-0.09169760335058208,1.0691100168719385
static_ridge,TAG54:5-FA22:1,-0.050964897593919645,1.048518352501943
static_ridge,TAG54:5-FA22:4,0.07614144048064242,0.9847868860263035
static_ridge,TAG54:5-FA22:5,-0.039374560259794134,1.0379067395268675
static_ridge,TAG54:6-FA16:0,-0.0359953023168349,1.0392872443479182
static_ridge,TAG54:6-FA16:1,0.10513964796610098,0.9701456360717534
static_ridge,TAG54:6-FA18:1,-0.05171270777387771,1.0531247059328446
static_ridge,TAG54:6-FA18:2,-0.05560163685924002,1.059104737780165
static_ridge,TAG54:6-FA18:3,-0.07711192131978994,1.0713124741356352
static_ridge,TAG54:6-FA20:3,0.13255674163271414,0.9555271461606055
static_ridge,TAG54:6-FA20:4,0.07289035492342233,0.9879035079420689
static_ridge,TAG54:6-FA20:5,-0.07732281459284152,1.070063575194523
static_ridge,TAG54:6-FA22:5,0.033731039636766935,1.0054871237241423
static_ridge,TAG54:6-FA22:6,-0.0800813505942013,1.0565676416622831
static_ridge,TAG54:7-FA16:1,-0.04559965221428275,1.059056596472811
static_ridge,TAG54:7-FA18:1,-0.02796549753464994,1.0387740027593602
static_ridge,TAG54:7-FA18:2,-0.057540924904394775,1.0581332528671747
static_ridge,TAG54:7-FA18:3,-0.08187181849599345,1.0744592523333016
static_ridge,TAG54:7-FA20:4,0.08081079553687398,0.9872729401147127
static_ridge,TAG54:7-FA20:5,-0.0865942351819895,1.0742223055638729
static_ridge,TAG54:7-FA22:5,0.018960101145279795,1.0094758261603676
static_ridge,TAG54:7-FA22:6,-0.06047900384224958,1.0614882992352568
static_ridge,TAG54:8-FA18:2,-0.048538251786656605,1.0521158337695027
static_ridge,TAG54:8-FA18:3,-0.08472003786055482,1.0717136510724796
static_ridge,TAG54:8-FA20:5,-0.07876680912635003,1.0726816372465786
static_ridge,TAG54:8-FA22:6,-0.04572229827089269,1.044602713413113
static_ridge,TAG55:1-FA16:0,-0.0458641572540619,1.0366041091159266
static_ridge,TAG55:1-FA18:1,-0.08207708496066024,1.069549548167154
static_ridge,TAG55:2-FA18:1,-0.05774191033594134,1.0396280596095269
static_ridge,TAG55:2-FA18:2,-0.09660952384421329,1.079816478001484
static_ridge,TAG55:3-FA18:1,-0.008480608709177329,1.0204471210321902
static_ridge,TAG55:3-FA18:2,-0.0674342715243188,1.0458239258465603
static_ridge,TAG55:4-FA18:1,0.021733396881678857,1.0063354545894398
static_ridge,TAG55:4-FA18:2,-0.00868511098757696,1.0211157388286878
static_ridge,TAG55:5-FA18:1,0.016523287131541498,1.0114122442319124
static_ridge,TAG55:5-FA18:2,0.006833064227919183,1.0197950851619069
static_ridge,TAG55:5-FA20:4,0.014390368581732926,1.0178992459335927
static_ridge,TAG55:7-FA22:6,-0.09009392026367236,1.0573031802541333
static_ridge,TAG56:10-FA18:2,-0.0742252460954893,1.0483063544489857
static_ridge,TAG56:1-FA18:1,-0.11296826569091212,1.0686803743247004
static_ridge,TAG56:2-FA16:0,-0.030731633546310366,1.023368895883542
static_ridge,TAG56:2-FA18:0,-0.0627702320904342,1.0403990228797202
static_ridge,TAG56:2-FA20:0,-0.16953951757894892,1.1019390601111054
static_ridge,TAG56:2-FA20:1,-0.04569789629693788,1.0340839274388314
static_ridge,TAG56:3-FA16:0,0.02975055089262979,1.0000049936756161
static_ridge,TAG56:3-FA18:0,0.014859670715546947,1.0071996065157585
static_ridge,TAG56:3-FA18:1,-0.07403652833813767,1.050383354766786
static_ridge,TAG56:3-FA18:2,-0.12977542352142635,1.0701671179807601
static_ridge,TAG56:3-FA20:0,-0.1850026018270201,1.1008621108464016
static_ridge,TAG56:3-FA20:1,-0.05846628548439092,1.0423184866467723
static_ridge,TAG56:3-FA20:2,0.017398623733406282,1.0051463834793877
static_ridge,TAG56:4-FA16:0,0.06177490596992585,0.9861949600742188
static_ridge,TAG56:4-FA18:0,0.05633359336322363,0.9869883101601374
static_ridge,TAG56:4-FA18:1,0.0013398384387569573,1.016227489799042
static_ridge,TAG56:4-FA18:2,-0.074954599388801,1.0512802393398426
static_ridge,TAG56:4-FA20:1,-0.07829110765637037,1.0526547857300625
static_ridge,TAG56:4-FA20:2,0.013134614109887699,1.0121046592783127
static_ridge,TAG56:4-FA20:3,0.06718906380993772,0.9807822159579903
static_ridge,TAG56:4-FA20:4,0.00581393267358965,1.0124929326351162
static_ridge,TAG56:5-FA16:0,0.046061238673785754,0.9938796037581619
static_ridge,TAG56:5-FA18:0,0.03159232226575581,1.0014278362019908
static_ridge,TAG56:5-FA18:1,0.057632138578388115,0.9893503468991741
static_ridge,TAG56:5-FA18:2,-0.015516644286772019,1.0336449089158113
static_ridge,TAG56:5-FA20:1,-0.0601270023168301,1.0493762128040867
static_ridge,TAG56:5-FA20:2,-0.025650934976283235,1.040122885092607
static_ridge,TAG56:5-FA20:3,0.05119802836962506,0.9924270638561851
static_ridge,TAG56:5-FA20:4,0.030601502892797283,1.0067825917745072
static_ridge,TAG56:5-FA22:4,0.08465572251770526,0.9742142688516376
static_ridge,TAG56:5-FA22:5,-0.005272113342134288,1.0157829123564144
static_ridge,TAG56:6-FA16:0,-0.013247073516232,1.0195901238765015
static_ridge,TAG56:6-FA18:0,-0.030999224305765516,1.0382732990098633
static_ridge,TAG56:6-FA18:1,0.006596678886957141,1.0169476791913254
static_ridge,TAG56:6-FA18:2,0.02658473604510614,1.0151600643821197
static_ridge,TAG56:6-FA18:3,-0.015242895384385502,1.0391719598990004
static_ridge,TAG56:6-FA20:2,-0.028532890722355653,1.0462777364813522
static_ridge,TAG56:6-FA20:3,0.026631597336709056,1.0156912477728
static_ridge,TAG56:6-FA20:4,0.022936000658415945,1.0163523436233455
static_ridge,TAG56:6-FA20:5,-0.07008197703153995,1.0687986118928656
static_ridge,TAG56:6-FA22:4,0.0999540504029629,0.9693845637760036
static_ridge,TAG56:6-FA22:5,0.030271034365061178,0.997752897502869
static_ridge,TAG56:6-FA22:6,-0.03833438516415999,1.0357465592245898
static_ridge,TAG56:7-FA16:0,-0.03970562038176073,1.032061838280623
static_ridge,TAG56:7-FA16:1,0.01973917425187477,1.016000286322801
static_ridge,TAG56:7-FA18:0,-0.05861527727128357,1.0528288717625824
static_ridge,TAG56:7-FA18:1,-0.07336066811290642,1.061082569855122
static_ridge,TAG56:7-FA18:2,-0.04369505506497262,1.050853497253778
static_ridge,TAG56:7-FA18:3,0.0101781918625099,1.0230103606388372
static_ridge,TAG56:7-FA20:3,0.022533249434074865,1.0189355963774427
static_ridge,TAG56:7-FA20:4,-0.008788530470358324,1.0352193479461362
static_ridge,TAG56:7-FA20:5,-0.07535386743516947,1.0704196843080351
static_ridge,TAG56:7-FA22:4,0.1001500265745946,0.9734175747606484
static_ridge,TAG56:7-FA22:5,0.018807987034226148,1.0070902948811398
static_ridge,TAG56:7-FA22:6,-0.02100069078876121,1.0283942014594654
static_ridge,TAG56:8-FA16:0,-0.04634637979124645,1.03697195930903
static_ridge,TAG56:8-FA16:1,-0.05109575584383874,1.0483115762517161
static_ridge,TAG56:8-FA18:1,-0.08893614514030501,1.0749396681248755
static_ridge,TAG56:8-FA18:2,-0.09396463041757186,1.067238492483949
static_ridge,TAG56:8-FA18:3,-0.020944716507437233,1.0342618887144972
static_ridge,TAG56:8-FA20:4,-0.007679451949977434,1.036897486983122
static_ridge,TAG56:8-FA20:5,-0.0820774978954959,1.0716220691163363
static_ridge,TAG56:8-FA22:5,0.018803088595978124,1.0118401826411065
static_ridge,TAG56:8-FA22:6,-0.03363251871157491,1.0320035344986995
static_ridge,TAG56:9-FA18:3,-0.06999038643223399,1.0609188904253883
static_ridge,TAG56:9-FA20:4,0.010650645011392568,1.0225281143947793
static_ridge,TAG56:9-FA20:5,-0.0784965532810995,1.0685777606382274
static_ridge,TAG56:9-FA22:6,-0.05020577181898722,1.0437381715617526
static_ridge,TAG57:2-FA18:1,-0.08591758707913777,1.0599939992469527
static_ridge,TAG57:3-FA18:2,-0.10027120256425759,1.0665005252270328
static_ridge,TAG58:10-FA18:2,-0.10323983882482124,1.0689618594274588
static_ridge,TAG58:10-FA20:4,-0.0009804918717171152,1.0237963181908616
static_ridge,TAG58:10-FA22:6,-0.08940899678608782,1.0574968865073684
static_ridge,TAG58:3-FA18:1,-0.11944458208949471,1.0678083182794227
static_ridge,TAG58:5-FA18:1,0.01543153284853438,1.0093579912816972
static_ridge,TAG58:6-FA16:0,0.02222173596338195,1.0154211174435392
static_ridge,TAG58:6-FA18:0,-0.05619042640323779,1.0388966749381785
static_ridge,TAG58:6-FA18:1,0.0007684950378759048,1.017200505525978
static_ridge,TAG58:6-FA20:4,-0.007977729170960401,1.0161600855113633
static_ridge,TAG58:6-FA22:4,0.04401178852379217,0.997133068701248
static_ridge,TAG58:6-FA22:5,-0.03483832223284833,1.0324649338094094
static_ridge,TAG58:7-FA16:0,0.012416183203216469,1.0165241925046973
static_ridge,TAG58:7-FA18:0,-0.07036999911340414,1.045864621687314
static_ridge,TAG58:7-FA18:1,-0.049326689532170676,1.0418772562397258
static_ridge,TAG58:7-FA18:2,-0.025512675559561826,1.0343397815026574
static_ridge,TAG58:7-FA20:4,0.06795407641390339,0.9788132295339383
static_ridge,TAG58:7-FA22:4,0.028325823694055785,1.012174456067902
static_ridge,TAG58:7-FA22:5,-0.01671908695434121,1.029282947252843
static_ridge,TAG58:7-FA22:6,-0.0638839849344719,1.0465855654160285
static_ridge,TAG58:8-FA18:1,-0.0670962410977003,1.0483762017256049
static_ridge,TAG58:8-FA18:2,-0.07836428976497034,1.0569639276339915
static_ridge,TAG58:8-FA20:3,0.09668057139344743,0.9577391803069945
static_ridge,TAG58:8-FA20:4,0.087528476571751,0.9714106169478938
static_ridge,TAG58:8-FA22:5,-0.04473269780333955,1.0443169478867915
static_ridge,TAG58:8-FA22:6,-0.049300508745963034,1.0384387336586764
static_ridge,TAG58:9-FA18:1,-0.09021659929509096,1.0618382694099224
static_ridge,TAG58:9-FA18:2,-0.08872675872732771,1.0573043956232178
static_ridge,TAG58:9-FA20:4,0.07469271228926899,0.975931465675867
static_ridge,TAG58:9-FA22:5,-0.044275394837826054,1.0427916090631275
static_ridge,TAG58:9-FA22:6,-0.06510554544336511,1.0437438037542972
static_ridge,TAG60:10-FA22:5,-0.06307762179539833,1.042022970128392
static_ridge,TAG60:10-FA22:6,-0.11067530676172965,1.0713505571005566
static_ridge,TAG60:11-FA22:6,-0.12493959393142995,1.0822014072249448
persistence,CE(16:1),0.5882958909118605,0.6493572194107201
persistence,CE(18:1),0.40254272821451087,0.7823173928220186
persistence,CE(18:2),0.5434560106263524,0.6856402962854476
persistence,CE(18:3),0.24060342152876768,0.878618899967523
persistence,CE(18:4),0.16185520357562844,0.9293652411784336
persistence,CE(20:2),0.27505297629930614,0.8567024959862989
persistence,CE(20:3),0.49723259565545586,0.7147510866747098
persistence,CE(20:4),0.6846569396068527,0.5677552769953942
persistence,CE(20:5),0.5636167464492243,0.6869685753255813
persistence,CE(22:4),0.2620500338367352,0.8619586203943878
persistence,CE(22:5),0.0034282316908642585,1.0039275584953247
persistence,CE(22:6),0.4875169743183867,0.7307961867607751
persistence,CER(22:0),0.5643643208645843,0.6682475084724475
persistence,CER(24:0),0.5267743961937612,0.6967804866221053
persistence,CER(24:1),0.5151602797871617,0.7019874211316767
persistence,DAG(16:0_18:1),0.46688209826848426,0.7453308802358667
persistence,DAG(18:1_18:1),0.4354567028857006,0.7645948609957186
persistence,FFA(12:0),-0.3864157982533556,1.1852863719599185
persistence,FFA(14:0),-0.22017844793784325,1.1165885138445986
persistence,FFA(14:1),0.0335163803768358,0.9989461668807824
persistence,FFA(15:0),0.2867630436622879,0.8612038495658638
persistence,FFA(16:0),-0.3417573665650129,1.172751914686191
persistence,FFA(16:1),0.1435729391151772,0.9476509150256854
persistence,FFA(17:0),-0.5289732124551005,1.244487071872503
persistence,FFA(18:0),-0.751137786580832,1.32836557487541
persistence,FFA(18:1),-0.2438487240388414,1.1400136407407433
persistence,FFA(18:2),-0.007681980739733696,1.0306597238931725
persistence,FFA(18:3),0.03194468708397291,1.0129348738005595
persistence,FFA(18:4),-0.8015520717843325,1.3467696920409067
persistence,FFA(20:0),-0.8593295573968098,1.366474101578689
persistence,FFA(20:1),-0.07666363521691477,1.1441454146737633
persistence,FFA(20:2),0.12062376674254816,1.0576491382804134
persistence,FFA(20:3),-0.7582002173748701,1.3349326606456475
persistence,FFA(20:4),0.0053768495464910915,1.0083723430934703
persistence,FFA(20:5),0.21923740663743618,0.9092707649655564
persistence,FFA(22:0),-0.8352356415788416,1.3665736208693695
persistence,FFA(22:1),-0.9791483239803993,1.414296975810497
persistence,FFA(22:2),-0.6965659004404008,1.3152617571383372
persistence,FFA(22:4),-0.09005145039454354,1.0545875952656854
persistence,FFA(22:5),-0.7151872561544108,1.315654835912577
persistence,FFA(22:6),0.22714514609057856,0.8935418196226035
persistence,FFA(24:0),-0.9688174026994303,1.4151763227722023
persistence,FFA(24:1),-0.974636925898992,1.41728869790839
persistence,HCER(16:0),0.5394182429709495,0.6857188315431958
persistence,HCER(22:0),0.5363087654050207,0.6976022733603957
persistence,HCER(24:0),0.5695272417628033,0.6710640236845165
persistence,HCER(24:1),0.5143506762664334,0.7377485808184049
persistence,LCER(16:0),0.5796759523015876,0.6953429118788093
persistence,LPC(15:0),-0.11760014619144776,1.0623491483135092
persistence,LPC(16:0),0.23787716468639575,0.8952002361279809
persistence,LPC(16:1),0.10260699119075933,0.9577500972953631
persistence,LPC(17:0),0.1901584989042744,0.9115099209380607
persistence,LPC(18:0),0.04781336265017633,0.9863257195908444
persistence,LPC(18:1),0.25667989460159524,0.8889647410696958
persistence,LPC(18:2),0.2870865807629769,0.8661062887111609
persistence,LPC(20:3),0.14050571326085204,0.9413305306890867
persistence,LPC(20:4),0.4740114161219605,0.7376220542543773
persistence,LPE(16:0),0.28021463072741204,0.874505843143918
persistence,LPE(18:0),0.20907546721607062,0.903591307996189
persistence,LPE(18:1),-0.02180496863034853,1.0250297369435197
persistence,LPE(18:2),0.03600670763361491,0.9887259512790388
persistence,LPE(20:4),-0.051211968511522876,1.0374052492049186
persistence,PC(14:0_18:1),0.01860139340616207,0.9965672673806337
persistence,PC(14:0_18:2),0.11841475686263592,0.9511008520838252
persistence,PC(16:0_14:0),-0.05634605256058167,1.0314800880482482
persistence,PC(16:0_16:0),-0.8365023995951346,1.3655106443872937
persistence,PC(16:0_16:1),0.45817343121692977,0.7479125559933566
persistence,PC(16:0_18:0),-0.8334409325546017,1.3674662002914066
persistence,PC(16:0_18:1),0.3202081108116721,0.8330147404474869
persistence,PC(16:0_18:2),0.5011300719733067,0.7156039015626297
persistence,PC(16:0_18:3),0.029450030824568763,0.988357476762653
persistence,PC(16:0_20:2),0.360200499440836,0.8111237929151205
persistence,PC(16:0_20:3),0.48847867924365085,0.7237387093935995
persistence,PC(16:0_20:4),0.6989746943533777,0.5580772600556153
persistence,PC(16:0_20:5),0.4786410962913795,0.7451577506688405
persistence,PC(16:0_22:4),0.5313217668437851,0.6921283320363124
persistence,PC(16:0_22:5),0.3244667732843859,0.8315328279349532
persistence,PC(16:0_22:6),0.5297813032094745,0.6984477174690457
persistence,PC(17:0_18:1),0.09340732989174927,0.956271763822323
persistence,PC(17:0_18:2),0.32915470205813824,0.8319469763881684
persistence,PC(18:0_18:0),-0.5461203078104688,1.2524475916988649
persistence,PC(18:0_18:1),0.08064375730813289,0.9725761975338291
persistence,PC(18:0_18:2),0.35285142808732484,0.826634780376982
persistence,PC(18:0_20:2),0.23319767583447437,0.8908277790865369
persistence,PC(18:0_20:3),0.4536090051881492,0.7530481698397251
persistence,PC(18:0_20:4),0.6390335441014756,0.618401732948955
persistence,PC(18:0_20:5),0.4862605260210654,0.7449663807831441
persistence,PC(18:0_22:5),0.1824853024971005,0.9173777381925761
persistence,PC(18:0_22:6),0.4672004290852143,0.7444880807785522
persistence,PC(18:1_16:1),0.32097521728709344,0.8370835043305833
persistence,PC(18:1_18:1),0.2051641035785705,0.9235507275690692
persistence,PC(18:1_18:2),0.4418509520262702,0.7618949431983146
persistence,PC(18:1_20:3),0.4259076979006763,0.7679694883250056
persistence,PC(18:1_20:4),0.6171611208111841,0.6260442546968513
persistence,PC(18:2_16:1),0.43295147721345106,0.7632340171867492
persistence,PC(18:2_18:2),0.26960026943807947,0.8633560415465804
persistence,PC(18:2_20:3),0.3191486182960088,0.8364614594768731
persistence,PC(18:2_20:4),0.4254864931906961,0.7650230449667895
persistence,PE(16:0_18:2),0.4664699128347085,0.7610796597531941
persistence,PE(16:0_20:4),0.4725624742044585,0.7520988217493215
persistence,PE(18:0_18:0),0.3038924558439158,0.844530877314085
persistence,PE(18:0_18:1),-0.6585720236896855,1.292363486810841
persistence,PE(18:0_18:2),-0.2589633332265715,1.1345532716198863
persistence,PE(18:0_20:4),0.26400980215535796,0.8787969309994051
persistence,PE(18:0_22:5),-0.23573231051507815,1.1224308920770103
persistence,PE(18:1_18:2),0.27222015936449107,0.8682936054400185
persistence,PE(18:1_20:4),0.5244627323518927,0.7016657155234501
persistence,PE(O-16:0_20:4),0.32952196443127724,0.8439781949432309
persistence,PE(O-18:0_20:4),0.24959311290595132,0.8866523066221126
persistence,PE(P-16:0_18:1),0.2955108164471506,0.8517991695599326
persistence,PE(P-16:0_18:2),0.25139780561221803,0.8792310358296799
persistence,PE(P-16:0_20:4),0.35325655259639677,0.8143938485503222
persistence,PE(P-16:0_22:5),0.09212346065029897,0.9607955497555383
persistence,PE(P-18:0_18:1),0.2938897005760631,0.8558846006059504
persistence,PE(P-18:0_18:2),0.2888561341263606,0.8644968574357939
persistence,PE(P-18:0_20:4),0.3963424747191292,0.7894880403435106
persistence,PE(P-18:1_18:1),0.28166789189812536,0.858353469006761
persistence,PE(P-18:1_18:2),0.2897357277565482,0.8536870009061333
persistence,PE(P-18:1_20:4),0.39126020708674925,0.7891318445287666
persistence,PI(16:0_18:1),0.10349966141829448,0.9551655758178355
persistence,PI(16:0_18:2),0.291541236374278,0.8508849923625602
persistence,PI(16:0_20:4),0.09334028725361776,0.9625284139758257
persistence,PI(18:0_18:1),0.10274192241650182,0.9559666431955138
persistence,PI(18:0_18:2),0.34945754573523646,0.8158998511714092
persistence,PI(18:0_20:3),0.2629671746691753,0.8661909382699506
persistence,PI(18:0_20:4),0.07870776450664452,0.9682575369755266
persistence,PI(18:1_18:1),-0.01497999772316172,1.026151178734009
persistence,SM(14:0),0.6119075413537518,0.6351500739537582
persistence,SM(16:0),0.49344182292146677,0.7237694434073322
persistence,SM(18:0),0.4031284827472954,0.7791415701011746
persistence,SM(18:1),0.3871922710458313,0.7918721608765126
persistence,SM(20:0),-0.5936891462875142,1.2676390122559986
persistence,SM(20:1),0.3804641183760591,0.7965512453773671
persistence,SM(22:0),-0.21989496528887909,1.1136701801818636
persistence,SM(22:1),0.3184269696421055,0.8351945349632702
persistence,SM(24:0),0.519356391467112,0.7036086459668683
persistence,SM(24:1),0.4070433190457098,0.7834809871648625
persistence,SM(26:0),-1.0140933635423859,1.4221562551934614
persistence,SM(26:1),0.08142770085596185,0.9858992283723295
persistence,TAG44:1-FA16:0,0.05540660061250158,0.9832676941896292
persistence,TAG44:1-FA18:1,-0.10210034028943626,1.0601370359397873
persistence,TAG46:0-FA14:0,0.2082198048090429,0.9027117644612825
persistence,TAG46:0-FA16:0,0.20643595624729993,0.903628906682057
persistence,TAG46:1-FA12:0,-0.021779608182191712,1.0249468417751615
persistence,TAG46:1-FA14:0,0.18548785611457208,0.9169739949952384
persistence,TAG46:1-FA16:0,0.13782128986625541,0.9433078091598702
persistence,TAG46:1-FA18:1,-0.011035889269020105,1.0196063264128967
persistence,TAG46:2-FA12:0,-0.04400233792038133,1.0408683103842535
persistence,TAG46:2-FA14:0,0.11851181503296848,0.9564542983638442
persistence,TAG46:2-FA16:0,0.05942198829858936,0.9884676447270291
persistence,TAG46:2-FA18:1,-0.00032316392165987473,1.0105146939411052
persistence,TAG46:2-FA18:2,-0.04595212273801974,1.0430979304636836
persistence,TAG46:3-FA18:2,-0.006132339593307945,1.020611543753942
persistence,TAG47:0-FA16:0,0.25824572180041205,0.8739689537371009
persistence,TAG47:1-FA16:1,-0.0009226618818205523,1.0149037445699607
persistence,TAG47:1-FA18:1,0.17119239998079283,0.9235479043837365
persistence,TAG47:2-FA18:1,0.18037536243471108,0.9215194423506731
persistence,TAG48:0-FA14:0,0.23712647825834166,0.8864475459709854
persistence,TAG48:0-FA16:0,0.2984482533460989,0.8504033057745827
persistence,TAG48:0-FA18:0,0.1976341490234783,0.9082004359970337
persistence,TAG48:1-FA14:0,0.2722294970886079,0.8668403328618628
persistence,TAG48:1-FA16:0,0.3283383006547872,0.8336803264025967
persistence,TAG48:1-FA16:1,0.41688107432015076,0.7794100058569807
persistence,TAG48:1-FA18:1,0.2479163555708188,0.8813586683440133
persistence,TAG48:2-FA12:0,-0.08486470951345937,1.0544939702726395
persistence,TAG48:2-FA14:0,0.299495414396033,0.8555703208201247
persistence,TAG48:2-FA14:1,0.3134513933024652,0.8422070752555919
persistence,TAG48:2-FA16:0,0.3142501003376249,0.8462932997928838
persistence,TAG48:2-FA16:1,0.44719454940698955,0.7614360812862033
persistence,TAG48:2-FA18:1,0.1778703596757074,0.9213560029043993
persistence,TAG48:2-FA18:2,0.2489399802037604,0.8879921423948478
persistence,TAG48:3-FA12:0,-0.11197652963038474,1.0724830820396742
persistence,TAG48:3-FA14:0,0.30013413550833656,0.8581214761433027
persistence,TAG48:3-FA14:1,0.35169916944880164,0.8244884984795637
persistence,TAG48:3-FA16:0,0.2648672709321429,0.8769939849848188
persistence,TAG48:3-FA16:1,0.4013735989172982,0.7943694847840345
persistence,TAG48:3-FA18:1,-0.023244912341191526,1.0292982585584947
persistence,TAG48:3-FA18:2,0.16035110392479157,0.938265077784432
persistence,TAG48:3-FA18:3,0.11259879432353237,0.958530182274783
persistence,TAG48:4-FA12:0,-0.16212541796420732,1.0986559177338204
persistence,TAG48:4-FA18:1,-0.0548881926589142,1.0430698952027617
persistence,TAG48:4-FA18:2,-0.06079501808791177,1.052252796809234
persistence,TAG49:0-FA16:0,0.30388779927305765,0.8483807900661656
persistence,TAG49:0-FA17:0,0.29236390808409185,0.8564453830522883
persistence,TAG49:1-FA15:0,0.3595188376738607,0.8153104858295794
persistence,TAG49:1-FA16:0,0.3743141819541518,0.8066941584712368
persistence,TAG49:1-FA16:1,0.3887817194370462,0.7999006166001571
persistence,TAG49:1-FA18:1,0.3333990723233029,0.8316567693041123
persistence,TAG49:2-FA14:0,0.2875437598108558,0.8633083423484886
persistence,TAG49:2-FA15:0,0.4186707451605747,0.7839106291044344
persistence,TAG49:2-FA16:0,0.4206486871287872,0.7821757022690523
persistence,TAG49:2-FA16:1,0.4645972104766021,0.7497157385310598
persistence,TAG49:2-FA18:1,0.38229295906567606,0.8018302425812373
persistence,TAG49:2-FA18:2,0.3749723343630327,0.8138246971188741
persistence,TAG49:3-FA15:0,0.42257578013500197,0.7835603595642611
persistence,TAG49:3-FA16:0,0.3492282925715803,0.8267497366007237
persistence,TAG49:3-FA16:1,0.4529631162603963,0.7632261006291685
persistence,TAG49:3-FA18:2,0.40194869140949674,0.7986219882329162
persistence,TAG50:0-FA16:0,0.3660565001239915,0.808801995003888
persistence,TAG50:0-FA18:0,0.3092908364772472,0.8435343773024133
persistence,TAG50:1-FA14:0,0.2628922130375715,0.870240199198079
persistence,TAG50:1-FA16:0,0.4393620922663518,0.7624123127289525
persistence,TAG50:1-FA16:1,0.49911821282816915,0.7240886522186173
persistence,TAG50:1-FA18:0,0.3640978470706785,0.8105229577399319
persistence,TAG50:1-FA18:1,0.4333340602660377,0.7673015830897963
persistence,TAG50:2-FA14:0,0.28670306364611065,0.8567181385083773
persistence,TAG50:2-FA14:1,0.2406115786975681,0.8831159845577125
persistence,TAG50:2-FA16:0,0.5054390001730265,0.7204568632730295
persistence,TAG50:2-FA16:1,0.5298513272069312,0.7031874959135938
persistence,TAG50:2-FA18:0,0.2884701523364801,0.860058656758998
persistence,TAG50:2-FA18:1,0.4461443407202682,0.7595733706489085
persistence,TAG50:2-FA18:2,0.4710203909344296,0.7467743223560401
persistence,TAG50:3-FA14:0,0.29336015812185945,0.857925932251252
persistence,TAG50:3-FA14:1,0.27606334533609833,0.863808600321039
persistence,TAG50:3-FA16:0,0.5311410421614285,0.7057955156101487
persistence,TAG50:3-FA16:1,0.5564853587431375,0.6866285833891174
persistence,TAG50:3-FA18:0,0.19049671816620106,0.916818723218433
persistence,TAG50:3-FA18:1,0.3451158049105748,0.8253854714584721
persistence,TAG50:3-FA18:2,0.47121909326378575,0.7473835324261836
persistence,TAG50:3-FA18:3,0.3109596976133383,0.8490347168522276
persistence,TAG50:4-FA14:0,0.2269460614223211,0.9014482500289202
persistence,TAG50:4-FA14:1,0.32553887496094935,0.840595133506688
persistence,TAG50:4-FA16:0,0.4026022280563083,0.7921091426079415
persistence,TAG50:4-FA16:1,0.5132712914423516,0.721047892543544
persistence,TAG50:4-FA18:1,0.20713981218590216,0.907406098857599
persistence,TAG50:4-FA18:2,0.29447255051353793,0.8614389228207766
persistence,TAG50:4-FA18:3,0.306805893395384,0.8502494447804276
persistence,TAG50:5-FA14:0,0.08119446269980524,0.9788449020117744
persistence,TAG50:5-FA16:1,0.43536422795036567,0.7735081505744178
persistence,TAG50:5-FA18:1,0.17639455973337126,0.9239725880290225
persistence,TAG50:5-FA18:2,0.1683303021580388,0.9348835429058061
persistence,TAG50:5-FA18:3,0.15519577736923618,0.9396573116202943
persistence,TAG51:0-FA16:0,0.30880263425123455,0.8434605168453008
persistence,TAG51:0-FA17:0,0.3315646166837436,0.8326320708895936
persistence,TAG51:0-FA18:0,0.25527771664254184,0.8761047618650835
persistence,TAG51:1-FA15:0,0.3478902214093411,0.8211323609210737
persistence,TAG51:1-FA16:0,0.397729648414175,0.7922568078190143
persistence,TAG51:1-FA17:0,0.39994977663513154,0.7917443332787008
persistence,TAG51:1-FA18:0,0.33866520062022376,0.8275678088244536
persistence,TAG51:1-FA18:1,0.38104996214987685,0.8029350582314547
persistence,TAG51:2-FA15:0,0.39737207621230997,0.7888766521521123
persistence,TAG51:2-FA16:0,0.49475286258756246,0.7308498198006758
persistence,TAG51:2-FA16:1,0.4711417561097414,0.7456470443394294
persistence,TAG51:2-FA17:0,0.45717861823757644,0.7604557681241894
persistence,TAG51:2-FA18:1,0.4246129312833241,0.7732619604160154
persistence,TAG51:2-FA18:2,0.44280414609668595,0.771052792647086
persistence,TAG51:3-FA15:0,0.44069543029806413,0.7648437908853755
persistence,TAG51:3-FA16:1,0.5121815270422249,0.7194620936836681
persistence,TAG51:3-FA17:0,0.48018322829033744,0.7471114767955592
persistence,TAG51:3-FA18:2,0.48301921147777094,0.7410656663198295
persistence,TAG51:4-FA15:0,0.38124765523009163,0.8062948828099136
persistence,TAG51:4-FA16:1,0.502215513204092,0.7316080815451073
persistence,TAG51:4-FA18:2,0.392896710011461,0.8000868531329461
persistence,TAG51:4-FA18:3,0.33179996909856135,0.8369786241919118
persistence,TAG51:5-FA18:2,0.20050467112348835,0.9144198527178109
persistence,TAG52:0-FA16:0,0.3645557594547427,0.8074217729048512
persistence,TAG52:0-FA18:0,0.3370215045073175,0.8253000443464386
persistence,TAG52:0-FA20:0,0.2503634844040684,0.8743201948612583
persistence,TAG52:1-FA16:0,0.4880007896121803,0.7261502133322477
persistence,TAG52:1-FA16:1,0.46508137801441407,0.7444413171003302
persistence,TAG52:1-FA18:0,0.44146500406190303,0.7577842599312227
persistence,TAG52:1-FA18:1,0.49406947421237113,0.7226808771940494
persistence,TAG52:1-FA20:1,0.41640448417623344,0.7767458489902436
persistence,TAG52:2-FA16:0,0.52804199241738,0.6985420192544278
persistence,TAG52:2-FA16:1,0.5159038017251198,0.7120928526433524
persistence,TAG52:2-FA18:0,0.5026248513354081,0.7192224831164221
persistence,TAG52:2-FA18:1,0.5095822184915608,0.7122857457046078
persistence,TAG52:2-FA18:2,0.5514223469309769,0.6819919320343328
persistence,TAG52:2-FA20:1,0.4186137987418067,0.7768140452898449
persistence,TAG52:2-FA20:2,0.4085512695045397,0.7859910046216397
persistence,TAG52:3-FA14:0,0.26489664375873034,0.8743982397856885
persistence,TAG52:3-FA16:0,0.5494698127465627,0.6830815249453426
persistence,TAG52:3-FA16:1,0.452962964898621,0.7593055113689661
persistence,TAG52:3-FA18:0,0.5001152882876299,0.7249113577973072
persistence,TAG52:3-FA18:1,0.5377971931698744,0.6926141914851704
persistence,TAG52:3-FA18:2,0.5466253575279936,0.6853610941436702
persistence,TAG52:3-FA18:3,0.4020973861398839,0.7869494953367595
persistence,TAG52:3-FA20:0,0.52468991635313,0.7012821978467668
persistence,TAG52:3-FA20:1,0.4192148997953816,0.777234659674685
persistence,TAG52:3-FA20:2,0.44050574891166583,0.7653697901264898
persistence,TAG52:3-FA20:3,0.4263149271632606,0.7713060691932969
persistence,TAG52:4-FA14:0,0.2658373126480452,0.8735558420738186
persistence,TAG52:4-FA16:0,0.4762687383120474,0.7380112750075729
persistence,TAG52:4-FA16:1,0.4442814037174522,0.767185301038344
persistence,TAG52:4-FA18:0,0.407107787123528,0.7858442112895838
persistence,TAG52:4-FA18:1,0.46205224069084516,0.7508961747243915
persistence,TAG52:4-FA18:2,0.46338157404044755,0.748169055217816
persistence,TAG52:4-FA18:3,0.41821452561023265,0.7778077593128858
persistence,TAG52:4-FA20:0,0.46254403872462446,0.7469433678471318
persistence,TAG52:4-FA20:2,0.35443024735749507,0.8229793281271699
persistence,TAG52:4-FA20:3,0.46009129686697314,0.7496928841036101
persistence,TAG52:4-FA20:4,0.44194506873069306,0.7615243146096834
persistence,TAG52:5-FA14:0,0.25561690417483285,0.8763614894501859
persistence,TAG52:5-FA16:0,0.343471214936487,0.8276203948984889
persistence,TAG52:5-FA16:1,0.41156910772807587,0.7896711696210168
persistence,TAG52:5-FA18:1,0.36827826592767265,0.8148088244801595
persistence,TAG52:5-FA18:2,0.38331055483191356,0.8063559780299168
persistence,TAG52:5-FA18:3,0.3631321044547453,0.8182183386900468
persistence,TAG52:5-FA20:4,0.507371466274628,0.7168758004347472
persistence,TAG52:5-FA20:5,0.4565490900867476,0.7508588599162919
persistence,TAG52:5-FA22:5,0.3326810206746821,0.8320970057145675
persistence,TAG52:6-FA16:0,0.24416881214831654,0.8856504228521026
persistence,TAG52:6-FA16:1,0.3216900381893265,0.8472574569364071
persistence,TAG52:6-FA18:1,0.2542894750646323,0.8846856219878352
persistence,TAG52:6-FA18:2,0.3011367180074861,0.8594288509746965
persistence,TAG52:6-FA18:3,0.26353989605193384,0.8825358116499631
persistence,TAG52:6-FA20:4,0.4254391784343383,0.7749389794885533
persistence,TAG52:6-FA20:5,0.48077148059150443,0.7421411175125844
persistence,TAG52:6-FA22:6,0.4456187376823454,0.7596258748257013
persistence,TAG52:7-FA16:0,0.29621150970639487,0.8513290225750062
persistence,TAG52:7-FA18:1,0.3625735396455738,0.8153449155053157
persistence,TAG53:0-FA16:0,0.5006037726714063,0.7242903165359206
persistence,TAG53:1-FA16:0,0.3119479741418859,0.8369902289572121
persistence,TAG53:1-FA17:0,0.3524500818998537,0.8186729176536403
persistence,TAG53:1-FA18:0,0.3080600635164261,0.8455292896827367
persistence,TAG53:1-FA18:1,0.347902094708772,0.8199070125350587
persistence,TAG53:2-FA16:0,0.4430368370563693,0.7602179596772395
persistence,TAG53:2-FA17:0,0.39507606460704703,0.7909668596832444
persistence,TAG53:2-FA18:1,0.3954428892917454,0.7904003762345171
persistence,TAG53:2-FA18:2,0.41187653208173036,0.7850138925360121
persistence,TAG53:3-FA16:0,0.4790756144007171,0.7416806216279704
persistence,TAG53:3-FA17:0,0.44658133078886963,0.7608757853803352
persistence,TAG53:3-FA18:2,0.4557521119807252,0.7550811720155305
persistence,TAG53:4-FA16:0,0.45136346739902233,0.7606653450057056
persistence,TAG53:4-FA17:0,0.38437873408149903,0.8043673485000453
persistence,TAG53:4-FA18:2,0.4165415051407527,0.7839558284823087
persistence,TAG53:4-FA18:3,0.3087358641866482,0.8490846612350424
persistence,TAG53:5-FA20:4,0.55856660331057,0.681911482699233
persistence,TAG54:0-FA18:0,0.1775008803576914,0.9169072654787831
persistence,TAG54:1-FA16:0,0.35331064665511613,0.8114434556804868
persistence,TAG54:1-FA18:0,0.28451936494472807,0.8554935721417998
persistence,TAG54:1-FA18:1,0.33257110838026105,0.8277412616374341
persistence,TAG54:1-FA20:0,0.3203517638447393,0.8334086810686538
persistence,TAG54:1-FA20:1,0.46018749638178513,0.7447457030018915
persistence,TAG54:2-FA16:0,0.5162878093343082,0.7050659433040236
persistence,TAG54:2-FA18:0,0.3772883936849828,0.8005933837557164
persistence,TAG54:2-FA18:1,0.3823410858995995,0.798312663817925
persistence,TAG54:2-FA18:2,0.39911404547709173,0.7854002078436401
persistence,TAG54:2-FA20:0,0.3337157164938426,0.8248510589254007
persistence,TAG54:2-FA20:1,0.49854262219980605,0.7179542038114463
persistence,TAG54:2-FA20:2,0.47030600174125514,0.7402137922666338
persistence,TAG54:3-FA16:0,0.5398316430815109,0.690263638890811
persistence,TAG54:3-FA16:1,0.4384147794287683,0.7640121550499303
persistence,TAG54:3-FA18:0,0.44966857124447746,0.7531297564047407
persistence,TAG54:3-FA18:1,0.3401741475414315,0.8278817647893505
persistence,TAG54:3-FA18:2,0.4565012696038956,0.748472776585094
persistence,TAG54:3-FA18:3,0.2478240291431354,0.877967750261379
persistence,TAG54:3-FA20:1,0.5330897004524193,0.6950188557728008
persistence,TAG54:3-FA20:2,0.49593980007819327,0.722414075950555
persistence,TAG54:3-FA20:3,0.5009667757079472,0.7168646739368767
persistence,TAG54:4-FA16:0,0.5115328412136679,0.7117496574100105
persistence,TAG54:4-FA16:1,0.45953053724566784,0.7533475457239639
persistence,TAG54:4-FA18:0,0.3600403140530223,0.8135930412179434
persistence,TAG54:4-FA18:1,0.36556823007754324,0.8127753008793401
persistence,TAG54:4-FA18:2,0.37878799540474684,0.8039968142021288
persistence,TAG54:4-FA18:3,0.2945201757928685,0.8556994566631347
persistence,TAG54:4-FA20:1,0.409412972846497,0.7836991081603452
persistence,TAG54:4-FA20:2,0.4814872815490664,0.7357793911447061
persistence,TAG54:4-FA20:3,0.52392079246321,0.7004680170482517
persistence,TAG54:4-FA20:4,0.5789673363465085,0.6610975338891095
persistence,TAG54:4-FA22:1,0.36671581439428724,0.8096412943282312
persistence,TAG54:4-FA22:4,0.49530349692376663,0.7255816450272309
persistence,TAG54:5-FA16:0,0.5586018483850071,0.6762274547822009
persistence,TAG54:5-FA16:1,0.532757303778967,0.700902540348995
persistence,TAG54:5-FA18:0,0.21139362251406424,0.9056296855921553
persistence,TAG54:5-FA18:1,0.3084472988562611,0.8515767523325377
persistence,TAG54:5-FA18:2,0.3072291192638208,0.8537667448966897
persistence,TAG54:5-FA18:3,0.26040973005229673,0.883184744682339
persistence,TAG54:5-FA20:2,0.37995448495278206,0.8093197196826936
persistence,TAG54:5-FA20:3,0.5213801752650069,0.7070844838615075
persistence,TAG54:5-FA20:4,0.6428742922455216,0.6095494573147116
persistence,TAG54:5-FA20:5,0.5087949707389046,0.7171378131845175
persistence,TAG54:5-FA22:1,0.28659522333027865,0.8638730735561218
persistence,TAG54:5-FA22:4,0.5353638299139112,0.6983867973415828
persistence,TAG54:5-FA22:5,0.47872049468636435,0.7350343171757676
persistence,TAG54:6-FA16:0,0.5198211547843103,0.707551759664464
persistence,TAG54:6-FA16:1,0.5611920405327103,0.679354645488084
persistence,TAG54:6-FA18:1,0.21279953788035866,0.91111649808593
persistence,TAG54:6-FA18:2,0.21439442503076767,0.913673779317686
persistence,TAG54:6-FA18:3,0.22841718961547408,0.9067279796388111
persistence,TAG54:6-FA20:3,0.47161080527988597,0.7457606354174525
persistence,TAG54:6-FA20:4,0.6066965554682731,0.6434471075059687
persistence,TAG54:6-FA20:5,0.5166486165966684,0.7167507159522213
persistence,TAG54:6-FA22:5,0.5323669865029159,0.6994876976997279
persistence,TAG54:6-FA22:6,0.56404715994489,0.6712570003445857
persistence,TAG54:7-FA16:1,0.5072788487575746,0.7270044303888197
persistence,TAG54:7-FA18:1,0.1504401291497477,0.9443408964432415
persistence,TAG54:7-FA18:2,0.14420452300929,0.9518680829660591
persistence,TAG54:7-FA18:3,0.14236268438210997,0.9566517722113125
persistence,TAG54:7-FA20:4,0.554605579229129,0.6872379955301064
persistence,TAG54:7-FA20:5,0.4530450041897405,0.7621426477503995
persistence,TAG54:7-FA22:5,0.3485488592065684,0.8226091058602358
persistence,TAG54:7-FA22:6,0.5867038679777998,0.6626662381226585
persistence,TAG54:8-FA18:2,0.053617406269843015,0.9995506115763115
persistence,TAG54:8-FA18:3,0.05176675241941753,1.0020226084912736
persistence,TAG54:8-FA20:5,0.3948917839842375,0.8033847490889693
persistence,TAG54:8-FA22:6,0.43817120336945137,0.7656758738949452
persistence,TAG55:1-FA16:0,0.48257128442927955,0.7291225829420072
persistence,TAG55:1-FA18:1,0.40801218125867966,0.7910941877539104
persistence,TAG55:2-FA18:1,0.2211141528737166,0.8921236295280227
persistence,TAG55:2-FA18:2,0.27467102664743426,0.8781960042078341
persistence,TAG55:3-FA18:1,0.27896436362428967,0.862849583245459
persistence,TAG55:3-FA18:2,0.20951475851148393,0.8999841998144279
persistence,TAG55:4-FA18:1,0.31795535274948306,0.8402732972375206
persistence,TAG55:4-FA18:2,0.22522757505536994,0.8949200591187942
persistence,TAG55:5-FA18:1,0.40566688722285393,0.7862508538369446
persistence,TAG55:5-FA18:2,0.17651951405623068,0.9285994974394547
persistence,TAG55:5-FA20:4,0.6095478558920471,0.6406727159279932
persistence,TAG55:7-FA22:6,0.5673552173541656,0.6660906158686164
persistence,TAG56:10-FA18:2,0.20444346135855485,0.9021444168036721
persistence,TAG56:1-FA18:1,0.18830021297853616,0.9126497921430855
persistence,TAG56:2-FA16:0,0.25961282100035954,0.867338960828968
persistence,TAG56:2-FA18:0,0.3239777954645865,0.8297757249291599
persistence,TAG56:2-FA20:0,0.14593672585578943,0.9416622289688504
persistence,TAG56:2-FA20:1,0.29372840547933043,0.8498426853055322
persistence,TAG56:3-FA16:0,0.39225789562684243,0.7914438869049578
persistence,TAG56:3-FA18:0,0.4643426294703972,0.7426942144082741
persistence,TAG56:3-FA18:1,0.2755776089795192,0.8626492271683984
persistence,TAG56:3-FA18:2,0.2141847573173954,0.8925154966835086
persistence,TAG56:3-FA20:0,0.13110633566346286,0.9426632750737409
persistence,TAG56:3-FA20:1,0.25105737726368915,0.8767710459813252
persistence,TAG56:3-FA20:2,0.4249391919092592,0.7689489628577629
persistence,TAG56:4-FA16:0,0.5172734761906115,0.7073915008473154
persistence,TAG56:4-FA18:0,0.5288532322133372,0.6973982760638826
persistence,TAG56:4-FA18:1,0.41980134417808646,0.7745874125933152
persistence,TAG56:4-FA18:2,0.3250067617863083,0.8330539945129994
persistence,TAG56:4-FA20:1,0.27697078740656567,0.8619774006506746
persistence,TAG56:4-FA20:2,0.4072183992829077,0.7844112677746065
persistence,TAG56:4-FA20:3,0.516466885058773,0.7061368550250123
persistence,TAG56:4-FA20:4,0.6155579988013511,0.6296128437516586
persistence,TAG56:5-FA16:0,0.5664766180360818,0.6700076991498459
persistence,TAG56:5-FA18:0,0.5692369717069672,0.6678974076780906
persistence,TAG56:5-FA18:1,0.5198347482872725,0.7062122412355178
persistence,TAG56:5-FA18:2,0.38394713944881786,0.8050759185811829
persistence,TAG56:5-FA20:1,0.2040657944495341,0.9092657901980706
persistence,TAG56:5-FA20:2,0.37210809467489037,0.8138180236372826
persistence,TAG56:5-FA20:3,0.5233851450122343,0.7033874203756206
persistence,TAG56:5-FA20:4,0.6004133930251342,0.6463830928431383
persistence,TAG56:5-FA22:4,0.5964064625215902,0.6468958313934853
persistence,TAG56:5-FA22:5,0.5205460919035974,0.7015078200270746
persistence,TAG56:6-FA16:0,0.5095774734952927,0.7093378695403526
persistence,TAG56:6-FA18:0,0.5133098820412016,0.7133600438675253
persistence,TAG56:6-FA18:1,0.5350534106441884,0.6957245665362877
persistence,TAG56:6-FA18:2,0.46190853681103505,0.7547680357218255
persistence,TAG56:6-FA18:3,0.2926423394098284,0.8674050988468167
persistence,TAG56:6-FA20:2,0.3220942049276364,0.8494201620101035
persistence,TAG56:6-FA20:3,0.5119294074325411,0.7192243934598772
persistence,TAG56:6-FA20:4,0.6876012457949003,0.5746950199821813
persistence,TAG56:6-FA20:5,0.5054179159816916,0.7266186597530839
persistence,TAG56:6-FA22:4,0.5799234293807043,0.6622591827657901
persistence,TAG56:6-FA22:5,0.4976786194678594,0.7181061488375498
persistence,TAG56:6-FA22:6,0.5982059780859446,0.644297752699463
persistence,TAG56:7-FA16:0,0.5073649806851325,0.7104167038162091
persistence,TAG56:7-FA16:1,0.42023082888558005,0.7813589045879045
persistence,TAG56:7-FA18:0,0.43246613801270106,0.7708761280666014
persistence,TAG56:7-FA18:1,0.5046943066550031,0.7207970524618632
persistence,TAG56:7-FA18:2,0.41935261826654213,0.7838114384723228
persistence,TAG56:7-FA18:3,0.3663432545290136,0.818518602803648
persistence,TAG56:7-FA20:3,0.4592459464633468,0.7578715943278955
persistence,TAG56:7-FA20:4,0.6261767917164771,0.63018119953394
persistence,TAG56:7-FA20:5,0.44140923419539546,0.7714810487834516
persistence,TAG56:7-FA22:4,0.4815779331584742,0.7388493039773654
persistence,TAG56:7-FA22:5,0.4080678328173605,0.7822172323488943
persistence,TAG56:7-FA22:6,0.5746056004976489,0.663808004827167
persistence,TAG56:8-FA16:0,0.4943861553881933,0.7208397931845526
persistence,TAG56:8-FA16:1,0.38892741618225946,0.7993107244917116
persistence,TAG56:8-FA18:1,0.41607039058718975,0.7871602080086786
persistence,TAG56:8-FA18:2,0.3464182334653445,0.8249161462803621
persistence,TAG56:8-FA18:3,0.39095617923989845,0.7988287363882384
persistence,TAG56:8-FA20:4,0.5154181866790015,0.7190484855616054
persistence,TAG56:8-FA20:5,0.37809774835484933,0.8124067639802538
persistence,TAG56:8-FA22:5,0.3242685450893398,0.8396937174939995
persistence,TAG56:8-FA22:6,0.4843275816558993,0.7289287070793461
persistence,TAG56:9-FA18:3,0.30315695071019,0.856169457124807
persistence,TAG56:9-FA20:4,0.4381777887549577,0.7705483106709545
persistence,TAG56:9-FA20:5,0.34371369678295094,0.833572581196106
persistence,TAG56:9-FA22:6,0.4190354090031614,0.7762993064003119
persistence,TAG57:2-FA18:1,0.3532309898109228,0.8180494830929863
persistence,TAG57:3-FA18:2,0.18657790012209718,0.9169996803971361
persistence,TAG58:10-FA18:2,0.19225919322789942,0.9146675120095616
persistence,TAG58:10-FA20:4,0.5664631303599892,0.6737732664513736
persistence,TAG58:10-FA22:6,0.294357699333341,0.8510908515287443
persistence,TAG58:3-FA18:1,-0.016704757363734224,1.0176288906712403
persistence,TAG58:5-FA18:1,0.5093370401902311,0.7125476328806108
persistence,TAG58:6-FA16:0,0.5524920285780898,0.6869519957774147
persistence,TAG58:6-FA18:0,0.4888297253093149,0.7227432403166634
persistence,TAG58:6-FA18:1,0.5051553302659155,0.7158268038811493
persistence,TAG58:6-FA20:4,0.5660217899078209,0.6667616701128064
persistence,TAG58:6-FA22:4,0.5472149471362477,0.6862350428918712
persistence,TAG58:6-FA22:5,0.4559473082817238,0.7486167507109591
persistence,TAG58:7-FA16:0,0.4724551096335933,0.7429514713356341
persistence,TAG58:7-FA18:0,0.4554661669655873,0.7459692794972843
persistence,TAG58:7-FA18:1,0.39316279257877107,0.792313942942769
persistence,TAG58:7-FA18:2,0.3828267966772647,0.8024098341568644
persistence,TAG58:7-FA20:4,0.6294596702899389,0.6171616290513856
persistence,TAG58:7-FA22:4,0.45229838201155015,0.7599185648497114
persistence,TAG58:7-FA22:5,0.30066482908594805,0.853644358274232
persistence,TAG58:7-FA22:6,0.5163935859792999,0.7056244667577937
persistence,TAG58:8-FA18:1,0.3675616472462223,0.8070946308938699
persistence,TAG58:8-FA18:2,0.2708719284776203,0.8691191645652382
persistence,TAG58:8-FA20:3,0.6293900911860664,0.6134583641077486
persistence,TAG58:8-FA20:4,0.7226133583377288,0.5355943131849769
persistence,TAG58:8-FA22:5,0.1634137307475524,0.9345124649189317
persistence,TAG58:8-FA22:6,0.4286908945109601,0.7662429824748664
persistence,TAG58:9-FA18:1,0.35772422258390224,0.8150096486006656
persistence,TAG58:9-FA18:2,0.2413072592185631,0.8826195717551434
persistence,TAG58:9-FA20:4,0.6925964567749261,0.5625106686851733
persistence,TAG58:9-FA22:5,0.11146945565017108,0.9618917196490344
persistence,TAG58:9-FA22:6,0.3471975649119392,0.8171249478311854
persistence,TAG60:10-FA22:5,0.33281358630874525,0.8255025163353282
persistence,TAG60:10-FA22:6,0.4560768992504157,0.7497332874319061
persistence,TAG60:11-FA22:6,0.4915984580756714,0.7275233263125542
autoregressive_ridge,CE(16:1),0.6049737697220293,0.6360687213088888
autoregressive_ridge,CE(18:1),0.43657718468769147,0.7597081313114702
autoregressive_ridge,CE(18:2),0.518164836067093,0.704375537548002
autoregressive_ridge,CE(18:3),0.3343951524820423,0.8225730208636854
autoregressive_ridge,CE(18:4),0.3150237366941001,0.8401651441536051
autoregressive_ridge,CE(20:2),0.33401391734833763,0.8211253754431832
autoregressive_ridge,CE(20:3),0.5091064725614637,0.7062605047478845
autoregressive_ridge,CE(20:4),0.6676133884905397,0.5828963038521803
autoregressive_ridge,CE(20:5),0.6015081399257175,0.6564664877007921
autoregressive_ridge,CE(22:4),0.37129027155675265,0.7956059988844569
autoregressive_ridge,CE(22:5),0.26644021172149857,0.8613226032578178
autoregressive_ridge,CE(22:6),0.5437804349648271,0.6895146260967072
autoregressive_ridge,CER(22:0),0.5647818883505418,0.6679271658744473
autoregressive_ridge,CER(24:0),0.5196603034994027,0.7019983678187052
autoregressive_ridge,CER(24:1),0.4828184122170506,0.7250229628252008
autoregressive_ridge,DAG(16:0_18:1),0.5507940926689519,0.6841639892509982
autoregressive_ridge,DAG(18:1_18:1),0.5575049402025789,0.6769193990870659
autoregressive_ridge,FFA(12:0),-0.01581925840936682,1.0145764160144655
autoregressive_ridge,FFA(14:0),0.18034303572838917,0.9151610918281792
autoregressive_ridge,FFA(14:1),0.29400422197703024,0.8537798243918422
autoregressive_ridge,FFA(15:0),0.40351912717701655,0.7875666263533856
autoregressive_ridge,FFA(16:0),0.10687474413051279,0.9568091983263608
autoregressive_ridge,FFA(16:1),0.37570958549042255,0.8090894325748409
autoregressive_ridge,FFA(17:0),0.048532723210135464,0.9817194135681074
autoregressive_ridge,FFA(18:0),-0.06171589442751202,1.0343359318636718
autoregressive_ridge,FFA(18:1),0.1244340387582984,0.9564685625975011
autoregressive_ridge,FFA(18:2),0.21197658786930051,0.9114295793599226
autoregressive_ridge,FFA(18:3),0.1904858683812296,0.9262829164502494
autoregressive_ridge,FFA(18:4),-0.06016285528659093,1.0331329589509968
autoregressive_ridge,FFA(20:0),-0.10840519092668055,1.0550486689733336
autoregressive_ridge,FFA(20:1),0.0728231479464968,1.061750544211822
autoregressive_ridge,FFA(20:2),0.06205052831617419,1.0923051456134003
autoregressive_ridge,FFA(20:3),-0.11376185101476644,1.0624814663990518
autoregressive_ridge,FFA(20:4),0.2241608519379038,0.8905893325328328
autoregressive_ridge,FFA(20:5),0.4105994311972412,0.7900216702809661
autoregressive_ridge,FFA(22:0),-0.07847206314160093,1.047590534110595
autoregressive_ridge,FFA(22:1),-0.10969043709480397,1.0590156131740915
autoregressive_ridge,FFA(22:2),0.003955503548500938,1.0077810687346298
autoregressive_ridge,FFA(22:4),0.2001507751449738,0.9033649249464457
autoregressive_ridge,FFA(22:5),-0.047175427503340694,1.0280066336650284
autoregressive_ridge,FFA(22:6),0.3519772891609464,0.8182029237580659
autoregressive_ridge,FFA(24:0),-0.12780408798975773,1.0710867979100998
autoregressive_ridge,FFA(24:1),-0.11811463539455946,1.0664926405554005
autoregressive_ridge,HCER(16:0),0.5266399458952735,0.6951659845013559
autoregressive_ridge,HCER(22:0),0.51373655921695,0.7143799441952442
autoregressive_ridge,HCER(24:0),0.5393702489954735,0.6941720323826647
autoregressive_ridge,HCER(24:1),0.47862725653928995,0.7644008304025475
autoregressive_ridge,LCER(16:0),0.4660785310758562,0.7836923459131605
autoregressive_ridge,LPC(15:0),0.22411046037612725,0.8851645194264246
autoregressive_ridge,LPC(16:0),0.34664008408455405,0.828865272637045
autoregressive_ridge,LPC(16:1),0.3571199297442281,0.8106359224706888
autoregressive_ridge,LPC(17:0),0.3366221935993928,0.8249770259656093
autoregressive_ridge,LPC(18:0),0.20293976679265247,0.9024120539229331
autoregressive_ridge,LPC(18:1),0.36363754361255285,0.8225245529321358
autoregressive_ridge,LPC(18:2),0.4045684473806679,0.7915324417378209
autoregressive_ridge,LPC(20:3),0.2983963993431923,0.8504847919555082
autoregressive_ridge,LPC(20:4),0.5780957955800318,0.6606214346346967
autoregressive_ridge,LPE(16:0),0.3360387680283139,0.8399096466650743
autoregressive_ridge,LPE(18:0),0.2907414648193489,0.8556709869069401
autoregressive_ridge,LPE(18:1),0.16351763539714537,0.9274293897828628
autoregressive_ridge,LPE(18:2),0.23906070734765084,0.878443699933078
autoregressive_ridge,LPE(20:4),0.2374684622009351,0.8835521702947358
autoregressive_ridge,PC(14:0_18:1),0.2778744069868343,0.8548506939693963
autoregressive_ridge,PC(14:0_18:2),0.31348172543973674,0.8393062669950507
autoregressive_ridge,PC(16:0_14:0),0.19345443472889978,0.901305861808153
autoregressive_ridge,PC(16:0_16:0),-0.11021607798603772,1.0617031259310838
autoregressive_ridge,PC(16:0_16:1),0.5531294045285631,0.6792217196200949
autoregressive_ridge,PC(16:0_18:0),-0.09174329447912788,1.0552209519258577
autoregressive_ridge,PC(16:0_18:1),0.4196299146396144,0.7696924148038603
autoregressive_ridge,PC(16:0_18:2),0.5252610022040155,0.6980820827236842
autoregressive_ridge,PC(16:0_18:3),0.23325200216408715,0.8784790870868112
autoregressive_ridge,PC(16:0_20:2),0.4295299938848166,0.7659168078673693
autoregressive_ridge,PC(16:0_20:3),0.5384704732547481,0.6874635506330822
autoregressive_ridge,PC(16:0_20:4),0.715052821904405,0.542968961224102
autoregressive_ridge,PC(16:0_20:5),0.5649507336407369,0.6806894914872692
autoregressive_ridge,PC(16:0_22:4),0.5517188633964294,0.6768999273523245
autoregressive_ridge,PC(16:0_22:5),0.3778402365346042,0.7980075536046268
autoregressive_ridge,PC(16:0_22:6),0.5778858932588276,0.6617575254437368
autoregressive_ridge,PC(17:0_18:1),0.30271495285482364,0.8386493346199194
autoregressive_ridge,PC(17:0_18:2),0.42662051582257576,0.7691402382497562
autoregressive_ridge,PC(18:0_18:0),0.025506189655011946,0.9943229470715212
autoregressive_ridge,PC(18:0_18:1),0.2805455834901577,0.8603662452391647
autoregressive_ridge,PC(18:0_18:2),0.4335338174998341,0.7733902087921763
autoregressive_ridge,PC(18:0_20:2),0.37278652460610273,0.8056747097671055
autoregressive_ridge,PC(18:0_20:3),0.5157377311898879,0.7089429809925355
autoregressive_ridge,PC(18:0_20:4),0.6964601669680761,0.5670810315355104
autoregressive_ridge,PC(18:0_20:5),0.5761791650052512,0.6766379580057958
autoregressive_ridge,PC(18:0_22:5),0.2990499258237951,0.8494619991272583
autoregressive_ridge,PC(18:0_22:6),0.5396886332305776,0.6919929431074975
autoregressive_ridge,PC(18:1_16:1),0.4756170566226643,0.7356144464674494
autoregressive_ridge,PC(18:1_18:1),0.38501492978939345,0.81237080039504
autoregressive_ridge,PC(18:1_18:2),0.5071421766988954,0.7159469186612858
autoregressive_ridge,PC(18:1_20:3),0.5346277269937907,0.6914381788520673
autoregressive_ridge,PC(18:1_20:4),0.6741583558926905,0.5775642592844601
autoregressive_ridge,PC(18:2_16:1),0.5375754991863109,0.689236113825365
autoregressive_ridge,PC(18:2_18:2),0.4325142304366446,0.7610043127999218
autoregressive_ridge,PC(18:2_20:3),0.402072995011157,0.7838696650521482
autoregressive_ridge,PC(18:2_20:4),0.4921182974058569,0.7192927441948798
autoregressive_ridge,PE(16:0_18:2),0.48761180538676163,0.7458478036339986
autoregressive_ridge,PE(16:0_20:4),0.5134751629181016,0.7223403969853538
autoregressive_ridge,PE(18:0_18:0),0.3758542239693621,0.7996876338582447
autoregressive_ridge,PE(18:0_18:1),0.02746870344408625,0.9896219161953753
autoregressive_ridge,PE(18:0_18:2),0.20393917417513652,0.9021764329215168
autoregressive_ridge,PE(18:0_20:4),0.4510863996633204,0.7589348782736238
autoregressive_ridge,PE(18:0_22:5),0.16044901853095928,0.9251687326122425
autoregressive_ridge,PE(18:1_18:2),0.34449952780323434,0.8240491131639156
autoregressive_ridge,PE(18:1_20:4),0.5230944976495329,0.7026744206972126
autoregressive_ridge,PE(O-16:0_20:4),0.3185018617911882,0.8508858187614904
autoregressive_ridge,PE(O-18:0_20:4),0.2978467445221179,0.8576713430838897
autoregressive_ridge,PE(P-16:0_18:1),0.3324064343815911,0.8291939384934184
autoregressive_ridge,PE(P-16:0_18:2),0.33679434733550706,0.8275639644583199
autoregressive_ridge,PE(P-16:0_20:4),0.38478690729766984,0.7942939427330865
autoregressive_ridge,PE(P-16:0_22:5),0.21437292285171794,0.8937700710252579
autoregressive_ridge,PE(P-18:0_18:1),0.32408974601811347,0.8373816830230999
autoregressive_ridge,PE(P-18:0_18:2),0.3526855412016747,0.8247880094076646
autoregressive_ridge,PE(P-18:0_20:4),0.41421384541329553,0.7777137856469052
autoregressive_ridge,PE(P-18:1_18:1),0.35107999583040506,0.8158289423947318
autoregressive_ridge,PE(P-18:1_18:2),0.3763359866175797,0.7999521802221213
autoregressive_ridge,PE(P-18:1_20:4),0.41356892841223536,0.7745370723066739
autoregressive_ridge,PI(16:0_18:1),0.2856541957637204,0.8526242533704026
autoregressive_ridge,PI(16:0_18:2),0.4260357807587093,0.7658716347741628
autoregressive_ridge,PI(16:0_20:4),0.28710088158557057,0.8535037595424559
autoregressive_ridge,PI(18:0_18:1),0.30188848025402115,0.8432307828526147
autoregressive_ridge,PI(18:0_18:2),0.47188018377245755,0.7351318915540118
autoregressive_ridge,PI(18:0_20:3),0.37225118891598774,0.7993982076405644
autoregressive_ridge,PI(18:0_20:4),0.2957115222157195,0.8465789632235045
autoregressive_ridge,PI(18:1_18:1),0.3087452630767513,0.8468405912802289
autoregressive_ridge,SM(14:0),0.5832283966852023,0.6581998992791512
autoregressive_ridge,SM(16:0),0.49000852899800085,0.7262180436475403
autoregressive_ridge,SM(18:0),0.40218589384839076,0.7797565437212217
autoregressive_ridge,SM(18:1),0.46525908951828465,0.739715405731906
autoregressive_ridge,SM(20:0),0.07459846857417352,0.9659594506347062
autoregressive_ridge,SM(20:1),0.4930684986010506,0.7205350780855845
autoregressive_ridge,SM(22:0),0.23410873732072923,0.8824272869853281
autoregressive_ridge,SM(22:1),0.4539337782075825,0.74757385068268
autoregressive_ridge,SM(24:0),0.522991590825495,0.7009428326378493
autoregressive_ridge,SM(24:1),0.4543235228398729,0.7515962332285611
autoregressive_ridge,SM(26:0),-0.04049514781978836,1.022180392971967
autoregressive_ridge,SM(26:1),0.3003646183008635,0.8604224563782559
autoregressive_ridge,TAG44:1-FA16:0,0.2885695642000613,0.8533270988084736
autoregressive_ridge,TAG44:1-FA18:1,0.21193633924041588,0.8964624220562503
autoregressive_ridge,TAG46:0-FA14:0,0.37596062546530107,0.801406354209607
autoregressive_ridge,TAG46:0-FA16:0,0.3732170913858651,0.8030779416246464
autoregressive_ridge,TAG46:1-FA12:0,0.257723136524758,0.8735860452734434
autoregressive_ridge,TAG46:1-FA14:0,0.3845154357886348,0.7971073622800189
autoregressive_ridge,TAG46:1-FA16:0,0.3565533216224748,0.8149126587144471
autoregressive_ridge,TAG46:1-FA18:1,0.2791325074169193,0.8609480686741752
autoregressive_ridge,TAG46:2-FA12:0,0.24803193128330103,0.8833742803259331
autoregressive_ridge,TAG46:2-FA14:0,0.3504299608175807,0.8210487950600506
autoregressive_ridge,TAG46:2-FA16:0,0.3055552868918855,0.8493445126061677
autoregressive_ridge,TAG46:2-FA18:1,0.27756786943729483,0.8587583972668748
autoregressive_ridge,TAG46:2-FA18:2,0.2457135866808322,0.8858033602484382
autoregressive_ridge,TAG46:3-FA18:2,0.25562280431859496,0.877868471786818
autoregressive_ridge,TAG47:0-FA16:0,0.4001171566149908,0.7859577415988165
autoregressive_ridge,TAG47:1-FA16:1,0.3072238781544673,0.8443471638130455
autoregressive_ridge,TAG47:1-FA18:1,0.38438123384439593,0.7959549535027999
autoregressive_ridge,TAG47:2-FA18:1,0.38215794127590585,0.8000842746856673
autoregressive_ridge,TAG48:0-FA14:0,0.39988735368847095,0.7862183227143978
autoregressive_ridge,TAG48:0-FA16:0,0.4219269204636401,0.7719451752578216
autoregressive_ridge,TAG48:0-FA18:0,0.362289213221201,0.8096687345433987
autoregressive_ridge,TAG48:1-FA14:0,0.42864595364820657,0.7680589235257602
autoregressive_ridge,TAG48:1-FA16:0,0.46454923956786065,0.7443617201111066
autoregressive_ridge,TAG48:1-FA16:1,0.5207383131348826,0.7066002134810199
autoregressive_ridge,TAG48:1-FA18:1,0.4172657254812847,0.7758091357850879
autoregressive_ridge,TAG48:2-FA12:0,0.2257086490310728,0.8908580604722324
autoregressive_ridge,TAG48:2-FA14:0,0.45400707959272657,0.7553421588912927
autoregressive_ridge,TAG48:2-FA14:1,0.4645096603843549,0.7438049439423353
autoregressive_ridge,TAG48:2-FA16:0,0.4597579846210449,0.7511595698770724
autoregressive_ridge,TAG48:2-FA16:1,0.5691690709824035,0.672203440307931
autoregressive_ridge,TAG48:2-FA18:1,0.4063833579533057,0.7829073145534371
autoregressive_ridge,TAG48:2-FA18:2,0.4104715253966099,0.7867272514870302
autoregressive_ridge,TAG48:3-FA12:0,0.2047068201558614,0.9069978734008473
autoregressive_ridge,TAG48:3-FA14:0,0.46418126136245397,0.7508450365299673
autoregressive_ridge,TAG48:3-FA14:1,0.48894695805326016,0.7320307110826635
autoregressive_ridge,TAG48:3-FA16:0,0.4268414225507877,0.7743746607868449
autoregressive_ridge,TAG48:3-FA16:1,0.5430611657500066,0.6940226657242351
autoregressive_ridge,TAG48:3-FA18:1,0.26773105320988866,0.8707364998477282
autoregressive_ridge,TAG48:3-FA18:2,0.3863991229388968,0.8020836754577656
autoregressive_ridge,TAG48:3-FA18:3,0.33034869049719207,0.832664686511246
autoregressive_ridge,TAG48:4-FA12:0,0.16545534094660208,0.9310221003501638
autoregressive_ridge,TAG48:4-FA18:1,0.2493520916826304,0.8798899045384035
autoregressive_ridge,TAG48:4-FA18:2,0.23775212959057668,0.8919745493702609
autoregressive_ridge,TAG49:0-FA16:0,0.4325642405651575,0.7659661085940604
autoregressive_ridge,TAG49:0-FA17:0,0.42057652866234985,0.774983982744442
autoregressive_ridge,TAG49:1-FA15:0,0.48021934433023106,0.7344798805296288
autoregressive_ridge,TAG49:1-FA16:0,0.4863232775224695,0.7309298521421166
autoregressive_ridge,TAG49:1-FA16:1,0.4965736199861489,0.7259485611142455
autoregressive_ridge,TAG49:1-FA18:1,0.47169801254818167,0.7403759317768042
autoregressive_ridge,TAG49:2-FA14:0,0.4577165427457095,0.7531821490290499
autoregressive_ridge,TAG49:2-FA15:0,0.522922820298483,0.7101494994023885
autoregressive_ridge,TAG49:2-FA16:0,0.5176991954817574,0.7136615785264494
autoregressive_ridge,TAG49:2-FA16:1,0.5771771722781245,0.6662473985987688
autoregressive_ridge,TAG49:2-FA18:1,0.5280464978786319,0.7008753132341832
autoregressive_ridge,TAG49:2-FA18:2,0.47861012942724557,0.7432972731041092
autoregressive_ridge,TAG49:3-FA15:0,0.5438699643496846,0.6964168881145153
autoregressive_ridge,TAG49:3-FA16:0,0.4703320820718473,0.7458673004455371
autoregressive_ridge,TAG49:3-FA16:1,0.5742387251512078,0.6733300359423409
autoregressive_ridge,TAG49:3-FA18:2,0.5323350705486417,0.706219072832463
autoregressive_ridge,TAG50:0-FA16:0,0.464480515192742,0.7433692219418724
autoregressive_ridge,TAG50:0-FA18:0,0.41871989636565465,0.773834176642563
autoregressive_ridge,TAG50:1-FA14:0,0.43194443259344417,0.7639572409689951
autoregressive_ridge,TAG50:1-FA16:0,0.5185785803702267,0.7064987150630302
autoregressive_ridge,TAG50:1-FA16:1,0.5864166580112735,0.657969314883132
autoregressive_ridge,TAG50:1-FA18:0,0.4864893606810331,0.7283580020726101
autoregressive_ridge,TAG50:1-FA18:1,0.5148245343464027,0.7099895476315694
autoregressive_ridge,TAG50:2-FA14:0,0.4619010963331064,0.7441043375891341
autoregressive_ridge,TAG50:2-FA14:1,0.4005814040475033,0.7846046292512813
autoregressive_ridge,TAG50:2-FA16:0,0.573727250333459,0.6688701813540683
autoregressive_ridge,TAG50:2-FA16:1,0.6188849902642914,0.6331134777544947
autoregressive_ridge,TAG50:2-FA18:0,0.43680655998804496,0.7651741748834875
autoregressive_ridge,TAG50:2-FA18:1,0.5667260644993395,0.6718196677804
autoregressive_ridge,TAG50:2-FA18:2,0.5279117523511336,0.7054748003376876
autoregressive_ridge,TAG50:3-FA14:0,0.4597652085481112,0.7501394573672764
autoregressive_ridge,TAG50:3-FA14:1,0.4388087978223819,0.7605410630196857
autoregressive_ridge,TAG50:3-FA16:0,0.6054497194535422,0.6474540681084219
autoregressive_ridge,TAG50:3-FA16:1,0.6403340114713377,0.6183261066607039
autoregressive_ridge,TAG50:3-FA18:0,0.37564866102909245,0.8051720498085827
autoregressive_ridge,TAG50:3-FA18:1,0.4989301408817429,0.7219775696174822
autoregressive_ridge,TAG50:3-FA18:2,0.577317735677279,0.6682095135619355
autoregressive_ridge,TAG50:3-FA18:3,0.4150051652822082,0.7823104871196372
autoregressive_ridge,TAG50:4-FA14:0,0.40372322611167066,0.7916985470925716
autoregressive_ridge,TAG50:4-FA14:1,0.4627712686512955,0.7502189424805781
autoregressive_ridge,TAG50:4-FA16:0,0.5221517823420865,0.7084320682470016
autoregressive_ridge,TAG50:4-FA16:1,0.6143206448909722,0.6418504153367564
autoregressive_ridge,TAG50:4-FA18:1,0.4045181511531748,0.7863894028907251
autoregressive_ridge,TAG50:4-FA18:2,0.45290403260654377,0.7585763349103638
autoregressive_ridge,TAG50:4-FA18:3,0.46393821461678464,0.7476982262078337
autoregressive_ridge,TAG50:5-FA14:0,0.31923876317899125,0.8425573872287652
autoregressive_ridge,TAG50:5-FA16:1,0.5619563889540777,0.6813015468503907
autoregressive_ridge,TAG50:5-FA18:1,0.38640430365115586,0.7975182611513051
autoregressive_ridge,TAG50:5-FA18:2,0.36260026052878225,0.8184422046421175
autoregressive_ridge,TAG50:5-FA18:3,0.3635567523564176,0.8155888897738779
autoregressive_ridge,TAG51:0-FA16:0,0.4377778641465535,0.7607074873428293
autoregressive_ridge,TAG51:0-FA17:0,0.4577461099919662,0.7499369590585525
autoregressive_ridge,TAG51:0-FA18:0,0.4093004949836002,0.7802650781246658
autoregressive_ridge,TAG51:1-FA15:0,0.486139890130182,0.7289122759596347
autoregressive_ridge,TAG51:1-FA16:0,0.5059345905259629,0.717567007078343
autoregressive_ridge,TAG51:1-FA17:0,0.5098291022260177,0.7155910897766776
autoregressive_ridge,TAG51:1-FA18:0,0.4681420216934412,0.7421483738387489
autoregressive_ridge,TAG51:1-FA18:1,0.50885203280835,0.7152515362631062
autoregressive_ridge,TAG51:2-FA15:0,0.5332014811586283,0.6943032714971911
autoregressive_ridge,TAG51:2-FA16:0,0.5742096648958193,0.6709252135077907
autoregressive_ridge,TAG51:2-FA16:1,0.5891167418293983,0.6572383313596996
autoregressive_ridge,TAG51:2-FA17:0,0.5540746571209845,0.6892496635203353
autoregressive_ridge,TAG51:2-FA18:1,0.5536245409805997,0.6810778437588947
autoregressive_ridge,TAG51:2-FA18:2,0.528237419908655,0.7094828817343466
autoregressive_ridge,TAG51:3-FA15:0,0.5502484523205893,0.6858590834903803
autoregressive_ridge,TAG51:3-FA16:1,0.618822794463295,0.6359782406148703
autoregressive_ridge,TAG51:3-FA17:0,0.5782983216221969,0.672919213693324
autoregressive_ridge,TAG51:3-FA18:2,0.5791240641355304,0.6686464421030269
autoregressive_ridge,TAG51:4-FA15:0,0.48687767281134353,0.7342533401356112
autoregressive_ridge,TAG51:4-FA16:1,0.6074040325393255,0.6497267274003138
autoregressive_ridge,TAG51:4-FA18:2,0.5022225330478498,0.7244750903787682
autoregressive_ridge,TAG51:4-FA18:3,0.47256712420490665,0.7436091399559746
autoregressive_ridge,TAG51:5-FA18:2,0.38106847206050365,0.8045610130433473
autoregressive_ridge,TAG52:0-FA16:0,0.4648775196102205,0.7409490243607548
autoregressive_ridge,TAG52:0-FA18:0,0.4447313919194207,0.755289954089856
autoregressive_ridge,TAG52:0-FA20:0,0.3638251436248804,0.8054403698451598
autoregressive_ridge,TAG52:1-FA16:0,0.5606741527836656,0.6726438895128065
autoregressive_ridge,TAG52:1-FA16:1,0.5508503356769889,0.6821535600329657
autoregressive_ridge,TAG52:1-FA18:0,0.5231612145484854,0.7001743097294495
autoregressive_ridge,TAG52:1-FA18:1,0.5729399428366466,0.6639656288825483
autoregressive_ridge,TAG52:1-FA20:1,0.5033202920391933,0.7165742147669476
autoregressive_ridge,TAG52:2-FA16:0,0.6016616891859727,0.6417515029301432
autoregressive_ridge,TAG52:2-FA16:1,0.606364029739201,0.6421229308846594
autoregressive_ridge,TAG52:2-FA18:0,0.5586376030551277,0.6775149439585834
autoregressive_ridge,TAG52:2-FA18:1,0.5937490569638517,0.648288533527685
autoregressive_ridge,TAG52:2-FA18:2,0.5984232516020671,0.6452747915919284
autoregressive_ridge,TAG52:2-FA20:1,0.5506445372045429,0.6829355528881397
autoregressive_ridge,TAG52:2-FA20:2,0.4984213917087965,0.7238165796846662
autoregressive_ridge,TAG52:3-FA14:0,0.4452209411483792,0.759617745223241
autoregressive_ridge,TAG52:3-FA16:0,0.6133067853273028,0.6328399203753967
autoregressive_ridge,TAG52:3-FA16:1,0.5677307866587245,0.6749713518566122
autoregressive_ridge,TAG52:3-FA18:0,0.5661526316281769,0.6753337599648993
autoregressive_ridge,TAG52:3-FA18:1,0.6073226812026173,0.6384001863574899
autoregressive_ridge,TAG52:3-FA18:2,0.6094875846284225,0.6360748981225081
autoregressive_ridge,TAG52:3-FA18:3,0.48809895859114383,0.7281563508813735
autoregressive_ridge,TAG52:3-FA20:0,0.5934581688210041,0.6485700951645322
autoregressive_ridge,TAG52:3-FA20:1,0.5427362433155002,0.689648531860645
autoregressive_ridge,TAG52:3-FA20:2,0.5643016217166356,0.6754084250416621
autoregressive_ridge,TAG52:3-FA20:3,0.5123437364777674,0.7111265234872021
autoregressive_ridge,TAG52:4-FA14:0,0.4297312556409282,0.769899970283458
autoregressive_ridge,TAG52:4-FA16:0,0.5466670636280261,0.6866214783918141
autoregressive_ridge,TAG52:4-FA16:1,0.5500408155088949,0.690334167270842
autoregressive_ridge,TAG52:4-FA18:0,0.5014407066854989,0.7206211315901396
autoregressive_ridge,TAG52:4-FA18:1,0.5504214673233214,0.6864558702135186
autoregressive_ridge,TAG52:4-FA18:2,0.5457845772035727,0.6883318878421192
autoregressive_ridge,TAG52:4-FA18:3,0.5012368919322667,0.7201749243275557
autoregressive_ridge,TAG52:4-FA20:0,0.54634307756593,0.686246281933184
autoregressive_ridge,TAG52:4-FA20:2,0.4961242636890999,0.727074749861313
autoregressive_ridge,TAG52:4-FA20:3,0.5714478808997785,0.6679209227301175
autoregressive_ridge,TAG52:4-FA20:4,0.5211404549617868,0.7054226070827857
autoregressive_ridge,TAG52:5-FA14:0,0.44170927834227736,0.7589536236424691
autoregressive_ridge,TAG52:5-FA16:0,0.4402893636803963,0.7641631275719203
autoregressive_ridge,TAG52:5-FA16:1,0.5061720866196135,0.7234130973176566
autoregressive_ridge,TAG52:5-FA18:1,0.4812635016558372,0.738356695442873
autoregressive_ridge,TAG52:5-FA18:2,0.48330548189373856,0.7380919678920556
autoregressive_ridge,TAG52:5-FA18:3,0.4576647964972851,0.755054723284086
autoregressive_ridge,TAG52:5-FA20:4,0.5994956175496154,0.6463797985785438
autoregressive_ridge,TAG52:5-FA20:5,0.5288080406596606,0.6991608230918162
autoregressive_ridge,TAG52:5-FA22:5,0.4455656464602804,0.7584593102318479
autoregressive_ridge,TAG52:6-FA16:0,0.4096225472078088,0.7827351043974149
autoregressive_ridge,TAG52:6-FA16:1,0.4499758227556674,0.7629431748738114
autoregressive_ridge,TAG52:6-FA18:1,0.4250821270788855,0.7767955657797898
autoregressive_ridge,TAG52:6-FA18:2,0.42443443690772753,0.779940042710188
autoregressive_ridge,TAG52:6-FA18:3,0.39600912631306184,0.7992320902160459
autoregressive_ridge,TAG52:6-FA20:4,0.5485612656153736,0.6869085339435436
autoregressive_ridge,TAG52:6-FA20:5,0.579552366940159,0.6678257806234388
autoregressive_ridge,TAG52:6-FA22:6,0.5324610981678113,0.6975965983695769
autoregressive_ridge,TAG52:7-FA16:0,0.4310370147531518,0.7654527116186184
autoregressive_ridge,TAG52:7-FA18:1,0.5052418777180312,0.7183279908649297
autoregressive_ridge,TAG53:0-FA16:0,0.5774290791027951,0.6662540381053668
autoregressive_ridge,TAG53:1-FA16:0,0.43417031225386993,0.7590189418801022
autoregressive_ridge,TAG53:1-FA17:0,0.5072484885173689,0.7141472694317366
autoregressive_ridge,TAG53:1-FA18:0,0.4665773783688222,0.742386682381844
autoregressive_ridge,TAG53:1-FA18:1,0.4970582777109861,0.7200572552093373
autoregressive_ridge,TAG53:2-FA16:0,0.5343298851658553,0.6951268642516533
autoregressive_ridge,TAG53:2-FA17:0,0.542102159217154,0.6881643983583171
autoregressive_ridge,TAG53:2-FA18:1,0.5390046130438332,0.6902028706710241
autoregressive_ridge,TAG53:2-FA18:2,0.5128195604274167,0.714476599482281
autoregressive_ridge,TAG53:3-FA16:0,0.5518946541883598,0.6878910365364632
autoregressive_ridge,TAG53:3-FA17:0,0.5524425452469078,0.6842444096746383
autoregressive_ridge,TAG53:3-FA18:2,0.5558779416156607,0.6820974674273501
autoregressive_ridge,TAG53:4-FA16:0,0.5307237888254923,0.7035023279491349
autoregressive_ridge,TAG53:4-FA17:0,0.48655202122897867,0.7345914183823923
autoregressive_ridge,TAG53:4-FA18:2,0.5196562680104666,0.7113161572508139
autoregressive_ridge,TAG53:4-FA18:3,0.4574774346242664,0.7522078927220373
autoregressive_ridge,TAG53:5-FA20:4,0.6164036370873962,0.6356713684452184
autoregressive_ridge,TAG54:0-FA18:0,0.3219636976520662,0.8324998550439483
autoregressive_ridge,TAG54:1-FA16:0,0.4527630180820813,0.7464455374342369
autoregressive_ridge,TAG54:1-FA18:0,0.414731919512068,0.7737403193891979
autoregressive_ridge,TAG54:1-FA18:1,0.45267910480090523,0.7495715900566353
autoregressive_ridge,TAG54:1-FA20:0,0.4238824733490054,0.7673110749250602
autoregressive_ridge,TAG54:1-FA20:1,0.5513559745807044,0.6789495120191102
autoregressive_ridge,TAG54:2-FA16:0,0.5912224024196566,0.6481563267774146
autoregressive_ridge,TAG54:2-FA18:0,0.4805099936905207,0.731235243730184
autoregressive_ridge,TAG54:2-FA18:1,0.49126157134795845,0.7245125854588953
autoregressive_ridge,TAG54:2-FA18:2,0.48070638649386144,0.7301321568430029
autoregressive_ridge,TAG54:2-FA20:0,0.4266935110187412,0.76513695876043
autoregressive_ridge,TAG54:2-FA20:1,0.5853724293012167,0.6528431004831455
autoregressive_ridge,TAG54:2-FA20:2,0.5570795829214058,0.6768734773119027
autoregressive_ridge,TAG54:3-FA16:0,0.6042976459587235,0.6400898459300053
autoregressive_ridge,TAG54:3-FA16:1,0.5659230552009287,0.6717006877767666
autoregressive_ridge,TAG54:3-FA18:0,0.5134380908478696,0.7081523533052035
autoregressive_ridge,TAG54:3-FA18:1,0.4582490207663342,0.750159313423701
autoregressive_ridge,TAG54:3-FA18:2,0.5244820794022487,0.7001001749451465
autoregressive_ridge,TAG54:3-FA18:3,0.3840997650858542,0.7944636309594816
autoregressive_ridge,TAG54:3-FA20:1,0.6091146785688198,0.6359230121410712
autoregressive_ridge,TAG54:3-FA20:2,0.5846913045664678,0.6557382356884381
autoregressive_ridge,TAG54:3-FA20:3,0.5762379328761262,0.6605922713871126
autoregressive_ridge,TAG54:4-FA16:0,0.5860386382306702,0.6552235301101793
autoregressive_ridge,TAG54:4-FA16:1,0.5759891315237655,0.6672649175555696
autoregressive_ridge,TAG54:4-FA18:0,0.4550847371678849,0.7507501078786667
autoregressive_ridge,TAG54:4-FA18:1,0.4683185960210322,0.7440528277926174
autoregressive_ridge,TAG54:4-FA18:2,0.47642638052916075,0.7381137338694036
autoregressive_ridge,TAG54:4-FA18:3,0.4176071002902899,0.7774760025111837
autoregressive_ridge,TAG54:4-FA20:1,0.5287160238811435,0.7000817201639112
autoregressive_ridge,TAG54:4-FA20:2,0.5648404367578259,0.6740501017583224
autoregressive_ridge,TAG54:4-FA20:3,0.6116747773696309,0.6326252227379681
autoregressive_ridge,TAG54:4-FA20:4,0.6185932391176797,0.6292190111299932
autoregressive_ridge,TAG54:4-FA22:1,0.4759826954636176,0.736488794326138
autoregressive_ridge,TAG54:4-FA22:4,0.5583554998805735,0.6787464221169174
autoregressive_ridge,TAG54:5-FA16:0,0.6205090273609091,0.627015488205022
autoregressive_ridge,TAG54:5-FA16:1,0.6231620809260832,0.6294535276745811
autoregressive_ridge,TAG54:5-FA18:0,0.3556336805064484,0.8186286190542886
autoregressive_ridge,TAG54:5-FA18:1,0.423683717173181,0.7773947455593135
autoregressive_ridge,TAG54:5-FA18:2,0.42821086895364624,0.7756438798981087
autoregressive_ridge,TAG54:5-FA18:3,0.39036059575917004,0.8018487922029578
autoregressive_ridge,TAG54:5-FA20:2,0.501321635798089,0.7258027348359156
autoregressive_ridge,TAG54:5-FA20:3,0.6075031676075453,0.6403155424757554
autoregressive_ridge,TAG54:5-FA20:4,0.6792156624441394,0.5777034613568581
autoregressive_ridge,TAG54:5-FA20:5,0.5805392978468875,0.6626998311436133
autoregressive_ridge,TAG54:5-FA22:1,0.41427642360872896,0.7827593858155097
autoregressive_ridge,TAG54:5-FA22:4,0.6200054920759521,0.6315797152310385
autoregressive_ridge,TAG54:5-FA22:5,0.535277749670926,0.6940152663908398
autoregressive_ridge,TAG54:6-FA16:0,0.5838586487761902,0.6586840398592684
autoregressive_ridge,TAG54:6-FA16:1,0.6563268887538802,0.6012181438857487
autoregressive_ridge,TAG54:6-FA18:1,0.34780010660928296,0.8293189750421542
autoregressive_ridge,TAG54:6-FA18:2,0.36216649527736444,0.8232704883139225
autoregressive_ridge,TAG54:6-FA18:3,0.366441695056143,0.8216352052831772
autoregressive_ridge,TAG54:6-FA20:3,0.5790228638533259,0.6656589051100971
autoregressive_ridge,TAG54:6-FA20:4,0.6600650983806642,0.5982006164201648
autoregressive_ridge,TAG54:6-FA20:5,0.5936970448323544,0.6571456584717341
autoregressive_ridge,TAG54:6-FA22:5,0.6197437255465553,0.6307622496190884
autoregressive_ridge,TAG54:6-FA22:6,0.6059176896181857,0.6382084389989383
autoregressive_ridge,TAG54:7-FA16:1,0.6138672967143164,0.6435832718726092
autoregressive_ridge,TAG54:7-FA18:1,0.3533660905909485,0.8238744610086141
autoregressive_ridge,TAG54:7-FA18:2,0.3002500578660623,0.8607226011162175
autoregressive_ridge,TAG54:7-FA18:3,0.30713117987519656,0.8598596210467899
autoregressive_ridge,TAG54:7-FA20:4,0.6387831406731411,0.6188975768308534
autoregressive_ridge,TAG54:7-FA20:5,0.5474181683781998,0.6932805648777967
autoregressive_ridge,TAG54:7-FA22:5,0.5033948294434725,0.7182211775991121
autoregressive_ridge,TAG54:7-FA22:6,0.6535655258070214,0.606701020524208
autoregressive_ridge,TAG54:8-FA18:2,0.29869323561590544,0.8604495883884862
autoregressive_ridge,TAG54:8-FA18:3,0.24622232386633247,0.8933909870775902
autoregressive_ridge,TAG54:8-FA20:5,0.5225440063421154,0.713631042042477
autoregressive_ridge,TAG54:8-FA22:6,0.5655219370942127,0.673328336818707
autoregressive_ridge,TAG55:1-FA16:0,0.5788983338414221,0.6577619791019758
autoregressive_ridge,TAG55:1-FA18:1,0.5220335419128025,0.7108378076736619
autoregressive_ridge,TAG55:2-FA18:1,0.39747248209158426,0.7846510847820599
autoregressive_ridge,TAG55:2-FA18:2,0.42337212651157197,0.7830180253217419
autoregressive_ridge,TAG55:3-FA18:1,0.45195199807816777,0.7522566370741854
autoregressive_ridge,TAG55:3-FA18:2,0.3656100096504755,0.8062433823368548
autoregressive_ridge,TAG55:4-FA18:1,0.46341600174797204,0.7453032561553538
autoregressive_ridge,TAG55:4-FA18:2,0.40007691094935727,0.7874898292735328
autoregressive_ridge,TAG55:5-FA18:1,0.5112636688116502,0.7129900655035846
autoregressive_ridge,TAG55:5-FA18:2,0.36160675657262253,0.817609500359779
autoregressive_ridge,TAG55:5-FA20:4,0.6493179954033984,0.6071682640913116
autoregressive_ridge,TAG55:7-FA22:6,0.6344384149525746,0.6122768731769477
autoregressive_ridge,TAG56:10-FA18:2,0.36146684566924603,0.8082249757756227
autoregressive_ridge,TAG56:1-FA18:1,0.33765676544645673,0.8244190062963197
autoregressive_ridge,TAG56:2-FA16:0,0.434043624164534,0.7583171690174448
autoregressive_ridge,TAG56:2-FA18:0,0.4629047200578229,0.7396153446593632
autoregressive_ridge,TAG56:2-FA20:0,0.3129445790064733,0.8445901507752424
autoregressive_ridge,TAG56:2-FA20:1,0.463335233222137,0.7408055251507707
autoregressive_ridge,TAG56:3-FA16:0,0.5082917105985734,0.7118921946069585
autoregressive_ridge,TAG56:3-FA18:0,0.5431905385724198,0.6858577390034452
autoregressive_ridge,TAG56:3-FA18:1,0.43263361132386213,0.7634315554751991
autoregressive_ridge,TAG56:3-FA18:2,0.37616146625317837,0.7952279569597955
autoregressive_ridge,TAG56:3-FA20:0,0.2959974992163973,0.8485166595137511
autoregressive_ridge,TAG56:3-FA20:1,0.42448540568523396,0.7685818005615181
autoregressive_ridge,TAG56:3-FA20:2,0.53607057552701,0.6906636341682111
autoregressive_ridge,TAG56:4-FA16:0,0.5962622336926253,0.646932462881861
autoregressive_ridge,TAG56:4-FA18:0,0.5773473335302743,0.6605330735749863
autoregressive_ridge,TAG56:4-FA18:1,0.5163638964348659,0.7071986661183274
autoregressive_ridge,TAG56:4-FA18:2,0.4420814886138793,0.7573712683097088
autoregressive_ridge,TAG56:4-FA20:1,0.4104128798161646,0.778380506696845
autoregressive_ridge,TAG56:4-FA20:2,0.5130283653281886,0.7109651260501119
autoregressive_ridge,TAG56:4-FA20:3,0.5884736433965578,0.6514402605497694
autoregressive_ridge,TAG56:4-FA20:4,0.6148741433340615,0.6301725808245346
autoregressive_ridge,TAG56:5-FA16:0,0.6236656392818127,0.6242527535479064
autoregressive_ridge,TAG56:5-FA18:0,0.5982165789515801,0.6450398611117252
autoregressive_ridge,TAG56:5-FA18:1,0.597884366096473,0.6462720238227676
autoregressive_ridge,TAG56:5-FA18:2,0.4784836637325117,0.7407331917144315
autoregressive_ridge,TAG56:5-FA20:1,0.36634226529696357,0.8112965653455709
autoregressive_ridge,TAG56:5-FA20:2,0.47005595458324556,0.74765263827545
autoregressive_ridge,TAG56:5-FA20:3,0.5986559911287368,0.645459804452662
autoregressive_ridge,TAG56:5-FA20:4,0.6247393311222766,0.6263989927466861
autoregressive_ridge,TAG56:5-FA22:4,0.6518601192184597,0.6008127480102137
autoregressive_ridge,TAG56:5-FA22:5,0.5794227227983452,0.6570251404097079
autoregressive_ridge,TAG56:6-FA16:0,0.5751852460441698,0.6601881683635801
autoregressive_ridge,TAG56:6-FA18:0,0.5468494513292244,0.6883412106721981
autoregressive_ridge,TAG56:6-FA18:1,0.5981885669909992,0.6467656565453344
autoregressive_ridge,TAG56:6-FA18:2,0.5391781971860367,0.6984767555423177
autoregressive_ridge,TAG56:6-FA18:3,0.42181160235605786,0.7842185778731148
autoregressive_ridge,TAG56:6-FA20:2,0.4236367021927434,0.7832241153198395
autoregressive_ridge,TAG56:6-FA20:3,0.586137134219551,0.6622947591580514
autoregressive_ridge,TAG56:6-FA20:4,0.6910946673497214,0.5714727019919961
autoregressive_ridge,TAG56:6-FA20:5,0.5841373481947545,0.666288497151485
autoregressive_ridge,TAG56:6-FA22:4,0.6400516670127698,0.6130329840490123
autoregressive_ridge,TAG56:6-FA22:5,0.5840267291168111,0.6534773303883092
autoregressive_ridge,TAG56:6-FA22:6,0.6449150340091199,0.6056908649040783
autoregressive_ridge,TAG56:7-FA16:0,0.5848021513102376,0.6521959104333691
autoregressive_ridge,TAG56:7-FA16:1,0.5473428823463944,0.6904109704038816
autoregressive_ridge,TAG56:7-FA18:0,0.5185307380835471,0.7100239373480928
autoregressive_ridge,TAG56:7-FA18:1,0.5861799429518407,0.6588432640608447
autoregressive_ridge,TAG56:7-FA18:2,0.495932792303985,0.7302971126149829
autoregressive_ridge,TAG56:7-FA18:3,0.4790613726627019,0.7421553178623144
autoregressive_ridge,TAG56:7-FA20:3,0.5465452497778364,0.6940051859192901
autoregressive_ridge,TAG56:7-FA20:4,0.6457720742598327,0.6134422870322134
autoregressive_ridge,TAG56:7-FA20:5,0.5536811691139151,0.6896059367018056
autoregressive_ridge,TAG56:7-FA22:4,0.5817598362971064,0.6636315073141662
autoregressive_ridge,TAG56:7-FA22:5,0.5198215869149188,0.7045190237384856
autoregressive_ridge,TAG56:7-FA22:6,0.6392195588399812,0.6113192813760016
autoregressive_ridge,TAG56:8-FA16:0,0.5816432478042024,0.6556961991218743
autoregressive_ridge,TAG56:8-FA16:1,0.5351539182689209,0.6971461409504319
autoregressive_ridge,TAG56:8-FA18:1,0.5199865206972697,0.7136899801076946
autoregressive_ridge,TAG56:8-FA18:2,0.46941275280653916,0.7432556923445134
autoregressive_ridge,TAG56:8-FA18:3,0.5005740877487419,0.7233774138228583
autoregressive_ridge,TAG56:8-FA20:4,0.5703639992732799,0.6770565644751446
autoregressive_ridge,TAG56:8-FA20:5,0.4924746608608884,0.7339075087168684
autoregressive_ridge,TAG56:8-FA22:5,0.47719318546153244,0.7385917561945103
autoregressive_ridge,TAG56:8-FA22:6,0.5828964984287894,0.6555714329206418
autoregressive_ridge,TAG56:9-FA18:3,0.45692485048566145,0.7558266656003241
autoregressive_ridge,TAG56:9-FA20:4,0.5407166783800208,0.6966918941759492
autoregressive_ridge,TAG56:9-FA20:5,0.46051449035494596,0.7557647687963895
autoregressive_ridge,TAG56:9-FA22:6,0.5500311797266155,0.683196412168314
autoregressive_ridge,TAG57:2-FA18:1,0.4930071964386902,0.7242789622828316
autoregressive_ridge,TAG57:3-FA18:2,0.3818897976036333,0.7993632103116273
autoregressive_ridge,TAG58:10-FA18:2,0.3787483861579215,0.8021600088721446
autoregressive_ridge,TAG58:10-FA20:4,0.6067151469333676,0.6417329912472592
autoregressive_ridge,TAG58:10-FA22:6,0.46159461755830355,0.7434269746455208
autoregressive_ridge,TAG58:3-FA18:1,0.2738206323938156,0.8600306975975022
autoregressive_ridge,TAG58:5-FA18:1,0.5835495795681795,0.6564534225663449
autoregressive_ridge,TAG58:6-FA16:0,0.5873914436878789,0.6596219766178165
autoregressive_ridge,TAG58:6-FA18:0,0.5487826554224838,0.6790380889975219
autoregressive_ridge,TAG58:6-FA18:1,0.5909408233064417,0.6508285231488831
autoregressive_ridge,TAG58:6-FA20:4,0.6091318057406047,0.6327786678073067
autoregressive_ridge,TAG58:6-FA22:4,0.622886735555172,0.6262716536463224
autoregressive_ridge,TAG58:6-FA22:5,0.5467488589677474,0.6832954233068471
autoregressive_ridge,TAG58:7-FA16:0,0.541499336264212,0.6926290792923007
autoregressive_ridge,TAG58:7-FA18:0,0.5454208820655145,0.6815743675526456
autoregressive_ridge,TAG58:7-FA18:1,0.515085808220815,0.7082615170944405
autoregressive_ridge,TAG58:7-FA18:2,0.4921896616731979,0.7278526726961472
autoregressive_ridge,TAG58:7-FA20:4,0.6665559148391895,0.5854538737658294
autoregressive_ridge,TAG58:7-FA22:4,0.5486761326761931,0.6898254183086074
autoregressive_ridge,TAG58:7-FA22:5,0.45120409209045387,0.7562053080268241
autoregressive_ridge,TAG58:7-FA22:6,0.5986321249467913,0.6428341046134575
autoregressive_ridge,TAG58:8-FA18:1,0.5076640377177783,0.7121084490196752
autoregressive_ridge,TAG58:8-FA18:2,0.4092420475028665,0.7823159868967637
autoregressive_ridge,TAG58:8-FA20:3,0.6863924452032273,0.5643127164852925
autoregressive_ridge,TAG58:8-FA20:4,0.7411369362525613,0.5174021503136383
autoregressive_ridge,TAG58:8-FA22:5,0.34989949000198395,0.8237965821398133
autoregressive_ridge,TAG58:8-FA22:6,0.5521975983119707,0.6783817352009135
autoregressive_ridge,TAG58:9-FA18:1,0.4987139619612445,0.7200203694295312
autoregressive_ridge,TAG58:9-FA18:2,0.41541370116174325,0.7747559235015183
autoregressive_ridge,TAG58:9-FA20:4,0.7040636265893572,0.5519192006766724
autoregressive_ridge,TAG58:9-FA22:5,0.3101814425362781,0.8475346098325857
autoregressive_ridge,TAG58:9-FA22:6,0.4913355683301279,0.7212955829984677
autoregressive_ridge,TAG60:10-FA22:5,0.4588199502007374,0.7434738428202997
autoregressive_ridge,TAG60:10-FA22:6,0.5569306758289149,0.6766652639863241
autoregressive_ridge,TAG60:11-FA22:6,0.5746762472529647,0.6654314326085097
autoregressive_context_ridge,CE(16:1),0.593312713649802,0.6453887197861553
autoregressive_context_ridge,CE(18:1),0.41462881679761876,0.7743641338961788
autoregressive_context_ridge,CE(18:2),0.4942518600474548,0.7216426061902309
autoregressive_context_ridge,CE(18:3),0.304214864457619,0.8410151056496847
autoregressive_context_ridge,CE(18:4),0.2910672971564836,0.8547308992917381
autoregressive_context_ridge,CE(20:2),0.34628774260835005,0.8135237022364188
autoregressive_context_ridge,CE(20:3),0.5066080016023115,0.7080555292287131
autoregressive_context_ridge,CE(20:4),0.6488000315910651,0.5991654665881865
autoregressive_context_ridge,CE(20:5),0.5947138074837286,0.6620392489276072
autoregressive_context_ridge,CE(22:4),0.36101304089955377,0.8020823435717653
autoregressive_context_ridge,CE(22:5),0.24595458892502797,0.8732665734735193
autoregressive_context_ridge,CE(22:6),0.5254671901677024,0.7032174720569829
autoregressive_context_ridge,CER(22:0),0.5467212223823408,0.6816451049144472
autoregressive_context_ridge,CER(24:0),0.5278048283072094,0.6960214657063556
autoregressive_context_ridge,CER(24:1),0.4322518101007553,0.7596405040425627
autoregressive_context_ridge,DAG(16:0_18:1),0.5440837521836559,0.6892551455175314
autoregressive_context_ridge,DAG(18:1_18:1),0.5346850508772215,0.6941546698600687
autoregressive_context_ridge,FFA(12:0),-0.02660860528051412,1.0199502574934847
autoregressive_context_ridge,FFA(14:0),0.16388863232703776,0.9243012602644815
autoregressive_context_ridge,FFA(14:1),0.28262974569937305,0.8606300742981021
autoregressive_context_ridge,FFA(15:0),0.34346296658605946,0.8262636699574192
autoregressive_context_ridge,FFA(16:0),0.08132267105272639,0.9703997053835355
autoregressive_context_ridge,FFA(16:1),0.3759154758404635,0.8089560031326573
autoregressive_context_ridge,FFA(17:0),0.015528357486922939,0.9986011376780549
autoregressive_context_ridge,FFA(18:0),-0.07596892063416916,1.0412555179305627
autoregressive_context_ridge,FFA(18:1),0.10663125557085318,0.9661435134545432
autoregressive_context_ridge,FFA(18:2),0.18999235714587637,0.9240556292678069
autoregressive_context_ridge,FFA(18:3),0.1620097550023636,0.9424339412580387
autoregressive_context_ridge,FFA(18:4),-0.0839433340909439,1.044655786292544
autoregressive_context_ridge,FFA(20:0),-0.12083579742769968,1.0609482846031322
autoregressive_context_ridge,FFA(20:1),0.019597418110113618,1.091800842698793
autoregressive_context_ridge,FFA(20:2),-0.007936205884483627,1.1323241782883449
autoregressive_context_ridge,FFA(20:3),-0.1333575482753142,1.0717874433235426
autoregressive_context_ridge,FFA(20:4),0.18401108043994152,0.9133427266253327
autoregressive_context_ridge,FFA(20:5),0.3925968430308624,0.801996090524661
autoregressive_context_ridge,FFA(22:0),-0.0913117966392849,1.053808119971809
autoregressive_context_ridge,FFA(22:1),-0.11828727119118643,1.063109825644756
autoregressive_context_ridge,FFA(22:2),-0.009228873022488315,1.0144290070389521
autoregressive_context_ridge,FFA(22:4),0.15266142988658182,0.9297959449655836
autoregressive_context_ridge,FFA(22:5),-0.060053345561715155,1.0343084107839826
autoregressive_context_ridge,FFA(22:6),0.2952509961864206,0.8532634624039277
autoregressive_context_ridge,FFA(24:0),-0.1464247944267827,1.0798927342918936
autoregressive_context_ridge,FFA(24:1),-0.13267791908055138,1.073415628036181
autoregressive_context_ridge,HCER(16:0),0.49323008574698735,0.7192802279629745
autoregressive_context_ridge,HCER(22:0),0.48743995121821504,0.7334420749097913
autoregressive_context_ridge,HCER(24:0),0.5130641502870888,0.7137185671474342
autoregressive_context_ridge,HCER(24:1),0.43172233418161854,0.7980448191788145
autoregressive_context_ridge,LCER(16:0),0.4530821795286819,0.793173051351386
autoregressive_context_ridge,LPC(15:0),0.20274896885601457,0.8972667902978526
autoregressive_context_ridge,LPC(16:0),0.3366450995809839,0.8351811268243887
autoregressive_context_ridge,LPC(16:1),0.3260715640171066,0.8299802433082486
autoregressive_context_ridge,LPC(17:0),0.3562594140763685,0.8126748709656567
autoregressive_context_ridge,LPC(18:0),0.1749716509635172,0.9181079597905828
autoregressive_context_ridge,LPC(18:1),0.3585993398206495,0.825774176073128
autoregressive_context_ridge,LPC(18:2),0.39355528232909376,0.7988190366365042
autoregressive_context_ridge,LPC(20:3),0.2791517335105652,0.8620700889480382
autoregressive_context_ridge,LPC(20:4),0.5677561436588765,0.6686673976297268
autoregressive_context_ridge,LPE(16:0),0.31286049860209586,0.8544441210432904
autoregressive_context_ridge,LPE(18:0),0.29305091188272236,0.854276757573107
autoregressive_context_ridge,LPE(18:1),0.14664139143074528,0.9367382338073259
autoregressive_context_ridge,LPE(18:2),0.22095186014290713,0.8888348508513056
autoregressive_context_ridge,LPE(20:4),0.22485573178247797,0.8908294433414548
autoregressive_context_ridge,PC(14:0_18:1),0.2512978260953048,0.8704392118798464
autoregressive_context_ridge,PC(14:0_18:2),0.2839500452914334,0.8571682489166003
autoregressive_context_ridge,PC(16:0_14:0),0.15951697705707535,0.9200728479402329
autoregressive_context_ridge,PC(16:0_16:0),-0.11521515934344517,1.0640907597999165
autoregressive_context_ridge,PC(16:0_16:1),0.5354633298308826,0.6925173794817959
autoregressive_context_ridge,PC(16:0_18:0),-0.10500548391798992,1.0616108679445644
autoregressive_context_ridge,PC(16:0_18:1),0.40738149806718704,0.777771992728835
autoregressive_context_ridge,PC(16:0_18:2),0.5136562107437119,0.706562727948915
autoregressive_context_ridge,PC(16:0_18:3),0.2043183144657298,0.8949005661910153
autoregressive_context_ridge,PC(16:0_20:2),0.40171841956948684,0.7843646429587928
autoregressive_context_ridge,PC(16:0_20:3),0.5220591176756771,0.699579415032514
autoregressive_context_ridge,PC(16:0_20:4),0.7043411350093594,0.5530804103160969
autoregressive_context_ridge,PC(16:0_20:5),0.5559895205596472,0.6876642323582565
autoregressive_context_ridge,PC(16:0_22:4),0.5402476467972576,0.6855059294738076
autoregressive_context_ridge,PC(16:0_22:5),0.36120478574133585,0.8086058308670735
autoregressive_context_ridge,PC(16:0_22:6),0.5655462186861883,0.6713604393845792
autoregressive_context_ridge,PC(17:0_18:1),0.2891207456229318,0.8467849894265671
autoregressive_context_ridge,PC(17:0_18:2),0.41416789990504765,0.777447443894083
autoregressive_context_ridge,PC(18:0_18:0),-0.009276583012420403,1.011912633984613
autoregressive_context_ridge,PC(18:0_18:1),0.24933258457766794,0.8788312759067842
autoregressive_context_ridge,PC(18:0_18:2),0.4144540131458839,0.786307068839961
autoregressive_context_ridge,PC(18:0_20:2),0.3488579075430758,0.8208993778203258
autoregressive_context_ridge,PC(18:0_20:3),0.5020721271209865,0.7188763724645589
autoregressive_context_ridge,PC(18:0_20:4),0.6793636486107621,0.5828323566989536
autoregressive_context_ridge,PC(18:0_20:5),0.5687979394026994,0.6825046577413306
autoregressive_context_ridge,PC(18:0_22:5),0.26902863992133785,0.8674622673386749
autoregressive_context_ridge,PC(18:0_22:6),0.5312601602241969,0.6982995296627764
autoregressive_context_ridge,PC(18:1_16:1),0.4475452876086179,0.7550475667834975
autoregressive_context_ridge,PC(18:1_18:1),0.32790585422895135,0.8492529708488133
autoregressive_context_ridge,PC(18:1_18:2),0.48052241404249874,0.735027188416686
autoregressive_context_ridge,PC(18:1_20:3),0.5056308566547534,0.7126540899290259
autoregressive_context_ridge,PC(18:1_20:4),0.6456271167839438,0.6023199627773931
autoregressive_context_ridge,PC(18:2_16:1),0.5176234659705665,0.703948184471264
autoregressive_context_ridge,PC(18:2_18:2),0.4239448201053696,0.7667286177169829
autoregressive_context_ridge,PC(18:2_20:3),0.3746491542639716,0.8016441811762718
autoregressive_context_ridge,PC(18:2_20:4),0.461975523265019,0.7403301099029043
autoregressive_context_ridge,PE(16:0_18:2),0.48893795133807916,0.7448819891637647
autoregressive_context_ridge,PE(16:0_20:4),0.502400258819018,0.7305155559865886
autoregressive_context_ridge,PE(18:0_18:0),0.3519674093765165,0.814846465913938
autoregressive_context_ridge,PE(18:0_18:1),0.024408934425726336,0.9911774633285166
autoregressive_context_ridge,PE(18:0_18:2),0.19611132602410075,0.9066012355985538
autoregressive_context_ridge,PE(18:0_20:4),0.4325284780442198,0.7716574479306392
autoregressive_context_ridge,PE(18:0_22:5),0.13295590134833035,0.9401951428363929
autoregressive_context_ridge,PE(18:1_18:2),0.33785926184491233,0.8282124338308118
autoregressive_context_ridge,PE(18:1_20:4),0.5115495211570367,0.7111287673604507
autoregressive_context_ridge,PE(O-16:0_20:4),0.27968460133203465,0.8747829267248691
autoregressive_context_ridge,PE(O-18:0_20:4),0.2707147652307016,0.8740849709338432
autoregressive_context_ridge,PE(P-16:0_18:1),0.2916024955285358,0.8541586806103172
autoregressive_context_ridge,PE(P-16:0_18:2),0.30364262923014174,0.8479955051989617
autoregressive_context_ridge,PE(P-16:0_20:4),0.3238435192381759,0.8327067276525378
autoregressive_context_ridge,PE(P-16:0_22:5),0.18022960449220504,0.9129851240602802
autoregressive_context_ridge,PE(P-18:0_18:1),0.2887432896221692,0.8589979507031655
autoregressive_context_ridge,PE(P-18:0_18:2),0.3162198207418204,0.8477014745920578
autoregressive_context_ridge,PE(P-18:0_20:4),0.3418014028366474,0.8243824204873307
autoregressive_context_ridge,PE(P-18:1_18:1),0.33009912340595116,0.8289127125374759
autoregressive_context_ridge,PE(P-18:1_18:2),0.34698597233304196,0.8185589080726199
autoregressive_context_ridge,PE(P-18:1_20:4),0.3640507786356598,0.806575345889179
autoregressive_context_ridge,PI(16:0_18:1),0.25618054711899463,0.870035952212371
autoregressive_context_ridge,PI(16:0_18:2),0.384616706703263,0.7930241738328869
autoregressive_context_ridge,PI(16:0_20:4),0.25019427133854144,0.8753178334130594
autoregressive_context_ridge,PI(18:0_18:1),0.26605638863249337,0.8646003309836267
autoregressive_context_ridge,PI(18:0_18:2),0.4285438687008125,0.7646989262596384
autoregressive_context_ridge,PI(18:0_20:3),0.34184840593649135,0.8185273389568962
autoregressive_context_ridge,PI(18:0_20:4),0.22898630403658238,0.8857746093443536
autoregressive_context_ridge,PI(18:1_18:1),0.26830753922077966,0.8712582361907437
autoregressive_context_ridge,SM(14:0),0.5577708932900209,0.6780042449615038
autoregressive_context_ridge,SM(16:0),0.4585365925247795,0.7482903329170992
autoregressive_context_ridge,SM(18:0),0.37565293071558914,0.7968727713594944
autoregressive_context_ridge,SM(18:1),0.44418797390486775,0.7541485975572128
autoregressive_context_ridge,SM(20:0),0.061587883375206154,0.9727261522099179
autoregressive_context_ridge,SM(20:1),0.47734061448459963,0.7316272378332941
autoregressive_context_ridge,SM(22:0),0.21347320937472058,0.8942359630334576
autoregressive_context_ridge,SM(22:1),0.4560752491777058,0.7461065558168559
autoregressive_context_ridge,SM(24:0),0.4999920069184268,0.7176423425338906
autoregressive_context_ridge,SM(24:1),0.4338162941884416,0.7655889593983267
autoregressive_context_ridge,SM(26:0),-0.05268517616615909,1.0281506874620467
autoregressive_context_ridge,SM(26:1),0.2815173170977918,0.8719347914821295
autoregressive_context_ridge,TAG44:1-FA16:0,0.2648398649836363,0.8674416914024593
autoregressive_context_ridge,TAG44:1-FA18:1,0.19104588866253014,0.9082666792401431
autoregressive_context_ridge,TAG46:0-FA14:0,0.36186766554626904,0.8104050910543787
autoregressive_context_ridge,TAG46:0-FA16:0,0.3596425871787463,0.8117276602085817
autoregressive_context_ridge,TAG46:1-FA12:0,0.2416927151795648,0.8829687637141949
autoregressive_context_ridge,TAG46:1-FA14:0,0.3685867292180639,0.8073560244134557
autoregressive_context_ridge,TAG46:1-FA16:0,0.3428630202015034,0.8235362797605303
autoregressive_context_ridge,TAG46:1-FA18:1,0.26352272281589373,0.8702197014693219
autoregressive_context_ridge,TAG46:2-FA12:0,0.22854347595468383,0.8947480878470175
autoregressive_context_ridge,TAG46:2-FA14:0,0.3315480405351716,0.8328965742129422
autoregressive_context_ridge,TAG46:2-FA16:0,0.2885001794623189,0.8597109231430158
autoregressive_context_ridge,TAG46:2-FA18:1,0.26146637379876714,0.8682756207380362
autoregressive_context_ridge,TAG46:2-FA18:2,0.2251672968855396,0.8977866686218293
autoregressive_context_ridge,TAG46:3-FA18:2,0.2340100371506233,0.8905216069992422
autoregressive_context_ridge,TAG47:0-FA16:0,0.37886926869357007,0.7997559576095953
autoregressive_context_ridge,TAG47:1-FA16:1,0.3083323693681702,0.8436713855349238
autoregressive_context_ridge,TAG47:1-FA18:1,0.36821443243569274,0.8063385347487384
autoregressive_context_ridge,TAG47:2-FA18:1,0.3628627540703756,0.812481530151992
autoregressive_context_ridge,TAG48:0-FA14:0,0.3874371067194591,0.7943321013237425
autoregressive_context_ridge,TAG48:0-FA16:0,0.41010840671155513,0.7797963321656779
autoregressive_context_ridge,TAG48:0-FA18:0,0.3505615440951848,0.8170798272962339
autoregressive_context_ridge,TAG48:1-FA14:0,0.417285198107212,0.7756573471825726
autoregressive_context_ridge,TAG48:1-FA16:0,0.45335303547787675,0.752103710707648
autoregressive_context_ridge,TAG48:1-FA16:1,0.5099061191051328,0.7145408271276136
autoregressive_context_ridge,TAG48:1-FA18:1,0.40566640996655534,0.783492324361375
autoregressive_context_ridge,TAG48:2-FA12:0,0.20508125894233942,0.9026464486541416
autoregressive_context_ridge,TAG48:2-FA14:0,0.4416614355259123,0.7638340815718151
autoregressive_context_ridge,TAG48:2-FA14:1,0.45351665010213904,0.7514008945299966
autoregressive_context_ridge,TAG48:2-FA16:0,0.44909736024728797,0.7585346999960002
autoregressive_context_ridge,TAG48:2-FA16:1,0.5568617588515667,0.6817370687300968
autoregressive_context_ridge,TAG48:2-FA18:1,0.3930293750949493,0.7916644684769157
autoregressive_context_ridge,TAG48:2-FA18:2,0.39667681349105255,0.7958785659363551
autoregressive_context_ridge,TAG48:3-FA12:0,0.17857398479494357,0.9217791199940953
autoregressive_context_ridge,TAG48:3-FA14:0,0.44647853597146236,0.7631476979563148
autoregressive_context_ridge,TAG48:3-FA14:1,0.47814834691750896,0.739724229983682
autoregressive_context_ridge,TAG48:3-FA16:0,0.4125906319155561,0.7839424279357479
autoregressive_context_ridge,TAG48:3-FA16:1,0.5295246586872608,0.7042276170392097
autoregressive_context_ridge,TAG48:3-FA18:1,0.24765450690325452,0.8825922362885931
autoregressive_context_ridge,TAG48:3-FA18:2,0.36887316524040414,0.8134577753151222
autoregressive_context_ridge,TAG48:3-FA18:3,0.31537131439729693,0.8419248559101947
autoregressive_context_ridge,TAG48:4-FA12:0,0.13312073281973802,0.9488870231920394
autoregressive_context_ridge,TAG48:4-FA18:1,0.2344651379709114,0.8885721186330529
autoregressive_context_ridge,TAG48:4-FA18:2,0.20898955831553567,0.9086475527132434
autoregressive_context_ridge,TAG49:0-FA16:0,0.4167199643709044,0.7765863616591847
autoregressive_context_ridge,TAG49:0-FA17:0,0.4024390459528401,0.7870200396719218
autoregressive_context_ridge,TAG49:1-FA15:0,0.4659863360641969,0.7444679954013739
autoregressive_context_ridge,TAG49:1-FA16:0,0.4714379275076743,0.7414446824079812
autoregressive_context_ridge,TAG49:1-FA16:1,0.48958842763852606,0.7309675882132968
autoregressive_context_ridge,TAG49:1-FA18:1,0.45564848266955427,0.7515379034024521
autoregressive_context_ridge,TAG49:2-FA14:0,0.4421984770196894,0.763882724020249
autoregressive_context_ridge,TAG49:2-FA15:0,0.5114203905722663,0.7186594366615355
autoregressive_context_ridge,TAG49:2-FA16:0,0.5060624098271258,0.7222197529164994
autoregressive_context_ridge,TAG49:2-FA16:1,0.5677127602466076,0.673662730513001
autoregressive_context_ridge,TAG49:2-FA18:1,0.5176328854438742,0.7085654998798223
autoregressive_context_ridge,TAG49:2-FA18:2,0.46110129849163495,0.7556745800374688
autoregressive_context_ridge,TAG49:3-FA15:0,0.5283331906692038,0.7081783032620771
autoregressive_context_ridge,TAG49:3-FA16:0,0.4616889678624553,0.7519282015352955
autoregressive_context_ridge,TAG49:3-FA16:1,0.5655726814798878,0.6801480745341703
autoregressive_context_ridge,TAG49:3-FA18:2,0.51980599093155,0.715616605473174
autoregressive_context_ridge,TAG50:0-FA16:0,0.45927988645332174,0.7469700681667488
autoregressive_context_ridge,TAG50:0-FA18:0,0.41089130955700137,0.7790276858135168
autoregressive_context_ridge,TAG50:1-FA14:0,0.421053057534727,0.7712461758126353
autoregressive_context_ridge,TAG50:1-FA16:0,0.5137869331073888,0.7100059444864454
autoregressive_context_ridge,TAG50:1-FA16:1,0.5800038764073031,0.6630507371006882
autoregressive_context_ridge,TAG50:1-FA18:0,0.4795159269400885,0.7332868471090787
autoregressive_context_ridge,TAG50:1-FA18:1,0.509472045498106,0.7138951320803703
autoregressive_context_ridge,TAG50:2-FA14:0,0.446018157653269,0.7550062516062674
autoregressive_context_ridge,TAG50:2-FA14:1,0.392053069609256,0.7901664669073805
autoregressive_context_ridge,TAG50:2-FA16:0,0.5708024027463501,0.6711609669662918
autoregressive_context_ridge,TAG50:2-FA16:1,0.6099468926235527,0.640494497873752
autoregressive_context_ridge,TAG50:2-FA18:0,0.4289583357340372,0.7704871645747202
autoregressive_context_ridge,TAG50:2-FA18:1,0.5569330555774563,0.6793695960950452
autoregressive_context_ridge,TAG50:2-FA18:2,0.5233980242279197,0.7088393684598793
autoregressive_context_ridge,TAG50:3-FA14:0,0.4345490263644496,0.767446682870175
autoregressive_context_ridge,TAG50:3-FA14:1,0.4232830257048773,0.7709897555090002
autoregressive_context_ridge,TAG50:3-FA16:0,0.5968662050527369,0.6544589167081768
autoregressive_context_ridge,TAG50:3-FA16:1,0.6305205858891518,0.6267048000237483
autoregressive_context_ridge,TAG50:3-FA18:0,0.3681610525714555,0.8099857219657048
autoregressive_context_ridge,TAG50:3-FA18:1,0.48174691107365697,0.7342526372535326
autoregressive_context_ridge,TAG50:3-FA18:2,0.5633907074864996,0.6791287705723131
autoregressive_context_ridge,TAG50:3-FA18:3,0.40778647237389776,0.7871224478833018
autoregressive_context_ridge,TAG50:4-FA14:0,0.3747460673108852,0.8107073630337467
autoregressive_context_ridge,TAG50:4-FA14:1,0.4366766409408015,0.7682229730523636
autoregressive_context_ridge,TAG50:4-FA16:0,0.5173013731766026,0.7120184681509675
autoregressive_context_ridge,TAG50:4-FA16:1,0.5988637414646198,0.65458581547602
autoregressive_context_ridge,TAG50:4-FA18:1,0.3858450896757073,0.7986239914035346
autoregressive_context_ridge,TAG50:4-FA18:2,0.4283194510318423,0.7754329319216761
autoregressive_context_ridge,TAG50:4-FA18:3,0.4499028380050146,0.757423243273659
autoregressive_context_ridge,TAG50:5-FA14:0,0.3015929240616325,0.8534073850494676
autoregressive_context_ridge,TAG50:5-FA16:1,0.5514416503149533,0.6894299919371653
autoregressive_context_ridge,TAG50:5-FA18:1,0.3746604576757324,0.805114094145966
autoregressive_context_ridge,TAG50:5-FA18:2,0.3402345706794101,0.8326775457193937
autoregressive_context_ridge,TAG50:5-FA18:3,0.34122660873066835,0.8297733530833872
autoregressive_context_ridge,TAG51:0-FA16:0,0.4295755153417157,0.7662364363774338
autoregressive_context_ridge,TAG51:0-FA17:0,0.4424751295113071,0.7604235214983088
autoregressive_context_ridge,TAG51:0-FA18:0,0.3925212981419808,0.7912694428577953
autoregressive_context_ridge,TAG51:1-FA15:0,0.47452355206389063,0.7371051397868956
autoregressive_context_ridge,TAG51:1-FA16:0,0.49438138808307086,0.725908302424218
autoregressive_context_ridge,TAG51:1-FA17:0,0.4991007646965472,0.7233797500480157
autoregressive_context_ridge,TAG51:1-FA18:0,0.4542624918452458,0.7517696744269734
autoregressive_context_ridge,TAG51:1-FA18:1,0.4974516523855501,0.7235050195431061
autoregressive_context_ridge,TAG51:2-FA15:0,0.5123093933299077,0.709670368857657
autoregressive_context_ridge,TAG51:2-FA16:0,0.5678381555677061,0.6759264223689475
autoregressive_context_ridge,TAG51:2-FA16:1,0.5815968117523598,0.6632254056384222
autoregressive_context_ridge,TAG51:2-FA17:0,0.5479609160461596,0.6939584660672057
autoregressive_context_ridge,TAG51:2-FA18:1,0.5395916016135098,0.6917007013816624
autoregressive_context_ridge,TAG51:2-FA18:2,0.5177644161771844,0.7173148191815607
autoregressive_context_ridge,TAG51:3-FA15:0,0.5222381191489174,0.7068940227338103
autoregressive_context_ridge,TAG51:3-FA16:1,0.6097414421393573,0.64350957555539
autoregressive_context_ridge,TAG51:3-FA17:0,0.5733085508896714,0.6768886529871994
autoregressive_context_ridge,TAG51:3-FA18:2,0.5607794374408475,0.6830630962872022
autoregressive_context_ridge,TAG51:4-FA15:0,0.4589828751262973,0.753947283430073
autoregressive_context_ridge,TAG51:4-FA16:1,0.5945023881119464,0.6603162203443301
autoregressive_context_ridge,TAG51:4-FA18:2,0.47396177376469506,0.7447568276889079
autoregressive_context_ridge,TAG51:4-FA18:3,0.4589239524599602,0.7531652522306457
autoregressive_context_ridge,TAG51:5-FA18:2,0.35635431298543374,0.8204669900537075
autoregressive_context_ridge,TAG52:0-FA16:0,0.46024908696916655,0.7441464689907499
autoregressive_context_ridge,TAG52:0-FA18:0,0.43982363220813514,0.7586204385828472
autoregressive_context_ridge,TAG52:0-FA20:0,0.3513736025367228,0.8132844202255557
autoregressive_context_ridge,TAG52:1-FA16:0,0.5539465811876515,0.6777745539932529
autoregressive_context_ridge,TAG52:1-FA16:1,0.5495655332084769,0.6831285209185947
autoregressive_context_ridge,TAG52:1-FA18:0,0.5176154843345903,0.7042341232027968
autoregressive_context_ridge,TAG52:1-FA18:1,0.565318642934842,0.6698639843058543
autoregressive_context_ridge,TAG52:1-FA20:1,0.5014725930152303,0.7179058419453052
autoregressive_context_ridge,TAG52:2-FA16:0,0.5864602246439733,0.6538821764249061
autoregressive_context_ridge,TAG52:2-FA16:1,0.596918692204139,0.6497811676265973
autoregressive_context_ridge,TAG52:2-FA18:0,0.5553652962941749,0.6800218890167591
autoregressive_context_ridge,TAG52:2-FA18:1,0.5765830825276557,0.6618434149369913
autoregressive_context_ridge,TAG52:2-FA18:2,0.5916660789768196,0.6506810357395834
autoregressive_context_ridge,TAG52:2-FA20:1,0.5428116630078359,0.6888620833353011
autoregressive_context_ridge,TAG52:2-FA20:2,0.4937967397705644,0.7271457878505241
autoregressive_context_ridge,TAG52:3-FA14:0,0.4297287936356574,0.7701508408962021
autoregressive_context_ridge,TAG52:3-FA16:0,0.5927690823797515,0.6494279307045063
autoregressive_context_ridge,TAG52:3-FA16:1,0.540699659660081,0.6957553763916544
autoregressive_context_ridge,TAG52:3-FA18:0,0.5619255819509839,0.6786157317422208
autoregressive_context_ridge,TAG52:3-FA18:1,0.5867768716588828,0.6548885649583986
autoregressive_context_ridge,TAG52:3-FA18:2,0.5888793476960547,0.6526426945589294
autoregressive_context_ridge,TAG52:3-FA18:3,0.4812786031505527,0.73299112542139
autoregressive_context_ridge,TAG52:3-FA20:0,0.5742035087374682,0.663751231150254
autoregressive_context_ridge,TAG52:3-FA20:1,0.5385833339872925,0.6927731773848623
autoregressive_context_ridge,TAG52:3-FA20:2,0.5581403180036097,0.6801672076720319
autoregressive_context_ridge,TAG52:3-FA20:3,0.5081525440661621,0.7141758963026147
autoregressive_context_ridge,TAG52:4-FA14:0,0.4097462413413573,0.7832743392901923
autoregressive_context_ridge,TAG52:4-FA16:0,0.5248111353149224,0.7029782292724089
autoregressive_context_ridge,TAG52:4-FA16:1,0.5199770786076288,0.7130234220106699
autoregressive_context_ridge,TAG52:4-FA18:0,0.5007815518443732,0.7210973477750681
autoregressive_context_ridge,TAG52:4-FA18:1,0.5247783763259856,0.705761457590026
autoregressive_context_ridge,TAG52:4-FA18:2,0.5207086469563899,0.7070770607760257
autoregressive_context_ridge,TAG52:4-FA18:3,0.4828072278195471,0.7333597289525766
autoregressive_context_ridge,TAG52:4-FA20:0,0.5244743032249795,0.702592045649253
autoregressive_context_ridge,TAG52:4-FA20:2,0.4849079532902053,0.7351225783568527
autoregressive_context_ridge,TAG52:4-FA20:3,0.5624345463255862,0.6749082514202918
autoregressive_context_ridge,TAG52:4-FA20:4,0.5161663182200922,0.7090769181464334
autoregressive_context_ridge,TAG52:5-FA14:0,0.4268700211959602,0.7689738948295711
autoregressive_context_ridge,TAG52:5-FA16:0,0.4266920955971931,0.773389484916089
autoregressive_context_ridge,TAG52:5-FA16:1,0.4795751235927471,0.7426386944105796
autoregressive_context_ridge,TAG52:5-FA18:1,0.4633767576447244,0.7509785869342636
autoregressive_context_ridge,TAG52:5-FA18:2,0.4544054286091299,0.7584528236977887
autoregressive_context_ridge,TAG52:5-FA18:3,0.43482316636381213,0.7707911272376083
autoregressive_context_ridge,TAG52:5-FA20:4,0.5935773145565795,0.651138101808304
autoregressive_context_ridge,TAG52:5-FA20:5,0.5266264913700178,0.700777459811482
autoregressive_context_ridge,TAG52:5-FA22:5,0.43612805378552677,0.7648873259929997
autoregressive_context_ridge,TAG52:6-FA16:0,0.4063250286971385,0.7849180209293177
autoregressive_context_ridge,TAG52:6-FA16:1,0.43393982565904654,0.7739851044205617
autoregressive_context_ridge,TAG52:6-FA18:1,0.41838962384757095,0.7813037444485931
autoregressive_context_ridge,TAG52:6-FA18:2,0.403093820841135,0.7942676136203612
autoregressive_context_ridge,TAG52:6-FA18:3,0.36923772682982536,0.8167527015273023
autoregressive_context_ridge,TAG52:6-FA20:4,0.5387726671527149,0.6943157550916124
autoregressive_context_ridge,TAG52:6-FA20:5,0.5691236586560092,0.67605736550708
autoregressive_context_ridge,TAG52:6-FA22:6,0.5077128022806661,0.7158215171877061
autoregressive_context_ridge,TAG52:7-FA16:0,0.4219655749716815,0.7715306985262252
autoregressive_context_ridge,TAG52:7-FA18:1,0.5075679792911485,0.716637394632115
autoregressive_context_ridge,TAG53:0-FA16:0,0.5791282563922211,0.6649131696160462
autoregressive_context_ridge,TAG53:1-FA16:0,0.43840902897894096,0.7561706340887965
autoregressive_context_ridge,TAG53:1-FA17:0,0.4939854151831745,0.7236945711717271
autoregressive_context_ridge,TAG53:1-FA18:0,0.4543150834578643,0.7508711747573992
autoregressive_context_ridge,TAG53:1-FA18:1,0.48805136136872995,0.7264762059278728
autoregressive_context_ridge,TAG53:2-FA16:0,0.5280270460598414,0.6998153196783304
autoregressive_context_ridge,TAG53:2-FA17:0,0.5236072291946574,0.7019246343390583
autoregressive_context_ridge,TAG53:2-FA18:1,0.5193055435803742,0.7047953471451985
autoregressive_context_ridge,TAG53:2-FA18:2,0.5055153341750965,0.7198126955041548
autoregressive_context_ridge,TAG53:3-FA16:0,0.5476681670292861,0.6911274845151618
autoregressive_context_ridge,TAG53:3-FA17:0,0.5296803489248315,0.7014285239146015
autoregressive_context_ridge,TAG53:3-FA18:2,0.535653407434301,0.6974553284055078
autoregressive_context_ridge,TAG53:4-FA16:0,0.532224376239071,0.7023766454807719
autoregressive_context_ridge,TAG53:4-FA17:0,0.4670047190309763,0.7484439949082757
autoregressive_context_ridge,TAG53:4-FA18:2,0.49874524304316703,0.7266342477985653
autoregressive_context_ridge,TAG53:4-FA18:3,0.44808314188658094,0.7586925377806096
autoregressive_context_ridge,TAG53:5-FA20:4,0.6052620528567569,0.6448368523154516
autoregressive_context_ridge,TAG54:0-FA18:0,0.3198750357604331,0.8337811092271542
autoregressive_context_ridge,TAG54:1-FA16:0,0.44583108063294674,0.7511583318447328
autoregressive_context_ridge,TAG54:1-FA18:0,0.4065080618046959,0.7791574379692211
autoregressive_context_ridge,TAG54:1-FA18:1,0.4427220061205729,0.7563591241974189
autoregressive_context_ridge,TAG54:1-FA20:0,0.41260618189143494,0.7747839376704164
autoregressive_context_ridge,TAG54:1-FA20:1,0.549622167995826,0.6802601636220895
autoregressive_context_ridge,TAG54:2-FA16:0,0.5862812300775098,0.6520619126407183
autoregressive_context_ridge,TAG54:2-FA18:0,0.4582472172062445,0.7467394437630717
autoregressive_context_ridge,TAG54:2-FA18:1,0.4634832361818899,0.7440297652089256
autoregressive_context_ridge,TAG54:2-FA18:2,0.47664203313865217,0.7329838491773333
autoregressive_context_ridge,TAG54:2-FA20:0,0.42805187933906563,0.7642299795122148
autoregressive_context_ridge,TAG54:2-FA20:1,0.5796318964628295,0.6573468827955553
autoregressive_context_ridge,TAG54:2-FA20:2,0.5513643315847919,0.6812265195326452
autoregressive_context_ridge,TAG54:3-FA16:0,0.5982003735009017,0.6450024811015189
autoregressive_context_ridge,TAG54:3-FA16:1,0.5564253903149959,0.6790093782856135
autoregressive_context_ridge,TAG54:3-FA18:0,0.48672326032893454,0.7273332488818613
autoregressive_context_ridge,TAG54:3-FA18:1,0.4092182677774926,0.783370444088446
autoregressive_context_ridge,TAG54:3-FA18:2,0.4966897704760713,0.7202688294213968
autoregressive_context_ridge,TAG54:3-FA18:3,0.37452650688217703,0.8006142037747106
autoregressive_context_ridge,TAG54:3-FA20:1,0.6076453970481606,0.6371170625489417
autoregressive_context_ridge,TAG54:3-FA20:2,0.5747725843579503,0.6635224540348882
autoregressive_context_ridge,TAG54:3-FA20:3,0.574989381038103,0.6615647240041862
autoregressive_context_ridge,TAG54:4-FA16:0,0.582561359504585,0.6579697166011949
autoregressive_context_ridge,TAG54:4-FA16:1,0.5660341610876158,0.6750525300658786
autoregressive_context_ridge,TAG54:4-FA18:0,0.42979470071624293,0.7679740433639165
autoregressive_context_ridge,TAG54:4-FA18:1,0.41820389551834836,0.7783294094177737
autoregressive_context_ridge,TAG54:4-FA18:2,0.42897189254707613,0.7708380622197563
autoregressive_context_ridge,TAG54:4-FA18:3,0.3897430086792055,0.7958575470199561
autoregressive_context_ridge,TAG54:4-FA20:1,0.5197636892090736,0.7066996855618607
autoregressive_context_ridge,TAG54:4-FA20:2,0.5549799500873869,0.6816441338118066
autoregressive_context_ridge,TAG54:4-FA20:3,0.6060187363881098,0.6372157294336517
autoregressive_context_ridge,TAG54:4-FA20:4,0.6202973813016354,0.6278117483330866
autoregressive_context_ridge,TAG54:4-FA22:1,0.4288414807758961,0.7689031825803283
autoregressive_context_ridge,TAG54:4-FA22:4,0.5516626841886936,0.6838700491835923
autoregressive_context_ridge,TAG54:5-FA16:0,0.6269692146040131,0.6216556445428968
autoregressive_context_ridge,TAG54:5-FA16:1,0.6206886581411348,0.6315158975078939
autoregressive_context_ridge,TAG54:5-FA18:0,0.34338064690048686,0.826375336091085
autoregressive_context_ridge,TAG54:5-FA18:1,0.3780315852448025,0.8075981607405494
autoregressive_context_ridge,TAG54:5-FA18:2,0.38219444078761167,0.8062511148888243
autoregressive_context_ridge,TAG54:5-FA18:3,0.3405512458503993,0.8339624382870604
autoregressive_context_ridge,TAG54:5-FA20:2,0.48930503311761653,0.7344954774894544
autoregressive_context_ridge,TAG54:5-FA20:3,0.5997440987980146,0.6466136039811251
autoregressive_context_ridge,TAG54:5-FA20:4,0.6818271251913331,0.5753471523272681
autoregressive_context_ridge,TAG54:5-FA20:5,0.5805283148751403,0.6627085070050728
autoregressive_context_ridge,TAG54:5-FA22:1,0.3748846518991116,0.8086526462334958
autoregressive_context_ridge,TAG54:5-FA22:4,0.6140566314198826,0.636504245523182
autoregressive_context_ridge,TAG54:5-FA22:5,0.5298540065282962,0.6980534218130264
autoregressive_context_ridge,TAG54:6-FA16:0,0.5940822494242712,0.6505425767597826
autoregressive_context_ridge,TAG54:6-FA16:1,0.6593095541340002,0.5986035368202739
autoregressive_context_ridge,TAG54:6-FA18:1,0.3136399664248767,0.8507603356785934
autoregressive_context_ridge,TAG54:6-FA18:2,0.32289468171132385,0.8482365769121668
autoregressive_context_ridge,TAG54:6-FA18:3,0.3222370163780348,0.8498155399067869
autoregressive_context_ridge,TAG54:6-FA20:3,0.5708174838508033,0.6721148676925592
autoregressive_context_ridge,TAG54:6-FA20:4,0.6635662603686331,0.5951120573812549
autoregressive_context_ridge,TAG54:6-FA20:5,0.5893412374343738,0.6606587625228698
autoregressive_context_ridge,TAG54:6-FA22:5,0.6182216794410149,0.6320233602360569
autoregressive_context_ridge,TAG54:6-FA22:6,0.59709302215239,0.6453145639100187
autoregressive_context_ridge,TAG54:7-FA16:1,0.6079408806426758,0.6485033660098604
autoregressive_context_ridge,TAG54:7-FA18:1,0.33662869369955406,0.8344688781737881
autoregressive_context_ridge,TAG54:7-FA18:2,0.27113300405477625,0.878447707857801
autoregressive_context_ridge,TAG54:7-FA18:3,0.26956058260635707,0.8828646880221637
autoregressive_context_ridge,TAG54:7-FA20:4,0.6384624177427228,0.6191722741466841
autoregressive_context_ridge,TAG54:7-FA20:5,0.5403629958869205,0.6986633474259343
autoregressive_context_ridge,TAG54:7-FA22:5,0.49717068275505305,0.7227080358484828
autoregressive_context_ridge,TAG54:7-FA22:6,0.6408376513037857,0.6177454787982692
autoregressive_context_ridge,TAG54:8-FA18:2,0.28473396732957945,0.8689708695760703
autoregressive_context_ridge,TAG54:8-FA18:3,0.21733030575062784,0.9103516634067121
autoregressive_context_ridge,TAG54:8-FA20:5,0.5094954667791386,0.723316831161585
autoregressive_context_ridge,TAG54:8-FA22:6,0.5524045486513769,0.6834170311143852
autoregressive_context_ridge,TAG55:1-FA16:0,0.5724447687439569,0.6627830580538208
autoregressive_context_ridge,TAG55:1-FA18:1,0.5114946401826181,0.7186318726814631
autoregressive_context_ridge,TAG55:2-FA18:1,0.3816797750327271,0.7948677238418064
autoregressive_context_ridge,TAG55:2-FA18:2,0.40713597410257263,0.793965247199391
autoregressive_context_ridge,TAG55:3-FA18:1,0.42528890283517906,0.7703383523085418
autoregressive_context_ridge,TAG55:3-FA18:2,0.3582756583760546,0.8108905860526954
autoregressive_context_ridge,TAG55:4-FA18:1,0.44793706427481506,0.7559767783376625
autoregressive_context_ridge,TAG55:4-FA18:2,0.3855660462092081,0.7969567777857021
autoregressive_context_ridge,TAG55:5-FA18:1,0.5079621326862487,0.7153942252499409
autoregressive_context_ridge,TAG55:5-FA18:2,0.3543048039745085,0.8222721210565775
autoregressive_context_ridge,TAG55:5-FA20:4,0.6419188235206272,0.613540264336283
autoregressive_context_ridge,TAG55:7-FA22:6,0.625708085599653,0.6195449231212354
autoregressive_context_ridge,TAG56:10-FA18:2,0.34929343067042884,0.8158928675005572
autoregressive_context_ridge,TAG56:1-FA18:1,0.3364267061046068,0.825184178990623
autoregressive_context_ridge,TAG56:2-FA16:0,0.42357182373803637,0.7653005248250421
autoregressive_context_ridge,TAG56:2-FA18:0,0.4505986179456667,0.7480405118520195
autoregressive_context_ridge,TAG56:2-FA20:0,0.2844275033123559,0.8619398248916501
autoregressive_context_ridge,TAG56:2-FA20:1,0.4479890601455917,0.7513227046631387
autoregressive_context_ridge,TAG56:3-FA16:0,0.5067993084667758,0.7129717213487556
autoregressive_context_ridge,TAG56:3-FA18:0,0.5340562233898581,0.6926809692129303
autoregressive_context_ridge,TAG56:3-FA18:1,0.3997820607632072,0.7852225996120702
autoregressive_context_ridge,TAG56:3-FA18:2,0.3651084045689821,0.8022418802090164
autoregressive_context_ridge,TAG56:3-FA20:0,0.28053426060622155,0.8577847709683568
autoregressive_context_ridge,TAG56:3-FA20:1,0.3904826859752967,0.7909607796470736
autoregressive_context_ridge,TAG56:3-FA20:2,0.522044137830272,0.7010266474127467
autoregressive_context_ridge,TAG56:4-FA16:0,0.5955071940669943,0.6475371022401398
autoregressive_context_ridge,TAG56:4-FA18:0,0.5663115603434241,0.6691010083224672
autoregressive_context_ridge,TAG56:4-FA18:1,0.4880692001984085,0.7275916488505508
autoregressive_context_ridge,TAG56:4-FA18:2,0.41119024589166375,0.778056146574534
autoregressive_context_ridge,TAG56:4-FA20:1,0.37321947411264067,0.8025566628372012
autoregressive_context_ridge,TAG56:4-FA20:2,0.4837785700920154,0.732005730033545
autoregressive_context_ridge,TAG56:4-FA20:3,0.5721619196604333,0.6642254112022337
autoregressive_context_ridge,TAG56:4-FA20:4,0.6091232449918353,0.6348601776036639
autoregressive_context_ridge,TAG56:5-FA16:0,0.6237363364479873,0.6241941155677933
autoregressive_context_ridge,TAG56:5-FA18:0,0.586447985236995,0.6544185746591119
autoregressive_context_ridge,TAG56:5-FA18:1,0.5841902176013885,0.6571843736281228
autoregressive_context_ridge,TAG56:5-FA18:2,0.45005609552697046,0.7606538072305458
autoregressive_context_ridge,TAG56:5-FA20:1,0.3396567212491475,0.8282036650446862
autoregressive_context_ridge,TAG56:5-FA20:2,0.4335081916116681,0.7730038891370543
autoregressive_context_ridge,TAG56:5-FA20:3,0.5742407620576101,0.6648028151439929
autoregressive_context_ridge,TAG56:5-FA20:4,0.6086162782580514,0.6397140745804689
autoregressive_context_ridge,TAG56:5-FA22:4,0.6525340491002789,0.6002309390437336
autoregressive_context_ridge,TAG56:5-FA22:5,0.5826544958275547,0.654495937061608
autoregressive_context_ridge,TAG56:6-FA16:0,0.5766965797051928,0.6590127694473226
autoregressive_context_ridge,TAG56:6-FA18:0,0.5417673960253647,0.6921903009311005
autoregressive_context_ridge,TAG56:6-FA18:1,0.5896262038768514,0.6536204273724603
autoregressive_context_ridge,TAG56:6-FA18:2,0.521783814084595,0.7115371571053709
autoregressive_context_ridge,TAG56:6-FA18:3,0.393235712739908,0.8033641467577385
autoregressive_context_ridge,TAG56:6-FA20:2,0.3934571004424052,0.8034681275066278
autoregressive_context_ridge,TAG56:6-FA20:3,0.5592332740966661,0.6834826409665858
autoregressive_context_ridge,TAG56:6-FA20:4,0.6729860279973301,0.5879845863686517
autoregressive_context_ridge,TAG56:6-FA20:5,0.5778707721999317,0.6712898304764172
autoregressive_context_ridge,TAG56:6-FA22:4,0.6437993303829164,0.6098332850458903
autoregressive_context_ridge,TAG56:6-FA22:5,0.5879193213441141,0.6504125905758288
autoregressive_context_ridge,TAG56:6-FA22:6,0.6341384195743549,0.6148133429355961
autoregressive_context_ridge,TAG56:7-FA16:0,0.5818633013731624,0.6545000242000519
autoregressive_context_ridge,TAG56:7-FA16:1,0.5391735503983551,0.6966132097887199
autoregressive_context_ridge,TAG56:7-FA18:0,0.5170307057324419,0.7111291279532361
autoregressive_context_ridge,TAG56:7-FA18:1,0.5792384956503296,0.6643460261656606
autoregressive_context_ridge,TAG56:7-FA18:2,0.4817745820826428,0.7404823585260427
autoregressive_context_ridge,TAG56:7-FA18:3,0.4622506510885104,0.7540349386899747
autoregressive_context_ridge,TAG56:7-FA20:3,0.5222010819242668,0.7123908272205007
autoregressive_context_ridge,TAG56:7-FA20:4,0.6266483087767017,0.6297836386843692
autoregressive_context_ridge,TAG56:7-FA20:5,0.5362378666696184,0.7029525792685536
autoregressive_context_ridge,TAG56:7-FA22:4,0.5822533047885639,0.6632398927342276
autoregressive_context_ridge,TAG56:7-FA22:5,0.5209344485378963,0.7037021534270865
autoregressive_context_ridge,TAG56:7-FA22:6,0.6310057304815483,0.6182390201456229
autoregressive_context_ridge,TAG56:8-FA16:0,0.5727385177562367,0.6626377080335116
autoregressive_context_ridge,TAG56:8-FA16:1,0.5183782783322383,0.709614160449132
autoregressive_context_ridge,TAG56:8-FA18:1,0.504887173859139,0.7248280163742886
autoregressive_context_ridge,TAG56:8-FA18:2,0.4573005739921421,0.7516912959120812
autoregressive_context_ridge,TAG56:8-FA18:3,0.49120102845164004,0.7301339135174414
autoregressive_context_ridge,TAG56:8-FA20:4,0.5563647084855645,0.687998773785924
autoregressive_context_ridge,TAG56:8-FA20:5,0.47160955684135275,0.7488415663968595
autoregressive_context_ridge,TAG56:8-FA22:5,0.47167832372640384,0.742477078552921
autoregressive_context_ridge,TAG56:8-FA22:6,0.574437411043021,0.662185739607194
autoregressive_context_ridge,TAG56:9-FA18:3,0.4509802015229608,0.7599521492518391
autoregressive_context_ridge,TAG56:9-FA20:4,0.5345719264057052,0.7013369300524355
autoregressive_context_ridge,TAG56:9-FA20:5,0.44073138250441946,0.7694970792318028
autoregressive_context_ridge,TAG56:9-FA22:6,0.5371536924378009,0.6929035207797248
autoregressive_context_ridge,TAG57:2-FA18:1,0.46758489841943307,0.7422157329608636
autoregressive_context_ridge,TAG57:3-FA18:2,0.3497901885593727,0.81985671822199
autoregressive_context_ridge,TAG58:10-FA18:2,0.3441235483752729,0.8242107240945287
autoregressive_context_ridge,TAG58:10-FA20:4,0.5992039580902819,0.6478321076691057
autoregressive_context_ridge,TAG58:10-FA22:6,0.43676258655107436,0.7603776907900186
autoregressive_context_ridge,TAG58:3-FA18:1,0.25047733559499996,0.8737443596168513
autoregressive_context_ridge,TAG58:5-FA18:1,0.5811529773213608,0.6583396024108266
autoregressive_context_ridge,TAG58:6-FA16:0,0.5915320978407812,0.6563038760720485
autoregressive_context_ridge,TAG58:6-FA18:0,0.5440868283981048,0.6825623243405471
autoregressive_context_ridge,TAG58:6-FA18:1,0.5873360904648255,0.6536898659675275
autoregressive_context_ridge,TAG58:6-FA20:4,0.5940458048026445,0.644874464914546
autoregressive_context_ridge,TAG58:6-FA22:4,0.6164329960087647,0.6316077801866053
autoregressive_context_ridge,TAG58:6-FA22:5,0.5437105983626946,0.6855817519539888
autoregressive_context_ridge,TAG58:7-FA16:0,0.5391068590314066,0.6944338130153721
autoregressive_context_ridge,TAG58:7-FA18:0,0.5303011886289002,0.6928165268110691
autoregressive_context_ridge,TAG58:7-FA18:1,0.502616687198254,0.7173098645249081
autoregressive_context_ridge,TAG58:7-FA18:2,0.48456450595946354,0.7332969401665196
autoregressive_context_ridge,TAG58:7-FA20:4,0.6601953711561848,0.5910113484881766
autoregressive_context_ridge,TAG58:7-FA22:4,0.5400666157337721,0.6963739385919051
autoregressive_context_ridge,TAG58:7-FA22:5,0.43038869849558736,0.770412974283159
autoregressive_context_ridge,TAG58:7-FA22:6,0.5773354725315581,0.6596681337449817
autoregressive_context_ridge,TAG58:8-FA18:1,0.4829669836510745,0.729750661333093
autoregressive_context_ridge,TAG58:8-FA18:2,0.39499289428927753,0.7916945489265786
autoregressive_context_ridge,TAG58:8-FA20:3,0.6845483034907435,0.5659694801524894
autoregressive_context_ridge,TAG58:8-FA20:4,0.7406157418947191,0.5179227566088455
autoregressive_context_ridge,TAG58:8-FA22:5,0.3257005953068003,0.8389887173917973
autoregressive_context_ridge,TAG58:8-FA22:6,0.530986847817847,0.6942620844953445
autoregressive_context_ridge,TAG58:9-FA18:1,0.4713102373392307,0.7394391298671874
autoregressive_context_ridge,TAG58:9-FA18:2,0.38811942575894987,0.7926362348962157
autoregressive_context_ridge,TAG58:9-FA20:4,0.7042498786028151,0.5517454940106731
autoregressive_context_ridge,TAG58:9-FA22:5,0.2950333447128213,0.8567898106139805
autoregressive_context_ridge,TAG58:9-FA22:6,0.46539383117486066,0.7394598021652994
autoregressive_context_ridge,TAG60:10-FA22:5,0.4485850634558495,0.7504712639182655
autoregressive_context_ridge,TAG60:10-FA22:6,0.5313596403017906,0.695917704623624
autoregressive_context_ridge,TAG60:11-FA22:6,0.5537329936294897,0.6816177364945388
