transition_id,subject_id,fold,model,precision_at_k_for_top_fraction,recall_at_k_for_top_fraction,exact_top_k_precision,hit_at_k,ndcg_at_k,predicted_top_k,observed_top_k,priority_count,true_priority_fraction
ZJAA6K2:731->732,ZJAA6K2,0,change_prevalence,0.6666666666666666,0.038461538461538464,0.0,True,0.49573968534762985,SM(26:0);FFA(22:1);FFA(24:1),PC(16:0_18:0);PC(16:0_16:0);FFA(24:0),3,0.1
ZJAA6K2:731->732,ZJAA6K2,0,autoregressive_ridge,1.0,0.057692307692307696,0.6666666666666666,True,0.9482334171143618,PC(16:0_18:0);PC(16:0_16:0);FFA(22:0),PC(16:0_18:0);PC(16:0_16:0);FFA(24:0),3,0.1
ZJAA6K2:731->732,ZJAA6K2,0,autoregressive_context_ridge,1.0,0.057692307692307696,0.3333333333333333,True,0.7615926540901534,FFA(22:0);PC(16:0_18:0);FFA(20:3),PC(16:0_18:0);PC(16:0_16:0);FFA(24:0),3,0.1
ZJAA6K2:732->733,ZJAA6K2,0,change_prevalence,0.3333333333333333,0.019230769230769232,0.0,True,0.3967034400327513,SM(26:0);FFA(22:1);FFA(24:1),TAG58:3-FA18:1;FFA(22:0);TAG57:2-FA18:1,3,0.1
ZJAA6K2:732->733,ZJAA6K2,0,autoregressive_ridge,0.6666666666666666,0.038461538461538464,0.3333333333333333,True,0.5652548992144091,FFA(18:3);FFA(18:4);FFA(22:0),TAG58:3-FA18:1;FFA(22:0);TAG57:2-FA18:1,3,0.1
ZJAA6K2:732->733,ZJAA6K2,0,autoregressive_context_ridge,0.3333333333333333,0.019230769230769232,0.0,True,0.39254362800693415,FFA(18:3);LPC(20:3);PI(18:0_20:3),TAG58:3-FA18:1;FFA(22:0);TAG57:2-FA18:1,3,0.1
ZJAA6K2:733->734,ZJAA6K2,0,change_prevalence,0.0,0.0,0.0,False,0.09204401173879413,SM(26:0);FFA(22:1);FFA(24:1),TAG58:3-FA18:1;TAG56:2-FA16:0;LPC(15:0),3,0.1
ZJAA6K2:733->734,ZJAA6K2,0,autoregressive_ridge,0.6666666666666666,0.038461538461538464,0.6666666666666666,True,0.79203987030688,TAG58:3-FA18:1;LPC(20:3);TAG56:2-FA16:0,TAG58:3-FA18:1;TAG56:2-FA16:0;LPC(15:0),3,0.1
ZJAA6K2:733->734,ZJAA6K2,0,autoregressive_context_ridge,0.6666666666666666,0.038461538461538464,0.6666666666666666,True,0.8043746073752115,TAG58:3-FA18:1;TAG56:2-FA16:0;SM(26:0),TAG58:3-FA18:1;TAG56:2-FA16:0;LPC(15:0),3,0.1
ZJAA6K2:734->739,ZJAA6K2,0,change_prevalence,0.3333333333333333,0.019230769230769232,0.0,True,0.37552516690793236,SM(26:0);FFA(22:1);FFA(24:1),FFA(18:0);LPC(15:0);SM(20:0),3,0.1
ZJAA6K2:734->739,ZJAA6K2,0,autoregressive_ridge,0.3333333333333333,0.019230769230769232,0.3333333333333333,True,0.30161369152490414,FFA(18:3);LPC(15:0);FFA(18:2),FFA(18:0);LPC(15:0);SM(20:0),3,0.1
ZJAA6K2:734->739,ZJAA6K2,0,autoregressive_context_ridge,0.3333333333333333,0.019230769230769232,0.3333333333333333,True,0.30161369152490414,FFA(18:3);LPC(15:0);FFA(18:2),FFA(18:0);LPC(15:0);SM(20:0),3,0.1
ZJAA6K2:739->746,ZJAA6K2,0,change_prevalence,0.0,0.0,0.0,False,0.13381628036115673,SM(26:0);FFA(22:1);FFA(24:1),TAG50:4-FA14:1;TAG48:4-FA18:1;TAG50:4-FA18:1,3,0.1
ZJAA6K2:739->746,ZJAA6K2,0,autoregressive_ridge,0.3333333333333333,0.019230769230769232,0.0,True,0.6092194111074192,FFA(18:0);FFA(18:3);FFA(16:0),TAG50:4-FA14:1;TAG48:4-FA18:1;TAG50:4-FA18:1,3,0.1
ZJAA6K2:739->746,ZJAA6K2,0,autoregressive_context_ridge,0.3333333333333333,0.019230769230769232,0.0,True,0.6092194111074192,FFA(18:0);FFA(18:3);FFA(16:0),TAG50:4-FA14:1;TAG48:4-FA18:1;TAG50:4-FA18:1,3,0.1
ZJNO47T:456->464,ZJNO47T,0,change_prevalence,1.0,0.057692307692307696,0.6666666666666666,True,0.9439323900558344,SM(26:0);FFA(22:1);FFA(24:1),FFA(22:1);FFA(20:3);FFA(24:1),3,0.1
ZJNO47T:456->464,ZJNO47T,0,autoregressive_ridge,1.0,0.057692307692307696,0.0,True,0.7186030137416355,LPE(16:0);LPE(18:0);LPC(16:0),FFA(22:1);FFA(20:3);FFA(24:1),3,0.1
ZJNO47T:456->464,ZJNO47T,0,autoregressive_context_ridge,1.0,0.057692307692307696,0.0,True,0.7186030137416355,LPE(16:0);LPE(18:0);LPC(16:0),FFA(22:1);FFA(20:3);FFA(24:1),3,0.1
ZJNO47T:464->469,ZJNO47T,0,change_prevalence,1.0,0.057692307692307696,0.6666666666666666,True,0.9531833626387628,SM(26:0);FFA(22:1);FFA(24:1),FFA(22:1);SM(26:0);FFA(22:2),3,0.1
ZJNO47T:464->469,ZJNO47T,0,autoregressive_ridge,1.0,0.057692307692307696,0.6666666666666666,True,0.9619020533792066,SM(26:0);SM(20:0);FFA(22:1),FFA(22:1);SM(26:0);FFA(22:2),3,0.1
ZJNO47T:464->469,ZJNO47T,0,autoregressive_context_ridge,0.6666666666666666,0.038461538461538464,0.6666666666666666,True,0.866766281616592,SM(26:0);FFA(22:1);TAG52:3-FA14:0,FFA(22:1);SM(26:0);FFA(22:2),3,0.1
ZJNO47T:469->476,ZJNO47T,0,change_prevalence,1.0,0.057692307692307696,0.3333333333333333,True,0.9374799988365952,SM(26:0);FFA(22:1);FFA(24:1),SM(26:0);SM(20:0);LPC(18:0),3,0.1
ZJNO47T:469->476,ZJNO47T,0,autoregressive_ridge,1.0,0.057692307692307696,0.0,True,0.7336111126944864,PC(17:0_18:1);FFA(22:1);PC(16:0_16:0),SM(26:0);SM(20:0);LPC(18:0),3,0.1
ZJNO47T:469->476,ZJNO47T,0,autoregressive_context_ridge,0.6666666666666666,0.038461538461538464,0.0,True,0.5010742565841646,PC(17:0_18:1);PI(18:0_20:4);PC(16:0_16:0),SM(26:0);SM(20:0);LPC(18:0),3,0.1
ZLGD9M0:790->796,ZLGD9M0,0,change_prevalence,1.0,0.057692307692307696,0.3333333333333333,True,0.847434807745753,SM(26:0);FFA(22:1);FFA(24:1),FFA(24:1);FFA(24:0);PC(18:0_18:0),3,0.1
ZLGD9M0:790->796,ZLGD9M0,0,autoregressive_ridge,1.0,0.057692307692307696,0.3333333333333333,True,0.7777544111396122,SM(26:0);FFA(20:0);FFA(24:1),FFA(24:1);FFA(24:0);PC(18:0_18:0),3,0.1
ZLGD9M0:790->796,ZLGD9M0,0,autoregressive_context_ridge,1.0,0.057692307692307696,0.3333333333333333,True,0.7322977297628792,SM(26:0);SM(20:0);FFA(24:1),FFA(24:1);FFA(24:0);PC(18:0_18:0),3,0.1
ZLGD9M0:796->797,ZLGD9M0,0,change_prevalence,0.6666666666666666,0.038461538461538464,0.3333333333333333,True,0.5607548741183302,SM(26:0);FFA(22:1);FFA(24:1),FFA(24:1);FFA(24:0);LPC(15:0),3,0.1
ZLGD9M0:796->797,ZLGD9M0,0,autoregressive_ridge,0.6666666666666666,0.038461538461538464,0.3333333333333333,True,0.5678836952915515,FFA(15:0);PC(18:0_22:5);FFA(24:1),FFA(24:1);FFA(24:0);LPC(15:0),3,0.1
ZLGD9M0:796->797,ZLGD9M0,0,autoregressive_context_ridge,1.0,0.057692307692307696,0.6666666666666666,True,0.7981886362193708,FFA(15:0);FFA(24:1);FFA(24:0),FFA(24:1);FFA(24:0);LPC(15:0),3,0.1
ZLGD9M0:797->798,ZLGD9M0,0,change_prevalence,0.0,0.0,0.0,False,0.23363451952749,SM(26:0);FFA(22:1);FFA(24:1),FFA(18:1);FFA(18:2);FFA(16:1),3,0.1
ZLGD9M0:797->798,ZLGD9M0,0,autoregressive_ridge,0.3333333333333333,0.019230769230769232,0.0,True,0.4335570033999814,FFA(20:0);PC(18:0_22:5);FFA(18:4),FFA(18:1);FFA(18:2);FFA(16:1),3,0.1
ZLGD9M0:797->798,ZLGD9M0,0,autoregressive_context_ridge,0.0,0.0,0.0,False,0.2917380736274354,FFA(20:0);LPC(15:0);PC(18:0_22:5),FFA(18:1);FFA(18:2);FFA(16:1),3,0.1
ZLGD9M0:798->801,ZLGD9M0,0,change_prevalence,0.3333333333333333,0.019230769230769232,0.0,True,0.4095827478987342,SM(26:0);FFA(22:1);FFA(24:1),LPC(15:0);PE(P-18:1_20:4);PC(16:0_18:3),3,0.1
ZLGD9M0:798->801,ZLGD9M0,0,autoregressive_ridge,0.0,0.0,0.0,False,0.3166685942331309,FFA(18:3);PE(18:0_22:5);FFA(18:2),LPC(15:0);PE(P-18:1_20:4);PC(16:0_18:3),3,0.1
ZLGD9M0:798->801,ZLGD9M0,0,autoregressive_context_ridge,0.0,0.0,0.0,False,0.3166685942331309,FFA(18:3);PE(18:0_22:5);FFA(18:2),LPC(15:0);PE(P-18:1_20:4);PC(16:0_18:3),3,0.1
ZLGD9M0:801->804,ZLGD9M0,0,change_prevalence,0.3333333333333333,0.019230769230769232,0.0,True,0.3171039487180188,SM(26:0);FFA(22:1);FFA(24:1),LPC(20:3);TAG44:1-FA18:1;FFA(22:4),3,0.1
ZLGD9M0:801->804,ZLGD9M0,0,autoregressive_ridge,1.0,0.057692307692307696,0.3333333333333333,True,0.9404029519862026,TAG44:1-FA18:1;TAG44:1-FA16:0;TAG46:2-FA18:1,LPC(20:3);TAG44:1-FA18:1;FFA(22:4),3,0.1
ZLGD9M0:801->804,ZLGD9M0,0,autoregressive_context_ridge,1.0,0.057692307692307696,0.3333333333333333,True,0.9404029519862026,TAG44:1-FA18:1;TAG44:1-FA16:0;TAG46:2-FA18:1,LPC(20:3);TAG44:1-FA18:1;FFA(22:4),3,0.1
ZLGD9M0:804->807,ZLGD9M0,0,change_prevalence,0.6666666666666666,0.038461538461538464,0.3333333333333333,True,0.6063931753724751,SM(26:0);FFA(22:1);FFA(24:1),PE(18:0_22:5);PC(18:0_20:2);SM(26:0),3,0.1
ZLGD9M0:804->807,ZLGD9M0,0,autoregressive_ridge,0.6666666666666666,0.038461538461538464,0.3333333333333333,True,0.4561178745413181,FFA(20:0);PE(18:0_22:5);FFA(17:0),PE(18:0_22:5);PC(18:0_20:2);SM(26:0),3,0.1
ZLGD9M0:804->807,ZLGD9M0,0,autoregressive_context_ridge,0.6666666666666666,0.038461538461538464,0.6666666666666666,True,0.5644071993638661,FFA(20:0);PE(18:0_22:5);SM(26:0),PE(18:0_22:5);PC(18:0_20:2);SM(26:0),3,0.1
ZLGD9M0:807->815,ZLGD9M0,0,change_prevalence,1.0,0.057692307692307696,0.0,True,0.7670446089799179,SM(26:0);FFA(22:1);FFA(24:1),FFA(18:4);PC(18:0_18:0);FFA(24:0),3,0.1
ZLGD9M0:807->815,ZLGD9M0,0,autoregressive_ridge,0.6666666666666666,0.038461538461538464,0.3333333333333333,True,0.7794369549122583,FFA(20:0);FFA(18:4);PC(18:1_18:1),FFA(18:4);PC(18:0_18:0);FFA(24:0),3,0.1
ZLGD9M0:807->815,ZLGD9M0,0,autoregressive_context_ridge,1.0,0.057692307692307696,0.3333333333333333,True,0.93422396163007,FFA(18:4);FFA(20:0);PC(18:0_18:1),FFA(18:4);PC(18:0_18:0);FFA(24:0),3,0.1
ZLGD9M0:815->822,ZLGD9M0,0,change_prevalence,0.6666666666666666,0.038461538461538464,0.0,True,0.4299190192159842,SM(26:0);FFA(22:1);FFA(24:1),FFA(24:0);FFA(15:0);PE(18:0_22:5),3,0.1
ZLGD9M0:815->822,ZLGD9M0,0,autoregressive_ridge,0.6666666666666666,0.038461538461538464,0.3333333333333333,True,0.7276508984217206,FFA(15:0);LPC(15:0);SM(26:0),FFA(24:0);FFA(15:0);PE(18:0_22:5),3,0.1
ZLGD9M0:815->822,ZLGD9M0,0,autoregressive_context_ridge,0.6666666666666666,0.038461538461538464,0.3333333333333333,True,0.7276508984217206,FFA(15:0);LPC(15:0);SM(26:0),FFA(24:0);FFA(15:0);PE(18:0_22:5),3,0.1
ZLGD9M0:822->825,ZLGD9M0,0,change_prevalence,0.3333333333333333,0.019230769230769232,0.3333333333333333,True,0.592255532634644,SM(26:0);FFA(22:1);FFA(24:1),SM(26:0);PE(18:0_18:1);PE(18:0_18:2),3,0.1
ZLGD9M0:822->825,ZLGD9M0,0,autoregressive_ridge,0.3333333333333333,0.019230769230769232,0.3333333333333333,True,0.4769887894907609,PE(18:0_22:5);SM(26:0);CE(20:2),SM(26:0);PE(18:0_18:1);PE(18:0_18:2),3,0.1
ZLGD9M0:822->825,ZLGD9M0,0,autoregressive_context_ridge,0.6666666666666666,0.038461538461538464,0.3333333333333333,True,0.5588993932842173,PE(18:0_22:5);SM(26:0);TAG58:7-FA22:5,SM(26:0);PE(18:0_18:1);PE(18:0_18:2),3,0.1
ZLGD9M0:825->831,ZLGD9M0,0,change_prevalence,0.0,0.0,0.0,False,0.30045381228388457,SM(26:0);FFA(22:1);FFA(24:1),FFA(20:4);PE(18:0_18:0);FFA(22:6),3,0.1
ZLGD9M0:825->831,ZLGD9M0,0,autoregressive_ridge,1.0,0.057692307692307696,0.0,True,0.8339487986297937,PE(18:0_18:1);PE(18:0_18:2);PE(18:0_20:4),FFA(20:4);PE(18:0_18:0);FFA(22:6),3,0.1
ZLGD9M0:825->831,ZLGD9M0,0,autoregressive_context_ridge,1.0,0.057692307692307696,0.0,True,0.8339487986297937,PE(18:0_18:1);PE(18:0_18:2);PE(18:0_20:4),FFA(20:4);PE(18:0_18:0);FFA(22:6),3,0.1
ZLPZS0H:593->597,ZLPZS0H,0,change_prevalence,1.0,0.057692307692307696,0.0,True,0.37781624815570464,SM(26:0);FFA(22:1);FFA(24:1),FFA(22:5);FFA(22:2);LPE(20:4),3,0.1
ZLPZS0H:593->597,ZLPZS0H,0,autoregressive_ridge,1.0,0.057692307692307696,0.6666666666666666,True,0.982798691216859,FFA(22:5);FFA(22:2);PI(18:0_20:4),FFA(22:5);FFA(22:2);LPE(20:4),3,0.1
ZLPZS0H:593->597,ZLPZS0H,0,autoregressive_context_ridge,1.0,0.057692307692307696,0.6666666666666666,True,0.982798691216859,FFA(22:5);FFA(22:2);PI(18:0_20:4),FFA(22:5);FFA(22:2);LPE(20:4),3,0.1
ZLPZS0H:597->601,ZLPZS0H,0,change_prevalence,0.0,0.0,0.0,False,0.16915011796216242,SM(26:0);FFA(22:1);FFA(24:1),CE(20:5);PC(17:0_18:1);PC(18:0_20:5),3,0.1
ZLPZS0H:597->601,ZLPZS0H,0,autoregressive_ridge,0.0,0.0,0.0,False,0.16622191536166372,SM(20:0);HCER(24:1);SM(26:0),CE(20:5);PC(17:0_18:1);PC(18:0_20:5),3,0.1
ZLPZS0H:597->601,ZLPZS0H,0,autoregressive_context_ridge,0.0,0.0,0.0,False,0.16622191536166372,SM(20:0);HCER(24:1);SM(26:0),CE(20:5);PC(17:0_18:1);PC(18:0_20:5),3,0.1
ZLPZS0H:601->604,ZLPZS0H,0,change_prevalence,0.3333333333333333,0.019230769230769232,0.0,True,0.3837915667216844,SM(26:0);FFA(22:1);FFA(24:1),LPE(20:4);PE(P-16:0_22:5);PE(18:0_18:0),3,0.1
ZLPZS0H:601->604,ZLPZS0H,0,autoregressive_ridge,0.3333333333333333,0.019230769230769232,0.0,True,0.39121827770622514,PE(18:0_18:1);PE(18:0_22:5);PC(16:0_14:0),LPE(20:4);PE(P-16:0_22:5);PE(18:0_18:0),3,0.1
ZLPZS0H:601->604,ZLPZS0H,0,autoregressive_context_ridge,0.3333333333333333,0.019230769230769232,0.0,True,0.39820368589487143,PE(18:0_18:1);PE(18:0_22:5);PE(18:0_18:2),LPE(20:4);PE(P-16:0_22:5);PE(18:0_18:0),3,0.1
ZLPZS0H:604->610,ZLPZS0H,0,change_prevalence,1.0,0.057692307692307696,0.0,True,0.6025939317392771,SM(26:0);FFA(22:1);FFA(24:1),PC(16:0_18:0);PC(16:0_16:0);PE(P-16:0_22:5),3,0.1
ZLPZS0H:604->610,ZLPZS0H,0,autoregressive_ridge,1.0,0.057692307692307696,0.3333333333333333,True,0.840456768962708,LPE(20:4);PE(18:0_18:0);PE(P-16:0_22:5),PC(16:0_18:0);PC(16:0_16:0);PE(P-16:0_22:5),3,0.1
ZLPZS0H:604->610,ZLPZS0H,0,autoregressive_context_ridge,1.0,0.057692307692307696,0.3333333333333333,True,0.840456768962708,LPE(20:4);PE(18:0_18:0);PE(P-16:0_22:5),PC(16:0_18:0);PC(16:0_16:0);PE(P-16:0_22:5),3,0.1
ZLPZS0H:610->614,ZLPZS0H,0,change_prevalence,1.0,0.057692307692307696,0.0,True,0.7001120825845812,SM(26:0);FFA(22:1);FFA(24:1),PC(16:0_16:0);FFA(20:3);PC(16:0_18:0),3,0.1
ZLPZS0H:610->614,ZLPZS0H,0,autoregressive_ridge,1.0,0.057692307692307696,0.6666666666666666,True,0.9519663699443326,PC(16:0_16:0);PC(16:0_18:0);FFA(24:0),PC(16:0_16:0);FFA(20:3);PC(16:0_18:0),3,0.1
ZLPZS0H:610->614,ZLPZS0H,0,autoregressive_context_ridge,1.0,0.057692307692307696,0.6666666666666666,True,0.9519663699443326,PC(16:0_16:0);PC(16:0_18:0);FFA(24:0),PC(16:0_16:0);FFA(20:3);PC(16:0_18:0),3,0.1
ZLPZS0H:614->617,ZLPZS0H,0,change_prevalence,0.0,0.0,0.0,False,0.09229660581586856,SM(26:0);FFA(22:1);FFA(24:1),TAG48:4-FA18:2;TAG48:4-FA12:0;TAG48:3-FA12:0,3,0.1
ZLPZS0H:614->617,ZLPZS0H,0,autoregressive_ridge,1.0,0.057692307692307696,1.0,True,0.9958244251871423,TAG48:4-FA12:0;TAG48:4-FA18:2;TAG48:3-FA12:0,TAG48:4-FA18:2;TAG48:4-FA12:0;TAG48:3-FA12:0,3,0.1
ZLPZS0H:614->617,ZLPZS0H,0,autoregressive_context_ridge,0.6666666666666666,0.038461538461538464,0.6666666666666666,True,0.8425431591462531,TAG48:4-FA18:2;TAG48:4-FA12:0;FFA(22:4),TAG48:4-FA18:2;TAG48:4-FA12:0;TAG48:3-FA12:0,3,0.1
ZLPZS0H:617->620,ZLPZS0H,0,change_prevalence,0.3333333333333333,0.019230769230769232,0.0,True,0.7757184552752727,SM(26:0);FFA(22:1);FFA(24:1),PC(16:0_16:0);TAG56:10-FA18:2;PE(18:0_22:5),3,0.1
ZLPZS0H:617->620,ZLPZS0H,0,autoregressive_ridge,0.0,0.0,0.0,False,0.48258270127612796,LPC(15:0);PI(18:0_20:4);PC(14:0_18:1),PC(16:0_16:0);TAG56:10-FA18:2;PE(18:0_22:5),3,0.1
ZLPZS0H:617->620,ZLPZS0H,0,autoregressive_context_ridge,0.0,0.0,0.0,False,0.38078547031778104,LPC(15:0);PI(18:0_20:4);PE(18:0_18:1),PC(16:0_16:0);TAG56:10-FA18:2;PE(18:0_22:5),3,0.1
ZLPZS0H:620->621,ZLPZS0H,0,change_prevalence,0.6666666666666666,0.038461538461538464,0.6666666666666666,True,0.6223186605430491,SM(26:0);FFA(22:1);FFA(24:1),FFA(22:1);PC(16:0_16:0);FFA(24:1),3,0.1
ZLPZS0H:620->621,ZLPZS0H,0,autoregressive_ridge,0.6666666666666666,0.038461538461538464,0.0,True,0.4204193673392249,LCER(16:0);FFA(17:0);PI(18:0_20:4),FFA(22:1);PC(16:0_16:0);FFA(24:1),3,0.1
ZLPZS0H:620->621,ZLPZS0H,0,autoregressive_context_ridge,0.6666666666666666,0.038461538461538464,0.0,True,0.42953312929091253,PI(18:0_20:4);LCER(16:0);FFA(17:0),FFA(22:1);PC(16:0_16:0);FFA(24:1),3,0.1
ZLPZS0H:621->622,ZLPZS0H,0,change_prevalence,0.0,0.0,0.0,False,0.2124320473983809,SM(26:0);FFA(22:1);FFA(24:1),LPE(18:1);TAG56:3-FA20:0;TAG58:3-FA18:1,3,0.1
ZLPZS0H:621->622,ZLPZS0H,0,autoregressive_ridge,0.6666666666666666,0.038461538461538464,0.0,True,0.5702180959629485,HCER(24:1);FFA(22:0);FFA(22:1),LPE(18:1);TAG56:3-FA20:0;TAG58:3-FA18:1,3,0.1
ZLPZS0H:621->622,ZLPZS0H,0,autoregressive_context_ridge,0.6666666666666666,0.038461538461538464,0.0,True,0.5702064761885283,HCER(24:1);FFA(22:0);PC(17:0_18:1),LPE(18:1);TAG56:3-FA20:0;TAG58:3-FA18:1,3,0.1
ZLPZS0H:622->629,ZLPZS0H,0,change_prevalence,0.6666666666666666,0.038461538461538464,0.0,True,0.3433936406436847,SM(26:0);FFA(22:1);FFA(24:1),PC(17:0_18:1);LPC(18:2);PE(18:0_22:5),3,0.1
ZLPZS0H:622->629,ZLPZS0H,0,autoregressive_ridge,0.6666666666666666,0.038461538461538464,0.3333333333333333,True,0.6138141149032347,FFA(22:5);PC(17:0_18:1);CE(22:5),PC(17:0_18:1);LPC(18:2);PE(18:0_22:5),3,0.1
ZLPZS0H:622->629,ZLPZS0H,0,autoregressive_context_ridge,0.6666666666666666,0.038461538461538464,0.3333333333333333,True,0.6154083717591247,FFA(22:5);PC(17:0_18:1);PE(P-16:0_18:1),PC(17:0_18:1);LPC(18:2);PE(18:0_22:5),3,0.1
ZLPZS0H:629->632,ZLPZS0H,0,change_prevalence,1.0,0.057692307692307696,0.0,True,0.6938700167653227,SM(26:0);FFA(22:1);FFA(24:1),SM(18:0);PI(18:0_20:4);SM(18:1),3,0.1
ZLPZS0H:629->632,ZLPZS0H,0,autoregressive_ridge,0.6666666666666666,0.038461538461538464,0.0,True,0.6218102823692763,SM(26:0);LPC(15:0);LPE(20:4),SM(18:0);PI(18:0_20:4);SM(18:1),3,0.1
ZLPZS0H:629->632,ZLPZS0H,0,autoregressive_context_ridge,0.3333333333333333,0.019230769230769232,0.0,True,0.477306621277925,LPE(20:4);SM(26:0);LPE(18:1),SM(18:0);PI(18:0_20:4);SM(18:1),3,0.1
ZOBX723:690->691,ZOBX723,0,change_prevalence,0.6666666666666666,0.038461538461538464,0.6666666666666666,True,0.5999753026469014,SM(26:0);FFA(22:1);FFA(24:1),FFA(22:1);FFA(24:1);FFA(24:0),3,0.1
ZOBX723:690->691,ZOBX723,0,autoregressive_ridge,0.6666666666666666,0.038461538461538464,0.6666666666666666,True,0.7779548551017202,FFA(22:1);PE(P-18:1_18:1);FFA(24:1),FFA(22:1);FFA(24:1);FFA(24:0),3,0.1
ZOBX723:690->691,ZOBX723,0,autoregressive_context_ridge,1.0,0.057692307692307696,1.0,True,1.0,FFA(22:1);FFA(24:1);FFA(24:0),FFA(22:1);FFA(24:1);FFA(24:0),3,0.1
ZOBX723:691->694,ZOBX723,0,change_prevalence,0.3333333333333333,0.019230769230769232,0.0,True,0.25736192898797855,SM(26:0);FFA(22:1);FFA(24:1),PE(18:0_18:1);FFA(22:5);PE(18:0_18:2),3,0.1
ZOBX723:691->694,ZOBX723,0,autoregressive_ridge,0.3333333333333333,0.019230769230769232,0.3333333333333333,True,0.4535004101130679,PE(P-18:1_18:1);PE(18:0_18:1);FFA(24:1),PE(18:0_18:1);FFA(22:5);PE(18:0_18:2),3,0.1
ZOBX723:691->694,ZOBX723,0,autoregressive_context_ridge,0.0,0.0,0.0,False,0.21718009937987695,PE(P-18:1_18:1);FFA(22:0);PE(P-16:0_18:1),PE(18:0_18:1);FFA(22:5);PE(18:0_18:2),3,0.1
ZOBX723:694->695,ZOBX723,0,change_prevalence,0.3333333333333333,0.019230769230769232,0.0,True,0.34309246195971166,SM(26:0);FFA(22:1);FFA(24:1),TAG48:2-FA12:0;TAG44:1-FA18:1;TAG46:1-FA12:0,3,0.1
ZOBX723:694->695,ZOBX723,0,autoregressive_ridge,0.0,0.0,0.0,False,0.32817856224579717,PI(18:1_18:1);FFA(22:5);CE(18:4),TAG48:2-FA12:0;TAG44:1-FA18:1;TAG46:1-FA12:0,3,0.1
ZOBX723:694->695,ZOBX723,0,autoregressive_context_ridge,0.3333333333333333,0.019230769230769232,0.0,True,0.5060050003895566,PI(18:1_18:1);LPE(18:1);PI(16:0_20:4),TAG48:2-FA12:0;TAG44:1-FA18:1;TAG46:1-FA12:0,3,0.1
ZOBX723:695->699,ZOBX723,0,change_prevalence,0.3333333333333333,0.019230769230769232,0.0,True,0.35873110241923195,SM(26:0);FFA(22:1);FFA(24:1),CE(18:1);PC(14:0_18:1);CE(22:4),3,0.1
ZOBX723:695->699,ZOBX723,0,autoregressive_ridge,1.0,0.057692307692307696,0.0,True,0.899547716890352,TAG48:2-FA12:0;TAG48:3-FA12:0;TAG46:1-FA18:1,CE(18:1);PC(14:0_18:1);CE(22:4),3,0.1
ZOBX723:695->699,ZOBX723,0,autoregressive_context_ridge,1.0,0.057692307692307696,0.0,True,0.8963876706110881,TAG48:2-FA12:0;TAG48:3-FA12:0;TAG46:2-FA12:0,CE(18:1);PC(14:0_18:1);CE(22:4),3,0.1
ZOBX723:699->702,ZOBX723,0,change_prevalence,0.0,0.0,0.0,False,0.2873093183517544,SM(26:0);FFA(22:1);FFA(24:1),TAG56:6-FA20:2;TAG54:7-FA18:3;TAG54:7-FA18:2,3,0.1
ZOBX723:699->702,ZOBX723,0,autoregressive_ridge,0.0,0.0,0.0,False,0.14721320560969034,FFA(22:1);CE(18:4);FFA(22:2),TAG56:6-FA20:2;TAG54:7-FA18:3;TAG54:7-FA18:2,3,0.1
ZOBX723:699->702,ZOBX723,0,autoregressive_context_ridge,0.0,0.0,0.0,False,0.21476472787175616,CE(18:4);FFA(22:2);FFA(22:1),TAG56:6-FA20:2;TAG54:7-FA18:3;TAG54:7-FA18:2,3,0.1
ZOBX723:702->706,ZOBX723,0,change_prevalence,0.6666666666666666,0.038461538461538464,0.0,True,0.6360411167685424,SM(26:0);FFA(22:1);FFA(24:1),FFA(18:4);FFA(20:3);FFA(18:3),3,0.1
ZOBX723:702->706,ZOBX723,0,autoregressive_ridge,0.6666666666666666,0.038461538461538464,0.0,True,0.5735757562632353,FFA(22:1);SM(26:1);FFA(24:0),FFA(18:4);FFA(20:3);FFA(18:3),3,0.1
ZOBX723:702->706,ZOBX723,0,autoregressive_context_ridge,0.6666666666666666,0.038461538461538464,0.0,True,0.5764869291833234,FFA(22:1);SM(26:1);PE(18:0_22:5),FFA(18:4);FFA(20:3);FFA(18:3),3,0.1
ZOBX723:706->709,ZOBX723,0,change_prevalence,0.0,0.0,0.0,False,0.29323515338545103,SM(26:0);FFA(22:1);FFA(24:1),PC(18:2_18:2);FFA(18:2);FFA(18:1),3,0.1
ZOBX723:706->709,ZOBX723,0,autoregressive_ridge,0.6666666666666666,0.038461538461538464,0.3333333333333333,True,0.7053272866770303,FFA(18:3);FFA(18:4);FFA(18:2),PC(18:2_18:2);FFA(18:2);FFA(18:1),3,0.1
ZOBX723:706->709,ZOBX723,0,autoregressive_context_ridge,0.6666666666666666,0.038461538461538464,0.0,True,0.4909130492113834,FFA(18:4);FFA(18:3);PC(16:0_18:3),PC(18:2_18:2);FFA(18:2);FFA(18:1),3,0.1
ZOBX723:709->714,ZOBX723,0,change_prevalence,0.3333333333333333,0.019230769230769232,0.0,True,0.34907057235154915,SM(26:0);FFA(22:1);FFA(24:1),PE(18:0_18:1);PE(18:0_18:2);PC(18:2_18:2),3,0.1
ZOBX723:709->714,ZOBX723,0,autoregressive_ridge,1.0,0.057692307692307696,0.3333333333333333,True,0.7533327564867803,PC(18:2_18:2);PC(16:0_18:3);PI(18:1_18:1),PE(18:0_18:1);PE(18:0_18:2);PC(18:2_18:2),3,0.1
ZOBX723:709->714,ZOBX723,0,autoregressive_context_ridge,1.0,0.057692307692307696,0.3333333333333333,True,0.7441895420337394,PC(16:0_18:3);PC(18:2_18:2);CE(18:4),PE(18:0_18:1);PE(18:0_18:2);PC(18:2_18:2),3,0.1
ZOBX723:714->716,ZOBX723,0,change_prevalence,1.0,0.057692307692307696,0.0,True,0.7877404412513639,SM(26:0);FFA(22:1);FFA(24:1),PE(18:0_18:1);PE(18:0_18:2);FFA(18:4),3,0.1
ZOBX723:714->716,ZOBX723,0,autoregressive_ridge,0.6666666666666666,0.038461538461538464,0.6666666666666666,True,0.8162711711231289,PE(18:0_18:1);PE(18:0_18:2);PC(18:0_22:5),PE(18:0_18:1);PE(18:0_18:2);FFA(18:4),3,0.1
ZOBX723:714->716,ZOBX723,0,autoregressive_context_ridge,0.0,0.0,0.0,False,0.09469580594051162,PC(18:0_22:5);CE(18:3);PC(16:0_22:5),PE(18:0_18:1);PE(18:0_18:2);FFA(18:4),3,0.1
ZOBX723:716->721,ZOBX723,0,change_prevalence,0.3333333333333333,0.019230769230769232,0.0,True,0.186598379402499,SM(26:0);FFA(22:1);FFA(24:1),FFA(18:4);TAG47:2-FA18:1;TAG47:1-FA16:1,3,0.1
ZOBX723:716->721,ZOBX723,0,autoregressive_ridge,0.3333333333333333,0.019230769230769232,0.3333333333333333,True,0.6919096017866001,FFA(18:4);CE(18:3);TAG56:8-FA20:5,FFA(18:4);TAG47:2-FA18:1;TAG47:1-FA16:1,3,0.1
ZOBX723:716->721,ZOBX723,0,autoregressive_context_ridge,0.3333333333333333,0.019230769230769232,0.3333333333333333,True,0.6026763909731062,CE(18:3);FFA(18:4);TAG56:8-FA20:5,FFA(18:4);TAG47:2-FA18:1;TAG47:1-FA16:1,3,0.1
ZOBX723:721->731,ZOBX723,0,change_prevalence,0.6666666666666666,0.038461538461538464,0.0,True,0.537656058930931,SM(26:0);FFA(22:1);FFA(24:1),PC(18:0_18:1);PC(18:1_18:1);TAG47:2-FA18:1,3,0.1
ZOBX723:721->731,ZOBX723,0,autoregressive_ridge,1.0,0.057692307692307696,0.3333333333333333,True,0.9235282197349182,CE(18:4);CE(18:3);PC(18:0_18:1),PC(18:0_18:1);PC(18:1_18:1);TAG47:2-FA18:1,3,0.1
ZOBX723:721->731,ZOBX723,0,autoregressive_context_ridge,1.0,0.057692307692307696,0.3333333333333333,True,0.9235282197349182,CE(18:4);CE(18:3);PC(18:0_18:1),PC(18:0_18:1);PC(18:1_18:1);TAG47:2-FA18:1,3,0.1
ZOBX723:731->741,ZOBX723,0,change_prevalence,0.3333333333333333,0.019230769230769232,0.0,True,0.3205149951999847,SM(26:0);FFA(22:1);FFA(24:1),SM(22:0);PE(P-18:1_20:4);PE(O-16:0_20:4),3,0.1
ZOBX723:731->741,ZOBX723,0,autoregressive_ridge,0.0,0.0,0.0,False,0.1380080051087009,TAG56:9-FA20:5;CE(18:3);TAG58:10-FA18:2,SM(22:0);PE(P-18:1_20:4);PE(O-16:0_20:4),3,0.1
ZOBX723:731->741,ZOBX723,0,autoregressive_context_ridge,0.0,0.0,0.0,False,0.06842974959882561,TAG56:9-FA20:5;CE(18:3);PC(16:0_18:3),SM(22:0);PE(P-18:1_20:4);PE(O-16:0_20:4),3,0.1
ZOQSGYW:700->706,ZOQSGYW,0,change_prevalence,0.6666666666666666,0.038461538461538464,0.3333333333333333,True,0.5301500236125598,SM(26:0);FFA(22:1);FFA(24:1),FFA(24:0);FFA(24:1);PC(16:0_18:0),3,0.1
ZOQSGYW:700->706,ZOQSGYW,0,autoregressive_ridge,0.3333333333333333,0.019230769230769232,0.0,True,0.38202305836835593,FFA(18:4);PI(18:0_20:4);FFA(16:0),FFA(24:0);FFA(24:1);PC(16:0_18:0),3,0.1
ZOQSGYW:700->706,ZOQSGYW,0,autoregressive_context_ridge,0.3333333333333333,0.019230769230769232,0.0,True,0.38202305836835593,FFA(18:4);PI(18:0_20:4);FFA(16:0),FFA(24:0);FFA(24:1);PC(16:0_18:0),3,0.1
ZOQSGYW:706->708,ZOQSGYW,0,change_prevalence,0.6666666666666666,0.038461538461538464,0.0,True,0.48536087633131486,SM(26:0);FFA(22:1);FFA(24:1),FFA(20:3);PC(16:0_18:0);PC(16:0_16:0),3,0.1
ZOQSGYW:706->708,ZOQSGYW,0,autoregressive_ridge,1.0,0.057692307692307696,0.6666666666666666,True,0.8775642681270439,FFA(20:0);PC(16:0_16:0);PC(16:0_18:0),FFA(20:3);PC(16:0_18:0);PC(16:0_16:0),3,0.1
ZOQSGYW:706->708,ZOQSGYW,0,autoregressive_context_ridge,1.0,0.057692307692307696,0.6666666666666666,True,0.8781867581638857,FFA(20:0);PC(16:0_18:0);PC(16:0_16:0),FFA(20:3);PC(16:0_18:0);PC(16:0_16:0),3,0.1
ZOZOW1T:651->653,ZOZOW1T,0,change_prevalence,0.0,0.0,0.0,False,0.18278048803746444,SM(26:0);FFA(22:1);FFA(24:1),TAG55:2-FA18:1;SM(16:0);LPE(18:1),3,0.1
ZOZOW1T:651->653,ZOZOW1T,0,autoregressive_ridge,0.6666666666666666,0.038461538461538464,0.3333333333333333,True,0.7447880103998481,TAG55:2-FA18:1;SM(26:0);TAG55:3-FA18:1,TAG55:2-FA18:1;SM(16:0);LPE(18:1),3,0.1
ZOZOW1T:651->653,ZOZOW1T,0,autoregressive_context_ridge,0.6666666666666666,0.038461538461538464,0.3333333333333333,True,0.7448144507023925,TAG55:2-FA18:1;SM(26:0);TAG56:10-FA18:2,TAG55:2-FA18:1;SM(16:0);LPE(18:1),3,0.1
ZOZOW1T:653->654,ZOZOW1T,0,change_prevalence,0.6666666666666666,0.038461538461538464,0.0,True,0.567010287624245,SM(26:0);FFA(22:1);FFA(24:1),FFA(22:5);LPE(18:2);LPC(18:0),3,0.1
ZOZOW1T:653->654,ZOZOW1T,0,autoregressive_ridge,0.6666666666666666,0.038461538461538464,0.0,True,0.5271615335971277,SM(16:0);LPC(15:0);LPC(18:1),FFA(22:5);LPE(18:2);LPC(18:0),3,0.1
ZOZOW1T:653->654,ZOZOW1T,0,autoregressive_context_ridge,0.6666666666666666,0.038461538461538464,0.0,True,0.5271615335971277,SM(16:0);LPC(15:0);LPC(18:1),FFA(22:5);LPE(18:2);LPC(18:0),3,0.1
ZOZOW1T:654->657,ZOZOW1T,0,change_prevalence,1.0,0.057692307692307696,0.3333333333333333,True,0.8150823222921867,SM(26:0);FFA(22:1);FFA(24:1),FFA(18:4);SM(26:0);FFA(22:4),3,0.1
ZOZOW1T:654->657,ZOZOW1T,0,autoregressive_ridge,0.3333333333333333,0.019230769230769232,0.0,True,0.24529886347700855,FFA(20:4);SM(16:0);SM(26:1),FFA(18:4);SM(26:0);FFA(22:4),3,0.1
ZOZOW1T:654->657,ZOZOW1T,0,autoregressive_context_ridge,0.3333333333333333,0.019230769230769232,0.0,True,0.29683677140788733,SM(16:0);FFA(20:4);SM(26:1),FFA(18:4);SM(26:0);FFA(22:4),3,0.1
ZOZOW1T:657->659,ZOZOW1T,0,change_prevalence,0.0,0.0,0.0,False,0.25255932603487874,SM(26:0);FFA(22:1);FFA(24:1),FFA(17:0);FFA(22:5);CE(22:5),3,0.1
ZOZOW1T:657->659,ZOZOW1T,0,autoregressive_ridge,1.0,0.057692307692307696,0.0,True,0.5914650529190518,FFA(20:4);FFA(18:1);FFA(18:2),FFA(17:0);FFA(22:5);CE(22:5),3,0.1
ZOZOW1T:657->659,ZOZOW1T,0,autoregressive_context_ridge,1.0,0.057692307692307696,0.0,True,0.5914650529190518,FFA(20:4);FFA(18:1);FFA(18:2),FFA(17:0);FFA(22:5);CE(22:5),3,0.1
ZOZOW1T:659->662,ZOZOW1T,0,change_prevalence,0.0,0.0,0.0,False,0.3345845191323389,SM(26:0);FFA(22:1);FFA(24:1),SM(16:0);PC(18:1_18:1);PE(P-18:0_18:1),3,0.1
ZOZOW1T:659->662,ZOZOW1T,0,autoregressive_ridge,0.3333333333333333,0.019230769230769232,0.3333333333333333,True,0.32032805155488014,FFA(22:4);FFA(18:1);PC(18:1_18:1),SM(16:0);PC(18:1_18:1);PE(P-18:0_18:1),3,0.1
ZOZOW1T:659->662,ZOZOW1T,0,autoregressive_context_ridge,0.3333333333333333,0.019230769230769232,0.3333333333333333,True,0.3718505889383954,FFA(22:4);PC(18:1_18:1);FFA(18:1),SM(16:0);PC(18:1_18:1);PE(P-18:0_18:1),3,0.1
ZOZOW1T:662->663,ZOZOW1T,0,change_prevalence,0.6666666666666666,0.038461538461538464,0.0,True,0.4906862478600979,SM(26:0);FFA(22:1);FFA(24:1),FFA(20:3);PC(16:0_16:0);FFA(18:4),3,0.1
ZOZOW1T:662->663,ZOZOW1T,0,autoregressive_ridge,0.0,0.0,0.0,False,0.07222623457355308,TAG55:2-FA18:1;TAG50:2-FA14:1;LCER(16:0),FFA(20:3);PC(16:0_16:0);FFA(18:4),3,0.1
ZOZOW1T:662->663,ZOZOW1T,0,autoregressive_context_ridge,0.0,0.0,0.0,False,0.02842315910043284,TAG55:2-FA18:1;TAG50:2-FA14:1;TAG53:1-FA18:0,FFA(20:3);PC(16:0_16:0);FFA(18:4),3,0.1
ZOZOW1T:663->664,ZOZOW1T,0,change_prevalence,0.3333333333333333,0.019230769230769232,0.0,True,0.40288485143888575,SM(26:0);FFA(22:1);FFA(24:1),TAG58:8-FA18:2;TAG56:8-FA18:2;TAG58:7-FA18:2,3,0.1
ZOZOW1T:663->664,ZOZOW1T,0,autoregressive_ridge,0.3333333333333333,0.019230769230769232,0.0,True,0.4508557131520689,TAG55:2-FA18:1;LPE(16:0);LPE(18:0),TAG58:8-FA18:2;TAG56:8-FA18:2;TAG58:7-FA18:2,3,0.1
ZOZOW1T:663->664,ZOZOW1T,0,autoregressive_context_ridge,0.3333333333333333,0.019230769230769232,0.0,True,0.6724676435035399,TAG55:2-FA18:1;TAG44:1-FA18:1;TAG47:2-FA18:1,TAG58:8-FA18:2;TAG56:8-FA18:2;TAG58:7-FA18:2,3,0.1
ZOZOW1T:664->665,ZOZOW1T,0,change_prevalence,0.0,0.0,0.0,False,0.4766753711483795,SM(26:0);FFA(22:1);FFA(24:1),TAG58:6-FA18:0;TAG56:1-FA18:1;TAG60:10-FA22:6,3,0.1
ZOZOW1T:664->665,ZOZOW1T,0,autoregressive_ridge,0.3333333333333333,0.019230769230769232,0.0,True,0.6606292013391828,PC(16:0_16:0);FFA(20:3);PC(16:0_18:0),TAG58:6-FA18:0;TAG56:1-FA18:1;TAG60:10-FA22:6,3,0.1
ZOZOW1T:664->665,ZOZOW1T,0,autoregressive_context_ridge,0.3333333333333333,0.019230769230769232,0.0,True,0.6606292013391828,PC(16:0_16:0);FFA(20:3);PC(16:0_18:0),TAG58:6-FA18:0;TAG56:1-FA18:1;TAG60:10-FA22:6,3,0.1
ZOZOW1T:665->666,ZOZOW1T,0,change_prevalence,0.0,0.0,0.0,False,0.552774446626243,SM(26:0);FFA(22:1);FFA(24:1),TAG55:2-FA18:1;TAG54:0-FA18:0;TAG58:6-FA18:0,3,0.1
ZOZOW1T:665->666,ZOZOW1T,0,autoregressive_ridge,0.6666666666666666,0.038461538461538464,0.0,True,0.6923250474109485,FFA(18:4);FFA(20:0);FFA(17:0),TAG55:2-FA18:1;TAG54:0-FA18:0;TAG58:6-FA18:0,3,0.1
ZOZOW1T:665->666,ZOZOW1T,0,autoregressive_context_ridge,0.6666666666666666,0.038461538461538464,0.0,True,0.6923250474109485,FFA(18:4);FFA(20:0);FFA(17:0),TAG55:2-FA18:1;TAG54:0-FA18:0;TAG58:6-FA18:0,3,0.1
ZOZOW1T:666->667,ZOZOW1T,0,change_prevalence,0.3333333333333333,0.019230769230769232,0.0,True,0.5206766717837888,SM(26:0);FFA(22:1);FFA(24:1),TAG55:2-FA18:1;FFA(22:5);TAG50:2-FA14:1,3,0.1
ZOZOW1T:666->667,ZOZOW1T,0,autoregressive_ridge,0.6666666666666666,0.038461538461538464,0.6666666666666666,True,0.884576463609804,FFA(22:5);TAG55:2-FA18:1;FFA(22:1),TAG55:2-FA18:1;FFA(22:5);TAG50:2-FA14:1,3,0.1
ZOZOW1T:666->667,ZOZOW1T,0,autoregressive_context_ridge,1.0,0.057692307692307696,1.0,True,1.0,TAG55:2-FA18:1;FFA(22:5);TAG50:2-FA14:1,TAG55:2-FA18:1;FFA(22:5);TAG50:2-FA14:1,3,0.1
ZOZOW1T:667->671,ZOZOW1T,0,change_prevalence,1.0,0.057692307692307696,0.0,True,0.5995794619269688,SM(26:0);FFA(22:1);FFA(24:1),SM(20:0);SM(22:1);SM(22:0),3,0.1
ZOZOW1T:667->671,ZOZOW1T,0,autoregressive_ridge,0.3333333333333333,0.019230769230769232,0.0,True,0.397286889101423,HCER(24:1);LCER(16:0);CER(24:1),SM(20:0);SM(22:1);SM(22:0),3,0.1
ZOZOW1T:667->671,ZOZOW1T,0,autoregressive_context_ridge,0.3333333333333333,0.019230769230769232,0.0,True,0.36555104462405824,HCER(24:1);LCER(16:0);PC(18:1_18:1),SM(20:0);SM(22:1);SM(22:0),3,0.1
ZOZOW1T:671->673,ZOZOW1T,0,change_prevalence,0.3333333333333333,0.019230769230769232,0.0,True,0.3584466866779715,SM(26:0);FFA(22:1);FFA(24:1),SM(20:0);PI(18:1_18:1);PC(18:0_18:0),3,0.1
ZOZOW1T:671->673,ZOZOW1T,0,autoregressive_ridge,0.0,0.0,0.0,False,0.17681878725838443,FFA(24:0);FFA(24:1);PE(O-16:0_20:4),SM(20:0);PI(18:1_18:1);PC(18:0_18:0),3,0.1
ZOZOW1T:671->673,ZOZOW1T,0,autoregressive_context_ridge,0.0,0.0,0.0,False,0.17681878725838443,FFA(24:0);FFA(24:1);PE(O-16:0_20:4),SM(20:0);PI(18:1_18:1);PC(18:0_18:0),3,0.1
ZOZOW1T:673->674,ZOZOW1T,0,change_prevalence,0.6666666666666666,0.038461538461538464,0.0,True,0.42880136941728814,SM(26:0);FFA(22:1);FFA(24:1),PC(18:0_18:0);PC(16:0_16:0);PC(16:0_18:0),3,0.1
ZOZOW1T:673->674,ZOZOW1T,0,autoregressive_ridge,1.0,0.057692307692307696,0.6666666666666666,True,0.9379266925391339,PC(16:0_16:0);PC(18:0_18:0);FFA(20:3),PC(18:0_18:0);PC(16:0_16:0);PC(16:0_18:0),3,0.1
ZOZOW1T:673->674,ZOZOW1T,0,autoregressive_context_ridge,1.0,0.057692307692307696,0.6666666666666666,True,0.9379266925391339,PC(16:0_16:0);PC(18:0_18:0);FFA(20:3),PC(18:0_18:0);PC(16:0_16:0);PC(16:0_18:0),3,0.1
ZOZOW1T:674->675,ZOZOW1T,0,change_prevalence,0.0,0.0,0.0,False,0.31549993134973686,SM(26:0);FFA(22:1);FFA(24:1),PE(18:0_18:2);CE(18:4);PC(17:0_18:2),3,0.1
ZOZOW1T:674->675,ZOZOW1T,0,autoregressive_ridge,0.0,0.0,0.0,False,0.15152903125164008,PE(18:0_18:0);LCER(16:0);HCER(24:1),PE(18:0_18:2);CE(18:4);PC(17:0_18:2),3,0.1
ZOZOW1T:674->675,ZOZOW1T,0,autoregressive_context_ridge,0.0,0.0,0.0,False,0.14549055421789428,PE(18:0_18:0);HCER(24:1);LCER(16:0),PE(18:0_18:2);CE(18:4);PC(17:0_18:2),3,0.1
ZOZOW1T:675->676,ZOZOW1T,0,change_prevalence,0.0,0.0,0.0,False,0.232353064711048,SM(26:0);FFA(22:1);FFA(24:1),CE(18:4);PC(18:0_20:5);PC(16:0_20:5),3,0.1
ZOZOW1T:675->676,ZOZOW1T,0,autoregressive_ridge,1.0,0.057692307692307696,0.0,True,0.69212067551583,LPE(20:4);PE(18:0_18:0);TAG47:1-FA16:1,CE(18:4);PC(18:0_20:5);PC(16:0_20:5),3,0.1
ZOZOW1T:675->676,ZOZOW1T,0,autoregressive_context_ridge,1.0,0.057692307692307696,0.0,True,0.69212067551583,LPE(20:4);PE(18:0_18:0);TAG47:1-FA16:1,CE(18:4);PC(18:0_20:5);PC(16:0_20:5),3,0.1
ZOZOW1T:676->677,ZOZOW1T,0,change_prevalence,0.0,0.0,0.0,False,0.13462357223723853,SM(26:0);FFA(22:1);FFA(24:1),PE(O-16:0_20:4);PC(16:0_20:5);LPC(15:0),3,0.1
ZOZOW1T:676->677,ZOZOW1T,0,autoregressive_ridge,0.0,0.0,0.0,False,0.18403942234092285,LCER(16:0);PC(18:1_18:1);FFA(24:1),PE(O-16:0_20:4);PC(16:0_20:5);LPC(15:0),3,0.1
ZOZOW1T:676->677,ZOZOW1T,0,autoregressive_context_ridge,0.0,0.0,0.0,False,0.17302045197454397,PC(18:1_18:1);LCER(16:0);CER(24:1),PE(O-16:0_20:4);PC(16:0_20:5);LPC(15:0),3,0.1
ZOZOW1T:677->679,ZOZOW1T,0,change_prevalence,1.0,0.057692307692307696,0.0,True,0.645802353252683,SM(26:0);FFA(22:1);FFA(24:1),SM(20:0);SM(22:1);SM(22:0),3,0.1
ZOZOW1T:677->679,ZOZOW1T,0,autoregressive_ridge,0.3333333333333333,0.019230769230769232,0.0,True,0.4142913474813056,PE(O-16:0_20:4);LCER(16:0);TAG56:2-FA16:0,SM(20:0);SM(22:1);SM(22:0),3,0.1
ZOZOW1T:677->679,ZOZOW1T,0,autoregressive_context_ridge,0.3333333333333333,0.019230769230769232,0.0,True,0.34801840436346176,PE(O-16:0_20:4);LCER(16:0);HCER(24:1),SM(20:0);SM(22:1);SM(22:0),3,0.1
ZOZOW1T:679->681,ZOZOW1T,0,change_prevalence,0.0,0.0,0.0,False,0.1902055767493281,SM(26:0);FFA(22:1);FFA(24:1),LPE(20:4);FFA(22:5);SM(18:1),3,0.1
ZOZOW1T:679->681,ZOZOW1T,0,autoregressive_ridge,1.0,0.057692307692307696,0.0,True,0.6637679823900362,SM(20:0);SM(22:0);SM(22:1),LPE(20:4);FFA(22:5);SM(18:1),3,0.1
ZOZOW1T:679->681,ZOZOW1T,0,autoregressive_context_ridge,0.6666666666666666,0.038461538461538464,0.0,True,0.5824050363458332,SM(20:0);SM(22:0);FFA(22:1),LPE(20:4);FFA(22:5);SM(18:1),3,0.1
ZOZOW1T:681->683,ZOZOW1T,0,change_prevalence,0.0,0.0,0.0,False,0.07689855940947733,SM(26:0);FFA(22:1);FFA(24:1),FFA(22:5);FFA(22:2);FFA(18:4),3,0.1
ZOZOW1T:681->683,ZOZOW1T,0,autoregressive_ridge,0.6666666666666666,0.038461538461538464,0.3333333333333333,True,0.8392214551896013,FFA(22:5);LPE(20:4);PE(18:0_18:1),FFA(22:5);FFA(22:2);FFA(18:4),3,0.1
ZOZOW1T:681->683,ZOZOW1T,0,autoregressive_context_ridge,0.6666666666666666,0.038461538461538464,0.3333333333333333,True,0.8392214551896013,FFA(22:5);LPE(20:4);PE(18:0_18:1),FFA(22:5);FFA(22:2);FFA(18:4),3,0.1
ZOZOW1T:683->684,ZOZOW1T,0,change_prevalence,0.0,0.0,0.0,False,0.29849893141297135,SM(26:0);FFA(22:1);FFA(24:1),PC(18:1_18:2);PC(18:2_18:2);PC(17:0_18:2),3,0.1
ZOZOW1T:683->684,ZOZOW1T,0,autoregressive_ridge,1.0,0.057692307692307696,0.0,True,0.794786681575883,PE(18:0_18:1);PE(18:0_18:2);PE(18:0_18:0),PC(18:1_18:2);PC(18:2_18:2);PC(17:0_18:2),3,0.1
ZOZOW1T:683->684,ZOZOW1T,0,autoregressive_context_ridge,1.0,0.057692307692307696,0.0,True,0.7968574442074806,PE(18:0_18:1);PE(18:0_18:0);PE(18:0_18:2),PC(18:1_18:2);PC(18:2_18:2);PC(17:0_18:2),3,0.1
ZOZOW1T:684->685,ZOZOW1T,0,change_prevalence,0.3333333333333333,0.019230769230769232,0.0,True,0.44202966313896913,SM(26:0);FFA(22:1);FFA(24:1),PC(18:2_18:2);PC(18:1_18:2);PC(18:0_18:2),3,0.1
ZOZOW1T:684->685,ZOZOW1T,0,autoregressive_ridge,1.0,0.057692307692307696,1.0,True,1.0,PC(18:2_18:2);PC(18:1_18:2);PC(18:0_18:2),PC(18:2_18:2);PC(18:1_18:2);PC(18:0_18:2),3,0.1
ZOZOW1T:684->685,ZOZOW1T,0,autoregressive_context_ridge,1.0,0.057692307692307696,1.0,True,0.978117171035554,PC(18:1_18:2);PC(18:2_18:2);PC(18:0_18:2),PC(18:2_18:2);PC(18:1_18:2);PC(18:0_18:2),3,0.1
ZOZOW1T:685->686,ZOZOW1T,0,change_prevalence,1.0,0.057692307692307696,0.0,True,0.7307036777170145,SM(26:0);FFA(22:1);FFA(24:1),SM(20:0);SM(22:1);SM(22:0),3,0.1
ZOZOW1T:685->686,ZOZOW1T,0,autoregressive_ridge,1.0,0.057692307692307696,0.3333333333333333,True,0.8545885706257672,SM(26:1);SM(26:0);SM(22:0),SM(20:0);SM(22:1);SM(22:0),3,0.1
ZOZOW1T:685->686,ZOZOW1T,0,autoregressive_context_ridge,1.0,0.057692307692307696,0.6666666666666666,True,0.9602810889946014,SM(22:0);SM(26:1);SM(20:0),SM(20:0);SM(22:1);SM(22:0),3,0.1
ZOZOW1T:686->687,ZOZOW1T,0,change_prevalence,0.3333333333333333,0.019230769230769232,0.0,True,0.38325457288394793,SM(26:0);FFA(22:1);FFA(24:1),CE(20:5);FFA(20:5);TAG56:6-FA20:5,3,0.1
ZOZOW1T:686->687,ZOZOW1T,0,autoregressive_ridge,0.3333333333333333,0.019230769230769232,0.0,True,0.5030747162422999,PE(18:0_18:1);FFA(20:0);SM(20:0),CE(20:5);FFA(20:5);TAG56:6-FA20:5,3,0.1
ZOZOW1T:686->687,ZOZOW1T,0,autoregressive_context_ridge,0.6666666666666666,0.038461538461538464,0.0,True,0.6544524767855828,PE(18:0_18:1);PE(O-16:0_20:4);FFA(20:0),CE(20:5);FFA(20:5);TAG56:6-FA20:5,3,0.1
ZOZOW1T:687->688,ZOZOW1T,0,change_prevalence,1.0,0.057692307692307696,0.0,True,0.5328448320950792,SM(26:0);FFA(22:1);FFA(24:1),FFA(17:0);FFA(18:4);FFA(18:0),3,0.1
ZOZOW1T:687->688,ZOZOW1T,0,autoregressive_ridge,0.6666666666666666,0.038461538461538464,0.3333333333333333,True,0.4645563443002671,LCER(16:0);FFA(18:0);SM(20:0),FFA(17:0);FFA(18:4);FFA(18:0),3,0.1
ZOZOW1T:687->688,ZOZOW1T,0,autoregressive_context_ridge,0.3333333333333333,0.019230769230769232,0.3333333333333333,True,0.3645744762637669,LCER(16:0);PE(P-16:0_22:5);FFA(18:0),FFA(17:0);FFA(18:4);FFA(18:0),3,0.1
ZOZOW1T:688->690,ZOZOW1T,0,change_prevalence,0.3333333333333333,0.019230769230769232,0.0,True,0.5007895377708692,SM(26:0);FFA(22:1);FFA(24:1),PE(18:0_18:1);SM(20:0);FFA(16:0),3,0.1
ZOZOW1T:688->690,ZOZOW1T,0,autoregressive_ridge,0.3333333333333333,0.019230769230769232,0.0,True,0.5723747416833777,FFA(20:4);LCER(16:0);HCER(24:1),PE(18:0_18:1);SM(20:0);FFA(16:0),3,0.1
ZOZOW1T:688->690,ZOZOW1T,0,autoregressive_context_ridge,0.3333333333333333,0.019230769230769232,0.0,True,0.4878516321566835,FFA(20:4);LCER(16:0);PE(O-16:0_20:4),PE(18:0_18:1);SM(20:0);FFA(16:0),3,0.1
ZOZOW1T:690->692,ZOZOW1T,0,change_prevalence,0.0,0.0,0.0,False,0.270263924620264,SM(26:0);FFA(22:1);FFA(24:1),FFA(17:0);FFA(16:0);TAG55:5-FA18:2,3,0.1
ZOZOW1T:690->692,ZOZOW1T,0,autoregressive_ridge,0.6666666666666666,0.038461538461538464,0.6666666666666666,True,0.7662009908582661,FFA(17:0);LCER(16:0);FFA(16:0),FFA(17:0);FFA(16:0);TAG55:5-FA18:2,3,0.1
ZOZOW1T:690->692,ZOZOW1T,0,autoregressive_context_ridge,0.6666666666666666,0.038461538461538464,0.6666666666666666,True,0.8147445767515294,FFA(17:0);FFA(16:0);LCER(16:0),FFA(17:0);FFA(16:0);TAG55:5-FA18:2,3,0.1
ZOZOW1T:692->693,ZOZOW1T,0,change_prevalence,0.0,0.0,0.0,False,0.3741753761118496,SM(26:0);FFA(22:1);FFA(24:1),FFA(17:0);FFA(18:4);FFA(16:0),3,0.1
ZOZOW1T:692->693,ZOZOW1T,0,autoregressive_ridge,0.6666666666666666,0.038461538461538464,0.3333333333333333,True,0.6469760120103685,TAG55:5-FA18:2;FFA(18:4);TAG55:4-FA18:2,FFA(17:0);FFA(18:4);FFA(16:0),3,0.1
ZOZOW1T:692->693,ZOZOW1T,0,autoregressive_context_ridge,1.0,0.057692307692307696,0.3333333333333333,True,0.7884014126435188,FFA(18:4);TAG55:5-FA18:2;TAG48:4-FA18:2,FFA(17:0);FFA(18:4);FFA(16:0),3,0.1
ZOZOW1T:693->694,ZOZOW1T,0,change_prevalence,0.3333333333333333,0.019230769230769232,0.0,True,0.3669653055564655,SM(26:0);FFA(22:1);FFA(24:1),LPC(16:0);LPC(15:0);FFA(18:3),3,0.1
ZOZOW1T:693->694,ZOZOW1T,0,autoregressive_ridge,0.3333333333333333,0.019230769230769232,0.3333333333333333,True,0.632415182719652,LPC(15:0);TAG56:10-FA18:2;TAG55:3-FA18:2,LPC(16:0);LPC(15:0);FFA(18:3),3,0.1
ZOZOW1T:693->694,ZOZOW1T,0,autoregressive_context_ridge,1.0,0.057692307692307696,0.3333333333333333,True,0.7220660513534731,FFA(20:2);FFA(17:0);LPC(15:0),LPC(16:0);LPC(15:0);FFA(18:3),3,0.1
ZOZOW1T:694->696,ZOZOW1T,0,change_prevalence,0.3333333333333333,0.019230769230769232,0.0,True,0.45962592718547757,SM(26:0);FFA(22:1);FFA(24:1),LPC(16:0);LPC(18:0);SM(24:1),3,0.1
ZOZOW1T:694->696,ZOZOW1T,0,autoregressive_ridge,1.0,0.057692307692307696,0.0,True,0.8035003270251768,SM(26:0);LPE(16:0);LPE(18:0),LPC(16:0);LPC(18:0);SM(24:1),3,0.1
ZOZOW1T:694->696,ZOZOW1T,0,autoregressive_context_ridge,1.0,0.057692307692307696,0.0,True,0.8093025680292198,SM(26:0);LPE(18:0);LPE(16:0),LPC(16:0);LPC(18:0);SM(24:1),3,0.1
ZOZOW1T:696->697,ZOZOW1T,0,change_prevalence,0.6666666666666666,0.038461538461538464,0.0,True,0.49904281591993693,SM(26:0);FFA(22:1);FFA(24:1),FFA(18:1);FFA(17:0);FFA(20:1),3,0.1
ZOZOW1T:696->697,ZOZOW1T,0,autoregressive_ridge,0.6666666666666666,0.038461538461538464,0.3333333333333333,True,0.7999407946730072,FFA(18:0);PC(18:1_18:1);FFA(17:0),FFA(18:1);FFA(17:0);FFA(20:1),3,0.1
ZOZOW1T:696->697,ZOZOW1T,0,autoregressive_context_ridge,0.6666666666666666,0.038461538461538464,0.0,True,0.6360418376219553,PC(18:1_18:1);FFA(18:0);TAG52:4-FA14:0,FFA(18:1);FFA(17:0);FFA(20:1),3,0.1
ZOZOW1T:697->698,ZOZOW1T,0,change_prevalence,0.0,0.0,0.0,False,0.1823862995606277,SM(26:0);FFA(22:1);FFA(24:1),PE(18:0_18:1);PI(18:0_20:4);PE(18:0_18:2),3,0.1
ZOZOW1T:697->698,ZOZOW1T,0,autoregressive_ridge,1.0,0.057692307692307696,0.6666666666666666,True,0.8815958499046055,PE(18:0_18:1);PE(18:0_18:2);PE(18:0_20:4),PE(18:0_18:1);PI(18:0_20:4);PE(18:0_18:2),3,0.1
ZOZOW1T:697->698,ZOZOW1T,0,autoregressive_context_ridge,1.0,0.057692307692307696,0.6666666666666666,True,0.8815958499046055,PE(18:0_18:1);PE(18:0_18:2);PE(18:0_20:4),PE(18:0_18:1);PI(18:0_20:4);PE(18:0_18:2),3,0.1
ZOZOW1T:698->699,ZOZOW1T,0,change_prevalence,0.3333333333333333,0.019230769230769232,0.0,True,0.28631670643208945,SM(26:0);FFA(22:1);FFA(24:1),PC(18:1_18:1);FFA(22:0);FFA(16:0),3,0.1
ZOZOW1T:698->699,ZOZOW1T,0,autoregressive_ridge,0.3333333333333333,0.019230769230769232,0.0,True,0.3196649077613481,PE(P-16:0_22:5);FFA(20:0);PE(P-18:0_18:1),PC(18:1_18:1);FFA(22:0);FFA(16:0),3,0.1
ZOZOW1T:698->699,ZOZOW1T,0,autoregressive_context_ridge,0.6666666666666666,0.038461538461538464,0.0,True,0.6465219020008323,FFA(20:0);FFA(17:0);PE(P-16:0_22:5),PC(18:1_18:1);FFA(22:0);FFA(16:0),3,0.1
ZOZOW1T:699->700,ZOZOW1T,0,change_prevalence,0.3333333333333333,0.019230769230769232,0.0,True,0.24145179105418735,SM(26:0);FFA(22:1);FFA(24:1),FFA(22:4);LPC(15:0);TAG54:0-FA18:0,3,0.1
ZOZOW1T:699->700,ZOZOW1T,0,autoregressive_ridge,0.6666666666666666,0.038461538461538464,0.0,True,0.4930899360602708,PE(P-16:0_22:5);PC(18:1_18:1);PC(18:1_16:1),FFA(22:4);LPC(15:0);TAG54:0-FA18:0,3,0.1
ZOZOW1T:699->700,ZOZOW1T,0,autoregressive_context_ridge,0.6666666666666666,0.038461538461538464,0.0,True,0.40693826998935567,PC(18:1_18:1);PC(18:1_16:1);PE(P-16:0_22:5),FFA(22:4);LPC(15:0);TAG54:0-FA18:0,3,0.1
ZOZOW1T:700->701,ZOZOW1T,0,change_prevalence,0.6666666666666666,0.038461538461538464,0.0,True,0.4393493134150817,SM(26:0);FFA(22:1);FFA(24:1),PE(18:0_18:1);PE(18:0_18:2);PE(18:0_18:0),3,0.1
ZOZOW1T:700->701,ZOZOW1T,0,autoregressive_ridge,0.6666666666666666,0.038461538461538464,0.0,True,0.4902949730479432,LPC(15:0);PE(O-16:0_20:4);FFA(22:1),PE(18:0_18:1);PE(18:0_18:2);PE(18:0_18:0),3,0.1
ZOZOW1T:700->701,ZOZOW1T,0,autoregressive_context_ridge,0.6666666666666666,0.038461538461538464,0.0,True,0.44419061187150827,PE(O-16:0_20:4);LPC(15:0);FFA(18:3),PE(18:0_18:1);PE(18:0_18:2);PE(18:0_18:0),3,0.1
ZOZOW1T:701->702,ZOZOW1T,0,change_prevalence,0.0,0.0,0.0,False,0.22275230422287887,SM(26:0);FFA(22:1);FFA(24:1),PE(18:0_18:1);PE(18:0_18:2);PC(18:0_18:1),3,0.1
ZOZOW1T:701->702,ZOZOW1T,0,autoregressive_ridge,0.6666666666666666,0.038461538461538464,0.6666666666666666,True,0.9051959369145429,PE(18:0_18:1);PE(18:0_18:2);PE(18:0_18:0),PE(18:0_18:1);PE(18:0_18:2);PC(18:0_18:1),3,0.1
ZOZOW1T:701->702,ZOZOW1T,0,autoregressive_context_ridge,0.6666666666666666,0.038461538461538464,0.6666666666666666,True,0.9051959369145429,PE(18:0_18:1);PE(18:0_18:2);PE(18:0_18:0),PE(18:0_18:1);PE(18:0_18:2);PC(18:0_18:1),3,0.1
ZOZOW1T:702->703,ZOZOW1T,0,change_prevalence,0.6666666666666666,0.038461538461538464,0.0,True,0.4567934996345367,SM(26:0);FFA(22:1);FFA(24:1),FFA(22:2);FFA(22:5);PC(18:0_18:0),3,0.1
ZOZOW1T:702->703,ZOZOW1T,0,autoregressive_ridge,0.3333333333333333,0.019230769230769232,0.0,True,0.4043713420620872,LCER(16:0);PI(18:0_20:4);PI(18:1_18:1),FFA(22:2);FFA(22:5);PC(18:0_18:0),3,0.1
ZOZOW1T:702->703,ZOZOW1T,0,autoregressive_context_ridge,0.0,0.0,0.0,False,0.19638741307665317,PI(18:0_20:4);LCER(16:0);HCER(24:1),FFA(22:2);FFA(22:5);PC(18:0_18:0),3,0.1
ZOZOW1T:703->704,ZOZOW1T,0,change_prevalence,0.3333333333333333,0.019230769230769232,0.3333333333333333,True,0.6992156640732305,SM(26:0);FFA(22:1);FFA(24:1),SM(26:0);SM(20:0);FFA(22:2),3,0.1
ZOZOW1T:703->704,ZOZOW1T,0,autoregressive_ridge,0.6666666666666666,0.038461538461538464,0.3333333333333333,True,0.7995830513786895,FFA(22:5);FFA(22:2);FFA(22:1),SM(26:0);SM(20:0);FFA(22:2),3,0.1
ZOZOW1T:703->704,ZOZOW1T,0,autoregressive_context_ridge,0.6666666666666666,0.038461538461538464,0.3333333333333333,True,0.7995830513786895,FFA(22:5);FFA(22:2);FFA(22:1),SM(26:0);SM(20:0);FFA(22:2),3,0.1
ZOZOW1T:704->705,ZOZOW1T,0,change_prevalence,0.3333333333333333,0.019230769230769232,0.0,True,0.3333992196669598,SM(26:0);FFA(22:1);FFA(24:1),TAG58:9-FA18:2;TAG58:10-FA18:2;TAG57:3-FA18:2,3,0.1
ZOZOW1T:704->705,ZOZOW1T,0,autoregressive_ridge,0.3333333333333333,0.019230769230769232,0.0,True,0.40257693685674406,PE(18:0_22:5);SM(26:0);SM(22:0),TAG58:9-FA18:2;TAG58:10-FA18:2;TAG57:3-FA18:2,3,0.1
ZOZOW1T:704->705,ZOZOW1T,0,autoregressive_context_ridge,0.3333333333333333,0.019230769230769232,0.0,True,0.41151414421566723,PE(18:0_22:5);SM(22:0);SM(20:0),TAG58:9-FA18:2;TAG58:10-FA18:2;TAG57:3-FA18:2,3,0.1
ZOZOW1T:705->706,ZOZOW1T,0,change_prevalence,1.0,0.057692307692307696,0.6666666666666666,True,0.9106651882784624,SM(26:0);FFA(22:1);FFA(24:1),SM(26:0);FFA(22:1);FFA(22:5),3,0.1
ZOZOW1T:705->706,ZOZOW1T,0,autoregressive_ridge,0.3333333333333333,0.019230769230769232,0.3333333333333333,True,0.5124075748471041,LCER(16:0);FFA(17:0);SM(26:0),SM(26:0);FFA(22:1);FFA(22:5),3,0.1
ZOZOW1T:705->706,ZOZOW1T,0,autoregressive_context_ridge,0.3333333333333333,0.019230769230769232,0.0,True,0.40966165577321473,FFA(17:0);LCER(16:0);TAG53:1-FA18:0,SM(26:0);FFA(22:1);FFA(22:5),3,0.1
ZOZOW1T:706->707,ZOZOW1T,0,change_prevalence,0.0,0.0,0.0,False,0.09647288271386051,SM(26:0);FFA(22:1);FFA(24:1),FFA(18:4);FFA(22:5);TAG51:3-FA15:0,3,0.1
ZOZOW1T:706->707,ZOZOW1T,0,autoregressive_ridge,0.6666666666666666,0.038461538461538464,0.3333333333333333,True,0.5964018898241643,FFA(22:5);FFA(22:1);FFA(22:6),FFA(18:4);FFA(22:5);TAG51:3-FA15:0,3,0.1
ZOZOW1T:706->707,ZOZOW1T,0,autoregressive_context_ridge,0.6666666666666666,0.038461538461538464,0.3333333333333333,True,0.5964018898241643,FFA(22:5);FFA(22:1);FFA(22:6),FFA(18:4);FFA(22:5);TAG51:3-FA15:0,3,0.1
ZOZOW1T:707->709,ZOZOW1T,0,change_prevalence,1.0,0.057692307692307696,0.3333333333333333,True,0.8451648468083296,SM(26:0);FFA(22:1);FFA(24:1),SM(26:0);SM(20:0);SM(22:0),3,0.1
ZOZOW1T:707->709,ZOZOW1T,0,autoregressive_ridge,1.0,0.057692307692307696,0.0,True,0.5879094670189348,FFA(22:1);FFA(24:1);FFA(22:2),SM(26:0);SM(20:0);SM(22:0),3,0.1
ZOZOW1T:707->709,ZOZOW1T,0,autoregressive_context_ridge,1.0,0.057692307692307696,0.0,True,0.6523663544937074,FFA(22:1);FFA(24:1);FFA(24:0),SM(26:0);SM(20:0);SM(22:0),3,0.1
ZOZOW1T:709->710,ZOZOW1T,0,change_prevalence,0.0,0.0,0.0,False,0.19745899534769773,SM(26:0);FFA(22:1);FFA(24:1),TAG54:1-FA18:0;PC(17:0_18:1);TAG54:0-FA18:0,3,0.1
ZOZOW1T:709->710,ZOZOW1T,0,autoregressive_ridge,0.0,0.0,0.0,False,0.13795285699821377,SM(26:0);PE(O-16:0_20:4);PE(P-16:0_22:5),TAG54:1-FA18:0;PC(17:0_18:1);TAG54:0-FA18:0,3,0.1
ZOZOW1T:709->710,ZOZOW1T,0,autoregressive_context_ridge,0.0,0.0,0.0,False,0.12143143159410726,SM(26:0);PE(O-16:0_20:4);PE(P-18:0_20:4),TAG54:1-FA18:0;PC(17:0_18:1);TAG54:0-FA18:0,3,0.1
ZOZOW1T:710->711,ZOZOW1T,0,change_prevalence,0.3333333333333333,0.019230769230769232,0.0,True,0.44063981008479713,SM(26:0);FFA(22:1);FFA(24:1),TAG54:0-FA18:0;TAG54:1-FA18:0;TAG54:1-FA18:1,3,0.1
ZOZOW1T:710->711,ZOZOW1T,0,autoregressive_ridge,0.3333333333333333,0.019230769230769232,0.0,True,0.5062009356160605,FFA(18:3);PC(18:1_16:1);FFA(16:0),TAG54:0-FA18:0;TAG54:1-FA18:0;TAG54:1-FA18:1,3,0.1
ZOZOW1T:710->711,ZOZOW1T,0,autoregressive_context_ridge,0.0,0.0,0.0,False,0.465853244788073,PC(18:1_16:1);PC(18:1_18:1);FFA(18:3),TAG54:0-FA18:0;TAG54:1-FA18:0;TAG54:1-FA18:1,3,0.1
ZOZOW1T:711->713,ZOZOW1T,0,change_prevalence,0.0,0.0,0.0,False,0.2810096770677348,SM(26:0);FFA(22:1);FFA(24:1),TAG54:0-FA18:0;TAG54:1-FA18:0;TAG54:2-FA18:2,3,0.1
ZOZOW1T:711->713,ZOZOW1T,0,autoregressive_ridge,0.6666666666666666,0.038461538461538464,0.6666666666666666,True,0.7694311419325099,TAG54:0-FA18:0;PE(P-16:0_22:5);TAG54:2-FA18:2,TAG54:0-FA18:0;TAG54:1-FA18:0;TAG54:2-FA18:2,3,0.1
ZOZOW1T:711->713,ZOZOW1T,0,autoregressive_context_ridge,0.3333333333333333,0.019230769230769232,0.3333333333333333,True,0.6788714851312229,TAG54:0-FA18:0;PE(P-16:0_22:5);PE(O-16:0_20:4),TAG54:0-FA18:0;TAG54:1-FA18:0;TAG54:2-FA18:2,3,0.1
ZOZOW1T:713->716,ZOZOW1T,0,change_prevalence,1.0,0.057692307692307696,0.0,True,0.6586970323382152,SM(26:0);FFA(22:1);FFA(24:1),PC(18:0_18:0);PC(16:0_16:0);PC(16:0_18:0),3,0.1
ZOZOW1T:713->716,ZOZOW1T,0,autoregressive_ridge,0.3333333333333333,0.019230769230769232,0.0,True,0.3306875063273205,PE(O-16:0_20:4);LCER(16:0);FFA(20:4),PC(18:0_18:0);PC(16:0_16:0);PC(16:0_18:0),3,0.1
ZOZOW1T:713->716,ZOZOW1T,0,autoregressive_context_ridge,0.3333333333333333,0.019230769230769232,0.0,True,0.3419819909905796,PE(O-16:0_20:4);FFA(20:4);LCER(16:0),PC(18:0_18:0);PC(16:0_16:0);PC(16:0_18:0),3,0.1
ZOZOW1T:716->717,ZOZOW1T,0,change_prevalence,0.6666666666666666,0.038461538461538464,0.0,True,0.3837006561874307,SM(26:0);FFA(22:1);FFA(24:1),FFA(20:3);PC(18:0_18:0);FFA(22:0),3,0.1
ZOZOW1T:716->717,ZOZOW1T,0,autoregressive_ridge,1.0,0.057692307692307696,0.3333333333333333,True,0.8543940991648635,PC(16:0_16:0);PC(16:0_18:0);PC(18:0_18:0),FFA(20:3);PC(18:0_18:0);FFA(22:0),3,0.1
ZOZOW1T:716->717,ZOZOW1T,0,autoregressive_context_ridge,1.0,0.057692307692307696,0.3333333333333333,True,0.8818946667504358,PC(16:0_16:0);FFA(20:3);PC(16:0_18:0),FFA(20:3);PC(18:0_18:0);FFA(22:0),3,0.1
ZOZOW1T:717->718,ZOZOW1T,0,change_prevalence,0.0,0.0,0.0,False,0.19587340242097617,SM(26:0);FFA(22:1);FFA(24:1),FFA(18:0);PC(14:0_18:1);FFA(22:6),3,0.1
ZOZOW1T:717->718,ZOZOW1T,0,autoregressive_ridge,0.6666666666666666,0.038461538461538464,0.0,True,0.5280662128788312,LCER(16:0);TAG54:5-FA18:3;TAG54:5-FA18:1,FFA(18:0);PC(14:0_18:1);FFA(22:6),3,0.1
ZOZOW1T:717->718,ZOZOW1T,0,autoregressive_context_ridge,0.3333333333333333,0.019230769230769232,0.0,True,0.3575072734848171,PE(O-16:0_20:4);PC(16:0_14:0);LPE(18:2),FFA(18:0);PC(14:0_18:1);FFA(22:6),3,0.1
ZOZOW1T:718->719,ZOZOW1T,0,change_prevalence,0.0,0.0,0.0,False,0.11207846406544036,SM(26:0);FFA(22:1);FFA(24:1),FFA(18:1);PC(18:1_16:1);FFA(16:1),3,0.1
ZOZOW1T:718->719,ZOZOW1T,0,autoregressive_ridge,1.0,0.057692307692307696,0.6666666666666666,True,0.9399927896059841,FFA(18:1);FFA(18:2);FFA(16:1),FFA(18:1);PC(18:1_16:1);FFA(16:1),3,0.1
ZOZOW1T:718->719,ZOZOW1T,0,autoregressive_context_ridge,1.0,0.057692307692307696,0.3333333333333333,True,0.8632428255846623,FFA(18:1);FFA(18:0);FFA(18:2),FFA(18:1);PC(18:1_16:1);FFA(16:1),3,0.1
ZOZOW1T:719->720,ZOZOW1T,0,change_prevalence,0.0,0.0,0.0,False,0.10190179470055326,SM(26:0);FFA(22:1);FFA(24:1),LPE(20:4);FFA(18:4);TAG56:9-FA22:6,3,0.1
ZOZOW1T:719->720,ZOZOW1T,0,autoregressive_ridge,0.3333333333333333,0.019230769230769232,0.3333333333333333,True,0.6342776124882641,PE(O-16:0_20:4);FFA(18:4);HCER(24:1),LPE(20:4);FFA(18:4);TAG56:9-FA22:6,3,0.1
ZOZOW1T:719->720,ZOZOW1T,0,autoregressive_context_ridge,0.3333333333333333,0.019230769230769232,0.3333333333333333,True,0.6342776124882641,PE(O-16:0_20:4);FFA(18:4);HCER(24:1),LPE(20:4);FFA(18:4);TAG56:9-FA22:6,3,0.1
ZOZOW1T:720->722,ZOZOW1T,0,change_prevalence,0.6666666666666666,0.038461538461538464,0.0,True,0.3327659393851566,SM(26:0);FFA(22:1);FFA(24:1),FFA(18:4);PE(P-18:1_20:4);LPE(20:4),3,0.1
ZOZOW1T:720->722,ZOZOW1T,0,autoregressive_ridge,1.0,0.057692307692307696,0.3333333333333333,True,0.787578719029409,TAG58:3-FA18:1;FFA(18:4);TAG60:11-FA22:6,FFA(18:4);PE(P-18:1_20:4);LPE(20:4),3,0.1
ZOZOW1T:720->722,ZOZOW1T,0,autoregressive_context_ridge,1.0,0.057692307692307696,0.3333333333333333,True,0.787578719029409,TAG58:3-FA18:1;FFA(18:4);TAG60:11-FA22:6,FFA(18:4);PE(P-18:1_20:4);LPE(20:4),3,0.1
ZOZOW1T:722->723,ZOZOW1T,0,change_prevalence,1.0,0.057692307692307696,0.3333333333333333,True,0.7769795324650787,SM(26:0);FFA(22:1);FFA(24:1),FFA(24:0);PC(16:0_16:0);FFA(24:1),3,0.1
ZOZOW1T:722->723,ZOZOW1T,0,autoregressive_ridge,0.3333333333333333,0.019230769230769232,0.0,True,0.32044253784614035,PE(O-16:0_20:4);FFA(20:0);PE(18:0_18:0),FFA(24:0);PC(16:0_16:0);FFA(24:1),3,0.1
ZOZOW1T:722->723,ZOZOW1T,0,autoregressive_context_ridge,0.3333333333333333,0.019230769230769232,0.0,True,0.32044253784614035,PE(O-16:0_20:4);FFA(20:0);PE(18:0_18:0),FFA(24:0);PC(16:0_16:0);FFA(24:1),3,0.1
ZOZOW1T:723->724,ZOZOW1T,0,change_prevalence,1.0,0.057692307692307696,0.3333333333333333,True,0.7515627727613159,SM(26:0);FFA(22:1);FFA(24:1),SM(20:0);PE(18:0_18:1);SM(26:0),3,0.1
ZOZOW1T:723->724,ZOZOW1T,0,autoregressive_ridge,1.0,0.057692307692307696,0.0,True,0.7717776840345059,PC(16:0_16:0);FFA(24:1);FFA(24:0),SM(20:0);PE(18:0_18:1);SM(26:0),3,0.1
ZOZOW1T:723->724,ZOZOW1T,0,autoregressive_context_ridge,1.0,0.057692307692307696,0.0,True,0.7717776840345059,PC(16:0_16:0);FFA(24:1);FFA(24:0),SM(20:0);PE(18:0_18:1);SM(26:0),3,0.1
ZOZOW1T:724->725,ZOZOW1T,0,change_prevalence,0.3333333333333333,0.019230769230769232,0.0,True,0.5942811095864151,SM(26:0);FFA(22:1);FFA(24:1),TAG50:5-FA18:2;TAG46:3-FA18:2;TAG50:5-FA18:3,3,0.1
ZOZOW1T:724->725,ZOZOW1T,0,autoregressive_ridge,0.0,0.0,0.0,False,0.3199557883501102,PE(18:0_18:1);LCER(16:0);PE(18:0_22:5),TAG50:5-FA18:2;TAG46:3-FA18:2;TAG50:5-FA18:3,3,0.1
ZOZOW1T:724->725,ZOZOW1T,0,autoregressive_context_ridge,0.0,0.0,0.0,False,0.3696527219132973,PE(18:0_18:1);HCER(24:1);LCER(16:0),TAG50:5-FA18:2;TAG46:3-FA18:2;TAG50:5-FA18:3,3,0.1
ZOZOW1T:725->726,ZOZOW1T,0,change_prevalence,0.3333333333333333,0.019230769230769232,0.3333333333333333,True,0.7367901419610656,SM(26:0);FFA(22:1);FFA(24:1),SM(26:0);PI(16:0_20:4);SM(26:1),3,0.1
ZOZOW1T:725->726,ZOZOW1T,0,autoregressive_ridge,1.0,0.057692307692307696,0.3333333333333333,True,0.9105294623717817,SM(26:0);PE(18:0_22:5);PI(18:0_20:4),SM(26:0);PI(16:0_20:4);SM(26:1),3,0.1
ZOZOW1T:725->726,ZOZOW1T,0,autoregressive_context_ridge,0.6666666666666666,0.038461538461538464,0.3333333333333333,True,0.8722420501242814,SM(26:0);PE(18:0_22:5);TAG46:3-FA18:2,SM(26:0);PI(16:0_20:4);SM(26:1),3,0.1
ZOZOW1T:726->727,ZOZOW1T,0,change_prevalence,0.6666666666666666,0.038461538461538464,0.0,True,0.5671851870193286,SM(26:0);FFA(22:1);FFA(24:1),FFA(24:0);PE(P-18:1_18:2);PC(16:0_16:0),3,0.1
ZOZOW1T:726->727,ZOZOW1T,0,autoregressive_ridge,1.0,0.057692307692307696,0.3333333333333333,True,0.8696296561248803,PC(16:0_16:0);SM(26:1);HCER(24:1),FFA(24:0);PE(P-18:1_18:2);PC(16:0_16:0),3,0.1
ZOZOW1T:726->727,ZOZOW1T,0,autoregressive_context_ridge,1.0,0.057692307692307696,0.0,True,0.6960014463426583,PE(18:0_18:0);HCER(24:1);PE(P-16:0_22:5),FFA(24:0);PE(P-18:1_18:2);PC(16:0_16:0),3,0.1
ZOZOW1T:727->728,ZOZOW1T,0,change_prevalence,0.6666666666666666,0.038461538461538464,0.3333333333333333,True,0.4158287834116035,SM(26:0);FFA(22:1);FFA(24:1),FFA(22:5);FFA(22:2);FFA(22:1),3,0.1
ZOZOW1T:727->728,ZOZOW1T,0,autoregressive_ridge,0.3333333333333333,0.019230769230769232,0.0,True,0.2591401167437128,TAG47:1-FA16:1;LCER(16:0);TAG48:2-FA12:0,FFA(22:5);FFA(22:2);FFA(22:1),3,0.1
ZOZOW1T:727->728,ZOZOW1T,0,autoregressive_context_ridge,0.6666666666666666,0.038461538461538464,0.0,True,0.3326373212623724,TAG47:1-FA16:1;LPC(17:0);LCER(16:0),FFA(22:5);FFA(22:2);FFA(22:1),3,0.1
ZOZOW1T:728->729,ZOZOW1T,0,change_prevalence,0.0,0.0,0.0,False,0.14371854094890274,SM(26:0);FFA(22:1);FFA(24:1),FFA(22:5);FFA(20:0);FFA(18:4),3,0.1
ZOZOW1T:728->729,ZOZOW1T,0,autoregressive_ridge,0.6666666666666666,0.038461538461538464,0.3333333333333333,True,0.7705067699429525,FFA(22:5);FFA(22:2);FFA(20:3),FFA(22:5);FFA(20:0);FFA(18:4),3,0.1
ZOZOW1T:728->729,ZOZOW1T,0,autoregressive_context_ridge,0.6666666666666666,0.038461538461538464,0.3333333333333333,True,0.7705067699429525,FFA(22:5);FFA(22:2);FFA(20:3),FFA(22:5);FFA(20:0);FFA(18:4),3,0.1
ZOZOW1T:729->730,ZOZOW1T,0,change_prevalence,1.0,0.057692307692307696,0.0,True,0.45537364601629643,SM(26:0);FFA(22:1);FFA(24:1),FFA(18:4);FFA(20:0);PE(O-18:0_20:4),3,0.1
ZOZOW1T:729->730,ZOZOW1T,0,autoregressive_ridge,0.3333333333333333,0.019230769230769232,0.3333333333333333,True,0.5886152863915413,FFA(20:0);FFA(17:0);PE(O-16:0_20:4),FFA(18:4);FFA(20:0);PE(O-18:0_20:4),3,0.1
ZOZOW1T:729->730,ZOZOW1T,0,autoregressive_context_ridge,0.3333333333333333,0.019230769230769232,0.3333333333333333,True,0.5886152863915413,FFA(20:0);FFA(17:0);PE(O-16:0_20:4),FFA(18:4);FFA(20:0);PE(O-18:0_20:4),3,0.1
ZOZOW1T:730->732,ZOZOW1T,0,change_prevalence,0.3333333333333333,0.019230769230769232,0.3333333333333333,True,0.5459922655677358,SM(26:0);FFA(22:1);FFA(24:1),FFA(20:0);SM(26:0);SM(20:0),3,0.1
ZOZOW1T:730->732,ZOZOW1T,0,autoregressive_ridge,0.6666666666666666,0.038461538461538464,0.0,True,0.7626044961194769,PE(O-18:0_20:4);PE(O-16:0_20:4);PE(P-18:0_18:1),FFA(20:0);SM(26:0);SM(20:0),3,0.1
ZOZOW1T:730->732,ZOZOW1T,0,autoregressive_context_ridge,0.6666666666666666,0.038461538461538464,0.0,True,0.7121061954022306,PE(O-16:0_20:4);PE(O-18:0_20:4);PE(P-18:0_18:1),FFA(20:0);SM(26:0);SM(20:0),3,0.1
ZOZOW1T:732->733,ZOZOW1T,0,change_prevalence,0.3333333333333333,0.019230769230769232,0.0,True,0.3869533511574895,SM(26:0);FFA(22:1);FFA(24:1),FFA(20:0);TAG56:1-FA18:1;PC(18:0_18:1),3,0.1
ZOZOW1T:732->733,ZOZOW1T,0,autoregressive_ridge,0.3333333333333333,0.019230769230769232,0.3333333333333333,True,0.5362326396439557,FFA(17:0);FFA(20:0);FFA(18:0),FFA(20:0);TAG56:1-FA18:1;PC(18:0_18:1),3,0.1
ZOZOW1T:732->733,ZOZOW1T,0,autoregressive_context_ridge,0.3333333333333333,0.019230769230769232,0.3333333333333333,True,0.5362326396439557,FFA(17:0);FFA(20:0);FFA(18:0),FFA(20:0);TAG56:1-FA18:1;PC(18:0_18:1),3,0.1
ZOZOW1T:733->734,ZOZOW1T,0,change_prevalence,0.3333333333333333,0.019230769230769232,0.0,True,0.2957207562511714,SM(26:0);FFA(22:1);FFA(24:1),FFA(17:0);FFA(18:0);PC(18:1_18:1),3,0.1
ZOZOW1T:733->734,ZOZOW1T,0,autoregressive_ridge,0.3333333333333333,0.019230769230769232,0.0,True,0.27245461790202,PE(O-16:0_20:4);LPC(15:0);PE(P-18:1_18:2),FFA(17:0);FFA(18:0);PC(18:1_18:1),3,0.1
ZOZOW1T:733->734,ZOZOW1T,0,autoregressive_context_ridge,0.3333333333333333,0.019230769230769232,0.0,True,0.27245461790202,PE(O-16:0_20:4);LPC(15:0);PE(P-18:1_18:2),FFA(17:0);FFA(18:0);PC(18:1_18:1),3,0.1
ZOZOW1T:734->735,ZOZOW1T,0,change_prevalence,1.0,0.057692307692307696,0.0,True,0.5186927021577147,SM(26:0);FFA(22:1);FFA(24:1),FFA(20:0);FFA(22:0);FFA(17:0),3,0.1
ZOZOW1T:734->735,ZOZOW1T,0,autoregressive_ridge,0.6666666666666666,0.038461538461538464,0.3333333333333333,True,0.42394894605133165,FFA(18:0);PE(O-16:0_20:4);FFA(17:0),FFA(20:0);FFA(22:0);FFA(17:0),3,0.1
ZOZOW1T:734->735,ZOZOW1T,0,autoregressive_context_ridge,0.6666666666666666,0.038461538461538464,0.0,True,0.2718040829770154,PE(O-16:0_20:4);FFA(18:0);LPE(20:4),FFA(20:0);FFA(22:0);FFA(17:0),3,0.1
ZOZOW1T:735->736,ZOZOW1T,0,change_prevalence,0.3333333333333333,0.019230769230769232,0.3333333333333333,True,0.6097655384748314,SM(26:0);FFA(22:1);FFA(24:1),PC(18:0_18:1);SM(26:0);FFA(18:1),3,0.1
ZOZOW1T:735->736,ZOZOW1T,0,autoregressive_ridge,0.3333333333333333,0.019230769230769232,0.0,True,0.4558728090435204,FFA(20:0);FFA(22:0);PE(18:0_22:5),PC(18:0_18:1);SM(26:0);FFA(18:1),3,0.1
ZOZOW1T:735->736,ZOZOW1T,0,autoregressive_context_ridge,0.3333333333333333,0.019230769230769232,0.0,True,0.4399555387621607,FFA(20:0);PE(18:0_18:0);FFA(22:0),PC(18:0_18:1);SM(26:0);FFA(18:1),3,0.1
ZOZOW1T:736->737,ZOZOW1T,0,change_prevalence,0.0,0.0,0.0,False,0.159213149779636,SM(26:0);FFA(22:1);FFA(24:1),FFA(18:1);FFA(20:4);FFA(16:0),3,0.1
ZOZOW1T:736->737,ZOZOW1T,0,autoregressive_ridge,0.3333333333333333,0.019230769230769232,0.3333333333333333,True,0.37836428215104045,SM(26:0);FFA(20:4);FFA(20:3),FFA(18:1);FFA(20:4);FFA(16:0),3,0.1
ZOZOW1T:736->737,ZOZOW1T,0,autoregressive_context_ridge,0.6666666666666666,0.038461538461538464,0.3333333333333333,True,0.44709146893639795,SM(26:0);FFA(20:4);FFA(22:4),FFA(18:1);FFA(20:4);FFA(16:0),3,0.1
ZOZOW1T:737->738,ZOZOW1T,0,change_prevalence,0.6666666666666666,0.038461538461538464,0.0,True,0.3667460774333283,SM(26:0);FFA(22:1);FFA(24:1),PC(17:0_18:2);PC(17:0_18:1);FFA(18:4),3,0.1
ZOZOW1T:737->738,ZOZOW1T,0,autoregressive_ridge,0.6666666666666666,0.038461538461538464,0.0,True,0.4688175485494886,SM(26:0);LPE(18:0);SM(26:1),PC(17:0_18:2);PC(17:0_18:1);FFA(18:4),3,0.1
ZOZOW1T:737->738,ZOZOW1T,0,autoregressive_context_ridge,0.6666666666666666,0.038461538461538464,0.0,True,0.41240989416218526,SM(26:0);LPE(18:0);PI(16:0_18:1),PC(17:0_18:2);PC(17:0_18:1);FFA(18:4),3,0.1
ZOZOW1T:738->739,ZOZOW1T,0,change_prevalence,0.3333333333333333,0.019230769230769232,0.0,True,0.14785677955837426,SM(26:0);FFA(22:1);FFA(24:1),FFA(18:2);FFA(18:1);FFA(16:0),3,0.1
ZOZOW1T:738->739,ZOZOW1T,0,autoregressive_ridge,1.0,0.057692307692307696,0.6666666666666666,True,0.9308714361227906,FFA(18:1);FFA(16:0);FFA(18:3),FFA(18:2);FFA(18:1);FFA(16:0),3,0.1
ZOZOW1T:738->739,ZOZOW1T,0,autoregressive_context_ridge,1.0,0.057692307692307696,0.6666666666666666,True,0.788979489244333,PC(16:0_16:0);FFA(18:1);FFA(16:0),FFA(18:2);FFA(18:1);FFA(16:0),3,0.1
ZOZOW1T:739->740,ZOZOW1T,0,change_prevalence,0.6666666666666666,0.038461538461538464,0.0,True,0.43069479199562277,SM(26:0);FFA(22:1);FFA(24:1),SM(26:1);FFA(20:2);FFA(18:1),3,0.1
ZOZOW1T:739->740,ZOZOW1T,0,autoregressive_ridge,0.0,0.0,0.0,False,0.1360708560260357,LCER(16:0);PE(P-16:0_22:5);SM(20:1),SM(26:1);FFA(20:2);FFA(18:1),3,0.1
ZOZOW1T:739->740,ZOZOW1T,0,autoregressive_context_ridge,0.3333333333333333,0.019230769230769232,0.0,True,0.3689919324968478,FFA(22:4);LCER(16:0);PE(P-16:0_22:5),SM(26:1);FFA(20:2);FFA(18:1),3,0.1
ZOZOW1T:740->741,ZOZOW1T,0,change_prevalence,0.3333333333333333,0.019230769230769232,0.3333333333333333,True,0.4747020409864818,SM(26:0);FFA(22:1);FFA(24:1),TAG54:0-FA18:0;TAG54:1-FA18:0;SM(26:0),3,0.1
ZOZOW1T:740->741,ZOZOW1T,0,autoregressive_ridge,0.0,0.0,0.0,False,0.24466649664545329,PE(O-16:0_20:4);LPE(18:0);PE(18:0_18:0),TAG54:0-FA18:0;TAG54:1-FA18:0;SM(26:0),3,0.1
ZOZOW1T:740->741,ZOZOW1T,0,autoregressive_context_ridge,0.3333333333333333,0.019230769230769232,0.3333333333333333,True,0.5051954469866664,PE(O-16:0_20:4);LPE(18:0);TAG54:0-FA18:0,TAG54:0-FA18:0;TAG54:1-FA18:0;SM(26:0),3,0.1
ZOZOW1T:741->742,ZOZOW1T,0,change_prevalence,0.3333333333333333,0.019230769230769232,0.3333333333333333,True,0.6352728773928583,SM(26:0);FFA(22:1);FFA(24:1),FFA(22:5);SM(26:0);FFA(18:3),3,0.1
ZOZOW1T:741->742,ZOZOW1T,0,autoregressive_ridge,0.6666666666666666,0.038461538461538464,0.3333333333333333,True,0.614406226120214,FFA(18:4);LCER(16:0);SM(26:0),FFA(22:5);SM(26:0);FFA(18:3),3,0.1
ZOZOW1T:741->742,ZOZOW1T,0,autoregressive_context_ridge,0.6666666666666666,0.038461538461538464,0.3333333333333333,True,0.6717736085342472,FFA(18:4);SM(26:0);LCER(16:0),FFA(22:5);SM(26:0);FFA(18:3),3,0.1
ZOZOW1T:742->744,ZOZOW1T,0,change_prevalence,0.6666666666666666,0.038461538461538464,0.0,True,0.4625261329784494,SM(26:0);FFA(22:1);FFA(24:1),FFA(22:5);CE(22:5);FFA(20:3),3,0.1
ZOZOW1T:742->744,ZOZOW1T,0,autoregressive_ridge,0.3333333333333333,0.019230769230769232,0.0,True,0.4040853344986833,FFA(18:3);LPE(18:0);LPE(16:0),FFA(22:5);CE(22:5);FFA(20:3),3,0.1
ZOZOW1T:742->744,ZOZOW1T,0,autoregressive_context_ridge,0.3333333333333333,0.019230769230769232,0.0,True,0.40570097498153024,FFA(18:3);TAG44:1-FA18:1;PE(P-18:1_18:1),FFA(22:5);CE(22:5);FFA(20:3),3,0.1
ZOZOW1T:744->745,ZOZOW1T,0,change_prevalence,0.3333333333333333,0.019230769230769232,0.0,True,0.2859777212140417,SM(26:0);FFA(22:1);FFA(24:1),PI(18:1_18:1);PC(18:0_18:0);PC(16:0_16:0),3,0.1
ZOZOW1T:744->745,ZOZOW1T,0,autoregressive_ridge,0.6666666666666666,0.038461538461538464,0.0,True,0.6398123694153957,PE(P-18:0_18:1);PE(P-16:0_22:5);HCER(24:1),PI(18:1_18:1);PC(18:0_18:0);PC(16:0_16:0),3,0.1
ZOZOW1T:744->745,ZOZOW1T,0,autoregressive_context_ridge,1.0,0.057692307692307696,0.0,True,0.7811998556863247,PE(P-18:0_18:1);PE(P-16:0_22:5);PE(O-16:0_20:4),PI(18:1_18:1);PC(18:0_18:0);PC(16:0_16:0),3,0.1
ZOZOW1T:745->746,ZOZOW1T,0,change_prevalence,0.6666666666666666,0.038461538461538464,0.3333333333333333,True,0.5940199007211218,SM(26:0);FFA(22:1);FFA(24:1),SM(20:0);FFA(22:1);FFA(22:0),3,0.1
ZOZOW1T:745->746,ZOZOW1T,0,autoregressive_ridge,0.0,0.0,0.0,False,0.1799576136054756,HCER(24:1);PE(18:0_18:0);CER(24:1),SM(20:0);FFA(22:1);FFA(22:0),3,0.1
ZOZOW1T:745->746,ZOZOW1T,0,autoregressive_context_ridge,0.0,0.0,0.0,False,0.21928869984912538,PE(18:0_18:0);HCER(24:1);CER(24:1),SM(20:0);FFA(22:1);FFA(22:0),3,0.1
ZOZOW1T:746->747,ZOZOW1T,0,change_prevalence,0.0,0.0,0.0,False,0.3158994334614169,SM(26:0);FFA(22:1);FFA(24:1),TAG50:0-FA18:0;PI(16:0_18:2);TAG53:1-FA16:0,3,0.1
ZOZOW1T:746->747,ZOZOW1T,0,autoregressive_ridge,0.6666666666666666,0.038461538461538464,0.3333333333333333,True,0.7332853478548118,LPE(18:0);TAG53:1-FA16:0;FFA(22:1),TAG50:0-FA18:0;PI(16:0_18:2);TAG53:1-FA16:0,3,0.1
ZOZOW1T:746->747,ZOZOW1T,0,autoregressive_context_ridge,0.6666666666666666,0.038461538461538464,0.0,True,0.6645874010245826,LPE(18:0);LPE(16:0);LPC(20:3),TAG50:0-FA18:0;PI(16:0_18:2);TAG53:1-FA16:0,3,0.1
ZOZOW1T:747->748,ZOZOW1T,0,change_prevalence,1.0,0.057692307692307696,0.3333333333333333,True,0.779939748277093,SM(26:0);FFA(22:1);FFA(24:1),FFA(24:0);SM(20:0);FFA(24:1),3,0.1
ZOZOW1T:747->748,ZOZOW1T,0,autoregressive_ridge,0.3333333333333333,0.019230769230769232,0.3333333333333333,True,0.42109113347905563,PE(18:0_18:0);FFA(18:4);FFA(24:0),FFA(24:0);SM(20:0);FFA(24:1),3,0.1
ZOZOW1T:747->748,ZOZOW1T,0,autoregressive_context_ridge,0.3333333333333333,0.019230769230769232,0.0,True,0.3625460890910264,PE(18:0_18:0);FFA(18:4);FFA(12:0),FFA(24:0);SM(20:0);FFA(24:1),3,0.1
ZOZOW1T:748->749,ZOZOW1T,0,change_prevalence,0.0,0.0,0.0,False,0.2797946789426725,SM(26:0);FFA(22:1);FFA(24:1),FFA(22:4);PC(18:0_22:6);SM(20:0),3,0.1
ZOZOW1T:748->749,ZOZOW1T,0,autoregressive_ridge,0.3333333333333333,0.019230769230769232,0.3333333333333333,True,0.5825278930151305,FFA(22:4);PE(18:0_18:0);PE(P-16:0_22:5),FFA(22:4);PC(18:0_22:6);SM(20:0),3,0.1
ZOZOW1T:748->749,ZOZOW1T,0,autoregressive_context_ridge,0.3333333333333333,0.019230769230769232,0.3333333333333333,True,0.2756793992792461,PE(P-16:0_22:5);PE(O-16:0_20:4);FFA(22:4),FFA(22:4);PC(18:0_22:6);SM(20:0),3,0.1
ZOZOW1T:749->750,ZOZOW1T,0,change_prevalence,0.0,0.0,0.0,False,0.28646448622178666,SM(26:0);FFA(22:1);FFA(24:1),PE(18:0_18:2);PE(18:0_18:1);TAG54:1-FA20:0,3,0.1
ZOZOW1T:749->750,ZOZOW1T,0,autoregressive_ridge,0.3333333333333333,0.019230769230769232,0.0,True,0.48137102416824606,FFA(17:0);PE(P-16:0_22:5);FFA(18:1),PE(18:0_18:2);PE(18:0_18:1);TAG54:1-FA20:0,3,0.1
ZOZOW1T:749->750,ZOZOW1T,0,autoregressive_context_ridge,0.6666666666666666,0.038461538461538464,0.0,True,0.5732735261869024,FFA(17:0);PE(P-16:0_22:5);PE(O-16:0_20:4),PE(18:0_18:2);PE(18:0_18:1);TAG54:1-FA20:0,3,0.1
ZOZOW1T:750->751,ZOZOW1T,0,change_prevalence,1.0,0.057692307692307696,0.6666666666666666,True,0.9557566994566938,SM(26:0);FFA(22:1);FFA(24:1),SM(26:0);FFA(18:1);FFA(24:1),3,0.1
ZOZOW1T:750->751,ZOZOW1T,0,autoregressive_ridge,0.6666666666666666,0.038461538461538464,0.3333333333333333,True,0.6311706399276619,FFA(18:1);PE(18:0_18:2);TAG44:1-FA16:0,SM(26:0);FFA(18:1);FFA(24:1),3,0.1
ZOZOW1T:750->751,ZOZOW1T,0,autoregressive_context_ridge,0.3333333333333333,0.019230769230769232,0.3333333333333333,True,0.355695964336152,TAG44:1-FA16:0;TAG44:1-FA18:1;FFA(24:1),SM(26:0);FFA(18:1);FFA(24:1),3,0.1
ZOZOW1T:751->752,ZOZOW1T,0,change_prevalence,1.0,0.057692307692307696,0.3333333333333333,True,0.8168295453871461,SM(26:0);FFA(22:1);FFA(24:1),PE(18:0_18:0);SM(26:0);SM(26:1),3,0.1
ZOZOW1T:751->752,ZOZOW1T,0,autoregressive_ridge,1.0,0.057692307692307696,0.6666666666666666,True,0.8773936422904192,SM(26:0);SM(26:1);SM(20:0),PE(18:0_18:0);SM(26:0);SM(26:1),3,0.1
ZOZOW1T:751->752,ZOZOW1T,0,autoregressive_context_ridge,1.0,0.057692307692307696,0.6666666666666666,True,0.85915826658094,SM(26:0);SM(20:0);SM(26:1),PE(18:0_18:0);SM(26:0);SM(26:1),3,0.1
ZOZOW1T:752->753,ZOZOW1T,0,change_prevalence,0.6666666666666666,0.038461538461538464,0.0,True,0.4107164215027284,SM(26:0);FFA(22:1);FFA(24:1),PE(18:0_18:0);CE(22:5);CE(22:4),3,0.1
ZOZOW1T:752->753,ZOZOW1T,0,autoregressive_ridge,0.6666666666666666,0.038461538461538464,0.3333333333333333,True,0.8626432250568121,PE(18:0_18:0);PE(O-16:0_20:4);LCER(16:0),PE(18:0_18:0);CE(22:5);CE(22:4),3,0.1
ZOZOW1T:752->753,ZOZOW1T,0,autoregressive_context_ridge,0.6666666666666666,0.038461538461538464,0.3333333333333333,True,0.8584334733057872,PE(18:0_18:0);PE(O-16:0_20:4);FFA(17:0),PE(18:0_18:0);CE(22:5);CE(22:4),3,0.1
ZOZOW1T:753->754,ZOZOW1T,0,change_prevalence,0.6666666666666666,0.038461538461538464,0.0,True,0.2959988520476985,SM(26:0);FFA(22:1);FFA(24:1),FFA(22:2);FFA(22:5);PE(18:0_18:2),3,0.1
ZOZOW1T:753->754,ZOZOW1T,0,autoregressive_ridge,0.3333333333333333,0.019230769230769232,0.0,True,0.1559011016277718,PE(P-18:0_18:1);PE(P-18:1_18:1);TAG54:0-FA18:0,FFA(22:2);FFA(22:5);PE(18:0_18:2),3,0.1
ZOZOW1T:753->754,ZOZOW1T,0,autoregressive_context_ridge,0.3333333333333333,0.019230769230769232,0.0,True,0.19944840092728838,TAG54:0-FA18:0;PE(P-18:0_18:1);PE(P-18:0_20:4),FFA(22:2);FFA(22:5);PE(18:0_18:2),3,0.1
ZOZOW1T:754->756,ZOZOW1T,0,change_prevalence,1.0,0.057692307692307696,0.0,True,0.440416017417903,SM(26:0);FFA(22:1);FFA(24:1),FFA(22:5);FFA(22:2);FFA(20:3),3,0.1
ZOZOW1T:754->756,ZOZOW1T,0,autoregressive_ridge,1.0,0.057692307692307696,1.0,True,1.0,FFA(22:5);FFA(22:2);FFA(20:3),FFA(22:5);FFA(22:2);FFA(20:3),3,0.1
ZOZOW1T:754->756,ZOZOW1T,0,autoregressive_context_ridge,1.0,0.057692307692307696,1.0,True,1.0,FFA(22:5);FFA(22:2);FFA(20:3),FFA(22:5);FFA(22:2);FFA(20:3),3,0.1
ZOZOW1T:756->758,ZOZOW1T,0,change_prevalence,0.6666666666666666,0.038461538461538464,0.3333333333333333,True,0.7256246836683824,SM(26:0);FFA(22:1);FFA(24:1),SM(26:0);PI(18:0_18:1);TAG56:3-FA20:0,3,0.1
ZOZOW1T:756->758,ZOZOW1T,0,autoregressive_ridge,1.0,0.057692307692307696,0.6666666666666666,True,0.9294755632869901,PI(18:0_18:1);SM(26:0);PI(16:0_18:1),SM(26:0);PI(18:0_18:1);TAG56:3-FA20:0,3,0.1
ZOZOW1T:756->758,ZOZOW1T,0,autoregressive_context_ridge,1.0,0.057692307692307696,0.6666666666666666,True,0.9427588879819865,SM(26:0);PI(18:0_18:1);PI(16:0_18:1),SM(26:0);PI(18:0_18:1);TAG56:3-FA20:0,3,0.1
ZOZOW1T:758->759,ZOZOW1T,0,change_prevalence,0.0,0.0,0.0,False,0.3225640415973399,SM(26:0);FFA(22:1);FFA(24:1),PE(18:0_18:1);PE(18:0_20:4);PE(18:0_18:2),3,0.1
ZOZOW1T:758->759,ZOZOW1T,0,autoregressive_ridge,0.0,0.0,0.0,False,0.10346151151550215,TAG44:1-FA16:0;TAG46:1-FA12:0;TAG46:2-FA12:0,PE(18:0_18:1);PE(18:0_20:4);PE(18:0_18:2),3,0.1
ZOZOW1T:758->759,ZOZOW1T,0,autoregressive_context_ridge,0.0,0.0,0.0,False,0.18347834188777246,TAG44:1-FA16:0;TAG44:1-FA18:1;TAG46:2-FA12:0,PE(18:0_18:1);PE(18:0_20:4);PE(18:0_18:2),3,0.1
ZOZOW1T:759->760,ZOZOW1T,0,change_prevalence,0.0,0.0,0.0,False,0.1612087645661234,SM(26:0);FFA(22:1);FFA(24:1),PE(18:0_18:1);FFA(14:0);FFA(18:0),3,0.1
ZOZOW1T:759->760,ZOZOW1T,0,autoregressive_ridge,1.0,0.057692307692307696,0.3333333333333333,True,0.9142403799741745,PE(18:0_18:1);PE(18:0_18:2);PE(18:0_20:4),PE(18:0_18:1);FFA(14:0);FFA(18:0),3,0.1
ZOZOW1T:759->760,ZOZOW1T,0,autoregressive_context_ridge,1.0,0.057692307692307696,0.3333333333333333,True,0.9142403799741745,PE(18:0_18:1);PE(18:0_18:2);PE(18:0_20:4),PE(18:0_18:1);FFA(14:0);FFA(18:0),3,0.1
ZP0DXQ0:708->721,ZP0DXQ0,0,change_prevalence,0.0,0.0,0.0,False,0.14042312411785537,SM(26:0);FFA(22:1);FFA(24:1),TAG47:1-FA16:1;PC(18:1_18:1);PC(18:0_18:1),3,0.1
ZP0DXQ0:708->721,ZP0DXQ0,0,autoregressive_ridge,0.6666666666666666,0.038461538461538464,0.0,True,0.4552539680344355,PI(18:0_20:4);PI(18:0_20:3);PE(O-18:0_20:4),TAG47:1-FA16:1;PC(18:1_18:1);PC(18:0_18:1),3,0.1
ZP0DXQ0:708->721,ZP0DXQ0,0,autoregressive_context_ridge,0.6666666666666666,0.038461538461538464,0.0,True,0.4552539680344355,PI(18:0_20:4);PI(18:0_20:3);PE(O-18:0_20:4),TAG47:1-FA16:1;PC(18:1_18:1);PC(18:0_18:1),3,0.1
ZP0DXQ0:721->722,ZP0DXQ0,0,change_prevalence,0.6666666666666666,0.038461538461538464,0.0,True,0.24822437070329603,SM(26:0);FFA(22:1);FFA(24:1),TAG47:1-FA16:1;PE(O-18:0_20:4);PE(18:0_22:5),3,0.1
ZP0DXQ0:721->722,ZP0DXQ0,0,autoregressive_ridge,0.6666666666666666,0.038461538461538464,0.0,True,0.4232711025647725,PI(18:0_20:3);PE(P-18:0_18:1);CE(22:5),TAG47:1-FA16:1;PE(O-18:0_20:4);PE(18:0_22:5),3,0.1
ZP0DXQ0:721->722,ZP0DXQ0,0,autoregressive_context_ridge,1.0,0.057692307692307696,0.3333333333333333,True,0.7369615733485342,PE(18:0_22:5);PE(18:0_18:1);PE(P-18:0_18:1),TAG47:1-FA16:1;PE(O-18:0_20:4);PE(18:0_22:5),3,0.1
ZP0DXQ0:722->727,ZP0DXQ0,0,change_prevalence,0.0,0.0,0.0,False,0.21168155691215432,SM(26:0);FFA(22:1);FFA(24:1),PE(O-18:0_20:4);FFA(20:4);PE(O-16:0_20:4),3,0.1
ZP0DXQ0:722->727,ZP0DXQ0,0,autoregressive_ridge,0.0,0.0,0.0,False,0.2676605924668541,PE(P-16:0_22:5);PI(18:0_20:3);PE(P-18:0_18:1),PE(O-18:0_20:4);FFA(20:4);PE(O-16:0_20:4),3,0.1
ZP0DXQ0:722->727,ZP0DXQ0,0,autoregressive_context_ridge,0.3333333333333333,0.019230769230769232,0.0,True,0.3151143997952261,PE(P-16:0_22:5);PE(P-18:0_18:1);PI(18:0_20:4),PE(O-18:0_20:4);FFA(20:4);PE(O-16:0_20:4),3,0.1
ZPMBHPS:649->655,ZPMBHPS,0,change_prevalence,0.0,0.0,0.0,False,0.0987303509781374,SM(26:0);FFA(22:1);FFA(24:1),FFA(16:0);FFA(17:0);FFA(14:1),3,0.1
ZPMBHPS:649->655,ZPMBHPS,0,autoregressive_ridge,1.0,0.057692307692307696,0.3333333333333333,True,0.8872549429739756,FFA(17:0);FFA(22:5);FFA(22:4),FFA(16:0);FFA(17:0);FFA(14:1),3,0.1
ZPMBHPS:649->655,ZPMBHPS,0,autoregressive_context_ridge,1.0,0.057692307692307696,0.6666666666666666,True,0.8938546786157925,FFA(17:0);FFA(22:5);FFA(14:1),FFA(16:0);FFA(17:0);FFA(14:1),3,0.1
ZPMBHPS:655->663,ZPMBHPS,0,change_prevalence,0.3333333333333333,0.019230769230769232,0.0,True,0.4803924723061043,SM(26:0);FFA(22:1);FFA(24:1),FFA(20:0);TAG47:1-FA16:1;FFA(20:4),3,0.1
ZPMBHPS:655->663,ZPMBHPS,0,autoregressive_ridge,0.3333333333333333,0.019230769230769232,0.3333333333333333,True,0.6474314966208073,FFA(20:0);FFA(22:0);TAG56:2-FA20:0,FFA(20:0);TAG47:1-FA16:1;FFA(20:4),3,0.1
ZPMBHPS:655->663,ZPMBHPS,0,autoregressive_context_ridge,0.3333333333333333,0.019230769230769232,0.3333333333333333,True,0.6474314966208073,FFA(20:0);FFA(22:0);TAG56:2-FA20:0,FFA(20:0);TAG47:1-FA16:1;FFA(20:4),3,0.1
ZPMBHPS:663->664,ZPMBHPS,0,change_prevalence,0.3333333333333333,0.019230769230769232,0.0,True,0.3935006745118606,SM(26:0);FFA(22:1);FFA(24:1),FFA(17:0);TAG47:1-FA16:1;FFA(18:0),3,0.1
ZPMBHPS:663->664,ZPMBHPS,0,autoregressive_ridge,1.0,0.057692307692307696,0.3333333333333333,True,0.6590200785822432,SM(20:0);TAG47:1-FA16:1;SM(22:0),FFA(17:0);TAG47:1-FA16:1;FFA(18:0),3,0.1
ZPMBHPS:663->664,ZPMBHPS,0,autoregressive_context_ridge,1.0,0.057692307692307696,0.3333333333333333,True,0.6590200785822432,SM(20:0);TAG47:1-FA16:1;SM(22:0),FFA(17:0);TAG47:1-FA16:1;FFA(18:0),3,0.1
ZPMBHPS:664->671,ZPMBHPS,0,change_prevalence,0.0,0.0,0.0,False,0.1629160298011732,SM(26:0);FFA(22:1);FFA(24:1),FFA(18:0);FFA(17:0);TAG54:5-FA22:1,3,0.1
ZPMBHPS:664->671,ZPMBHPS,0,autoregressive_ridge,0.3333333333333333,0.019230769230769232,0.3333333333333333,True,0.2982393090533044,FFA(20:4);FFA(22:4);FFA(18:0),FFA(18:0);FFA(17:0);TAG54:5-FA22:1,3,0.1
ZPMBHPS:664->671,ZPMBHPS,0,autoregressive_context_ridge,0.3333333333333333,0.019230769230769232,0.3333333333333333,True,0.35338191453793466,FFA(20:4);FFA(18:0);FFA(22:4),FFA(18:0);FFA(17:0);TAG54:5-FA22:1,3,0.1
ZPMBHPS:671->681,ZPMBHPS,0,change_prevalence,0.6666666666666666,0.038461538461538464,0.0,True,0.41905089719495137,SM(26:0);FFA(22:1);FFA(24:1),FFA(22:4);FFA(20:4);FFA(22:2),3,0.1
ZPMBHPS:671->681,ZPMBHPS,0,autoregressive_ridge,1.0,0.057692307692307696,0.3333333333333333,True,0.7659983329269244,PE(18:0_18:1);PE(18:0_18:2);FFA(20:4),FFA(22:4);FFA(20:4);FFA(22:2),3,0.1
ZPMBHPS:671->681,ZPMBHPS,0,autoregressive_context_ridge,1.0,0.057692307692307696,0.3333333333333333,True,0.7780698116306886,PE(18:0_18:1);PE(18:0_18:2);FFA(22:4),FFA(22:4);FFA(20:4);FFA(22:2),3,0.1
ZQFL1P3:778->780,ZQFL1P3,0,change_prevalence,1.0,0.057692307692307696,0.6666666666666666,True,0.6513527809165482,SM(26:0);FFA(22:1);FFA(24:1),FFA(20:0);SM(26:0);FFA(24:1),3,0.1
ZQFL1P3:778->780,ZQFL1P3,0,autoregressive_ridge,1.0,0.057692307692307696,0.3333333333333333,True,0.6702348451410494,FFA(24:1);FFA(24:0);TAG58:3-FA18:1,FFA(20:0);SM(26:0);FFA(24:1),3,0.1
ZQFL1P3:778->780,ZQFL1P3,0,autoregressive_context_ridge,1.0,0.057692307692307696,0.3333333333333333,True,0.6702348451410494,FFA(24:1);FFA(24:0);TAG58:3-FA18:1,FFA(20:0);SM(26:0);FFA(24:1),3,0.1
ZQFL1P3:780->783,ZQFL1P3,0,change_prevalence,0.3333333333333333,0.019230769230769232,0.3333333333333333,True,0.5514399835701665,SM(26:0);FFA(22:1);FFA(24:1),TAG54:2-FA18:2;TAG56:3-FA20:0;SM(26:0),3,0.1
ZQFL1P3:780->783,ZQFL1P3,0,autoregressive_ridge,0.6666666666666666,0.038461538461538464,0.0,True,0.7276821339808249,FFA(20:0);PC(18:0_18:2);PE(P-18:1_18:1),TAG54:2-FA18:2;TAG56:3-FA20:0;SM(26:0),3,0.1
ZQFL1P3:780->783,ZQFL1P3,0,autoregressive_context_ridge,0.6666666666666666,0.038461538461538464,0.0,True,0.7276821339808249,FFA(20:0);PC(18:0_18:2);PE(P-18:1_18:1),TAG54:2-FA18:2;TAG56:3-FA20:0;SM(26:0),3,0.1
ZQFL1P3:783->785,ZQFL1P3,0,change_prevalence,0.6666666666666666,0.038461538461538464,0.0,True,0.4474417892828034,SM(26:0);FFA(22:1);FFA(24:1),TAG54:0-FA18:0;TAG54:2-FA18:2;FFA(20:0),3,0.1
ZQFL1P3:783->785,ZQFL1P3,0,autoregressive_ridge,0.6666666666666666,0.038461538461538464,0.6666666666666666,True,0.8790409992682464,TAG54:0-FA18:0;TAG54:2-FA18:2;TAG48:4-FA12:0,TAG54:0-FA18:0;TAG54:2-FA18:2;FFA(20:0),3,0.1
ZQFL1P3:783->785,ZQFL1P3,0,autoregressive_context_ridge,0.6666666666666666,0.038461538461538464,0.6666666666666666,True,0.8790409992682464,TAG54:0-FA18:0;TAG54:2-FA18:2;TAG48:4-FA12:0,TAG54:0-FA18:0;TAG54:2-FA18:2;FFA(20:0),3,0.1
ZQFL1P3:785->789,ZQFL1P3,0,change_prevalence,0.6666666666666666,0.038461538461538464,0.3333333333333333,True,0.6969361225303575,SM(26:0);FFA(22:1);FFA(24:1),TAG56:5-FA20:1;FFA(22:1);TAG56:7-FA18:3,3,0.1
ZQFL1P3:785->789,ZQFL1P3,0,autoregressive_ridge,0.6666666666666666,0.038461538461538464,0.3333333333333333,True,0.7522084326410463,FFA(20:0);FFA(22:1);FFA(22:0),TAG56:5-FA20:1;FFA(22:1);TAG56:7-FA18:3,3,0.1
ZQFL1P3:785->789,ZQFL1P3,0,autoregressive_context_ridge,0.3333333333333333,0.019230769230769232,0.0,True,0.5170702687832252,FFA(20:0);TAG48:2-FA12:0;FFA(22:0),TAG56:5-FA20:1;FFA(22:1);TAG56:7-FA18:3,3,0.1
ZQFL1P3:789->795,ZQFL1P3,0,change_prevalence,0.3333333333333333,0.019230769230769232,0.0,True,0.4929814529397443,SM(26:0);FFA(22:1);FFA(24:1),CE(18:3);PC(18:0_20:2);PC(18:1_20:3),3,0.1
ZQFL1P3:789->795,ZQFL1P3,0,autoregressive_ridge,0.0,0.0,0.0,False,0.3333307119396863,SM(26:0);SM(20:0);LPE(18:2),CE(18:3);PC(18:0_20:2);PC(18:1_20:3),3,0.1
ZQFL1P3:789->795,ZQFL1P3,0,autoregressive_context_ridge,0.0,0.0,0.0,False,0.2588532219304969,SM(26:0);PE(P-18:0_18:1);PE(P-18:1_18:1),CE(18:3);PC(18:0_20:2);PC(18:1_20:3),3,0.1
ZQFL1P3:795->805,ZQFL1P3,0,change_prevalence,0.0,0.0,0.0,False,0.2722284917323628,SM(26:0);FFA(22:1);FFA(24:1),TAG54:4-FA18:0;TAG55:3-FA18:2;TAG56:3-FA18:0,3,0.1
ZQFL1P3:795->805,ZQFL1P3,0,autoregressive_ridge,0.3333333333333333,0.019230769230769232,0.0,True,0.5637730075192102,PC(18:0_18:1);PE(P-18:1_18:1);PI(18:1_18:1),TAG54:4-FA18:0;TAG55:3-FA18:2;TAG56:3-FA18:0,3,0.1
ZQFL1P3:795->805,ZQFL1P3,0,autoregressive_context_ridge,0.0,0.0,0.0,False,0.42417609016879776,PC(18:0_18:1);PE(P-18:1_18:1);PE(P-16:0_22:5),TAG54:4-FA18:0;TAG55:3-FA18:2;TAG56:3-FA18:0,3,0.1
ZQFL1P3:805->806,ZQFL1P3,0,change_prevalence,1.0,0.057692307692307696,0.0,True,0.6939791891432723,SM(26:0);FFA(22:1);FFA(24:1),PE(18:0_18:1);PE(18:0_18:2);FFA(18:4),3,0.1
ZQFL1P3:805->806,ZQFL1P3,0,autoregressive_ridge,0.6666666666666666,0.038461538461538464,0.6666666666666666,True,0.8206083634419422,PE(18:0_18:1);PE(18:0_18:2);PC(18:0_18:1),PE(18:0_18:1);PE(18:0_18:2);FFA(18:4),3,0.1
ZQFL1P3:805->806,ZQFL1P3,0,autoregressive_context_ridge,0.6666666666666666,0.038461538461538464,0.6666666666666666,True,0.8206083634419422,PE(18:0_18:1);PE(18:0_18:2);PC(18:0_18:1),PE(18:0_18:1);PE(18:0_18:2);FFA(18:4),3,0.1
ZQFL1P3:806->808,ZQFL1P3,0,change_prevalence,0.6666666666666666,0.038461538461538464,0.3333333333333333,True,0.835552034554237,SM(26:0);FFA(22:1);FFA(24:1),SM(26:0);FFA(24:0);PC(16:0_16:0),3,0.1
ZQFL1P3:806->808,ZQFL1P3,0,autoregressive_ridge,0.6666666666666666,0.038461538461538464,0.3333333333333333,True,0.5980632530388134,FFA(12:0);SM(26:0);FFA(18:4),SM(26:0);FFA(24:0);PC(16:0_16:0),3,0.1
ZQFL1P3:806->808,ZQFL1P3,0,autoregressive_context_ridge,0.6666666666666666,0.038461538461538464,0.3333333333333333,True,0.5638200839427562,FFA(12:0);SM(26:0);PC(18:0_18:1),SM(26:0);FFA(24:0);PC(16:0_16:0),3,0.1
ZQFL1P3:808->815,ZQFL1P3,0,change_prevalence,0.3333333333333333,0.019230769230769232,0.0,True,0.2272336178336196,SM(26:0);FFA(22:1);FFA(24:1),FFA(14:0);FFA(17:0);TAG52:4-FA20:0,3,0.1
ZQFL1P3:808->815,ZQFL1P3,0,autoregressive_ridge,1.0,0.057692307692307696,0.3333333333333333,True,0.7911874726411389,FFA(12:0);FFA(14:0);FFA(16:0),FFA(14:0);FFA(17:0);TAG52:4-FA20:0,3,0.1
ZQFL1P3:808->815,ZQFL1P3,0,autoregressive_context_ridge,0.6666666666666666,0.038461538461538464,0.3333333333333333,True,0.7323959472882023,FFA(12:0);FFA(14:0);FFA(14:1),FFA(14:0);FFA(17:0);TAG52:4-FA20:0,3,0.1
ZR47VBL:621->624,ZR47VBL,0,change_prevalence,0.6666666666666666,0.038461538461538464,0.0,True,0.46006928492781046,SM(26:0);FFA(22:1);FFA(24:1),PE(18:0_18:1);PE(18:0_18:2);CE(22:4),3,0.1
ZR47VBL:621->624,ZR47VBL,0,autoregressive_ridge,1.0,0.057692307692307696,1.0,True,1.0,PE(18:0_18:1);PE(18:0_18:2);CE(22:4),PE(18:0_18:1);PE(18:0_18:2);CE(22:4),3,0.1
ZR47VBL:621->624,ZR47VBL,0,autoregressive_context_ridge,1.0,0.057692307692307696,1.0,True,0.9936967092217434,PE(18:0_18:1);CE(22:4);PE(18:0_18:2),PE(18:0_18:1);PE(18:0_18:2);CE(22:4),3,0.1
ZR47VBL:624->630,ZR47VBL,0,change_prevalence,0.0,0.0,0.0,False,0.17768433047528095,SM(26:0);FFA(22:1);FFA(24:1),PC(18:0_22:5);PC(18:0_20:5);CE(18:4),3,0.1
ZR47VBL:624->630,ZR47VBL,0,autoregressive_ridge,0.3333333333333333,0.019230769230769232,0.0,True,0.5829104495553895,SM(20:0);FFA(22:5);SM(22:1),PC(18:0_22:5);PC(18:0_20:5);CE(18:4),3,0.1
ZR47VBL:624->630,ZR47VBL,0,autoregressive_context_ridge,0.3333333333333333,0.019230769230769232,0.0,True,0.5700716774754822,SM(22:1);SM(20:0);FFA(22:5),PC(18:0_22:5);PC(18:0_20:5);CE(18:4),3,0.1
ZR47VBL:630->637,ZR47VBL,0,change_prevalence,0.3333333333333333,0.019230769230769232,0.0,True,0.35816119543678193,SM(26:0);FFA(22:1);FFA(24:1),PE(18:0_18:1);FFA(18:0);FFA(17:0),3,0.1
ZR47VBL:630->637,ZR47VBL,0,autoregressive_ridge,0.3333333333333333,0.019230769230769232,0.3333333333333333,True,0.5596665930680335,PI(16:0_20:4);FFA(18:0);LPC(18:0),PE(18:0_18:1);FFA(18:0);FFA(17:0),3,0.1
ZR47VBL:630->637,ZR47VBL,0,autoregressive_context_ridge,0.3333333333333333,0.019230769230769232,0.0,True,0.6030208488965837,PI(16:0_20:4);PC(18:0_20:2);TAG56:9-FA18:3,PE(18:0_18:1);FFA(18:0);FFA(17:0),3,0.1
ZR47VBL:637->638,ZR47VBL,0,change_prevalence,1.0,0.057692307692307696,0.6666666666666666,True,0.9203672734575846,SM(26:0);FFA(22:1);FFA(24:1),SM(26:0);FFA(24:1);FFA(24:0),3,0.1
ZR47VBL:637->638,ZR47VBL,0,autoregressive_ridge,0.0,0.0,0.0,False,0.35352500741098736,TAG48:4-FA18:1;TAG48:4-FA12:0;TAG48:3-FA18:1,SM(26:0);FFA(24:1);FFA(24:0),3,0.1
ZR47VBL:637->638,ZR47VBL,0,autoregressive_context_ridge,0.0,0.0,0.0,False,0.3587578820486398,TAG48:4-FA18:1;TAG48:4-FA12:0;TAG48:3-FA12:0,SM(26:0);FFA(24:1);FFA(24:0),3,0.1
ZR47VBL:638->643,ZR47VBL,0,change_prevalence,0.3333333333333333,0.019230769230769232,0.3333333333333333,True,0.4616011114451854,SM(26:0);FFA(22:1);FFA(24:1),SM(26:1);SM(26:0);FFA(14:1),3,0.1
ZR47VBL:638->643,ZR47VBL,0,autoregressive_ridge,0.3333333333333333,0.019230769230769232,0.3333333333333333,True,0.5124595216318666,SM(26:0);PC(18:0_20:2);LPC(18:0),SM(26:1);SM(26:0);FFA(14:1),3,0.1
ZR47VBL:638->643,ZR47VBL,0,autoregressive_context_ridge,0.3333333333333333,0.019230769230769232,0.3333333333333333,True,0.5124595216318666,SM(26:0);PC(18:0_20:2);LPC(18:0),SM(26:1);SM(26:0);FFA(14:1),3,0.1
ZR47VBL:643->652,ZR47VBL,0,change_prevalence,0.0,0.0,0.0,False,0.1846454869471068,SM(26:0);FFA(22:1);FFA(24:1),PE(18:0_18:1);PC(18:0_18:1);PC(18:0_20:2),3,0.1
ZR47VBL:643->652,ZR47VBL,0,autoregressive_ridge,0.6666666666666666,0.038461538461538464,0.0,True,0.4816096217638206,PI(16:0_20:4);SM(26:1);LPE(20:4),PE(18:0_18:1);PC(18:0_18:1);PC(18:0_20:2),3,0.1
ZR47VBL:643->652,ZR47VBL,0,autoregressive_context_ridge,1.0,0.057692307692307696,0.0,True,0.6016572144327665,PI(16:0_20:4);SM(26:1);FFA(14:1),PE(18:0_18:1);PC(18:0_18:1);PC(18:0_20:2),3,0.1
ZR47VBL:652->658,ZR47VBL,0,change_prevalence,0.3333333333333333,0.019230769230769232,0.3333333333333333,True,0.6937123717631491,SM(26:0);FFA(22:1);FFA(24:1),PE(18:0_22:5);SM(20:0);SM(26:0),3,0.1
ZR47VBL:652->658,ZR47VBL,0,autoregressive_ridge,1.0,0.057692307692307696,0.6666666666666666,True,0.9679604422130232,PE(18:0_18:1);SM(20:0);PE(18:0_22:5),PE(18:0_22:5);SM(20:0);SM(26:0),3,0.1
ZR47VBL:652->658,ZR47VBL,0,autoregressive_context_ridge,1.0,0.057692307692307696,0.6666666666666666,True,0.9794258578238156,SM(20:0);PE(18:0_18:1);PE(18:0_22:5),PE(18:0_22:5);SM(20:0);SM(26:0),3,0.1
ZR47VBL:658->663,ZR47VBL,0,change_prevalence,0.3333333333333333,0.019230769230769232,0.0,True,0.4544880017997395,SM(26:0);FFA(22:1);FFA(24:1),SM(20:0);SM(22:0);CE(22:4),3,0.1
ZR47VBL:658->663,ZR47VBL,0,autoregressive_ridge,0.6666666666666666,0.038461538461538464,0.3333333333333333,True,0.7966581213270097,SM(26:0);CE(22:4);TAG47:1-FA16:1,SM(20:0);SM(22:0);CE(22:4),3,0.1
ZR47VBL:658->663,ZR47VBL,0,autoregressive_context_ridge,0.6666666666666666,0.038461538461538464,0.3333333333333333,True,0.7966581213270097,SM(26:0);CE(22:4);TAG47:1-FA16:1,SM(20:0);SM(22:0);CE(22:4),3,0.1
ZS2DMX7:533->536,ZS2DMX7,0,change_prevalence,0.3333333333333333,0.019230769230769232,0.3333333333333333,True,0.6191917793541037,SM(26:0);FFA(22:1);FFA(24:1),SM(26:0);FFA(14:0);FFA(16:0),3,0.1
ZS2DMX7:533->536,ZS2DMX7,0,autoregressive_ridge,1.0,0.057692307692307696,0.3333333333333333,True,0.7949901891973821,SM(26:0);TAG56:4-FA20:1;SM(20:0),SM(26:0);FFA(14:0);FFA(16:0),3,0.1
ZS2DMX7:533->536,ZS2DMX7,0,autoregressive_context_ridge,0.6666666666666666,0.038461538461538464,0.3333333333333333,True,0.5352393028605354,TAG56:4-FA20:1;SM(26:0);TAG54:4-FA18:1,SM(26:0);FFA(14:0);FFA(16:0),3,0.1
ZS2DMX7:536->540,ZS2DMX7,0,change_prevalence,0.3333333333333333,0.019230769230769232,0.3333333333333333,True,0.4720338564457979,SM(26:0);FFA(22:1);FFA(24:1),FFA(16:0);FFA(14:0);SM(26:0),3,0.1
ZS2DMX7:536->540,ZS2DMX7,0,autoregressive_ridge,0.0,0.0,0.0,False,0.09164545533230048,PE(18:0_22:5);FFA(22:1);FFA(22:0),FFA(16:0);FFA(14:0);SM(26:0),3,0.1
ZS2DMX7:536->540,ZS2DMX7,0,autoregressive_context_ridge,0.3333333333333333,0.019230769230769232,0.0,True,0.20923270262405208,PE(18:0_22:5);TAG56:3-FA18:2;FFA(18:4),FFA(16:0);FFA(14:0);SM(26:0),3,0.1
ZS2DMX7:540->543,ZS2DMX7,0,change_prevalence,0.0,0.0,0.0,False,0.22063979644442788,SM(26:0);FFA(22:1);FFA(24:1),FFA(18:1);FFA(16:0);FFA(17:0),3,0.1
ZS2DMX7:540->543,ZS2DMX7,0,autoregressive_ridge,1.0,0.057692307692307696,0.3333333333333333,True,0.9344502105468749,TAG56:7-FA16:1;TAG58:8-FA22:5;FFA(16:0),FFA(18:1);FFA(16:0);FFA(17:0),3,0.1
ZS2DMX7:540->543,ZS2DMX7,0,autoregressive_context_ridge,1.0,0.057692307692307696,0.0,True,0.8836773785030251,TAG56:7-FA16:1;TAG58:8-FA22:5;TAG56:7-FA22:5,FFA(18:1);FFA(16:0);FFA(17:0),3,0.1
ZS2DMX7:543->547,ZS2DMX7,0,change_prevalence,1.0,0.057692307692307696,0.3333333333333333,True,0.7031608304637472,SM(26:0);FFA(22:1);FFA(24:1),PE(P-18:1_18:1);SM(26:0);SM(20:0),3,0.1
ZS2DMX7:543->547,ZS2DMX7,0,autoregressive_ridge,1.0,0.057692307692307696,0.6666666666666666,True,0.867443714487011,SM(26:0);SM(20:0);TAG54:5-FA22:1,PE(P-18:1_18:1);SM(26:0);SM(20:0),3,0.1
ZS2DMX7:543->547,ZS2DMX7,0,autoregressive_context_ridge,1.0,0.057692307692307696,0.3333333333333333,True,0.7437592288241629,SM(26:0);TAG54:5-FA22:1;TAG54:5-FA18:1,PE(P-18:1_18:1);SM(26:0);SM(20:0),3,0.1
ZS2DMX7:547->556,ZS2DMX7,0,change_prevalence,0.6666666666666666,0.038461538461538464,0.6666666666666666,True,0.6109816684006144,SM(26:0);FFA(22:1);FFA(24:1),FFA(24:0);FFA(22:1);FFA(24:1),3,0.1
ZS2DMX7:547->556,ZS2DMX7,0,autoregressive_ridge,1.0,0.057692307692307696,1.0,True,0.994678658442164,FFA(24:1);FFA(24:0);FFA(22:1),FFA(24:0);FFA(22:1);FFA(24:1),3,0.1
ZS2DMX7:547->556,ZS2DMX7,0,autoregressive_context_ridge,1.0,0.057692307692307696,1.0,True,0.994678658442164,FFA(24:1);FFA(24:0);FFA(22:1),FFA(24:0);FFA(22:1);FFA(24:1),3,0.1
ZS2DMX7:556->563,ZS2DMX7,0,change_prevalence,0.6666666666666666,0.038461538461538464,0.3333333333333333,True,0.46871424848951554,SM(26:0);FFA(22:1);FFA(24:1),FFA(18:0);FFA(22:1);FFA(22:0),3,0.1
ZS2DMX7:556->563,ZS2DMX7,0,autoregressive_ridge,0.3333333333333333,0.019230769230769232,0.0,True,0.5200409544108212,SM(24:0);LPE(20:4);FFA(14:1),FFA(18:0);FFA(22:1);FFA(22:0),3,0.1
ZS2DMX7:556->563,ZS2DMX7,0,autoregressive_context_ridge,0.3333333333333333,0.019230769230769232,0.0,True,0.4937149204062591,SM(24:0);FFA(14:1);TAG47:1-FA16:1,FFA(18:0);FFA(22:1);FFA(22:0),3,0.1
ZS2DMX7:563->570,ZS2DMX7,0,change_prevalence,0.6666666666666666,0.038461538461538464,0.3333333333333333,True,0.7814354806441624,SM(26:0);FFA(22:1);FFA(24:1),SM(26:0);FFA(16:0);FFA(18:4),3,0.1
ZS2DMX7:563->570,ZS2DMX7,0,autoregressive_ridge,0.3333333333333333,0.019230769230769232,0.0,True,0.42049001790688884,TAG48:3-FA12:0;TAG44:1-FA18:1;TAG48:2-FA12:0,SM(26:0);FFA(16:0);FFA(18:4),3,0.1
ZS2DMX7:563->570,ZS2DMX7,0,autoregressive_context_ridge,0.6666666666666666,0.038461538461538464,0.0,True,0.6121961954219208,FFA(18:0);FFA(22:1);TAG56:6-FA18:3,SM(26:0);FFA(16:0);FFA(18:4),3,0.1
ZSMO1UM:540->543,ZSMO1UM,0,change_prevalence,0.6666666666666666,0.038461538461538464,0.0,True,0.6035512011398683,SM(26:0);FFA(22:1);FFA(24:1),PI(18:0_20:4);FFA(18:0);PC(16:0_20:5),3,0.1
ZSMO1UM:540->543,ZSMO1UM,0,autoregressive_ridge,0.3333333333333333,0.019230769230769232,0.0,True,0.4419301414332424,TAG47:1-FA16:1;PC(18:0_18:0);SM(20:0),PI(18:0_20:4);FFA(18:0);PC(16:0_20:5),3,0.1
ZSMO1UM:540->543,ZSMO1UM,0,autoregressive_context_ridge,0.0,0.0,0.0,False,0.2866246906735425,TAG47:1-FA16:1;PC(18:0_18:0);TAG48:2-FA12:0,PI(18:0_20:4);FFA(18:0);PC(16:0_20:5),3,0.1
ZSMO1UM:543->554,ZSMO1UM,0,change_prevalence,0.0,0.0,0.0,False,0.4617276420088075,SM(26:0);FFA(22:1);FFA(24:1),TAG48:4-FA18:2;TAG46:2-FA18:2;TAG48:4-FA12:0,3,0.1
ZSMO1UM:543->554,ZSMO1UM,0,autoregressive_ridge,0.0,0.0,0.0,False,0.4363624783229961,PE(18:0_18:1);PI(18:0_20:4);PE(18:0_18:2),TAG48:4-FA18:2;TAG46:2-FA18:2;TAG48:4-FA12:0,3,0.1
ZSMO1UM:543->554,ZSMO1UM,0,autoregressive_context_ridge,0.0,0.0,0.0,False,0.45552478527182916,PI(18:0_20:4);PE(18:0_18:1);PE(18:0_18:2),TAG48:4-FA18:2;TAG46:2-FA18:2;TAG48:4-FA12:0,3,0.1
ZSMO1UM:554->564,ZSMO1UM,0,change_prevalence,0.0,0.0,0.0,False,0.5179829325468615,SM(26:0);FFA(22:1);FFA(24:1),TAG49:2-FA18:2;TAG50:2-FA18:2;TAG52:0-FA20:0,3,0.1
ZSMO1UM:554->564,ZSMO1UM,0,autoregressive_ridge,0.0,0.0,0.0,False,0.6251459955649987,PE(P-16:0_22:5);LPE(18:1);LPE(18:2),TAG49:2-FA18:2;TAG50:2-FA18:2;TAG52:0-FA20:0,3,0.1
ZSMO1UM:554->564,ZSMO1UM,0,autoregressive_context_ridge,0.0,0.0,0.0,False,0.6137115854628318,PE(P-16:0_22:5);LPE(18:1);LPC(18:2),TAG49:2-FA18:2;TAG50:2-FA18:2;TAG52:0-FA20:0,3,0.1
ZSMO1UM:564->570,ZSMO1UM,0,change_prevalence,0.3333333333333333,0.019230769230769232,0.0,True,0.473636244278817,SM(26:0);FFA(22:1);FFA(24:1),TAG58:3-FA18:1;TAG56:7-FA20:5;TAG55:1-FA18:1,3,0.1
ZSMO1UM:564->570,ZSMO1UM,0,autoregressive_ridge,1.0,0.057692307692307696,0.3333333333333333,True,0.9168934189855593,TAG58:3-FA18:1;TAG58:9-FA18:1;TAG57:2-FA18:1,TAG58:3-FA18:1;TAG56:7-FA20:5;TAG55:1-FA18:1,3,0.1
ZSMO1UM:564->570,ZSMO1UM,0,autoregressive_context_ridge,1.0,0.057692307692307696,0.3333333333333333,True,0.915871733433463,TAG58:3-FA18:1;TAG57:2-FA18:1;TAG58:9-FA18:1,TAG58:3-FA18:1;TAG56:7-FA20:5;TAG55:1-FA18:1,3,0.1
ZSMO1UM:570->577,ZSMO1UM,0,change_prevalence,0.3333333333333333,0.019230769230769232,0.0,True,0.24270455946510053,SM(26:0);FFA(22:1);FFA(24:1),LPC(20:3);PC(18:0_20:2);PC(18:0_18:1),3,0.1
ZSMO1UM:570->577,ZSMO1UM,0,autoregressive_ridge,0.0,0.0,0.0,False,0.23734587667799342,TAG48:4-FA18:2;TAG48:4-FA12:0;TAG48:3-FA12:0,LPC(20:3);PC(18:0_20:2);PC(18:0_18:1),3,0.1
ZSMO1UM:570->577,ZSMO1UM,0,autoregressive_context_ridge,0.0,0.0,0.0,False,0.23734587667799342,TAG48:4-FA18:2;TAG48:4-FA12:0;TAG48:3-FA12:0,LPC(20:3);PC(18:0_20:2);PC(18:0_18:1),3,0.1
ZSMO1UM:577->583,ZSMO1UM,0,change_prevalence,0.0,0.0,0.0,False,0.40193222204263845,SM(26:0);FFA(22:1);FFA(24:1),PC(18:1_18:1);PE(16:0_20:4);FFA(22:4),3,0.1
ZSMO1UM:577->583,ZSMO1UM,0,autoregressive_ridge,0.3333333333333333,0.019230769230769232,0.0,True,0.5313829622132946,LPC(20:3);TAG48:4-FA18:2;TAG48:4-FA12:0,PC(18:1_18:1);PE(16:0_20:4);FFA(22:4),3,0.1
ZSMO1UM:577->583,ZSMO1UM,0,autoregressive_context_ridge,0.6666666666666666,0.038461538461538464,0.0,True,0.5913364388070459,LPC(20:3);TAG48:4-FA18:2;PI(18:1_18:1),PC(18:1_18:1);PE(16:0_20:4);FFA(22:4),3,0.1
ZTTL3YH:544->545,ZTTL3YH,0,change_prevalence,1.0,0.057692307692307696,0.3333333333333333,True,0.7303452982324249,SM(26:0);FFA(22:1);FFA(24:1),LCER(16:0);FFA(24:1);TAG50:5-FA14:0,3,0.1
ZTTL3YH:544->545,ZTTL3YH,0,autoregressive_ridge,0.3333333333333333,0.019230769230769232,0.3333333333333333,True,0.5691183577724365,FFA(24:1);PC(18:0_22:5);TAG46:2-FA12:0,LCER(16:0);FFA(24:1);TAG50:5-FA14:0,3,0.1
ZTTL3YH:544->545,ZTTL3YH,0,autoregressive_context_ridge,0.3333333333333333,0.019230769230769232,0.3333333333333333,True,0.5691183577724365,FFA(24:1);PC(18:0_22:5);TAG46:2-FA12:0,LCER(16:0);FFA(24:1);TAG50:5-FA14:0,3,0.1
ZVBQY1N:672->674,ZVBQY1N,0,change_prevalence,0.0,0.0,0.0,False,0.10778923908910691,SM(26:0);FFA(22:1);FFA(24:1),FFA(18:0);PE(18:0_18:1);FFA(20:0),3,0.1
ZVBQY1N:672->674,ZVBQY1N,0,autoregressive_ridge,1.0,0.057692307692307696,0.6666666666666666,True,0.9550108922407143,FFA(20:0);FFA(18:0);FFA(17:0),FFA(18:0);PE(18:0_18:1);FFA(20:0),3,0.1
ZVBQY1N:672->674,ZVBQY1N,0,autoregressive_context_ridge,1.0,0.057692307692307696,0.6666666666666666,True,0.9550108922407143,FFA(20:0);FFA(18:0);FFA(17:0),FFA(18:0);PE(18:0_18:1);FFA(20:0),3,0.1
ZVBQY1N:674->675,ZVBQY1N,0,change_prevalence,1.0,0.057692307692307696,0.0,True,0.7729694674839221,SM(26:0);FFA(22:1);FFA(24:1),CE(22:5);LCER(16:0);SM(20:0),3,0.1
ZVBQY1N:674->675,ZVBQY1N,0,autoregressive_ridge,0.6666666666666666,0.038461538461538464,0.3333333333333333,True,0.7835061896816848,SM(20:0);SM(22:0);SM(26:0),CE(22:5);LCER(16:0);SM(20:0),3,0.1
ZVBQY1N:674->675,ZVBQY1N,0,autoregressive_context_ridge,0.3333333333333333,0.019230769230769232,0.3333333333333333,True,0.6939584780768968,SM(20:0);HCER(24:1);SM(22:0),CE(22:5);LCER(16:0);SM(20:0),3,0.1
ZVBQY1N:675->676,ZVBQY1N,0,change_prevalence,1.0,0.057692307692307696,0.0,True,0.505301221021475,SM(26:0);FFA(22:1);FFA(24:1),PE(18:0_18:1);PE(18:0_22:5);PE(18:0_18:2),3,0.1
ZVBQY1N:675->676,ZVBQY1N,0,autoregressive_ridge,1.0,0.057692307692307696,0.3333333333333333,True,0.7094480807478484,FFA(14:1);PE(18:0_18:1);FFA(24:1),PE(18:0_18:1);PE(18:0_22:5);PE(18:0_18:2),3,0.1
ZVBQY1N:675->676,ZVBQY1N,0,autoregressive_context_ridge,1.0,0.057692307692307696,0.3333333333333333,True,0.6926637527327522,FFA(14:1);PE(18:0_18:1);PI(18:0_18:1),PE(18:0_18:1);PE(18:0_22:5);PE(18:0_18:2),3,0.1
ZVBQY1N:676->678,ZVBQY1N,0,change_prevalence,0.3333333333333333,0.019230769230769232,0.0,True,0.3553286204385738,SM(26:0);FFA(22:1);FFA(24:1),PI(18:1_18:1);FFA(22:6);FFA(20:4),3,0.1
ZVBQY1N:676->678,ZVBQY1N,0,autoregressive_ridge,1.0,0.057692307692307696,0.3333333333333333,True,0.784088805562263,FFA(20:4);FFA(14:1);PE(18:0_18:1),PI(18:1_18:1);FFA(22:6);FFA(20:4),3,0.1
ZVBQY1N:676->678,ZVBQY1N,0,autoregressive_context_ridge,0.6666666666666666,0.038461538461538464,0.3333333333333333,True,0.5765574653097084,FFA(14:1);FFA(20:4);PE(18:0_22:5),PI(18:1_18:1);FFA(22:6);FFA(20:4),3,0.1
ZVBQY1N:678->680,ZVBQY1N,0,change_prevalence,1.0,0.057692307692307696,0.3333333333333333,True,0.7789968861508193,SM(26:0);FFA(22:1);FFA(24:1),FFA(22:1);PC(16:0_18:0);FFA(24:0),3,0.1
ZVBQY1N:678->680,ZVBQY1N,0,autoregressive_ridge,0.3333333333333333,0.019230769230769232,0.0,True,0.3123798672212095,PI(18:1_18:1);PC(16:0_18:3);PE(18:0_22:5),FFA(22:1);PC(16:0_18:0);FFA(24:0),3,0.1
ZVBQY1N:678->680,ZVBQY1N,0,autoregressive_context_ridge,0.0,0.0,0.0,False,0.1485053438840135,PI(18:1_18:1);LPE(18:1);PI(18:0_18:1),FFA(22:1);PC(16:0_18:0);FFA(24:0),3,0.1
ZVBQY1N:680->686,ZVBQY1N,0,change_prevalence,1.0,0.057692307692307696,0.3333333333333333,True,0.7522201835786804,SM(26:0);FFA(22:1);FFA(24:1),HCER(24:1);SM(26:0);SM(26:1),3,0.1
ZVBQY1N:680->686,ZVBQY1N,0,autoregressive_ridge,1.0,0.057692307692307696,0.0,True,0.6839337503457319,FFA(24:1);FFA(22:1);FFA(24:0),HCER(24:1);SM(26:0);SM(26:1),3,0.1
ZVBQY1N:680->686,ZVBQY1N,0,autoregressive_context_ridge,1.0,0.057692307692307696,0.0,True,0.677178858501919,FFA(22:2);FFA(22:1);FFA(24:1),HCER(24:1);SM(26:0);SM(26:1),3,0.1
ZVBQY1N:686->689,ZVBQY1N,0,change_prevalence,0.3333333333333333,0.019230769230769232,0.3333333333333333,True,0.6631245337656158,SM(26:0);FFA(22:1);FFA(24:1),SM(26:0);CE(22:5);TAG52:6-FA16:1,3,0.1
ZVBQY1N:686->689,ZVBQY1N,0,autoregressive_ridge,0.6666666666666666,0.038461538461538464,0.3333333333333333,True,0.7828623694067244,HCER(24:1);LPC(16:0);SM(26:0),SM(26:0);CE(22:5);TAG52:6-FA16:1,3,0.1
ZVBQY1N:686->689,ZVBQY1N,0,autoregressive_context_ridge,0.6666666666666666,0.038461538461538464,0.0,True,0.7888534410964225,LPC(16:0);LPE(16:0);HCER(24:1),SM(26:0);CE(22:5);TAG52:6-FA16:1,3,0.1
ZVBQY1N:689->695,ZVBQY1N,0,change_prevalence,0.0,0.0,0.0,False,0.31883817125555075,SM(26:0);FFA(22:1);FFA(24:1),PE(18:0_18:1);FFA(18:0);PE(18:0_18:2),3,0.1
ZVBQY1N:689->695,ZVBQY1N,0,autoregressive_ridge,0.6666666666666666,0.038461538461538464,0.3333333333333333,True,0.6444780390003658,FFA(18:0);FFA(17:0);SM(18:1),PE(18:0_18:1);FFA(18:0);PE(18:0_18:2),3,0.1
ZVBQY1N:689->695,ZVBQY1N,0,autoregressive_context_ridge,0.6666666666666666,0.038461538461538464,0.3333333333333333,True,0.660609929174488,FFA(18:0);FFA(17:0);FFA(14:1),PE(18:0_18:1);FFA(18:0);PE(18:0_18:2),3,0.1
ZVBQY1N:695->708,ZVBQY1N,0,change_prevalence,1.0,0.057692307692307696,0.0,True,0.5278020760820573,SM(26:0);FFA(22:1);FFA(24:1),FFA(18:0);PE(18:0_18:1);PE(18:0_18:2),3,0.1
ZVBQY1N:695->708,ZVBQY1N,0,autoregressive_ridge,1.0,0.057692307692307696,0.6666666666666666,True,0.8563189391845047,PE(18:0_18:1);PE(18:0_18:2);SM(26:0),FFA(18:0);PE(18:0_18:1);PE(18:0_18:2),3,0.1
ZVBQY1N:695->708,ZVBQY1N,0,autoregressive_context_ridge,1.0,0.057692307692307696,0.6666666666666666,True,0.8508100325050649,PE(18:0_18:1);PE(18:0_18:2);PC(18:0_18:0),FFA(18:0);PE(18:0_18:1);PE(18:0_18:2),3,0.1
ZVBQY1N:708->715,ZVBQY1N,0,change_prevalence,0.6666666666666666,0.038461538461538464,0.0,True,0.3502500582476081,SM(26:0);FFA(22:1);FFA(24:1),FFA(18:0);PE(18:0_18:1);SM(20:0),3,0.1
ZVBQY1N:708->715,ZVBQY1N,0,autoregressive_ridge,1.0,0.057692307692307696,0.3333333333333333,True,0.7930993164677326,FFA(18:0);FFA(17:0);FFA(14:0),FFA(18:0);PE(18:0_18:1);SM(20:0),3,0.1
ZVBQY1N:708->715,ZVBQY1N,0,autoregressive_context_ridge,1.0,0.057692307692307696,0.3333333333333333,True,0.7930993164677326,FFA(18:0);FFA(17:0);FFA(14:0),FFA(18:0);PE(18:0_18:1);SM(20:0),3,0.1
ZVBQY1N:715->718,ZVBQY1N,0,change_prevalence,0.3333333333333333,0.019230769230769232,0.3333333333333333,True,0.5261697014770459,SM(26:0);FFA(22:1);FFA(24:1),SM(20:0);PE(18:0_18:1);SM(26:0),3,0.1
ZVBQY1N:715->718,ZVBQY1N,0,autoregressive_ridge,0.6666666666666666,0.038461538461538464,0.6666666666666666,True,0.7952658708677314,PE(18:0_18:1);FFA(14:1);SM(20:0),SM(20:0);PE(18:0_18:1);SM(26:0),3,0.1
ZVBQY1N:715->718,ZVBQY1N,0,autoregressive_context_ridge,0.6666666666666666,0.038461538461538464,0.6666666666666666,True,0.6813456240841067,FFA(14:1);PE(18:0_18:1);SM(20:0),SM(20:0);PE(18:0_18:1);SM(26:0),3,0.1
ZVBQY1N:718->720,ZVBQY1N,0,change_prevalence,0.3333333333333333,0.019230769230769232,0.0,True,0.41980978144764297,SM(26:0);FFA(22:1);FFA(24:1),LPE(20:4);FFA(18:4);LPE(18:2),3,0.1
ZVBQY1N:718->720,ZVBQY1N,0,autoregressive_ridge,0.3333333333333333,0.019230769230769232,0.0,True,0.30274800670403834,TAG47:1-FA16:1;HCER(24:1);SM(26:0),LPE(20:4);FFA(18:4);LPE(18:2),3,0.1
ZVBQY1N:718->720,ZVBQY1N,0,autoregressive_context_ridge,1.0,0.057692307692307696,0.0,True,0.6270502606361655,SM(26:0);LPE(18:1);TAG57:3-FA18:2,LPE(20:4);FFA(18:4);LPE(18:2),3,0.1
ZVC4YUG:558->560,ZVC4YUG,0,change_prevalence,0.0,0.0,0.0,False,0.17594474934792695,SM(26:0);FFA(22:1);FFA(24:1),PC(16:0_16:0);CE(22:5);PC(16:0_18:0),3,0.1
ZVC4YUG:558->560,ZVC4YUG,0,autoregressive_ridge,0.3333333333333333,0.019230769230769232,0.0,True,0.4955862461519097,FFA(18:0);FFA(17:0);FFA(14:0),PC(16:0_16:0);CE(22:5);PC(16:0_18:0),3,0.1
ZVC4YUG:558->560,ZVC4YUG,0,autoregressive_context_ridge,0.6666666666666666,0.038461538461538464,0.0,True,0.6614423545923661,PE(P-16:0_18:2);FFA(18:0);PE(18:0_18:0),PC(16:0_16:0);CE(22:5);PC(16:0_18:0),3,0.1
ZVC4YUG:560->573,ZVC4YUG,0,change_prevalence,0.6666666666666666,0.038461538461538464,0.0,True,0.317658804247949,SM(26:0);FFA(22:1);FFA(24:1),PC(16:0_16:0);FFA(20:3);PC(16:0_18:0),3,0.1
ZVC4YUG:560->573,ZVC4YUG,0,autoregressive_ridge,0.6666666666666666,0.038461538461538464,0.3333333333333333,True,0.6072302694760585,PE(18:0_18:0);PE(18:0_22:5);PC(16:0_16:0),PC(16:0_16:0);FFA(20:3);PC(16:0_18:0),3,0.1
ZVC4YUG:560->573,ZVC4YUG,0,autoregressive_context_ridge,0.0,0.0,0.0,False,0.20014940836796935,PE(18:0_18:0);SM(26:0);SM(26:1),PC(16:0_16:0);FFA(20:3);PC(16:0_18:0),3,0.1
ZVC4YUG:573->580,ZVC4YUG,0,change_prevalence,0.6666666666666666,0.038461538461538464,0.0,True,0.631468064370058,SM(26:0);FFA(22:1);FFA(24:1),TAG55:5-FA18:2;FFA(18:0);PC(16:0_18:0),3,0.1
ZVC4YUG:573->580,ZVC4YUG,0,autoregressive_ridge,1.0,0.057692307692307696,0.3333333333333333,True,0.8361045436220665,FFA(18:0);SM(26:0);HCER(24:1),TAG55:5-FA18:2;FFA(18:0);PC(16:0_18:0),3,0.1
ZVC4YUG:573->580,ZVC4YUG,0,autoregressive_context_ridge,1.0,0.057692307692307696,0.3333333333333333,True,0.8424860654177261,FFA(18:0);SM(26:0);FFA(20:3),TAG55:5-FA18:2;FFA(18:0);PC(16:0_18:0),3,0.1
ZVC4YUG:580->584,ZVC4YUG,0,change_prevalence,0.6666666666666666,0.038461538461538464,0.0,True,0.4873444888719186,SM(26:0);FFA(22:1);FFA(24:1),TAG55:5-FA18:2;TAG48:4-FA18:2;PC(16:0_18:0),3,0.1
ZVC4YUG:580->584,ZVC4YUG,0,autoregressive_ridge,1.0,0.057692307692307696,0.6666666666666666,True,0.985047112567958,TAG48:4-FA18:2;TAG48:4-FA12:0;TAG55:5-FA18:2,TAG55:5-FA18:2;TAG48:4-FA18:2;PC(16:0_18:0),3,0.1
ZVC4YUG:580->584,ZVC4YUG,0,autoregressive_context_ridge,0.6666666666666666,0.038461538461538464,0.3333333333333333,True,0.8464176295750199,TAG48:4-FA18:2;TAG48:4-FA12:0;TAG46:2-FA16:0,TAG55:5-FA18:2;TAG48:4-FA18:2;PC(16:0_18:0),3,0.1
ZVC4YUG:584->588,ZVC4YUG,0,change_prevalence,0.0,0.0,0.0,False,0.13463403397733736,SM(26:0);FFA(22:1);FFA(24:1),PE(18:0_18:1);FFA(18:0);PE(P-16:0_22:5),3,0.1
ZVC4YUG:584->588,ZVC4YUG,0,autoregressive_ridge,0.6666666666666666,0.038461538461538464,0.3333333333333333,True,0.5986405949379008,PE(P-16:0_22:5);FFA(20:3);PC(16:0_22:5),PE(18:0_18:1);FFA(18:0);PE(P-16:0_22:5),3,0.1
ZVC4YUG:584->588,ZVC4YUG,0,autoregressive_context_ridge,1.0,0.057692307692307696,0.6666666666666666,True,0.7388535474648814,PE(P-16:0_22:5);FFA(20:3);FFA(18:0),PE(18:0_18:1);FFA(18:0);PE(P-16:0_22:5),3,0.1
ZVC4YUG:588->592,ZVC4YUG,0,change_prevalence,0.0,0.0,0.0,False,0.05068306904765047,SM(26:0);FFA(22:1);FFA(24:1),PE(18:0_18:1);PE(18:0_18:2);PE(18:0_20:4),3,0.1
ZVC4YUG:588->592,ZVC4YUG,0,autoregressive_ridge,0.6666666666666666,0.038461538461538464,0.0,True,0.39173542852292564,PI(18:0_20:4);HCER(24:1);PE(18:0_22:5),PE(18:0_18:1);PE(18:0_18:2);PE(18:0_20:4),3,0.1
ZVC4YUG:588->592,ZVC4YUG,0,autoregressive_context_ridge,0.6666666666666666,0.038461538461538464,0.0,True,0.39173542852292564,PI(18:0_20:4);HCER(24:1);PE(18:0_22:5),PE(18:0_18:1);PE(18:0_18:2);PE(18:0_20:4),3,0.1
ZVC4YUG:592->599,ZVC4YUG,0,change_prevalence,0.0,0.0,0.0,False,0.2903907616402883,SM(26:0);FFA(22:1);FFA(24:1),PE(16:0_20:4);FFA(18:4);PE(18:1_20:4),3,0.1
ZVC4YUG:592->599,ZVC4YUG,0,autoregressive_ridge,0.0,0.0,0.0,False,0.3792301164219475,PE(18:0_18:1);PE(P-16:0_22:5);PE(18:0_18:2),PE(16:0_20:4);FFA(18:4);PE(18:1_20:4),3,0.1
ZVC4YUG:592->599,ZVC4YUG,0,autoregressive_context_ridge,0.0,0.0,0.0,False,0.26955674727377,PE(P-16:0_22:5);PE(18:0_18:1);PE(P-16:0_20:4),PE(16:0_20:4);FFA(18:4);PE(18:1_20:4),3,0.1
ZVC4YUG:599->606,ZVC4YUG,0,change_prevalence,0.0,0.0,0.0,False,0.24813166173500067,SM(26:0);FFA(22:1);FFA(24:1),FFA(20:0);CE(22:5);PE(16:0_20:4),3,0.1
ZVC4YUG:599->606,ZVC4YUG,0,autoregressive_ridge,0.6666666666666666,0.038461538461538464,0.6666666666666666,True,0.8177443626436341,FFA(20:0);CE(22:5);PE(P-16:0_22:5),FFA(20:0);CE(22:5);PE(16:0_20:4),3,0.1
ZVC4YUG:599->606,ZVC4YUG,0,autoregressive_context_ridge,0.6666666666666666,0.038461538461538464,0.6666666666666666,True,0.5763134726027667,PE(P-16:0_22:5);CE(22:5);FFA(20:0),FFA(20:0);CE(22:5);PE(16:0_20:4),3,0.1
ZY7IW45:812->817,ZY7IW45,0,change_prevalence,0.3333333333333333,0.019230769230769232,0.0,True,0.39466722720995157,SM(26:0);FFA(22:1);FFA(24:1),SM(26:1);LPC(15:0);LPC(17:0),3,0.1
ZY7IW45:812->817,ZY7IW45,0,autoregressive_ridge,0.3333333333333333,0.019230769230769232,0.3333333333333333,True,0.6715643300910685,SM(26:1);FFA(15:0);SM(24:1),SM(26:1);LPC(15:0);LPC(17:0),3,0.1
ZY7IW45:812->817,ZY7IW45,0,autoregressive_context_ridge,0.6666666666666666,0.038461538461538464,0.3333333333333333,True,0.6942078268339619,SM(26:1);FFA(15:0);FFA(20:3),SM(26:1);LPC(15:0);LPC(17:0),3,0.1
ZY7IW45:817->818,ZY7IW45,0,change_prevalence,0.3333333333333333,0.019230769230769232,0.0,True,0.5373644287971902,SM(26:0);FFA(22:1);FFA(24:1),FFA(20:0);FFA(22:5);TAG58:7-FA18:2,3,0.1
ZY7IW45:817->818,ZY7IW45,0,autoregressive_ridge,0.0,0.0,0.0,False,0.3144526753215816,FFA(15:0);FFA(22:4);TAG47:2-FA18:1,FFA(20:0);FFA(22:5);TAG58:7-FA18:2,3,0.1
ZY7IW45:817->818,ZY7IW45,0,autoregressive_context_ridge,0.0,0.0,0.0,False,0.3144526753215816,FFA(15:0);FFA(22:4);TAG47:2-FA18:1,FFA(20:0);FFA(22:5);TAG58:7-FA18:2,3,0.1
ZY7IW45:818->821,ZY7IW45,0,change_prevalence,0.0,0.0,0.0,False,0.21861577456011,SM(26:0);FFA(22:1);FFA(24:1),PI(18:1_18:1);LPE(18:1);PC(14:0_18:1),3,0.1
ZY7IW45:818->821,ZY7IW45,0,autoregressive_ridge,0.0,0.0,0.0,False,0.16795273171551,FFA(15:0);FFA(22:5);SM(26:1),PI(18:1_18:1);LPE(18:1);PC(14:0_18:1),3,0.1
ZY7IW45:818->821,ZY7IW45,0,autoregressive_context_ridge,0.0,0.0,0.0,False,0.1858270855128398,FFA(15:0);SM(26:1);FFA(22:5),PI(18:1_18:1);LPE(18:1);PC(14:0_18:1),3,0.1
ZY7IW45:821->824,ZY7IW45,0,change_prevalence,0.6666666666666666,0.038461538461538464,0.0,True,0.6033551460105158,SM(26:0);FFA(22:1);FFA(24:1),FFA(20:0);FFA(22:0);FFA(17:0),3,0.1
ZY7IW45:821->824,ZY7IW45,0,autoregressive_ridge,0.6666666666666666,0.038461538461538464,0.3333333333333333,True,0.5407523484972357,FFA(22:2);FFA(22:4);FFA(22:0),FFA(20:0);FFA(22:0);FFA(17:0),3,0.1
ZY7IW45:821->824,ZY7IW45,0,autoregressive_context_ridge,0.6666666666666666,0.038461538461538464,0.3333333333333333,True,0.5407523484972357,FFA(22:2);FFA(22:4);FFA(22:0),FFA(20:0);FFA(22:0);FFA(17:0),3,0.1
ZY7IW45:824->827,ZY7IW45,0,change_prevalence,0.6666666666666666,0.038461538461538464,0.3333333333333333,True,0.6544816507814172,SM(26:0);FFA(22:1);FFA(24:1),SM(26:0);SM(26:1);FFA(20:0),3,0.1
ZY7IW45:824->827,ZY7IW45,0,autoregressive_ridge,0.3333333333333333,0.019230769230769232,0.0,True,0.24179039173551078,FFA(15:0);SM(24:1);FFA(22:4),SM(26:0);SM(26:1);FFA(20:0),3,0.1
ZY7IW45:824->827,ZY7IW45,0,autoregressive_context_ridge,0.3333333333333333,0.019230769230769232,0.0,True,0.24179039173551078,FFA(15:0);SM(24:1);FFA(22:4),SM(26:0);SM(26:1);FFA(20:0),3,0.1
ZY7IW45:827->830,ZY7IW45,0,change_prevalence,0.6666666666666666,0.038461538461538464,0.3333333333333333,True,0.6880088079779332,SM(26:0);FFA(22:1);FFA(24:1),SM(26:0);SM(26:1);SM(22:0),3,0.1
ZY7IW45:827->830,ZY7IW45,0,autoregressive_ridge,1.0,0.057692307692307696,0.3333333333333333,True,0.519800546960478,FFA(15:0);SM(26:1);SM(24:1),SM(26:0);SM(26:1);SM(22:0),3,0.1
ZY7IW45:827->830,ZY7IW45,0,autoregressive_context_ridge,1.0,0.057692307692307696,0.3333333333333333,True,0.519800546960478,FFA(15:0);SM(26:1);SM(24:1),SM(26:0);SM(26:1);SM(22:0),3,0.1
ZY7IW45:830->834,ZY7IW45,0,change_prevalence,0.3333333333333333,0.019230769230769232,0.3333333333333333,True,0.5381180033234282,SM(26:0);FFA(22:1);FFA(24:1),SM(26:0);LPC(17:0);LPC(18:1),3,0.1
ZY7IW45:830->834,ZY7IW45,0,autoregressive_ridge,0.3333333333333333,0.019230769230769232,0.0,True,0.2981359586909585,SM(24:1);FFA(22:4);FFA(15:0),SM(26:0);LPC(17:0);LPC(18:1),3,0.1
ZY7IW45:830->834,ZY7IW45,0,autoregressive_context_ridge,0.3333333333333333,0.019230769230769232,0.0,True,0.24737049630656238,SM(24:1);FFA(15:0);FFA(22:4),SM(26:0);LPC(17:0);LPC(18:1),3,0.1
ZY7IW45:834->836,ZY7IW45,0,change_prevalence,0.0,0.0,0.0,False,0.11298763936788227,SM(26:0);FFA(22:1);FFA(24:1),FFA(22:4);LPC(17:0);LPC(15:0),3,0.1
ZY7IW45:834->836,ZY7IW45,0,autoregressive_ridge,0.3333333333333333,0.019230769230769232,0.0,True,0.29997715162721594,SM(26:1);FFA(20:3);FFA(15:0),FFA(22:4);LPC(17:0);LPC(15:0),3,0.1
ZY7IW45:834->836,ZY7IW45,0,autoregressive_context_ridge,0.3333333333333333,0.019230769230769232,0.0,True,0.3830649060554179,FFA(15:0);SM(26:1);FFA(20:3),FFA(22:4);LPC(17:0);LPC(15:0),3,0.1
ZY7IW45:836->846,ZY7IW45,0,change_prevalence,0.6666666666666666,0.038461538461538464,0.0,True,0.3159666390417113,SM(26:0);FFA(22:1);FFA(24:1),PC(18:0_18:1);PC(18:1_18:1);CE(22:5),3,0.1
ZY7IW45:836->846,ZY7IW45,0,autoregressive_ridge,0.0,0.0,0.0,False,0.11515831378713069,FFA(15:0);HCER(24:1);FFA(22:4),PC(18:0_18:1);PC(18:1_18:1);CE(22:5),3,0.1
ZY7IW45:836->846,ZY7IW45,0,autoregressive_context_ridge,0.0,0.0,0.0,False,0.11206758608883428,FFA(15:0);FFA(22:4);HCER(24:1),PC(18:0_18:1);PC(18:1_18:1);CE(22:5),3,0.1
ZY7IW45:846->847,ZY7IW45,0,change_prevalence,0.3333333333333333,0.019230769230769232,0.3333333333333333,True,0.46914604062971804,SM(26:0);FFA(22:1);FFA(24:1),FFA(18:4);SM(26:0);TAG54:7-FA18:2,3,0.1
ZY7IW45:846->847,ZY7IW45,0,autoregressive_ridge,0.3333333333333333,0.019230769230769232,0.0,True,0.3651164243929606,SM(26:1);FFA(15:0);TAG58:9-FA18:2,FFA(18:4);SM(26:0);TAG54:7-FA18:2,3,0.1
ZY7IW45:846->847,ZY7IW45,0,autoregressive_context_ridge,0.3333333333333333,0.019230769230769232,0.0,True,0.3651164243929606,SM(26:1);FFA(15:0);TAG58:9-FA18:2,FFA(18:4);SM(26:0);TAG54:7-FA18:2,3,0.1
ZY7IW45:847->853,ZY7IW45,0,change_prevalence,0.0,0.0,0.0,False,0.11388444309731545,SM(26:0);FFA(22:1);FFA(24:1),FFA(15:0);SM(24:1);FFA(18:4),3,0.1
ZY7IW45:847->853,ZY7IW45,0,autoregressive_ridge,0.6666666666666666,0.038461538461538464,0.6666666666666666,True,0.8803053200816714,FFA(15:0);SM(24:1);FFA(22:4),FFA(15:0);SM(24:1);FFA(18:4),3,0.1
ZY7IW45:847->853,ZY7IW45,0,autoregressive_context_ridge,0.6666666666666666,0.038461538461538464,0.6666666666666666,True,0.8803053200816714,FFA(15:0);SM(24:1);FFA(22:4),FFA(15:0);SM(24:1);FFA(18:4),3,0.1
ZY7IW45:853->860,ZY7IW45,0,change_prevalence,0.0,0.0,0.0,False,0.09500255085820877,SM(26:0);FFA(22:1);FFA(24:1),FFA(20:0);FFA(15:0);FFA(22:0),3,0.1
ZY7IW45:853->860,ZY7IW45,0,autoregressive_ridge,0.0,0.0,0.0,False,0.21848240719434622,FFA(22:4);LPC(15:0);FFA(22:5),FFA(20:0);FFA(15:0);FFA(22:0),3,0.1
ZY7IW45:853->860,ZY7IW45,0,autoregressive_context_ridge,0.0,0.0,0.0,False,0.21848240719434622,FFA(22:4);LPC(15:0);FFA(22:5),FFA(20:0);FFA(15:0);FFA(22:0),3,0.1
ZY7IW45:860->867,ZY7IW45,0,change_prevalence,0.3333333333333333,0.019230769230769232,0.0,True,0.10333987273477448,SM(26:0);FFA(22:1);FFA(24:1),FFA(20:0);FFA(22:0);PE(18:0_18:1),3,0.1
ZY7IW45:860->867,ZY7IW45,0,autoregressive_ridge,1.0,0.057692307692307696,0.3333333333333333,True,0.8515766690193961,FFA(20:0);FFA(18:2);FFA(18:3),FFA(20:0);FFA(22:0);PE(18:0_18:1),3,0.1
ZY7IW45:860->867,ZY7IW45,0,autoregressive_context_ridge,1.0,0.057692307692307696,0.3333333333333333,True,0.8545911205140541,FFA(20:0);FFA(18:3);FFA(18:2),FFA(20:0);FFA(22:0);PE(18:0_18:1),3,0.1
ZY7IW45:867->869,ZY7IW45,0,change_prevalence,0.0,0.0,0.0,False,0.23213962182517783,SM(26:0);FFA(22:1);FFA(24:1),PE(P-16:0_18:2);TAG56:1-FA18:1;PI(18:1_18:1),3,0.1
ZY7IW45:867->869,ZY7IW45,0,autoregressive_ridge,0.0,0.0,0.0,False,0.2861874200473619,FFA(15:0);FFA(22:4);FFA(18:4),PE(P-16:0_18:2);TAG56:1-FA18:1;PI(18:1_18:1),3,0.1
ZY7IW45:867->869,ZY7IW45,0,autoregressive_context_ridge,0.0,0.0,0.0,False,0.2627521489334797,FFA(15:0);FFA(20:2);FFA(22:4),PE(P-16:0_18:2);TAG56:1-FA18:1;PI(18:1_18:1),3,0.1
ZJXC41N:585->586,ZJXC41N,1,change_prevalence,0.0,0.0,0.0,False,0.16588797376996584,FFA(22:1);FFA(24:1);SM(26:0),PI(18:1_18:1);PI(18:0_18:1);PI(18:0_20:4),3,0.1
ZJXC41N:585->586,ZJXC41N,1,autoregressive_ridge,0.6666666666666666,0.038461538461538464,0.0,True,0.4455025927049842,LPE(18:2);SM(20:0);SM(22:0),PI(18:1_18:1);PI(18:0_18:1);PI(18:0_20:4),3,0.1
ZJXC41N:585->586,ZJXC41N,1,autoregressive_context_ridge,0.3333333333333333,0.019230769230769232,0.0,True,0.31075223134397245,FFA(24:0);SM(20:0);FFA(24:1),PI(18:1_18:1);PI(18:0_18:1);PI(18:0_20:4),3,0.1
ZJXC41N:586->588,ZJXC41N,1,change_prevalence,0.0,0.0,0.0,False,0.18032137522960232,FFA(22:1);FFA(24:1);SM(26:0),PI(18:1_18:1);PI(18:0_18:1);PI(16:0_20:4),3,0.1
ZJXC41N:586->588,ZJXC41N,1,autoregressive_ridge,1.0,0.057692307692307696,0.3333333333333333,True,0.7347574492331227,PI(16:0_20:4);TAG56:2-FA16:0;TAG56:3-FA18:2,PI(18:1_18:1);PI(18:0_18:1);PI(16:0_20:4),3,0.1
ZJXC41N:586->588,ZJXC41N,1,autoregressive_context_ridge,1.0,0.057692307692307696,0.6666666666666666,True,0.9252099731282034,PI(18:1_18:1);PI(16:0_20:4);PC(16:0_14:0),PI(18:1_18:1);PI(18:0_18:1);PI(16:0_20:4),3,0.1
ZJXC41N:588->591,ZJXC41N,1,change_prevalence,0.3333333333333333,0.019230769230769232,0.3333333333333333,True,0.3663643541991194,FFA(22:1);FFA(24:1);SM(26:0),FFA(12:0);CE(18:4);SM(26:0),3,0.1
ZJXC41N:588->591,ZJXC41N,1,autoregressive_ridge,1.0,0.057692307692307696,0.3333333333333333,True,0.7480221668675552,PI(18:1_18:1);SM(26:0);SM(20:0),FFA(12:0);CE(18:4);SM(26:0),3,0.1
ZJXC41N:588->591,ZJXC41N,1,autoregressive_context_ridge,1.0,0.057692307692307696,0.3333333333333333,True,0.8210252816007607,FFA(12:0);PI(18:1_18:1);TAG52:0-FA18:0,FFA(12:0);CE(18:4);SM(26:0),3,0.1
ZJXC41N:591->594,ZJXC41N,1,change_prevalence,0.6666666666666666,0.038461538461538464,0.0,True,0.6080299285039126,FFA(22:1);FFA(24:1);SM(26:0),PE(18:1_18:2);FFA(22:4);SM(18:0),3,0.1
ZJXC41N:591->594,ZJXC41N,1,autoregressive_ridge,0.3333333333333333,0.019230769230769232,0.0,True,0.4176430008046977,LPE(16:0);CE(22:5);PC(16:0_18:3),PE(18:1_18:2);FFA(22:4);SM(18:0),3,0.1
ZJXC41N:591->594,ZJXC41N,1,autoregressive_context_ridge,0.6666666666666666,0.038461538461538464,0.0,True,0.5227668293885788,CE(22:5);TAG60:10-FA22:5;PC(16:0_18:3),PE(18:1_18:2);FFA(22:4);SM(18:0),3,0.1
ZJXC41N:594->595,ZJXC41N,1,change_prevalence,0.6666666666666666,0.038461538461538464,0.0,True,0.5520369840774667,FFA(22:1);FFA(24:1);SM(26:0),TAG56:3-FA20:1;TAG56:2-FA20:0;TAG56:3-FA18:1,3,0.1
ZJXC41N:594->595,ZJXC41N,1,autoregressive_ridge,0.3333333333333333,0.019230769230769232,0.0,True,0.36540412466028876,FFA(12:0);FFA(20:4);PE(18:1_18:2),TAG56:3-FA20:1;TAG56:2-FA20:0;TAG56:3-FA18:1,3,0.1
ZJXC41N:594->595,ZJXC41N,1,autoregressive_context_ridge,0.0,0.0,0.0,False,0.216368648754718,FFA(20:4);FFA(12:0);FFA(22:0),TAG56:3-FA20:1;TAG56:2-FA20:0;TAG56:3-FA18:1,3,0.1
ZJXC41N:595->596,ZJXC41N,1,change_prevalence,1.0,0.057692307692307696,0.0,True,0.7503319300560846,FFA(22:1);FFA(24:1);SM(26:0),PC(16:0_18:0);PC(18:0_18:0);PC(16:0_16:0),3,0.1
ZJXC41N:595->596,ZJXC41N,1,autoregressive_ridge,1.0,0.057692307692307696,0.6666666666666666,True,0.9415970945092909,PC(16:0_18:0);FFA(20:3);PC(18:0_18:0),PC(16:0_18:0);PC(18:0_18:0);PC(16:0_16:0),3,0.1
ZJXC41N:595->596,ZJXC41N,1,autoregressive_context_ridge,1.0,0.057692307692307696,1.0,True,1.0,PC(16:0_18:0);PC(18:0_18:0);PC(16:0_16:0),PC(16:0_18:0);PC(18:0_18:0);PC(16:0_16:0),3,0.1
ZJXC41N:596->597,ZJXC41N,1,change_prevalence,0.3333333333333333,0.019230769230769232,0.3333333333333333,True,0.5636910398700616,FFA(22:1);FFA(24:1);SM(26:0),TAG58:9-FA22:5;SM(26:0);TAG54:8-FA18:2,3,0.1
ZJXC41N:596->597,ZJXC41N,1,autoregressive_ridge,0.6666666666666666,0.038461538461538464,0.0,True,0.6432009489312032,LPE(16:0);PE(18:0_22:5);LPE(18:0),TAG58:9-FA22:5;SM(26:0);TAG54:8-FA18:2,3,0.1
ZJXC41N:596->597,ZJXC41N,1,autoregressive_context_ridge,0.0,0.0,0.0,False,0.21261002890194403,FFA(20:2);FFA(20:1);TAG56:2-FA16:0,TAG58:9-FA22:5;SM(26:0);TAG54:8-FA18:2,3,0.1
ZJXC41N:597->599,ZJXC41N,1,change_prevalence,0.3333333333333333,0.019230769230769232,0.0,True,0.36431061910706763,FFA(22:1);FFA(24:1);SM(26:0),LPE(20:4);TAG47:1-FA16:1;PE(18:0_18:1),3,0.1
ZJXC41N:597->599,ZJXC41N,1,autoregressive_ridge,0.3333333333333333,0.019230769230769232,0.3333333333333333,True,0.2990422915593829,TAG54:1-FA20:0;TAG54:1-FA16:0;LPE(20:4),LPE(20:4);TAG47:1-FA16:1;PE(18:0_18:1),3,0.1
ZJXC41N:597->599,ZJXC41N,1,autoregressive_context_ridge,0.6666666666666666,0.038461538461538464,0.0,True,0.3713955838501909,PC(16:0_14:0);SM(20:1);CE(22:5),LPE(20:4);TAG47:1-FA16:1;PE(18:0_18:1),3,0.1
ZJXC41N:599->603,ZJXC41N,1,change_prevalence,0.0,0.0,0.0,False,0.1506894228953412,FFA(22:1);FFA(24:1);SM(26:0),TAG48:4-FA18:2;TAG48:4-FA12:0;TAG48:4-FA18:1,3,0.1
ZJXC41N:599->603,ZJXC41N,1,autoregressive_ridge,1.0,0.057692307692307696,0.0,True,0.6459167569069041,FFA(20:0);PE(18:0_18:1);TAG47:1-FA16:1,TAG48:4-FA18:2;TAG48:4-FA12:0;TAG48:4-FA18:1,3,0.1
ZJXC41N:599->603,ZJXC41N,1,autoregressive_context_ridge,1.0,0.057692307692307696,0.0,True,0.6899942971068698,PE(18:0_18:1);FFA(20:0);TAG47:1-FA16:1,TAG48:4-FA18:2;TAG48:4-FA12:0;TAG48:4-FA18:1,3,0.1
ZJXC41N:603->604,ZJXC41N,1,change_prevalence,0.0,0.0,0.0,False,0.20280220355862325,FFA(22:1);FFA(24:1);SM(26:0),TAG48:4-FA18:2;TAG48:4-FA12:0;FFA(18:4),3,0.1
ZJXC41N:603->604,ZJXC41N,1,autoregressive_ridge,1.0,0.057692307692307696,0.6666666666666666,True,0.9613682779403636,TAG48:4-FA18:2;TAG48:4-FA12:0;TAG48:3-FA12:0,TAG48:4-FA18:2;TAG48:4-FA12:0;FFA(18:4),3,0.1
ZJXC41N:603->604,ZJXC41N,1,autoregressive_context_ridge,1.0,0.057692307692307696,0.6666666666666666,True,0.9613682779403636,TAG48:4-FA18:2;TAG48:4-FA12:0;TAG48:3-FA12:0,TAG48:4-FA18:2;TAG48:4-FA12:0;FFA(18:4),3,0.1
ZJXC41N:604->605,ZJXC41N,1,change_prevalence,1.0,0.057692307692307696,0.0,True,0.7198875156945218,FFA(22:1);FFA(24:1);SM(26:0),PC(16:0_16:0);PC(16:0_18:0);PC(18:0_18:0),3,0.1
ZJXC41N:604->605,ZJXC41N,1,autoregressive_ridge,0.3333333333333333,0.019230769230769232,0.0,True,0.22207238846858776,PE(O-16:0_20:4);SM(26:0);FFA(20:4),PC(16:0_16:0);PC(16:0_18:0);PC(18:0_18:0),3,0.1
ZJXC41N:604->605,ZJXC41N,1,autoregressive_context_ridge,0.3333333333333333,0.019230769230769232,0.0,True,0.33610221288347897,SM(26:0);FFA(20:4);TAG51:4-FA18:2,PC(16:0_16:0);PC(16:0_18:0);PC(18:0_18:0),3,0.1
ZJXC41N:605->611,ZJXC41N,1,change_prevalence,1.0,0.057692307692307696,0.0,True,0.6900513459344569,FFA(22:1);FFA(24:1);SM(26:0),PC(16:0_16:0);PC(16:0_18:0);PC(18:0_18:0),3,0.1
ZJXC41N:605->611,ZJXC41N,1,autoregressive_ridge,1.0,0.057692307692307696,1.0,True,1.0,PC(16:0_16:0);PC(16:0_18:0);PC(18:0_18:0),PC(16:0_16:0);PC(16:0_18:0);PC(18:0_18:0),3,0.1
ZJXC41N:605->611,ZJXC41N,1,autoregressive_context_ridge,1.0,0.057692307692307696,1.0,True,0.9890321592732748,PC(16:0_18:0);PC(16:0_16:0);PC(18:0_18:0),PC(16:0_16:0);PC(16:0_18:0);PC(18:0_18:0),3,0.1
ZJXC41N:611->621,ZJXC41N,1,change_prevalence,0.0,0.0,0.0,False,0.23505238135978726,FFA(22:1);FFA(24:1);SM(26:0),FFA(22:5);TAG47:1-FA16:1;PE(18:0_20:4),3,0.1
ZJXC41N:611->621,ZJXC41N,1,autoregressive_ridge,1.0,0.057692307692307696,0.6666666666666666,True,0.9865644454144261,FFA(22:5);PE(18:0_22:5);TAG47:1-FA16:1,FFA(22:5);TAG47:1-FA16:1;PE(18:0_20:4),3,0.1
ZJXC41N:611->621,ZJXC41N,1,autoregressive_context_ridge,0.6666666666666666,0.038461538461538464,0.3333333333333333,True,0.8612263811855383,FFA(22:5);PE(18:0_22:5);CE(22:5),FFA(22:5);TAG47:1-FA16:1;PE(18:0_20:4),3,0.1
ZJXC41N:621->626,ZJXC41N,1,change_prevalence,1.0,0.057692307692307696,0.3333333333333333,True,0.559384771338694,FFA(22:1);FFA(24:1);SM(26:0),SM(26:0);TAG56:2-FA16:0;SM(20:0),3,0.1
ZJXC41N:621->626,ZJXC41N,1,autoregressive_ridge,0.6666666666666666,0.038461538461538464,0.0,True,0.45626149803275756,LPE(18:2);PC(16:0_18:0);PC(18:0_18:0),SM(26:0);TAG56:2-FA16:0;SM(20:0),3,0.1
ZJXC41N:621->626,ZJXC41N,1,autoregressive_context_ridge,0.6666666666666666,0.038461538461538464,0.3333333333333333,True,0.5414405593979644,TAG50:3-FA14:0;SM(26:0);PC(18:0_18:0),SM(26:0);TAG56:2-FA16:0;SM(20:0),3,0.1
ZJXC41N:626->632,ZJXC41N,1,change_prevalence,0.3333333333333333,0.019230769230769232,0.3333333333333333,True,0.45357635338067886,FFA(22:1);FFA(24:1);SM(26:0),FFA(18:1);SM(26:0);FFA(18:2),3,0.1
ZJXC41N:626->632,ZJXC41N,1,autoregressive_ridge,0.6666666666666666,0.038461538461538464,0.0,True,0.6791720956436139,SM(20:0);LPE(16:0);FFA(12:0),FFA(18:1);SM(26:0);FFA(18:2),3,0.1
ZJXC41N:626->632,ZJXC41N,1,autoregressive_context_ridge,0.6666666666666666,0.038461538461538464,0.0,True,0.5775184259954208,FFA(12:0);SM(20:0);TAG58:3-FA18:1,FFA(18:1);SM(26:0);FFA(18:2),3,0.1
ZJXC41N:632->639,ZJXC41N,1,change_prevalence,0.0,0.0,0.0,False,0.26123194501333624,FFA(22:1);FFA(24:1);SM(26:0),PE(18:0_18:2);PE(18:0_18:1);TAG48:4-FA12:0,3,0.1
ZJXC41N:632->639,ZJXC41N,1,autoregressive_ridge,1.0,0.057692307692307696,0.0,True,0.6321746492898289,FFA(18:1);FFA(18:2);CE(22:5),PE(18:0_18:2);PE(18:0_18:1);TAG48:4-FA12:0,3,0.1
ZJXC41N:632->639,ZJXC41N,1,autoregressive_context_ridge,0.6666666666666666,0.038461538461538464,0.0,True,0.5613736625426646,FFA(18:1);FFA(12:0);FFA(20:1),PE(18:0_18:2);PE(18:0_18:1);TAG48:4-FA12:0,3,0.1
ZJXC41N:639->642,ZJXC41N,1,change_prevalence,0.3333333333333333,0.019230769230769232,0.0,True,0.1713886188934163,FFA(22:1);FFA(24:1);SM(26:0),PE(18:0_18:2);FFA(20:4);PE(18:0_18:1),3,0.1
ZJXC41N:639->642,ZJXC41N,1,autoregressive_ridge,0.6666666666666666,0.038461538461538464,0.6666666666666666,True,0.818138455193643,PE(18:0_18:2);PE(18:0_18:1);PC(14:0_18:1),PE(18:0_18:2);FFA(20:4);PE(18:0_18:1),3,0.1
ZJXC41N:639->642,ZJXC41N,1,autoregressive_context_ridge,1.0,0.057692307692307696,0.6666666666666666,True,0.9093429867825918,PE(18:0_18:2);PE(18:0_18:1);PE(18:0_20:4),PE(18:0_18:2);FFA(20:4);PE(18:0_18:1),3,0.1
ZK112BX:671->672,ZK112BX,1,change_prevalence,1.0,0.057692307692307696,0.0,True,0.7476542427052268,FFA(22:1);FFA(24:1);SM(26:0),TAG56:1-FA18:1;TAG58:3-FA18:1;TAG56:2-FA16:0,3,0.1
ZK112BX:671->672,ZK112BX,1,autoregressive_ridge,1.0,0.057692307692307696,0.0,True,0.7064509558023573,FFA(20:0);SM(26:0);PC(18:0_18:0),TAG56:1-FA18:1;TAG58:3-FA18:1;TAG56:2-FA16:0,3,0.1
ZK112BX:671->672,ZK112BX,1,autoregressive_context_ridge,1.0,0.057692307692307696,0.0,True,0.7303060204251276,SM(26:0);FFA(20:0);PC(18:0_18:0),TAG56:1-FA18:1;TAG58:3-FA18:1;TAG56:2-FA16:0,3,0.1
ZK112BX:672->674,ZK112BX,1,change_prevalence,0.0,0.0,0.0,False,0.480102003824099,FFA(22:1);FFA(24:1);SM(26:0),TAG56:1-FA18:1;TAG56:2-FA16:0;TAG58:3-FA18:1,3,0.1
ZK112BX:672->674,ZK112BX,1,autoregressive_ridge,0.3333333333333333,0.019230769230769232,0.3333333333333333,True,0.6596911012800025,TAG58:3-FA18:1;FFA(24:1);SM(24:1),TAG56:1-FA18:1;TAG56:2-FA16:0;TAG58:3-FA18:1,3,0.1
ZK112BX:672->674,ZK112BX,1,autoregressive_context_ridge,0.6666666666666666,0.038461538461538464,0.6666666666666666,True,0.7716815066090643,TAG58:3-FA18:1;SM(18:1);TAG56:1-FA18:1,TAG56:1-FA18:1;TAG56:2-FA16:0;TAG58:3-FA18:1,3,0.1
ZK112BX:674->677,ZK112BX,1,change_prevalence,0.3333333333333333,0.019230769230769232,0.0,True,0.36291451814562814,FFA(22:1);FFA(24:1);SM(26:0),FFA(20:4);SM(24:1);SM(24:0),3,0.1
ZK112BX:674->677,ZK112BX,1,autoregressive_ridge,0.3333333333333333,0.019230769230769232,0.3333333333333333,True,0.34173298723925166,PC(16:0_18:0);PC(18:0_18:0);SM(24:1),FFA(20:4);SM(24:1);SM(24:0),3,0.1
ZK112BX:674->677,ZK112BX,1,autoregressive_context_ridge,0.0,0.0,0.0,False,0.16688695777814663,PC(16:0_18:0);PC(18:0_18:0);PC(16:0_16:0),FFA(20:4);SM(24:1);SM(24:0),3,0.1
ZK112BX:677->678,ZK112BX,1,change_prevalence,1.0,0.057692307692307696,0.0,True,0.7462752390161552,FFA(22:1);FFA(24:1);SM(26:0),FFA(22:0);FFA(20:0);FFA(24:0),3,0.1
ZK112BX:677->678,ZK112BX,1,autoregressive_ridge,0.6666666666666666,0.038461538461538464,0.0,True,0.4398954122371285,PC(18:0_18:0);FFA(18:0);LPE(16:0),FFA(22:0);FFA(20:0);FFA(24:0),3,0.1
ZK112BX:677->678,ZK112BX,1,autoregressive_context_ridge,0.3333333333333333,0.019230769230769232,0.0,True,0.383673226312002,PC(18:0_18:0);PE(P-16:0_18:1);FFA(18:2),FFA(22:0);FFA(20:0);FFA(24:0),3,0.1
ZK112BX:678->681,ZK112BX,1,change_prevalence,1.0,0.057692307692307696,0.3333333333333333,True,0.8358056146476276,FFA(22:1);FFA(24:1);SM(26:0),FFA(20:0);FFA(22:1);FFA(22:0),3,0.1
ZK112BX:678->681,ZK112BX,1,autoregressive_ridge,1.0,0.057692307692307696,1.0,True,0.9946158673489195,FFA(20:0);FFA(22:0);FFA(22:1),FFA(20:0);FFA(22:1);FFA(22:0),3,0.1
ZK112BX:678->681,ZK112BX,1,autoregressive_context_ridge,1.0,0.057692307692307696,1.0,True,0.9946158673489195,FFA(20:0);FFA(22:0);FFA(22:1),FFA(20:0);FFA(22:1);FFA(22:0),3,0.1
ZK112BX:681->685,ZK112BX,1,change_prevalence,0.3333333333333333,0.019230769230769232,0.0,True,0.5272578593645921,FFA(22:1);FFA(24:1);SM(26:0),PE(18:0_18:0);FFA(18:4);SM(20:1),3,0.1
ZK112BX:681->685,ZK112BX,1,autoregressive_ridge,1.0,0.057692307692307696,0.3333333333333333,True,0.82900821428456,FFA(22:1);FFA(18:4);PC(18:0_18:0),PE(18:0_18:0);FFA(18:4);SM(20:1),3,0.1
ZK112BX:681->685,ZK112BX,1,autoregressive_context_ridge,1.0,0.057692307692307696,0.3333333333333333,True,0.82900821428456,FFA(22:1);FFA(18:4);PC(18:0_18:0),PE(18:0_18:0);FFA(18:4);SM(20:1),3,0.1
ZK112BX:685->687,ZK112BX,1,change_prevalence,1.0,0.057692307692307696,0.3333333333333333,True,0.7893521841192197,FFA(22:1);FFA(24:1);SM(26:0),FFA(22:0);FFA(24:0);FFA(24:1),3,0.1
ZK112BX:685->687,ZK112BX,1,autoregressive_ridge,0.6666666666666666,0.038461538461538464,0.0,True,0.6633750622047826,FFA(20:0);SM(26:0);LCER(16:0),FFA(22:0);FFA(24:0);FFA(24:1),3,0.1
ZK112BX:685->687,ZK112BX,1,autoregressive_context_ridge,0.6666666666666666,0.038461538461538464,0.0,True,0.6621613549175038,SM(26:0);FFA(20:0);LCER(16:0),FFA(22:0);FFA(24:0);FFA(24:1),3,0.1
ZK112BX:687->692,ZK112BX,1,change_prevalence,0.6666666666666666,0.038461538461538464,0.0,True,0.7521342353413643,FFA(22:1);FFA(24:1);SM(26:0),PC(18:0_18:0);FFA(22:0);PC(16:0_18:0),3,0.1
ZK112BX:687->692,ZK112BX,1,autoregressive_ridge,1.0,0.057692307692307696,0.0,True,0.8300027148645184,TAG58:8-FA18:1;TAG58:7-FA22:5;TAG58:8-FA22:5,PC(18:0_18:0);FFA(22:0);PC(16:0_18:0),3,0.1
ZK112BX:687->692,ZK112BX,1,autoregressive_context_ridge,1.0,0.057692307692307696,0.0,True,0.8107933512225989,TAG58:8-FA22:5;TAG58:8-FA18:1;TAG58:7-FA22:5,PC(18:0_18:0);FFA(22:0);PC(16:0_18:0),3,0.1
ZK112BX:692->693,ZK112BX,1,change_prevalence,0.0,0.0,0.0,False,0.3764977286746032,FFA(22:1);FFA(24:1);SM(26:0),FFA(20:0);HCER(16:0);TAG51:0-FA18:0,3,0.1
ZK112BX:692->693,ZK112BX,1,autoregressive_ridge,0.3333333333333333,0.019230769230769232,0.3333333333333333,True,0.6706375919530138,FFA(20:0);PC(18:0_18:0);LCER(16:0),FFA(20:0);HCER(16:0);TAG51:0-FA18:0,3,0.1
ZK112BX:692->693,ZK112BX,1,autoregressive_context_ridge,0.3333333333333333,0.019230769230769232,0.3333333333333333,True,0.6614685590275993,FFA(20:0);PC(18:0_18:0);CE(18:1),FFA(20:0);HCER(16:0);TAG51:0-FA18:0,3,0.1
ZK112BX:693->694,ZK112BX,1,change_prevalence,0.0,0.0,0.0,False,0.43121628541439005,FFA(22:1);FFA(24:1);SM(26:0),FFA(17:0);FFA(20:0);PI(16:0_18:1),3,0.1
ZK112BX:693->694,ZK112BX,1,autoregressive_ridge,0.6666666666666666,0.038461538461538464,0.3333333333333333,True,0.6597278766618487,FFA(18:0);LCER(16:0);FFA(17:0),FFA(17:0);FFA(20:0);PI(16:0_18:1),3,0.1
ZK112BX:693->694,ZK112BX,1,autoregressive_context_ridge,0.3333333333333333,0.019230769230769232,0.0,True,0.5498624544552801,TAG58:8-FA22:5;TAG58:8-FA18:2;LCER(16:0),FFA(17:0);FFA(20:0);PI(16:0_18:1),3,0.1
ZK112BX:694->696,ZK112BX,1,change_prevalence,0.3333333333333333,0.019230769230769232,0.0,True,0.1899012230263627,FFA(22:1);FFA(24:1);SM(26:0),CE(22:4);PE(18:0_18:1);PE(18:0_18:2),3,0.1
ZK112BX:694->696,ZK112BX,1,autoregressive_ridge,1.0,0.057692307692307696,0.3333333333333333,True,0.8047518074826182,CE(22:5);CE(22:4);TAG47:1-FA16:1,CE(22:4);PE(18:0_18:1);PE(18:0_18:2),3,0.1
ZK112BX:694->696,ZK112BX,1,autoregressive_context_ridge,0.6666666666666666,0.038461538461538464,0.3333333333333333,True,0.7002360574137483,CE(22:5);FFA(20:0);CE(22:4),CE(22:4);PE(18:0_18:1);PE(18:0_18:2),3,0.1
ZK112BX:696->699,ZK112BX,1,change_prevalence,0.3333333333333333,0.019230769230769232,0.3333333333333333,True,0.3853197861206902,FFA(22:1);FFA(24:1);SM(26:0),SM(26:0);SM(26:1);PE(18:0_18:1),3,0.1
ZK112BX:696->699,ZK112BX,1,autoregressive_ridge,1.0,0.057692307692307696,0.6666666666666666,True,0.8802622219675534,PE(18:0_18:1);PE(18:0_18:2);SM(26:0),SM(26:0);SM(26:1);PE(18:0_18:1),3,0.1
ZK112BX:696->699,ZK112BX,1,autoregressive_context_ridge,1.0,0.057692307692307696,0.6666666666666666,True,0.8802622219675534,PE(18:0_18:1);PE(18:0_18:2);SM(26:0),SM(26:0);SM(26:1);PE(18:0_18:1),3,0.1
ZK112BX:699->702,ZK112BX,1,change_prevalence,0.3333333333333333,0.019230769230769232,0.3333333333333333,True,0.4478692568296672,FFA(22:1);FFA(24:1);SM(26:0),PE(P-18:0_18:1);PE(P-18:1_18:1);SM(26:0),3,0.1
ZK112BX:699->702,ZK112BX,1,autoregressive_ridge,1.0,0.057692307692307696,0.3333333333333333,True,0.8000927367355742,LPC(15:0);SM(26:0);LPC(16:1),PE(P-18:0_18:1);PE(P-18:1_18:1);SM(26:0),3,0.1
ZK112BX:699->702,ZK112BX,1,autoregressive_context_ridge,1.0,0.057692307692307696,0.6666666666666666,True,0.9230737077954906,SM(26:0);LPC(15:0);PE(P-18:1_18:1),PE(P-18:0_18:1);PE(P-18:1_18:1);SM(26:0),3,0.1
ZK112BX:702->705,ZK112BX,1,change_prevalence,0.0,0.0,0.0,False,0.14668773678364233,FFA(22:1);FFA(24:1);SM(26:0),PE(P-18:0_18:1);PE(P-16:0_18:2);PE(P-16:0_18:1),3,0.1
ZK112BX:702->705,ZK112BX,1,autoregressive_ridge,0.0,0.0,0.0,False,0.18002928252323064,FFA(22:0);FFA(22:1);FFA(24:0),PE(P-18:0_18:1);PE(P-16:0_18:2);PE(P-16:0_18:1),3,0.1
ZK112BX:702->705,ZK112BX,1,autoregressive_context_ridge,0.0,0.0,0.0,False,0.2821111335914875,FFA(22:0);FFA(18:4);FFA(22:1),PE(P-18:0_18:1);PE(P-16:0_18:2);PE(P-16:0_18:1),3,0.1
ZK112BX:705->710,ZK112BX,1,change_prevalence,0.6666666666666666,0.038461538461538464,0.0,True,0.45050886526282546,FFA(22:1);FFA(24:1);SM(26:0),PC(14:0_18:2);PC(14:0_18:1);PC(16:0_14:0),3,0.1
ZK112BX:705->710,ZK112BX,1,autoregressive_ridge,0.3333333333333333,0.019230769230769232,0.0,True,0.48980018089817556,FFA(18:0);PC(18:0_18:0);PC(18:2_20:3),PC(14:0_18:2);PC(14:0_18:1);PC(16:0_14:0),3,0.1
ZK112BX:705->710,ZK112BX,1,autoregressive_context_ridge,0.3333333333333333,0.019230769230769232,0.0,True,0.48980018089817556,FFA(18:0);PC(18:0_18:0);PC(18:2_20:3),PC(14:0_18:2);PC(14:0_18:1);PC(16:0_14:0),3,0.1
ZK112BX:710->713,ZK112BX,1,change_prevalence,1.0,0.057692307692307696,0.0,True,0.6837265198942813,FFA(22:1);FFA(24:1);SM(26:0),LPE(16:0);LPE(18:0);PE(18:0_18:1),3,0.1
ZK112BX:710->713,ZK112BX,1,autoregressive_ridge,0.6666666666666666,0.038461538461538464,0.3333333333333333,True,0.534005209332061,FFA(18:1);LPE(16:0);PC(18:0_20:3),LPE(16:0);LPE(18:0);PE(18:0_18:1),3,0.1
ZK112BX:710->713,ZK112BX,1,autoregressive_context_ridge,1.0,0.057692307692307696,0.3333333333333333,True,0.8666277196293318,LPE(16:0);PC(18:0_20:3);PE(P-18:0_18:1),LPE(16:0);LPE(18:0);PE(18:0_18:1),3,0.1
ZK112BX:713->716,ZK112BX,1,change_prevalence,0.3333333333333333,0.019230769230769232,0.0,True,0.1872471082716144,FFA(22:1);FFA(24:1);SM(26:0),PE(18:0_18:2);PE(18:0_18:1);CE(18:3),3,0.1
ZK112BX:713->716,ZK112BX,1,autoregressive_ridge,0.6666666666666666,0.038461538461538464,0.6666666666666666,True,0.8517057004503713,PE(18:0_18:1);PE(18:0_18:2);FFA(16:0),PE(18:0_18:2);PE(18:0_18:1);CE(18:3),3,0.1
ZK112BX:713->716,ZK112BX,1,autoregressive_context_ridge,0.6666666666666666,0.038461538461538464,0.6666666666666666,True,0.8517057004503713,PE(18:0_18:1);PE(18:0_18:2);FFA(16:0),PE(18:0_18:2);PE(18:0_18:1);CE(18:3),3,0.1
ZK112BX:716->722,ZK112BX,1,change_prevalence,0.0,0.0,0.0,False,0.13293598165853732,FFA(22:1);FFA(24:1);SM(26:0),PI(16:0_20:4);CE(18:3);PI(18:0_20:4),3,0.1
ZK112BX:716->722,ZK112BX,1,autoregressive_ridge,0.6666666666666666,0.038461538461538464,0.3333333333333333,True,0.8222044202853448,PI(16:0_20:4);PI(16:0_18:2);TAG52:0-FA20:0,PI(16:0_20:4);CE(18:3);PI(18:0_20:4),3,0.1
ZK112BX:716->722,ZK112BX,1,autoregressive_context_ridge,0.6666666666666666,0.038461538461538464,0.3333333333333333,True,0.8222044202853448,PI(16:0_20:4);PI(16:0_18:2);TAG52:0-FA20:0,PI(16:0_20:4);CE(18:3);PI(18:0_20:4),3,0.1
ZK112BX:722->728,ZK112BX,1,change_prevalence,1.0,0.057692307692307696,0.0,True,0.8043672108235366,FFA(22:1);FFA(24:1);SM(26:0),PC(16:0_16:0);FFA(22:0);PC(18:0_18:0),3,0.1
ZK112BX:722->728,ZK112BX,1,autoregressive_ridge,1.0,0.057692307692307696,0.0,True,0.5285627670119338,FFA(16:0);FFA(14:0);FFA(17:0),PC(16:0_16:0);FFA(22:0);PC(18:0_18:0),3,0.1
ZK112BX:722->728,ZK112BX,1,autoregressive_context_ridge,0.6666666666666666,0.038461538461538464,0.0,True,0.4067797539022819,FFA(16:0);FFA(22:4);FFA(14:0),PC(16:0_16:0);FFA(22:0);PC(18:0_18:0),3,0.1
ZK112BX:728->734,ZK112BX,1,change_prevalence,1.0,0.057692307692307696,0.0,True,0.8267643706018697,FFA(22:1);FFA(24:1);SM(26:0),PC(16:0_16:0);PC(16:0_18:0);PC(18:0_18:0),3,0.1
ZK112BX:728->734,ZK112BX,1,autoregressive_ridge,1.0,0.057692307692307696,0.3333333333333333,True,0.7584172094235953,FFA(22:0);FFA(20:3);PC(16:0_16:0),PC(16:0_16:0);PC(16:0_18:0);PC(18:0_18:0),3,0.1
ZK112BX:728->734,ZK112BX,1,autoregressive_context_ridge,1.0,0.057692307692307696,0.3333333333333333,True,0.7584172094235953,FFA(22:0);FFA(20:3);PC(16:0_16:0),PC(16:0_16:0);PC(16:0_18:0);PC(18:0_18:0),3,0.1
ZK112BX:734->740,ZK112BX,1,change_prevalence,0.0,0.0,0.0,False,0.3566450763651764,FFA(22:1);FFA(24:1);SM(26:0),FFA(18:4);TAG48:4-FA18:1;TAG46:2-FA12:0,3,0.1
ZK112BX:734->740,ZK112BX,1,autoregressive_ridge,0.3333333333333333,0.019230769230769232,0.3333333333333333,True,0.6360871770913755,FFA(18:4);FFA(16:0);FFA(14:0),FFA(18:4);TAG48:4-FA18:1;TAG46:2-FA12:0,3,0.1
ZK112BX:734->740,ZK112BX,1,autoregressive_context_ridge,0.3333333333333333,0.019230769230769232,0.3333333333333333,True,0.6360871770913755,FFA(18:4);FFA(16:0);FFA(14:0),FFA(18:4);TAG48:4-FA18:1;TAG46:2-FA12:0,3,0.1
ZLTUJTN:708->711,ZLTUJTN,1,change_prevalence,0.0,0.0,0.0,False,0.0418729048243407,FFA(22:1);FFA(24:1);SM(26:0),FFA(17:0);PE(P-18:0_18:2);FFA(20:0),3,0.1
ZLTUJTN:708->711,ZLTUJTN,1,autoregressive_ridge,0.6666666666666666,0.038461538461538464,0.0,True,0.6775699923451752,LPC(15:0);TAG53:4-FA17:0;LPC(17:0),FFA(17:0);PE(P-18:0_18:2);FFA(20:0),3,0.1
ZLTUJTN:708->711,ZLTUJTN,1,autoregressive_context_ridge,0.6666666666666666,0.038461538461538464,0.0,True,0.6395199518837148,LPC(15:0);LPC(17:0);FFA(22:1),FFA(17:0);PE(P-18:0_18:2);FFA(20:0),3,0.1
ZLTUJTN:711->714,ZLTUJTN,1,change_prevalence,0.3333333333333333,0.019230769230769232,0.3333333333333333,True,0.43056063162581526,FFA(22:1);FFA(24:1);SM(26:0),SM(26:0);FFA(18:4);FFA(20:5),3,0.1
ZLTUJTN:711->714,ZLTUJTN,1,autoregressive_ridge,0.0,0.0,0.0,False,0.22234786387149322,TAG55:3-FA18:2;TAG56:10-FA18:2;FFA(22:1),SM(26:0);FFA(18:4);FFA(20:5),3,0.1
ZLTUJTN:711->714,ZLTUJTN,1,autoregressive_context_ridge,0.0,0.0,0.0,False,0.27007323678690526,FFA(22:1);FFA(24:0);FFA(24:1),SM(26:0);FFA(18:4);FFA(20:5),3,0.1
ZLTUJTN:714->717,ZLTUJTN,1,change_prevalence,0.6666666666666666,0.038461538461538464,0.3333333333333333,True,0.552530572520485,FFA(22:1);FFA(24:1);SM(26:0),SM(26:0);PE(18:0_18:1);PE(18:0_18:2),3,0.1
ZLTUJTN:714->717,ZLTUJTN,1,autoregressive_ridge,0.6666666666666666,0.038461538461538464,0.3333333333333333,True,0.7256452965664427,SM(26:0);FFA(22:1);FFA(22:2),SM(26:0);PE(18:0_18:1);PE(18:0_18:2),3,0.1
ZLTUJTN:714->717,ZLTUJTN,1,autoregressive_context_ridge,1.0,0.057692307692307696,0.3333333333333333,True,0.7857575236795352,SM(26:0);FFA(22:1);LPE(20:4),SM(26:0);PE(18:0_18:1);PE(18:0_18:2),3,0.1
ZLTUJTN:717->720,ZLTUJTN,1,change_prevalence,1.0,0.057692307692307696,0.3333333333333333,True,0.5334320459326448,FFA(22:1);FFA(24:1);SM(26:0),FFA(20:0);PC(16:0_14:0);SM(26:0),3,0.1
ZLTUJTN:717->720,ZLTUJTN,1,autoregressive_ridge,1.0,0.057692307692307696,0.3333333333333333,True,0.5678003502486346,PE(18:0_18:1);PE(18:0_18:2);SM(26:0),FFA(20:0);PC(16:0_14:0);SM(26:0),3,0.1
ZLTUJTN:717->720,ZLTUJTN,1,autoregressive_context_ridge,1.0,0.057692307692307696,0.3333333333333333,True,0.5678003502486346,PE(18:0_18:1);PE(18:0_18:2);SM(26:0),FFA(20:0);PC(16:0_14:0);SM(26:0),3,0.1
ZLTUJTN:720->723,ZLTUJTN,1,change_prevalence,1.0,0.057692307692307696,0.3333333333333333,True,0.6892895992121552,FFA(22:1);FFA(24:1);SM(26:0),PC(16:0_16:0);PC(16:0_18:0);SM(26:0),3,0.1
ZLTUJTN:720->723,ZLTUJTN,1,autoregressive_ridge,1.0,0.057692307692307696,0.0,True,0.8533987795670708,FFA(20:0);PC(16:0_14:0);PC(14:0_18:1),PC(16:0_16:0);PC(16:0_18:0);SM(26:0),3,0.1
ZLTUJTN:720->723,ZLTUJTN,1,autoregressive_context_ridge,1.0,0.057692307692307696,0.0,True,0.8533987795670708,FFA(20:0);PC(16:0_14:0);PC(14:0_18:1),PC(16:0_16:0);PC(16:0_18:0);SM(26:0),3,0.1
ZLTUJTN:723->724,ZLTUJTN,1,change_prevalence,0.6666666666666666,0.038461538461538464,0.0,True,0.4962031733690898,FFA(22:1);FFA(24:1);SM(26:0),PC(18:0_18:0);PC(16:0_16:0);PC(16:0_18:0),3,0.1
ZLTUJTN:723->724,ZLTUJTN,1,autoregressive_ridge,0.3333333333333333,0.019230769230769232,0.0,True,0.1650436023578513,SM(26:0);FFA(18:4);TAG53:2-FA18:2,PC(18:0_18:0);PC(16:0_16:0);PC(16:0_18:0),3,0.1
ZLTUJTN:723->724,ZLTUJTN,1,autoregressive_context_ridge,0.3333333333333333,0.019230769230769232,0.0,True,0.2004861558833588,FFA(18:4);SM(26:0);PI(18:0_20:4),PC(18:0_18:0);PC(16:0_16:0);PC(16:0_18:0),3,0.1
ZLTUJTN:724->727,ZLTUJTN,1,change_prevalence,0.6666666666666666,0.038461538461538464,0.0,True,0.3508755814589422,FFA(22:1);FFA(24:1);SM(26:0),PC(18:0_18:0);FFA(22:5);PC(16:0_16:0),3,0.1
ZLTUJTN:724->727,ZLTUJTN,1,autoregressive_ridge,1.0,0.057692307692307696,0.6666666666666666,True,0.9856148702292673,PC(18:0_18:0);PC(16:0_18:0);PC(16:0_16:0),PC(18:0_18:0);FFA(22:5);PC(16:0_16:0),3,0.1
ZLTUJTN:724->727,ZLTUJTN,1,autoregressive_context_ridge,1.0,0.057692307692307696,0.6666666666666666,True,0.9859198192857286,PC(18:0_18:0);PC(16:0_16:0);PC(16:0_18:0),PC(18:0_18:0);FFA(22:5);PC(16:0_16:0),3,0.1
ZLTUJTN:727->729,ZLTUJTN,1,change_prevalence,0.3333333333333333,0.019230769230769232,0.0,True,0.2127408730140041,FFA(22:1);FFA(24:1);SM(26:0),FFA(20:2);FFA(18:4);PI(16:0_18:2),3,0.1
ZLTUJTN:727->729,ZLTUJTN,1,autoregressive_ridge,0.6666666666666666,0.038461538461538464,0.3333333333333333,True,0.5552265923090829,FFA(22:5);FFA(22:2);FFA(18:4),FFA(20:2);FFA(18:4);PI(16:0_18:2),3,0.1
ZLTUJTN:727->729,ZLTUJTN,1,autoregressive_context_ridge,0.6666666666666666,0.038461538461538464,0.0,True,0.42389454048950026,FFA(22:5);FFA(22:2);PI(16:0_20:4),FFA(20:2);FFA(18:4);PI(16:0_18:2),3,0.1
ZLTUJTN:729->734,ZLTUJTN,1,change_prevalence,0.6666666666666666,0.038461538461538464,0.3333333333333333,True,0.2966261031599041,FFA(22:1);FFA(24:1);SM(26:0),FFA(22:5);FFA(20:2);SM(26:0),3,0.1
ZLTUJTN:729->734,ZLTUJTN,1,autoregressive_ridge,0.6666666666666666,0.038461538461538464,0.6666666666666666,True,0.8895283873987696,FFA(22:5);FFA(20:2);FFA(22:0),FFA(22:5);FFA(20:2);SM(26:0),3,0.1
ZLTUJTN:729->734,ZLTUJTN,1,autoregressive_context_ridge,0.6666666666666666,0.038461538461538464,0.6666666666666666,True,0.8421410213639557,FFA(22:5);FFA(20:2);CE(20:2),FFA(22:5);FFA(20:2);SM(26:0),3,0.1
ZLTUJTN:734->735,ZLTUJTN,1,change_prevalence,1.0,0.057692307692307696,0.0,True,0.6051383390366534,FFA(22:1);FFA(24:1);SM(26:0),FFA(18:4);SM(22:0);SM(20:0),3,0.1
ZLTUJTN:734->735,ZLTUJTN,1,autoregressive_ridge,0.6666666666666666,0.038461538461538464,0.6666666666666666,True,0.8106304175456549,FFA(18:4);SM(20:0);CE(20:2),FFA(18:4);SM(22:0);SM(20:0),3,0.1
ZLTUJTN:734->735,ZLTUJTN,1,autoregressive_context_ridge,0.6666666666666666,0.038461538461538464,0.6666666666666666,True,0.7634881562726192,FFA(18:4);CE(20:2);SM(20:0),FFA(18:4);SM(22:0);SM(20:0),3,0.1
ZLTUJTN:735->742,ZLTUJTN,1,change_prevalence,0.0,0.0,0.0,False,0.10016894986069146,FFA(22:1);FFA(24:1);SM(26:0),PI(18:0_18:1);PI(18:0_18:2);PE(P-18:1_18:2),3,0.1
ZLTUJTN:735->742,ZLTUJTN,1,autoregressive_ridge,0.3333333333333333,0.019230769230769232,0.0,True,0.5634445214780465,SM(22:0);CE(20:2);PE(P-18:1_18:1),PI(18:0_18:1);PI(18:0_18:2);PE(P-18:1_18:2),3,0.1
ZLTUJTN:735->742,ZLTUJTN,1,autoregressive_context_ridge,0.6666666666666666,0.038461538461538464,0.0,True,0.6039953729881401,CE(20:2);SM(22:0);PC(14:0_18:2),PI(18:0_18:1);PI(18:0_18:2);PE(P-18:1_18:2),3,0.1
ZLTUJTN:742->747,ZLTUJTN,1,change_prevalence,0.6666666666666666,0.038461538461538464,0.0,True,0.6871144004289856,FFA(22:1);FFA(24:1);SM(26:0),PI(18:0_18:2);FFA(22:0);FFA(24:0),3,0.1
ZLTUJTN:742->747,ZLTUJTN,1,autoregressive_ridge,0.3333333333333333,0.019230769230769232,0.0,True,0.5577302429342148,TAG54:3-FA18:3;TAG50:3-FA18:3;TAG52:5-FA16:0,PI(18:0_18:2);FFA(22:0);FFA(24:0),3,0.1
ZLTUJTN:742->747,ZLTUJTN,1,autoregressive_context_ridge,0.0,0.0,0.0,False,0.4045020513387052,LPE(20:4);TAG53:2-FA18:2;TAG54:3-FA18:3,PI(18:0_18:2);FFA(22:0);FFA(24:0),3,0.1
ZLTUJTN:747->752,ZLTUJTN,1,change_prevalence,0.3333333333333333,0.019230769230769232,0.0,True,0.40703308865634763,FFA(22:1);FFA(24:1);SM(26:0),PI(16:0_20:4);PE(18:1_18:2);LPE(16:0),3,0.1
ZLTUJTN:747->752,ZLTUJTN,1,autoregressive_ridge,0.6666666666666666,0.038461538461538464,0.0,True,0.6604972335589556,FFA(24:1);PE(P-16:0_22:5);FFA(24:0),PI(16:0_20:4);PE(18:1_18:2);LPE(16:0),3,0.1
ZLTUJTN:747->752,ZLTUJTN,1,autoregressive_context_ridge,1.0,0.057692307692307696,0.0,True,0.7517357594638636,FFA(24:1);FFA(24:0);PC(16:0_18:0),PI(16:0_20:4);PE(18:1_18:2);LPE(16:0),3,0.1
ZMBH10Z:633->634,ZMBH10Z,1,change_prevalence,0.0,0.0,0.0,False,0.2555992667441697,FFA(22:1);FFA(24:1);SM(26:0),FFA(18:0);PI(16:0_20:4);PC(16:0_18:3),3,0.1
ZMBH10Z:633->634,ZMBH10Z,1,autoregressive_ridge,0.6666666666666666,0.038461538461538464,0.0,True,0.722816186285013,TAG50:5-FA14:0;TAG54:7-FA22:5;TAG54:8-FA18:3,FFA(18:0);PI(16:0_20:4);PC(16:0_18:3),3,0.1
ZMBH10Z:633->634,ZMBH10Z,1,autoregressive_context_ridge,0.6666666666666666,0.038461538461538464,0.0,True,0.7012338809828493,FFA(18:4);TAG50:5-FA14:0;TAG56:9-FA18:3,FFA(18:0);PI(16:0_20:4);PC(16:0_18:3),3,0.1
ZMBH10Z:634->639,ZMBH10Z,1,change_prevalence,0.0,0.0,0.0,False,0.31496369764281923,FFA(22:1);FFA(24:1);SM(26:0),LPE(18:1);PI(16:0_18:1);LPE(18:2),3,0.1
ZMBH10Z:634->639,ZMBH10Z,1,autoregressive_ridge,0.6666666666666666,0.038461538461538464,0.0,True,0.6244380676140883,FFA(18:0);FFA(17:0);FFA(14:0),LPE(18:1);PI(16:0_18:1);LPE(18:2),3,0.1
ZMBH10Z:634->639,ZMBH10Z,1,autoregressive_context_ridge,0.6666666666666666,0.038461538461538464,0.0,True,0.6452226174156559,FFA(18:0);FFA(16:0);FFA(14:0),LPE(18:1);PI(16:0_18:1);LPE(18:2),3,0.1
ZMBH10Z:639->642,ZMBH10Z,1,change_prevalence,0.6666666666666666,0.038461538461538464,0.0,True,0.5582549333637898,FFA(22:1);FFA(24:1);SM(26:0),PE(18:0_18:1);PE(18:0_18:2);PE(18:0_20:4),3,0.1
ZMBH10Z:639->642,ZMBH10Z,1,autoregressive_ridge,1.0,0.057692307692307696,0.3333333333333333,True,0.7003958473361676,PI(16:0_18:1);LPE(18:1);PE(18:0_18:1),PE(18:0_18:1);PE(18:0_18:2);PE(18:0_20:4),3,0.1
ZMBH10Z:639->642,ZMBH10Z,1,autoregressive_context_ridge,1.0,0.057692307692307696,0.6666666666666666,True,0.915409654260159,PE(18:0_18:1);PI(16:0_18:1);PE(18:0_18:2),PE(18:0_18:1);PE(18:0_18:2);PE(18:0_20:4),3,0.1
ZMBH10Z:642->648,ZMBH10Z,1,change_prevalence,0.6666666666666666,0.038461538461538464,0.0,True,0.5171936593537914,FFA(22:1);FFA(24:1);SM(26:0),CE(22:5);FFA(18:4);CE(22:4),3,0.1
ZMBH10Z:642->648,ZMBH10Z,1,autoregressive_ridge,0.0,0.0,0.0,False,0.3914564011337071,TAG48:4-FA18:2;TAG50:4-FA14:0;TAG48:3-FA18:1,CE(22:5);FFA(18:4);CE(22:4),3,0.1
ZMBH10Z:642->648,ZMBH10Z,1,autoregressive_context_ridge,0.3333333333333333,0.019230769230769232,0.0,True,0.40767898977851824,TAG48:4-FA18:2;PE(18:0_22:5);FFA(16:0),CE(22:5);FFA(18:4);CE(22:4),3,0.1
ZMBH10Z:648->651,ZMBH10Z,1,change_prevalence,1.0,0.057692307692307696,0.0,True,0.5366150250226598,FFA(22:1);FFA(24:1);SM(26:0),FFA(17:0);TAG48:4-FA12:0;TAG48:4-FA18:2,3,0.1
ZMBH10Z:648->651,ZMBH10Z,1,autoregressive_ridge,1.0,0.057692307692307696,0.3333333333333333,True,0.8865134775213116,FFA(17:0);FFA(20:4);CE(22:5),FFA(17:0);TAG48:4-FA12:0;TAG48:4-FA18:2,3,0.1
ZMBH10Z:648->651,ZMBH10Z,1,autoregressive_context_ridge,1.0,0.057692307692307696,0.3333333333333333,True,0.8865134775213116,FFA(17:0);FFA(20:4);CE(22:5),FFA(17:0);TAG48:4-FA12:0;TAG48:4-FA18:2,3,0.1
ZMBH10Z:651->656,ZMBH10Z,1,change_prevalence,0.3333333333333333,0.019230769230769232,0.3333333333333333,True,0.2270600279229643,FFA(22:1);FFA(24:1);SM(26:0),FFA(20:0);PE(18:0_18:2);SM(26:0),3,0.1
ZMBH10Z:651->656,ZMBH10Z,1,autoregressive_ridge,1.0,0.057692307692307696,0.6666666666666666,True,0.720038241096997,TAG55:4-FA18:2;SM(26:0);FFA(20:0),FFA(20:0);PE(18:0_18:2);SM(26:0),3,0.1
ZMBH10Z:651->656,ZMBH10Z,1,autoregressive_context_ridge,1.0,0.057692307692307696,0.0,True,0.5629797773014048,TAG46:2-FA12:0;TAG46:2-FA16:0;TAG46:2-FA18:2,FFA(20:0);PE(18:0_18:2);SM(26:0),3,0.1
ZMBH10Z:687->693,ZMBH10Z,1,change_prevalence,0.6666666666666666,0.038461538461538464,0.0,True,0.5493811098482689,FFA(22:1);FFA(24:1);SM(26:0),FFA(20:0);TAG48:2-FA12:0;TAG48:3-FA12:0,3,0.1
ZMBH10Z:687->693,ZMBH10Z,1,autoregressive_ridge,1.0,0.057692307692307696,0.0,True,0.6132981547186098,FFA(17:0);FFA(18:0);FFA(16:0),FFA(20:0);TAG48:2-FA12:0;TAG48:3-FA12:0,3,0.1
ZMBH10Z:687->693,ZMBH10Z,1,autoregressive_context_ridge,1.0,0.057692307692307696,0.0,True,0.6132981547186098,FFA(17:0);FFA(18:0);FFA(16:0),FFA(20:0);TAG48:2-FA12:0;TAG48:3-FA12:0,3,0.1
ZN3TBJM:790->793,ZN3TBJM,1,change_prevalence,1.0,0.057692307692307696,0.3333333333333333,True,0.8216326611178173,FFA(22:1);FFA(24:1);SM(26:0),SM(26:0);FFA(20:3);FFA(18:4),3,0.1
ZN3TBJM:790->793,ZN3TBJM,1,autoregressive_ridge,1.0,0.057692307692307696,0.3333333333333333,True,0.723171937965599,LPE(16:0);LPC(17:0);SM(26:0),SM(26:0);FFA(20:3);FFA(18:4),3,0.1
ZN3TBJM:790->793,ZN3TBJM,1,autoregressive_context_ridge,1.0,0.057692307692307696,0.0,True,0.6264550176359454,LPE(16:0);LPC(17:0);LPE(18:0),SM(26:0);FFA(20:3);FFA(18:4),3,0.1
ZN3TBJM:793->796,ZN3TBJM,1,change_prevalence,1.0,0.057692307692307696,0.3333333333333333,True,0.6702538977647807,FFA(22:1);FFA(24:1);SM(26:0),SM(26:0);PE(O-18:0_20:4);TAG54:1-FA18:0,3,0.1
ZN3TBJM:793->796,ZN3TBJM,1,autoregressive_ridge,0.3333333333333333,0.019230769230769232,0.0,True,0.4530063894136128,PE(P-18:1_20:4);LPC(16:0);LPC(17:0),SM(26:0);PE(O-18:0_20:4);TAG54:1-FA18:0,3,0.1
ZN3TBJM:793->796,ZN3TBJM,1,autoregressive_context_ridge,0.3333333333333333,0.019230769230769232,0.0,True,0.35277979734991416,LPC(16:0);PE(P-18:1_20:4);LPC(17:0),SM(26:0);PE(O-18:0_20:4);TAG54:1-FA18:0,3,0.1
ZN3TBJM:796->799,ZN3TBJM,1,change_prevalence,1.0,0.057692307692307696,0.0,True,0.48115283157372246,FFA(22:1);FFA(24:1);SM(26:0),FFA(18:0);FFA(20:0);SM(18:1),3,0.1
ZN3TBJM:796->799,ZN3TBJM,1,autoregressive_ridge,0.6666666666666666,0.038461538461538464,0.3333333333333333,True,0.5754199909301967,FFA(22:1);FFA(20:0);FFA(22:0),FFA(18:0);FFA(20:0);SM(18:1),3,0.1
ZN3TBJM:796->799,ZN3TBJM,1,autoregressive_context_ridge,0.3333333333333333,0.019230769230769232,0.0,True,0.3803765707785028,FFA(22:1);FFA(22:0);LPC(18:0),FFA(18:0);FFA(20:0);SM(18:1),3,0.1
ZN3TBJM:799->801,ZN3TBJM,1,change_prevalence,0.3333333333333333,0.019230769230769232,0.0,True,0.07990488608383797,FFA(22:1);FFA(24:1);SM(26:0),SM(18:1);LPE(20:4);SM(20:0),3,0.1
ZN3TBJM:799->801,ZN3TBJM,1,autoregressive_ridge,1.0,0.057692307692307696,0.0,True,0.45360140708850477,PE(18:0_18:2);FFA(18:0);PE(18:0_18:1),SM(18:1);LPE(20:4);SM(20:0),3,0.1
ZN3TBJM:799->801,ZN3TBJM,1,autoregressive_context_ridge,1.0,0.057692307692307696,0.0,True,0.5397250433618713,FFA(18:0);PE(18:0_18:2);PE(18:0_18:1),SM(18:1);LPE(20:4);SM(20:0),3,0.1
ZN3TBJM:801->802,ZN3TBJM,1,change_prevalence,0.6666666666666666,0.038461538461538464,0.0,True,0.26369181610251125,FFA(22:1);FFA(24:1);SM(26:0),SM(18:1);SM(20:0);LPE(20:4),3,0.1
ZN3TBJM:801->802,ZN3TBJM,1,autoregressive_ridge,1.0,0.057692307692307696,1.0,True,0.9968187225628459,SM(18:1);LPE(20:4);SM(20:0),SM(18:1);SM(20:0);LPE(20:4),3,0.1
ZN3TBJM:801->802,ZN3TBJM,1,autoregressive_context_ridge,1.0,0.057692307692307696,1.0,True,0.9968187225628459,SM(18:1);LPE(20:4);SM(20:0),SM(18:1);SM(20:0);LPE(20:4),3,0.1
ZN3TBJM:802->803,ZN3TBJM,1,change_prevalence,1.0,0.057692307692307696,0.0,True,0.7210999544080019,FFA(22:1);FFA(24:1);SM(26:0),SM(20:0);SM(22:0);FFA(22:2),3,0.1
ZN3TBJM:802->803,ZN3TBJM,1,autoregressive_ridge,0.3333333333333333,0.019230769230769232,0.0,True,0.47571894713758345,LPC(16:0);LPE(16:0);LPC(18:1),SM(20:0);SM(22:0);FFA(22:2),3,0.1
ZN3TBJM:802->803,ZN3TBJM,1,autoregressive_context_ridge,0.3333333333333333,0.019230769230769232,0.0,True,0.47571894713758345,LPC(16:0);LPE(16:0);LPC(18:1),SM(20:0);SM(22:0);FFA(22:2),3,0.1
ZN3TBJM:803->804,ZN3TBJM,1,change_prevalence,0.0,0.0,0.0,False,0.2186896722648214,FFA(22:1);FFA(24:1);SM(26:0),FFA(18:0);FFA(17:0);FFA(16:0),3,0.1
ZN3TBJM:803->804,ZN3TBJM,1,autoregressive_ridge,0.6666666666666666,0.038461538461538464,0.0,True,0.5093721729074359,LPC(18:0);SM(26:0);LPC(18:1),FFA(18:0);FFA(17:0);FFA(16:0),3,0.1
ZN3TBJM:803->804,ZN3TBJM,1,autoregressive_context_ridge,1.0,0.057692307692307696,0.0,True,0.5987817957071588,LPC(18:0);LPE(16:0);LPC(18:1),FFA(18:0);FFA(17:0);FFA(16:0),3,0.1
ZN3TBJM:804->805,ZN3TBJM,1,change_prevalence,0.0,0.0,0.0,False,0.2956809664549412,FFA(22:1);FFA(24:1);SM(26:0),FFA(22:4);PC(18:0_20:2);PC(16:0_20:2),3,0.1
ZN3TBJM:804->805,ZN3TBJM,1,autoregressive_ridge,1.0,0.057692307692307696,0.0,True,0.7822447325753248,FFA(18:0);FFA(16:0);FFA(17:0),FFA(22:4);PC(18:0_20:2);PC(16:0_20:2),3,0.1
ZN3TBJM:804->805,ZN3TBJM,1,autoregressive_context_ridge,1.0,0.057692307692307696,0.0,True,0.8134681575477258,FFA(18:0);FFA(16:0);FFA(20:5),FFA(22:4);PC(18:0_20:2);PC(16:0_20:2),3,0.1
ZN3TBJM:805->808,ZN3TBJM,1,change_prevalence,0.3333333333333333,0.019230769230769232,0.0,True,0.35763213520797116,FFA(22:1);FFA(24:1);SM(26:0),LPC(15:0);TAG46:2-FA18:1;TAG44:1-FA18:1,3,0.1
ZN3TBJM:805->808,ZN3TBJM,1,autoregressive_ridge,0.6666666666666666,0.038461538461538464,0.0,True,0.40053188487767905,FFA(18:0);FFA(22:1);FFA(22:2),LPC(15:0);TAG46:2-FA18:1;TAG44:1-FA18:1,3,0.1
ZN3TBJM:805->808,ZN3TBJM,1,autoregressive_context_ridge,0.6666666666666666,0.038461538461538464,0.0,True,0.40053188487767905,FFA(18:0);FFA(22:1);FFA(22:2),LPC(15:0);TAG46:2-FA18:1;TAG44:1-FA18:1,3,0.1
ZN3TBJM:808->809,ZN3TBJM,1,change_prevalence,0.3333333333333333,0.019230769230769232,0.0,True,0.4733030092304326,FFA(22:1);FFA(24:1);SM(26:0),FFA(18:4);LPC(15:0);CE(22:5),3,0.1
ZN3TBJM:808->809,ZN3TBJM,1,autoregressive_ridge,1.0,0.057692307692307696,0.3333333333333333,True,0.7295312193322061,LPE(16:0);LPC(15:0);LPC(17:0),FFA(18:4);LPC(15:0);CE(22:5),3,0.1
ZN3TBJM:808->809,ZN3TBJM,1,autoregressive_context_ridge,1.0,0.057692307692307696,0.3333333333333333,True,0.7115815062876294,LPE(16:0);LPC(17:0);LPC(15:0),FFA(18:4);LPC(15:0);CE(22:5),3,0.1
ZN3TBJM:809->814,ZN3TBJM,1,change_prevalence,0.0,0.0,0.0,False,0.1320564361319976,FFA(22:1);FFA(24:1);SM(26:0),CE(22:5);FFA(17:0);FFA(18:0),3,0.1
ZN3TBJM:809->814,ZN3TBJM,1,autoregressive_ridge,1.0,0.057692307692307696,0.3333333333333333,True,0.7803012274558235,LPC(16:0);LPC(17:0);CE(22:5),CE(22:5);FFA(17:0);FFA(18:0),3,0.1
ZN3TBJM:809->814,ZN3TBJM,1,autoregressive_context_ridge,1.0,0.057692307692307696,0.0,True,0.6391419495193559,LPC(16:0);LPC(17:0);LPE(16:0),CE(22:5);FFA(17:0);FFA(18:0),3,0.1
ZN3TBJM:814->815,ZN3TBJM,1,change_prevalence,0.6666666666666666,0.038461538461538464,0.3333333333333333,True,0.45473930963630577,FFA(22:1);FFA(24:1);SM(26:0),FFA(20:0);SM(26:0);FFA(12:0),3,0.1
ZN3TBJM:814->815,ZN3TBJM,1,autoregressive_ridge,0.0,0.0,0.0,False,0.24262431154335368,LPE(16:0);LPC(18:1);TAG58:8-FA22:5,FFA(20:0);SM(26:0);FFA(12:0),3,0.1
ZN3TBJM:814->815,ZN3TBJM,1,autoregressive_context_ridge,0.0,0.0,0.0,False,0.26190089054928894,LPE(16:0);LPC(17:0);LPC(16:0),FFA(20:0);SM(26:0);FFA(12:0),3,0.1
ZN3TBJM:815->818,ZN3TBJM,1,change_prevalence,0.3333333333333333,0.019230769230769232,0.0,True,0.32031565280254465,FFA(22:1);FFA(24:1);SM(26:0),PE(18:0_18:1);PE(18:0_18:2);FFA(16:0),3,0.1
ZN3TBJM:815->818,ZN3TBJM,1,autoregressive_ridge,1.0,0.057692307692307696,0.0,True,0.6835055000402188,FFA(12:0);FFA(20:0);SM(26:0),PE(18:0_18:1);PE(18:0_18:2);FFA(16:0),3,0.1
ZN3TBJM:815->818,ZN3TBJM,1,autoregressive_context_ridge,0.6666666666666666,0.038461538461538464,0.0,True,0.572253330972534,FFA(20:0);FFA(12:0);LPE(16:0),PE(18:0_18:1);PE(18:0_18:2);FFA(16:0),3,0.1
ZN3TBJM:818->819,ZN3TBJM,1,change_prevalence,0.0,0.0,0.0,False,0.16998622933255916,FFA(22:1);FFA(24:1);SM(26:0),PE(18:0_18:1);PE(18:0_20:4);PE(18:0_18:2),3,0.1
ZN3TBJM:818->819,ZN3TBJM,1,autoregressive_ridge,0.6666666666666666,0.038461538461538464,0.6666666666666666,True,0.7957228979198637,PE(18:0_18:1);LPE(16:0);PE(18:0_18:2),PE(18:0_18:1);PE(18:0_20:4);PE(18:0_18:2),3,0.1
ZN3TBJM:818->819,ZN3TBJM,1,autoregressive_context_ridge,0.3333333333333333,0.019230769230769232,0.3333333333333333,True,0.44272392471826216,LPE(16:0);PE(18:0_18:1);LPC(16:0),PE(18:0_18:1);PE(18:0_20:4);PE(18:0_18:2),3,0.1
ZN3TBJM:819->820,ZN3TBJM,1,change_prevalence,0.3333333333333333,0.019230769230769232,0.0,True,0.22574605041311793,FFA(22:1);FFA(24:1);SM(26:0),PE(18:0_18:1);TAG48:4-FA12:0;FFA(17:0),3,0.1
ZN3TBJM:819->820,ZN3TBJM,1,autoregressive_ridge,0.0,0.0,0.0,False,0.2366500534757018,LPC(16:0);PC(16:0_16:0);LPC(18:1),PE(18:0_18:1);TAG48:4-FA12:0;FFA(17:0),3,0.1
ZN3TBJM:819->820,ZN3TBJM,1,autoregressive_context_ridge,0.3333333333333333,0.019230769230769232,0.0,True,0.40555412398621593,FFA(18:4);LPC(18:1);FFA(20:2),PE(18:0_18:1);TAG48:4-FA12:0;FFA(17:0),3,0.1
ZN3TBJM:820->822,ZN3TBJM,1,change_prevalence,1.0,0.057692307692307696,0.3333333333333333,True,0.678945371523847,FFA(22:1);FFA(24:1);SM(26:0),SM(26:0);FFA(20:0);FFA(22:0),3,0.1
ZN3TBJM:820->822,ZN3TBJM,1,autoregressive_ridge,0.0,0.0,0.0,False,0.1844650019120984,LPC(16:0);LPC(18:0);LPE(16:0),SM(26:0);FFA(20:0);FFA(22:0),3,0.1
ZN3TBJM:820->822,ZN3TBJM,1,autoregressive_context_ridge,0.3333333333333333,0.019230769230769232,0.0,True,0.2876466129461266,FFA(20:2);FFA(20:1);TAG58:3-FA18:1,SM(26:0);FFA(20:0);FFA(22:0),3,0.1
ZN3TBJM:822->823,ZN3TBJM,1,change_prevalence,0.6666666666666666,0.038461538461538464,0.0,True,0.5256940191076981,FFA(22:1);FFA(24:1);SM(26:0),LPC(17:0);LPC(16:0);PE(18:0_22:5),3,0.1
ZN3TBJM:822->823,ZN3TBJM,1,autoregressive_ridge,1.0,0.057692307692307696,0.6666666666666666,True,0.9728764076599412,LPC(16:0);LPC(18:1);LPC(17:0),LPC(17:0);LPC(16:0);PE(18:0_22:5),3,0.1
ZN3TBJM:822->823,ZN3TBJM,1,autoregressive_context_ridge,1.0,0.057692307692307696,0.6666666666666666,True,0.9882564883687883,LPC(16:0);LPC(17:0);LPC(18:1),LPC(17:0);LPC(16:0);PE(18:0_22:5),3,0.1
ZN3TBJM:823->827,ZN3TBJM,1,change_prevalence,1.0,0.057692307692307696,0.3333333333333333,True,0.7861392079352497,FFA(22:1);FFA(24:1);SM(26:0),SM(26:0);LPE(18:2);SM(20:0),3,0.1
ZN3TBJM:823->827,ZN3TBJM,1,autoregressive_ridge,0.6666666666666666,0.038461538461538464,0.6666666666666666,True,0.7420989003003743,SM(26:0);LPC(20:3);SM(20:0),SM(26:0);LPE(18:2);SM(20:0),3,0.1
ZN3TBJM:823->827,ZN3TBJM,1,autoregressive_context_ridge,0.3333333333333333,0.019230769230769232,0.3333333333333333,True,0.6139852744186093,SM(26:0);LPC(20:3);CE(22:5),SM(26:0);LPE(18:2);SM(20:0),3,0.1
ZN3TBJM:827->828,ZN3TBJM,1,change_prevalence,1.0,0.057692307692307696,0.3333333333333333,True,0.7580217997240684,FFA(22:1);FFA(24:1);SM(26:0),SM(26:0);SM(20:0);FFA(18:4),3,0.1
ZN3TBJM:827->828,ZN3TBJM,1,autoregressive_ridge,0.6666666666666666,0.038461538461538464,0.0,True,0.3964375312010184,LPE(18:2);LPE(18:1);LPC(18:2),SM(26:0);SM(20:0);FFA(18:4),3,0.1
ZN3TBJM:827->828,ZN3TBJM,1,autoregressive_context_ridge,0.6666666666666666,0.038461538461538464,0.0,True,0.3964375312010184,LPE(18:2);LPE(18:1);LPC(18:2),SM(26:0);SM(20:0);FFA(18:4),3,0.1
ZN3TBJM:828->829,ZN3TBJM,1,change_prevalence,0.0,0.0,0.0,False,0.14314156177786863,FFA(22:1);FFA(24:1);SM(26:0),LPC(15:0);LPC(16:1);LPC(16:0),3,0.1
ZN3TBJM:828->829,ZN3TBJM,1,autoregressive_ridge,0.6666666666666666,0.038461538461538464,0.0,True,0.4742508143788435,LPC(18:1);SM(26:0);FFA(12:0),LPC(15:0);LPC(16:1);LPC(16:0),3,0.1
ZN3TBJM:828->829,ZN3TBJM,1,autoregressive_context_ridge,0.6666666666666666,0.038461538461538464,0.3333333333333333,True,0.6383515782805896,LPC(18:1);LPC(16:0);LPE(16:0),LPC(15:0);LPC(16:1);LPC(16:0),3,0.1
ZN3TBJM:829->833,ZN3TBJM,1,change_prevalence,0.3333333333333333,0.019230769230769232,0.3333333333333333,True,0.38525474018367134,FFA(22:1);FFA(24:1);SM(26:0),SM(26:0);PC(18:0_18:1);TAG54:2-FA20:0,3,0.1
ZN3TBJM:829->833,ZN3TBJM,1,autoregressive_ridge,1.0,0.057692307692307696,0.3333333333333333,True,0.9169579996082348,SM(26:0);LPC(20:3);FFA(18:0),SM(26:0);PC(18:0_18:1);TAG54:2-FA20:0,3,0.1
ZN3TBJM:829->833,ZN3TBJM,1,autoregressive_context_ridge,0.6666666666666666,0.038461538461538464,0.0,True,0.5700995800909381,FFA(18:0);LPC(20:3);PC(18:0_18:0),SM(26:0);PC(18:0_18:1);TAG54:2-FA20:0,3,0.1
ZN3TBJM:833->834,ZN3TBJM,1,change_prevalence,0.3333333333333333,0.019230769230769232,0.3333333333333333,True,0.34388701735838495,FFA(22:1);FFA(24:1);SM(26:0),SM(26:0);PE(18:0_18:2);FFA(14:0),3,0.1
ZN3TBJM:833->834,ZN3TBJM,1,autoregressive_ridge,0.6666666666666666,0.038461538461538464,0.0,True,0.3807850462859934,PC(16:0_16:0);CE(18:4);PE(18:0_22:5),SM(26:0);PE(18:0_18:2);FFA(14:0),3,0.1
ZN3TBJM:833->834,ZN3TBJM,1,autoregressive_context_ridge,0.6666666666666666,0.038461538461538464,0.0,True,0.420364865783541,PE(18:0_22:5);CE(18:4);PC(16:0_16:0),SM(26:0);PE(18:0_18:2);FFA(14:0),3,0.1
ZN3TBJM:834->837,ZN3TBJM,1,change_prevalence,0.6666666666666666,0.038461538461538464,0.0,True,0.4254552597094428,FFA(22:1);FFA(24:1);SM(26:0),PE(P-16:0_18:2);LPC(18:2);LPC(15:0),3,0.1
ZN3TBJM:834->837,ZN3TBJM,1,autoregressive_ridge,0.3333333333333333,0.019230769230769232,0.0,True,0.258784609147131,SM(26:0);LPC(20:3);PE(18:1_18:2),PE(P-16:0_18:2);LPC(18:2);LPC(15:0),3,0.1
ZN3TBJM:834->837,ZN3TBJM,1,autoregressive_context_ridge,0.3333333333333333,0.019230769230769232,0.0,True,0.25048792683760607,SM(26:0);LPC(20:3);PE(P-16:0_20:4),PE(P-16:0_18:2);LPC(18:2);LPC(15:0),3,0.1
ZN3TBJM:837->838,ZN3TBJM,1,change_prevalence,1.0,0.057692307692307696,0.3333333333333333,True,0.8243878153147576,FFA(22:1);FFA(24:1);SM(26:0),FFA(22:1);FFA(22:2);LPE(20:4),3,0.1
ZN3TBJM:837->838,ZN3TBJM,1,autoregressive_ridge,1.0,0.057692307692307696,0.0,True,0.5435783469847593,LPC(18:2);LPC(15:0);SM(26:0),FFA(22:1);FFA(22:2);LPE(20:4),3,0.1
ZN3TBJM:837->838,ZN3TBJM,1,autoregressive_context_ridge,1.0,0.057692307692307696,0.0,True,0.5704343182657899,LPC(15:0);LPC(18:2);SM(26:0),FFA(22:1);FFA(22:2);LPE(20:4),3,0.1
ZN3TBJM:838->839,ZN3TBJM,1,change_prevalence,0.6666666666666666,0.038461538461538464,0.0,True,0.282817752705633,FFA(22:1);FFA(24:1);SM(26:0),FFA(20:0);LPE(20:4);PE(18:0_18:1),3,0.1
ZN3TBJM:838->839,ZN3TBJM,1,autoregressive_ridge,0.6666666666666666,0.038461538461538464,0.3333333333333333,True,0.4735948254569686,FFA(22:1);FFA(20:0);FFA(24:1),FFA(20:0);LPE(20:4);PE(18:0_18:1),3,0.1
ZN3TBJM:838->839,ZN3TBJM,1,autoregressive_context_ridge,0.3333333333333333,0.019230769230769232,0.3333333333333333,True,0.6192418594018232,FFA(20:0);LPE(16:0);FFA(22:1),FFA(20:0);LPE(20:4);PE(18:0_18:1),3,0.1
ZN3TBJM:839->846,ZN3TBJM,1,change_prevalence,1.0,0.057692307692307696,0.0,True,0.7408199325701524,FFA(22:1);FFA(24:1);SM(26:0),PC(18:0_18:0);PC(16:0_16:0);PC(16:0_18:0),3,0.1
ZN3TBJM:839->846,ZN3TBJM,1,autoregressive_ridge,1.0,0.057692307692307696,0.3333333333333333,True,0.734153492048406,SM(26:0);LPE(20:4);PC(16:0_16:0),PC(18:0_18:0);PC(16:0_16:0);PC(16:0_18:0),3,0.1
ZN3TBJM:839->846,ZN3TBJM,1,autoregressive_context_ridge,1.0,0.057692307692307696,0.0,True,0.5075581178535231,LPE(16:0);LPC(18:1);SM(26:0),PC(18:0_18:0);PC(16:0_16:0);PC(16:0_18:0),3,0.1
ZN3TBJM:846->850,ZN3TBJM,1,change_prevalence,0.6666666666666666,0.038461538461538464,0.3333333333333333,True,0.7021170291462054,FFA(22:1);FFA(24:1);SM(26:0),PC(18:0_18:0);FFA(24:0);FFA(24:1),3,0.1
ZN3TBJM:846->850,ZN3TBJM,1,autoregressive_ridge,1.0,0.057692307692307696,0.3333333333333333,True,0.9473076564569564,PC(18:0_18:0);PC(16:0_18:0);PC(16:0_16:0),PC(18:0_18:0);FFA(24:0);FFA(24:1),3,0.1
ZN3TBJM:846->850,ZN3TBJM,1,autoregressive_context_ridge,1.0,0.057692307692307696,0.6666666666666666,True,0.9884230422886819,PC(18:0_18:0);FFA(24:0);PC(16:0_16:0),PC(18:0_18:0);FFA(24:0);FFA(24:1),3,0.1
ZN3TBJM:850->851,ZN3TBJM,1,change_prevalence,1.0,0.057692307692307696,0.0,True,0.23809840027210535,FFA(22:1);FFA(24:1);SM(26:0),CE(22:4);PE(18:0_18:1);CE(20:2),3,0.1
ZN3TBJM:850->851,ZN3TBJM,1,autoregressive_ridge,1.0,0.057692307692307696,0.0,True,0.23072618974903647,FFA(24:1);FFA(24:0);FFA(22:1),CE(22:4);PE(18:0_18:1);CE(20:2),3,0.1
ZN3TBJM:850->851,ZN3TBJM,1,autoregressive_context_ridge,0.6666666666666666,0.038461538461538464,0.0,True,0.20432331045121982,FFA(22:4);LPE(16:0);FFA(24:1),CE(22:4);PE(18:0_18:1);CE(20:2),3,0.1
ZN9YTFN:702->705,ZN9YTFN,1,change_prevalence,1.0,0.057692307692307696,0.0,True,0.7688588277223354,FFA(22:1);FFA(24:1);SM(26:0),LPC(18:0);FFA(15:0);PC(18:0_18:0),3,0.1
ZN9YTFN:702->705,ZN9YTFN,1,autoregressive_ridge,1.0,0.057692307692307696,0.0,True,0.7282166083247437,FFA(24:1);SM(20:0);FFA(24:0),LPC(18:0);FFA(15:0);PC(18:0_18:0),3,0.1
ZN9YTFN:702->705,ZN9YTFN,1,autoregressive_context_ridge,1.0,0.057692307692307696,0.0,True,0.7577432302399473,FFA(24:1);FFA(24:0);FFA(22:1),LPC(18:0);FFA(15:0);PC(18:0_18:0),3,0.1
ZN9YTFN:705->706,ZN9YTFN,1,change_prevalence,0.6666666666666666,0.038461538461538464,0.0,True,0.5519787469139428,FFA(22:1);FFA(24:1);SM(26:0),PC(16:0_18:0);PC(18:0_18:0);FFA(20:3),3,0.1
ZN9YTFN:705->706,ZN9YTFN,1,autoregressive_ridge,0.6666666666666666,0.038461538461538464,0.0,True,0.5368818137167578,FFA(18:0);PE(18:0_22:5);FFA(22:2),PC(16:0_18:0);PC(18:0_18:0);FFA(20:3),3,0.1
ZN9YTFN:705->706,ZN9YTFN,1,autoregressive_context_ridge,0.3333333333333333,0.019230769230769232,0.0,True,0.45134350021440856,FFA(18:0);PE(18:0_22:5);HCER(24:1),PC(16:0_18:0);PC(18:0_18:0);FFA(20:3),3,0.1
ZN9YTFN:706->710,ZN9YTFN,1,change_prevalence,1.0,0.057692307692307696,0.0,True,0.687262342197018,FFA(22:1);FFA(24:1);SM(26:0),PC(16:0_18:0);PC(16:0_16:0);FFA(24:0),3,0.1
ZN9YTFN:706->710,ZN9YTFN,1,autoregressive_ridge,1.0,0.057692307692307696,0.6666666666666666,True,0.9807234959856915,PC(16:0_18:0);PC(16:0_16:0);FFA(20:3),PC(16:0_18:0);PC(16:0_16:0);FFA(24:0),3,0.1
ZN9YTFN:706->710,ZN9YTFN,1,autoregressive_context_ridge,1.0,0.057692307692307696,0.6666666666666666,True,0.9807234959856915,PC(16:0_18:0);PC(16:0_16:0);FFA(20:3),PC(16:0_18:0);PC(16:0_16:0);FFA(24:0),3,0.1
ZN9YTFN:710->715,ZN9YTFN,1,change_prevalence,0.6666666666666666,0.038461538461538464,0.3333333333333333,True,0.41610953931381184,FFA(22:1);FFA(24:1);SM(26:0),FFA(15:0);SM(26:0);LPE(18:2),3,0.1
ZN9YTFN:710->715,ZN9YTFN,1,autoregressive_ridge,0.3333333333333333,0.019230769230769232,0.0,True,0.2899802213800226,CE(20:2);CE(20:3);PC(18:0_22:5),FFA(15:0);SM(26:0);LPE(18:2),3,0.1
ZN9YTFN:710->715,ZN9YTFN,1,autoregressive_context_ridge,0.6666666666666666,0.038461538461538464,0.0,True,0.47905141174304805,PC(18:0_22:5);PC(16:0_22:5);CE(20:3),FFA(15:0);SM(26:0);LPE(18:2),3,0.1
ZN9YTFN:715->718,ZN9YTFN,1,change_prevalence,0.6666666666666666,0.038461538461538464,0.3333333333333333,True,0.6478275692311471,FFA(22:1);FFA(24:1);SM(26:0),PE(18:0_18:1);PE(18:0_22:5);SM(26:0),3,0.1
ZN9YTFN:715->718,ZN9YTFN,1,autoregressive_ridge,0.6666666666666666,0.038461538461538464,0.3333333333333333,True,0.615056984944801,SM(26:0);FFA(15:0);PE(16:0_18:2),PE(18:0_18:1);PE(18:0_22:5);SM(26:0),3,0.1
ZN9YTFN:715->718,ZN9YTFN,1,autoregressive_context_ridge,0.6666666666666666,0.038461538461538464,0.3333333333333333,True,0.6565995691246846,SM(26:0);FFA(15:0);PE(O-16:0_20:4),PE(18:0_18:1);PE(18:0_22:5);SM(26:0),3,0.1
ZN9YTFN:718->720,ZN9YTFN,1,change_prevalence,1.0,0.057692307692307696,0.0,True,0.9122920312484528,FFA(22:1);FFA(24:1);SM(26:0),TAG46:2-FA12:0;TAG46:2-FA16:0;TAG46:1-FA12:0,3,0.1
ZN9YTFN:718->720,ZN9YTFN,1,autoregressive_ridge,1.0,0.057692307692307696,0.0,True,0.7493819720343803,PE(18:0_18:1);PE(18:0_18:2);PE(18:0_22:5),TAG46:2-FA12:0;TAG46:2-FA16:0;TAG46:1-FA12:0,3,0.1
ZN9YTFN:718->720,ZN9YTFN,1,autoregressive_context_ridge,1.0,0.057692307692307696,0.0,True,0.742443502851265,PE(18:0_18:1);PE(18:0_22:5);PE(18:0_18:2),TAG46:2-FA12:0;TAG46:2-FA16:0;TAG46:1-FA12:0,3,0.1
ZN9YTFN:720->723,ZN9YTFN,1,change_prevalence,0.3333333333333333,0.019230769230769232,0.0,True,0.28881226420019424,FFA(22:1);FFA(24:1);SM(26:0),TAG46:2-FA12:0;TAG46:2-FA16:0;TAG48:3-FA12:0,3,0.1
ZN9YTFN:720->723,ZN9YTFN,1,autoregressive_ridge,1.0,0.057692307692307696,0.6666666666666666,True,0.9978634560593423,TAG46:2-FA12:0;TAG46:1-FA12:0;TAG46:2-FA16:0,TAG46:2-FA12:0;TAG46:2-FA16:0;TAG48:3-FA12:0,3,0.1
ZN9YTFN:720->723,ZN9YTFN,1,autoregressive_context_ridge,1.0,0.057692307692307696,0.6666666666666666,True,0.9978634560593423,TAG46:2-FA12:0;TAG46:1-FA12:0;TAG46:2-FA16:0,TAG46:2-FA12:0;TAG46:2-FA16:0;TAG48:3-FA12:0,3,0.1
ZN9YTFN:723->726,ZN9YTFN,1,change_prevalence,0.0,0.0,0.0,False,0.13871760965842447,FFA(22:1);FFA(24:1);SM(26:0),FFA(18:0);FFA(18:4);FFA(20:0),3,0.1
ZN9YTFN:723->726,ZN9YTFN,1,autoregressive_ridge,1.0,0.057692307692307696,0.3333333333333333,True,0.9307869247555207,FFA(18:0);TAG56:7-FA20:5;TAG56:8-FA20:5,FFA(18:0);FFA(18:4);FFA(20:0),3,0.1
ZN9YTFN:723->726,ZN9YTFN,1,autoregressive_context_ridge,1.0,0.057692307692307696,0.3333333333333333,True,0.9307869247555207,FFA(18:0);TAG56:7-FA20:5;TAG56:8-FA20:5,FFA(18:0);FFA(18:4);FFA(20:0),3,0.1
ZN9YTFN:726->729,ZN9YTFN,1,change_prevalence,0.0,0.0,0.0,False,0.0946873630417704,FFA(22:1);FFA(24:1);SM(26:0),TAG53:1-FA16:0;TAG53:3-FA16:0;TAG52:3-FA14:0,3,0.1
ZN9YTFN:726->729,ZN9YTFN,1,autoregressive_ridge,0.0,0.0,0.0,False,0.406254779179408,FFA(20:0);SM(20:0);FFA(18:4),TAG53:1-FA16:0;TAG53:3-FA16:0;TAG52:3-FA14:0,3,0.1
ZN9YTFN:726->729,ZN9YTFN,1,autoregressive_context_ridge,0.0,0.0,0.0,False,0.5103636880678528,FFA(20:0);FFA(20:4);FFA(18:1),TAG53:1-FA16:0;TAG53:3-FA16:0;TAG52:3-FA14:0,3,0.1
ZN9YTFN:729->734,ZN9YTFN,1,change_prevalence,0.3333333333333333,0.019230769230769232,0.0,True,0.5303891199666134,FFA(22:1);FFA(24:1);SM(26:0),FFA(22:2);FFA(22:5);TAG46:3-FA18:2,3,0.1
ZN9YTFN:729->734,ZN9YTFN,1,autoregressive_ridge,0.6666666666666666,0.038461538461538464,0.0,True,0.6882565817014679,PE(16:0_18:2);TAG47:1-FA18:1;TAG49:2-FA14:0,FFA(22:2);FFA(22:5);TAG46:3-FA18:2,3,0.1
ZN9YTFN:729->734,ZN9YTFN,1,autoregressive_context_ridge,0.6666666666666666,0.038461538461538464,0.0,True,0.7266824372368133,TAG47:1-FA18:1;TAG50:3-FA14:1;TAG50:4-FA14:1,FFA(22:2);FFA(22:5);TAG46:3-FA18:2,3,0.1
ZN9YTFN:734->736,ZN9YTFN,1,change_prevalence,0.3333333333333333,0.019230769230769232,0.0,True,0.45306684754997467,FFA(22:1);FFA(24:1);SM(26:0),FFA(22:5);FFA(14:0);TAG58:3-FA18:1,3,0.1
ZN9YTFN:734->736,ZN9YTFN,1,autoregressive_ridge,1.0,0.057692307692307696,0.3333333333333333,True,0.9112364103759247,FFA(22:5);FFA(22:2);TAG56:5-FA20:1,FFA(22:5);FFA(14:0);TAG58:3-FA18:1,3,0.1
ZN9YTFN:734->736,ZN9YTFN,1,autoregressive_context_ridge,1.0,0.057692307692307696,0.3333333333333333,True,0.9112364103759247,FFA(22:5);FFA(22:2);TAG56:5-FA20:1,FFA(22:5);FFA(14:0);TAG58:3-FA18:1,3,0.1
ZN9YTFN:736->740,ZN9YTFN,1,change_prevalence,0.3333333333333333,0.019230769230769232,0.3333333333333333,True,0.39379775639010867,FFA(22:1);FFA(24:1);SM(26:0),SM(26:0);SM(20:0);SM(26:1),3,0.1
ZN9YTFN:736->740,ZN9YTFN,1,autoregressive_ridge,0.6666666666666666,0.038461538461538464,0.0,True,0.4726418542784542,FFA(18:1);FFA(15:0);FFA(18:2),SM(26:0);SM(20:0);SM(26:1),3,0.1
ZN9YTFN:736->740,ZN9YTFN,1,autoregressive_context_ridge,1.0,0.057692307692307696,0.0,True,0.6338383207893203,FFA(18:1);FFA(20:4);FFA(22:4),SM(26:0);SM(20:0);SM(26:1),3,0.1
ZN9YTFN:740->742,ZN9YTFN,1,change_prevalence,0.6666666666666666,0.038461538461538464,0.3333333333333333,True,0.6622898109598928,FFA(22:1);FFA(24:1);SM(26:0),PC(16:0_18:0);FFA(24:1);PC(16:0_14:0),3,0.1
ZN9YTFN:740->742,ZN9YTFN,1,autoregressive_ridge,1.0,0.057692307692307696,0.6666666666666666,True,0.988741192236737,FFA(24:1);PC(16:0_18:0);FFA(24:0),PC(16:0_18:0);FFA(24:1);PC(16:0_14:0),3,0.1
ZN9YTFN:740->742,ZN9YTFN,1,autoregressive_context_ridge,1.0,0.057692307692307696,0.3333333333333333,True,0.8706529084957791,FFA(24:0);FFA(22:1);FFA(24:1),PC(16:0_18:0);FFA(24:1);PC(16:0_14:0),3,0.1
ZN9YTFN:742->746,ZN9YTFN,1,change_prevalence,0.0,0.0,0.0,False,0.08260733878506657,FFA(22:1);FFA(24:1);SM(26:0),TAG46:1-FA18:1;TAG46:2-FA14:0;TAG44:1-FA18:1,3,0.1
ZN9YTFN:742->746,ZN9YTFN,1,autoregressive_ridge,0.3333333333333333,0.019230769230769232,0.0,True,0.6407228371917456,TAG52:6-FA18:1;TAG50:5-FA14:0;FFA(22:4),TAG46:1-FA18:1;TAG46:2-FA14:0;TAG44:1-FA18:1,3,0.1
ZN9YTFN:742->746,ZN9YTFN,1,autoregressive_context_ridge,0.0,0.0,0.0,False,0.34866303634163165,FFA(20:4);FFA(22:4);FFA(18:2),TAG46:1-FA18:1;TAG46:2-FA14:0;TAG44:1-FA18:1,3,0.1
ZN9YTFN:746->752,ZN9YTFN,1,change_prevalence,0.0,0.0,0.0,False,0.09412855012538264,FFA(22:1);FFA(24:1);SM(26:0),PE(P-16:0_22:5);PE(18:0_18:2);TAG60:10-FA22:6,3,0.1
ZN9YTFN:746->752,ZN9YTFN,1,autoregressive_ridge,0.0,0.0,0.0,False,0.22848508694570932,PC(18:0_20:2);PC(18:1_20:3);TAG46:1-FA12:0,PE(P-16:0_22:5);PE(18:0_18:2);TAG60:10-FA22:6,3,0.1
ZN9YTFN:746->752,ZN9YTFN,1,autoregressive_context_ridge,0.0,0.0,0.0,False,0.40168773860961005,TAG47:2-FA18:1;PC(18:0_20:2);TAG44:1-FA16:0,PE(P-16:0_22:5);PE(18:0_18:2);TAG60:10-FA22:6,3,0.1
ZN9YTFN:752->760,ZN9YTFN,1,change_prevalence,0.3333333333333333,0.019230769230769232,0.0,True,0.35682785974443987,FFA(22:1);FFA(24:1);SM(26:0),FFA(15:0);PE(18:0_18:1);HCER(16:0),3,0.1
ZN9YTFN:752->760,ZN9YTFN,1,autoregressive_ridge,1.0,0.057692307692307696,0.6666666666666666,True,0.8906997280017561,PE(18:0_18:1);PE(18:0_18:2);FFA(15:0),FFA(15:0);PE(18:0_18:1);HCER(16:0),3,0.1
ZN9YTFN:752->760,ZN9YTFN,1,autoregressive_context_ridge,1.0,0.057692307692307696,0.6666666666666666,True,0.9232482095714319,PE(18:0_18:1);FFA(15:0);PE(18:0_18:2),FFA(15:0);PE(18:0_18:1);HCER(16:0),3,0.1
ZN9YTFN:760->762,ZN9YTFN,1,change_prevalence,0.0,0.0,0.0,False,0.48541509232662383,FFA(22:1);FFA(24:1);SM(26:0),FFA(22:5);FFA(15:0);TAG50:4-FA18:1,3,0.1
ZN9YTFN:760->762,ZN9YTFN,1,autoregressive_ridge,1.0,0.057692307692307696,0.0,True,0.7877279584696153,PI(18:0_20:4);TAG50:5-FA18:3;TAG50:4-FA18:3,FFA(22:5);FFA(15:0);TAG50:4-FA18:1,3,0.1
ZN9YTFN:760->762,ZN9YTFN,1,autoregressive_context_ridge,0.3333333333333333,0.019230769230769232,0.0,True,0.5556037228878249,PI(18:0_20:4);LPE(20:4);HCER(16:0),FFA(22:5);FFA(15:0);TAG50:4-FA18:1,3,0.1
ZN9YTFN:762->766,ZN9YTFN,1,change_prevalence,0.3333333333333333,0.019230769230769232,0.3333333333333333,True,0.36850180379461817,FFA(22:1);FFA(24:1);SM(26:0),FFA(12:0);SM(26:0);FFA(14:1),3,0.1
ZN9YTFN:762->766,ZN9YTFN,1,autoregressive_ridge,0.6666666666666666,0.038461538461538464,0.0,True,0.5465836930235227,FFA(22:5);FFA(18:0);TAG56:10-FA18:2,FFA(12:0);SM(26:0);FFA(14:1),3,0.1
ZN9YTFN:762->766,ZN9YTFN,1,autoregressive_context_ridge,0.6666666666666666,0.038461538461538464,0.3333333333333333,True,0.6030344083517821,FFA(22:5);TAG56:10-FA18:2;SM(26:0),FFA(12:0);SM(26:0);FFA(14:1),3,0.1
ZNDMXI3:519->522,ZNDMXI3,1,change_prevalence,0.3333333333333333,0.019230769230769232,0.3333333333333333,True,0.4147828432360877,FFA(22:1);FFA(24:1);SM(26:0),SM(26:0);SM(20:0);PE(18:0_18:2),3,0.1
ZNDMXI3:519->522,ZNDMXI3,1,autoregressive_ridge,0.6666666666666666,0.038461538461538464,0.3333333333333333,True,0.5938925047225722,LPC(15:0);PC(16:0_18:3);SM(26:0),SM(26:0);SM(20:0);PE(18:0_18:2),3,0.1
ZNDMXI3:519->522,ZNDMXI3,1,autoregressive_context_ridge,1.0,0.057692307692307696,0.0,True,0.6010371891035134,FFA(12:0);FFA(14:0);FFA(14:1),SM(26:0);SM(20:0);PE(18:0_18:2),3,0.1
ZNDMXI3:522->525,ZNDMXI3,1,change_prevalence,0.3333333333333333,0.019230769230769232,0.3333333333333333,True,0.2868617630465885,FFA(22:1);FFA(24:1);SM(26:0),PE(18:0_18:1);SM(26:0);PE(18:0_18:2),3,0.1
ZNDMXI3:522->525,ZNDMXI3,1,autoregressive_ridge,1.0,0.057692307692307696,0.6666666666666666,True,0.9190649935283077,PE(18:0_18:2);PE(18:0_18:1);FFA(18:4),PE(18:0_18:1);SM(26:0);PE(18:0_18:2),3,0.1
ZNDMXI3:522->525,ZNDMXI3,1,autoregressive_context_ridge,1.0,0.057692307692307696,0.6666666666666666,True,0.9190649935283077,PE(18:0_18:2);PE(18:0_18:1);FFA(18:4),PE(18:0_18:1);SM(26:0);PE(18:0_18:2),3,0.1
ZNDMXI3:525->538,ZNDMXI3,1,change_prevalence,0.3333333333333333,0.019230769230769232,0.3333333333333333,True,0.3568235380677719,FFA(22:1);FFA(24:1);SM(26:0),PE(18:0_18:1);PE(18:0_18:2);SM(26:0),3,0.1
ZNDMXI3:525->538,ZNDMXI3,1,autoregressive_ridge,0.6666666666666666,0.038461538461538464,0.6666666666666666,True,0.7378052508123418,SM(26:0);PE(18:0_18:1);PE(P-16:0_22:5),PE(18:0_18:1);PE(18:0_18:2);SM(26:0),3,0.1
ZNDMXI3:525->538,ZNDMXI3,1,autoregressive_context_ridge,0.3333333333333333,0.019230769230769232,0.3333333333333333,True,0.43079320785028397,SM(26:0);PE(P-16:0_22:5);PE(P-18:1_18:2),PE(18:0_18:1);PE(18:0_18:2);SM(26:0),3,0.1
ZNDMXI3:538->551,ZNDMXI3,1,change_prevalence,0.3333333333333333,0.019230769230769232,0.0,True,0.2530627622951184,FFA(22:1);FFA(24:1);SM(26:0),PC(16:0_20:2);FFA(20:0);LPC(18:0),3,0.1
ZNDMXI3:538->551,ZNDMXI3,1,autoregressive_ridge,0.6666666666666666,0.038461538461538464,0.0,True,0.6396731029331064,PE(18:0_18:1);PE(18:0_18:2);FFA(22:1),PC(16:0_20:2);FFA(20:0);LPC(18:0),3,0.1
ZNDMXI3:538->551,ZNDMXI3,1,autoregressive_context_ridge,0.6666666666666666,0.038461538461538464,0.0,True,0.6396731029331064,PE(18:0_18:1);PE(18:0_18:2);FFA(22:1),PC(16:0_20:2);FFA(20:0);LPC(18:0),3,0.1
ZNDMXI3:551->555,ZNDMXI3,1,change_prevalence,0.6666666666666666,0.038461538461538464,0.0,True,0.4088102075266377,FFA(22:1);FFA(24:1);SM(26:0),FFA(20:0);FFA(22:4);PC(16:0_20:2),3,0.1
ZNDMXI3:551->555,ZNDMXI3,1,autoregressive_ridge,0.3333333333333333,0.019230769230769232,0.3333333333333333,True,0.33103163688732873,PC(18:0_18:0);PC(16:0_16:0);PC(16:0_20:2),FFA(20:0);FFA(22:4);PC(16:0_20:2),3,0.1
ZNDMXI3:551->555,ZNDMXI3,1,autoregressive_context_ridge,0.3333333333333333,0.019230769230769232,0.0,True,0.2652408269175087,CE(22:5);PC(18:0_18:0);PC(16:0_16:0),FFA(20:0);FFA(22:4);PC(16:0_20:2),3,0.1
ZNDMXI3:555->558,ZNDMXI3,1,change_prevalence,0.3333333333333333,0.019230769230769232,0.0,True,0.3857839399021533,FFA(22:1);FFA(24:1);SM(26:0),SM(20:0);PC(16:0_18:3);PC(18:0_22:6),3,0.1
ZNDMXI3:555->558,ZNDMXI3,1,autoregressive_ridge,0.6666666666666666,0.038461538461538464,0.0,True,0.55499700311722,FFA(20:0);LPC(15:0);FFA(22:4),SM(20:0);PC(16:0_18:3);PC(18:0_22:6),3,0.1
ZNDMXI3:555->558,ZNDMXI3,1,autoregressive_context_ridge,1.0,0.057692307692307696,0.0,True,0.6372573706000809,FFA(20:0);FFA(18:0);FFA(22:4),SM(20:0);PC(16:0_18:3);PC(18:0_22:6),3,0.1
ZNDMXI3:558->566,ZNDMXI3,1,change_prevalence,0.3333333333333333,0.019230769230769232,0.3333333333333333,True,0.2870571921965031,FFA(22:1);FFA(24:1);SM(26:0),TAG58:3-FA18:1;SM(26:0);PE(18:0_18:2),3,0.1
ZNDMXI3:558->566,ZNDMXI3,1,autoregressive_ridge,0.6666666666666666,0.038461538461538464,0.0,True,0.3841937458569163,SM(20:0);PI(16:0_18:2);PI(18:0_20:4),TAG58:3-FA18:1;SM(26:0);PE(18:0_18:2),3,0.1
ZNDMXI3:558->566,ZNDMXI3,1,autoregressive_context_ridge,0.6666666666666666,0.038461538461538464,0.0,True,0.5912788246052816,PI(16:0_18:2);PI(16:0_20:4);SM(20:0),TAG58:3-FA18:1;SM(26:0);PE(18:0_18:2),3,0.1
ZNDMXI3:566->573,ZNDMXI3,1,change_prevalence,0.0,0.0,0.0,False,0.4297004082737711,FFA(22:1);FFA(24:1);SM(26:0),TAG58:3-FA18:1;FFA(20:5);FFA(18:4),3,0.1
ZNDMXI3:566->573,ZNDMXI3,1,autoregressive_ridge,1.0,0.057692307692307696,0.3333333333333333,True,0.8153394673232363,PE(18:0_18:2);PE(18:0_18:1);TAG58:3-FA18:1,TAG58:3-FA18:1;FFA(20:5);FFA(18:4),3,0.1
ZNDMXI3:566->573,ZNDMXI3,1,autoregressive_context_ridge,1.0,0.057692307692307696,0.3333333333333333,True,0.8153394673232363,PE(18:0_18:2);PE(18:0_18:1);TAG58:3-FA18:1,TAG58:3-FA18:1;FFA(20:5);FFA(18:4),3,0.1
ZNDMXI3:573->580,ZNDMXI3,1,change_prevalence,0.3333333333333333,0.019230769230769232,0.0,True,0.4632817769722338,FFA(22:1);FFA(24:1);SM(26:0),PI(18:0_20:3);LPC(17:0);LPC(15:0),3,0.1
ZNDMXI3:573->580,ZNDMXI3,1,autoregressive_ridge,0.3333333333333333,0.019230769230769232,0.3333333333333333,True,0.3473871885524204,LPE(20:4);SM(18:0);LPC(15:0),PI(18:0_20:3);LPC(17:0);LPC(15:0),3,0.1
ZNDMXI3:573->580,ZNDMXI3,1,autoregressive_context_ridge,0.0,0.0,0.0,False,0.14797255579972884,LPE(20:4);SM(18:0);HCER(24:0),PI(18:0_20:3);LPC(17:0);LPC(15:0),3,0.1
ZO5QFNX:674->692,ZO5QFNX,1,change_prevalence,0.6666666666666666,0.038461538461538464,0.3333333333333333,True,0.58269951522946,FFA(22:1);FFA(24:1);SM(26:0),SM(26:0);CE(20:2);PC(18:0_20:2),3,0.1
ZO5QFNX:674->692,ZO5QFNX,1,autoregressive_ridge,0.3333333333333333,0.019230769230769232,0.3333333333333333,True,0.6374997904615602,SM(26:0);PC(18:0_18:0);PC(14:0_18:1),SM(26:0);CE(20:2);PC(18:0_20:2),3,0.1
ZO5QFNX:674->692,ZO5QFNX,1,autoregressive_context_ridge,0.3333333333333333,0.019230769230769232,0.3333333333333333,True,0.7446264750094526,SM(26:0);TAG54:7-FA18:1;TAG54:5-FA18:3,SM(26:0);CE(20:2);PC(18:0_20:2),3,0.1
ZO5QFNX:692->693,ZO5QFNX,1,change_prevalence,0.3333333333333333,0.019230769230769232,0.0,True,0.4195129844936979,FFA(22:1);FFA(24:1);SM(26:0),TAG47:1-FA16:1;TAG47:1-FA18:1;TAG46:3-FA18:2,3,0.1
ZO5QFNX:692->693,ZO5QFNX,1,autoregressive_ridge,0.3333333333333333,0.019230769230769232,0.3333333333333333,True,0.7360203989962258,TAG48:4-FA12:0;TAG48:4-FA18:1;TAG46:3-FA18:2,TAG47:1-FA16:1;TAG47:1-FA18:1;TAG46:3-FA18:2,3,0.1
ZO5QFNX:692->693,ZO5QFNX,1,autoregressive_context_ridge,0.3333333333333333,0.019230769230769232,0.3333333333333333,True,0.7463945111620947,TAG48:4-FA18:1;TAG46:3-FA18:2;TAG48:4-FA12:0,TAG47:1-FA16:1;TAG47:1-FA18:1;TAG46:3-FA18:2,3,0.1
ZPJT5MY:582->585,ZPJT5MY,1,change_prevalence,0.0,0.0,0.0,False,0.2493797119378311,FFA(22:1);FFA(24:1);SM(26:0),TAG55:2-FA18:1;PC(18:1_18:1);TAG56:2-FA20:1,3,0.1
ZPJT5MY:582->585,ZPJT5MY,1,autoregressive_ridge,0.6666666666666666,0.038461538461538464,0.0,True,0.6845012315989628,FFA(16:0);FFA(14:0);FFA(18:1),TAG55:2-FA18:1;PC(18:1_18:1);TAG56:2-FA20:1,3,0.1
ZPJT5MY:582->585,ZPJT5MY,1,autoregressive_context_ridge,0.6666666666666666,0.038461538461538464,0.0,True,0.6845012315989628,FFA(16:0);FFA(14:0);FFA(18:1),TAG55:2-FA18:1;PC(18:1_18:1);TAG56:2-FA20:1,3,0.1
ZPJT5MY:585->589,ZPJT5MY,1,change_prevalence,0.0,0.0,0.0,False,0.40396465637390505,FFA(22:1);FFA(24:1);SM(26:0),PC(18:1_18:1);TAG55:3-FA18:1;TAG55:2-FA18:1,3,0.1
ZPJT5MY:585->589,ZPJT5MY,1,autoregressive_ridge,1.0,0.057692307692307696,0.3333333333333333,True,0.9029178977683359,TAG55:3-FA18:1;TAG50:2-FA14:1;TAG54:2-FA18:0,PC(18:1_18:1);TAG55:3-FA18:1;TAG55:2-FA18:1,3,0.1
ZPJT5MY:585->589,ZPJT5MY,1,autoregressive_context_ridge,1.0,0.057692307692307696,0.3333333333333333,True,0.8494883791584821,TAG50:2-FA14:1;TAG55:3-FA18:1;TAG54:1-FA18:0,PC(18:1_18:1);TAG55:3-FA18:1;TAG55:2-FA18:1,3,0.1
ZPJT5MY:589->599,ZPJT5MY,1,change_prevalence,0.0,0.0,0.0,False,0.15903706500141576,FFA(22:1);FFA(24:1);SM(26:0),TAG48:4-FA12:0;LPE(18:1);TAG56:3-FA20:0,3,0.1
ZPJT5MY:589->599,ZPJT5MY,1,autoregressive_ridge,0.3333333333333333,0.019230769230769232,0.0,True,0.28469257881543875,FFA(20:0);FFA(22:0);FFA(18:1),TAG48:4-FA12:0;LPE(18:1);TAG56:3-FA20:0,3,0.1
ZPJT5MY:589->599,ZPJT5MY,1,autoregressive_context_ridge,0.3333333333333333,0.019230769230769232,0.0,True,0.28469257881543875,FFA(20:0);FFA(22:0);FFA(18:1),TAG48:4-FA12:0;LPE(18:1);TAG56:3-FA20:0,3,0.1
ZPJT5MY:599->605,ZPJT5MY,1,change_prevalence,0.0,0.0,0.0,False,0.12258926516987792,FFA(22:1);FFA(24:1);SM(26:0),TAG48:4-FA12:0;TAG48:4-FA18:2;TAG48:3-FA12:0,3,0.1
ZPJT5MY:599->605,ZPJT5MY,1,autoregressive_ridge,0.3333333333333333,0.019230769230769232,0.0,True,0.389581313214218,FFA(12:0);FFA(22:2);FFA(22:0),TAG48:4-FA12:0;TAG48:4-FA18:2;TAG48:3-FA12:0,3,0.1
ZPJT5MY:599->605,ZPJT5MY,1,autoregressive_context_ridge,0.3333333333333333,0.019230769230769232,0.0,True,0.389581313214218,FFA(12:0);FFA(22:2);FFA(22:0),TAG48:4-FA12:0;TAG48:4-FA18:2;TAG48:3-FA12:0,3,0.1
ZPJT5MY:605->611,ZPJT5MY,1,change_prevalence,0.0,0.0,0.0,False,0.3252819328569442,FFA(22:1);FFA(24:1);SM(26:0),PI(18:0_18:2);PI(18:0_20:3);PI(16:0_18:2),3,0.1
ZPJT5MY:605->611,ZPJT5MY,1,autoregressive_ridge,0.0,0.0,0.0,False,0.34465887144404195,FFA(22:2);FFA(18:4);FFA(22:1),PI(18:0_18:2);PI(18:0_20:3);PI(16:0_18:2),3,0.1
ZPJT5MY:605->611,ZPJT5MY,1,autoregressive_context_ridge,0.0,0.0,0.0,False,0.34465887144404195,FFA(22:2);FFA(18:4);FFA(22:1),PI(18:0_18:2);PI(18:0_20:3);PI(16:0_18:2),3,0.1
ZR3WH7V:579->580,ZR3WH7V,1,change_prevalence,0.3333333333333333,0.019230769230769232,0.0,True,0.4400730026162512,FFA(22:1);FFA(24:1);SM(26:0),FFA(22:5);TAG54:4-FA22:1;TAG54:6-FA18:1,3,0.1
ZR3WH7V:579->580,ZR3WH7V,1,autoregressive_ridge,0.6666666666666666,0.038461538461538464,0.0,True,0.5969692261290199,FFA(22:1);FFA(24:1);FFA(24:0),FFA(22:5);TAG54:4-FA22:1;TAG54:6-FA18:1,3,0.1
ZR3WH7V:579->580,ZR3WH7V,1,autoregressive_context_ridge,0.6666666666666666,0.038461538461538464,0.0,True,0.6357604817478051,FFA(22:1);FFA(24:1);PC(16:0_18:0),FFA(22:5);TAG54:4-FA22:1;TAG54:6-FA18:1,3,0.1
ZR3WH7V:580->584,ZR3WH7V,1,change_prevalence,0.0,0.0,0.0,False,0.25719994837606724,FFA(22:1);FFA(24:1);SM(26:0),FFA(22:5);PE(18:0_22:5);PE(18:0_18:1),3,0.1
ZR3WH7V:580->584,ZR3WH7V,1,autoregressive_ridge,1.0,0.057692307692307696,0.6666666666666666,True,0.9730796780638581,FFA(22:5);PE(18:0_22:5);CE(22:5),FFA(22:5);PE(18:0_22:5);PE(18:0_18:1),3,0.1
ZR3WH7V:580->584,ZR3WH7V,1,autoregressive_context_ridge,1.0,0.057692307692307696,0.6666666666666666,True,0.9730796780638581,FFA(22:5);PE(18:0_22:5);CE(22:5),FFA(22:5);PE(18:0_22:5);PE(18:0_18:1),3,0.1
ZR3WH7V:584->588,ZR3WH7V,1,change_prevalence,0.0,0.0,0.0,False,0.45564359067144217,FFA(22:1);FFA(24:1);SM(26:0),TAG48:4-FA18:1;FFA(18:3);TAG48:3-FA14:0,3,0.1
ZR3WH7V:584->588,ZR3WH7V,1,autoregressive_ridge,0.0,0.0,0.0,False,0.5586749491588443,PE(16:0_18:2);PE(16:0_20:4);FFA(18:4),TAG48:4-FA18:1;FFA(18:3);TAG48:3-FA14:0,3,0.1
ZR3WH7V:584->588,ZR3WH7V,1,autoregressive_context_ridge,0.0,0.0,0.0,False,0.5571351879181018,FFA(18:4);PE(16:0_18:2);PE(16:0_20:4),TAG48:4-FA18:1;FFA(18:3);TAG48:3-FA14:0,3,0.1
ZR3WH7V:588->594,ZR3WH7V,1,change_prevalence,0.3333333333333333,0.019230769230769232,0.0,True,0.46785807530297574,FFA(22:1);FFA(24:1);SM(26:0),LPE(18:1);TAG58:10-FA22:6;TAG60:11-FA22:6,3,0.1
ZR3WH7V:588->594,ZR3WH7V,1,autoregressive_ridge,1.0,0.057692307692307696,0.0,True,0.7654315450722967,SM(22:0);SM(20:0);SM(22:1),LPE(18:1);TAG58:10-FA22:6;TAG60:11-FA22:6,3,0.1
ZR3WH7V:588->594,ZR3WH7V,1,autoregressive_context_ridge,1.0,0.057692307692307696,0.0,True,0.7654315450722967,SM(22:0);SM(20:0);SM(22:1),LPE(18:1);TAG58:10-FA22:6;TAG60:11-FA22:6,3,0.1
ZR3WH7V:594->597,ZR3WH7V,1,change_prevalence,0.3333333333333333,0.019230769230769232,0.0,True,0.38383409547002284,FFA(22:1);FFA(24:1);SM(26:0),LPE(18:1);LPC(15:0);TAG60:11-FA22:6,3,0.1
ZR3WH7V:594->597,ZR3WH7V,1,autoregressive_ridge,0.3333333333333333,0.019230769230769232,0.3333333333333333,True,0.6200373312896795,LPC(15:0);PC(18:0_18:0);FFA(22:1),LPE(18:1);LPC(15:0);TAG60:11-FA22:6,3,0.1
ZR3WH7V:594->597,ZR3WH7V,1,autoregressive_context_ridge,0.3333333333333333,0.019230769230769232,0.3333333333333333,True,0.434667342167253,PC(18:0_18:0);FFA(20:0);LPC(15:0),LPE(18:1);LPC(15:0);TAG60:11-FA22:6,3,0.1
ZR3WH7V:597->600,ZR3WH7V,1,change_prevalence,0.6666666666666666,0.038461538461538464,0.0,True,0.7294044077045275,FFA(22:1);FFA(24:1);SM(26:0),FFA(22:5);FFA(22:0);PC(18:0_18:0),3,0.1
ZR3WH7V:597->600,ZR3WH7V,1,autoregressive_ridge,1.0,0.057692307692307696,0.3333333333333333,True,0.9087223627658201,FFA(22:5);FFA(20:3);FFA(22:1),FFA(22:5);FFA(22:0);PC(18:0_18:0),3,0.1
ZR3WH7V:597->600,ZR3WH7V,1,autoregressive_context_ridge,1.0,0.057692307692307696,0.3333333333333333,True,0.8694462769142846,FFA(20:3);FFA(22:5);FFA(22:1),FFA(22:5);FFA(22:0);PC(18:0_18:0),3,0.1
ZR3WH7V:600->606,ZR3WH7V,1,change_prevalence,1.0,0.057692307692307696,0.0,True,0.7025432099273272,FFA(22:1);FFA(24:1);SM(26:0),TAG58:3-FA18:1;TAG56:3-FA20:0;TAG47:1-FA16:1,3,0.1
ZR3WH7V:600->606,ZR3WH7V,1,autoregressive_ridge,0.6666666666666666,0.038461538461538464,0.3333333333333333,True,0.6844882181793863,TAG56:5-FA20:1;TAG58:9-FA22:5;TAG58:3-FA18:1,TAG58:3-FA18:1;TAG56:3-FA20:0;TAG47:1-FA16:1,3,0.1
ZR3WH7V:600->606,ZR3WH7V,1,autoregressive_context_ridge,0.3333333333333333,0.019230769230769232,0.0,True,0.5216430586274992,TAG56:5-FA20:1;TAG58:9-FA22:5;TAG54:7-FA18:3,TAG58:3-FA18:1;TAG56:3-FA20:0;TAG47:1-FA16:1,3,0.1
ZR3WH7V:606->614,ZR3WH7V,1,change_prevalence,0.6666666666666666,0.038461538461538464,0.6666666666666666,True,0.7064831160789636,FFA(22:1);FFA(24:1);SM(26:0),CE(22:5);FFA(24:1);FFA(22:1),3,0.1
ZR3WH7V:606->614,ZR3WH7V,1,autoregressive_ridge,1.0,0.057692307692307696,0.3333333333333333,True,0.8359405460255871,FFA(22:1);TAG47:1-FA16:1;FFA(24:0),CE(22:5);FFA(24:1);FFA(22:1),3,0.1
ZR3WH7V:606->614,ZR3WH7V,1,autoregressive_context_ridge,1.0,0.057692307692307696,0.6666666666666666,True,0.8976576163018708,FFA(22:1);FFA(24:0);FFA(24:1),CE(22:5);FFA(24:1);FFA(22:1),3,0.1
ZRB0F6P:637->642,ZRB0F6P,1,change_prevalence,1.0,0.057692307692307696,0.6666666666666666,True,0.9863361879519021,FFA(22:1);FFA(24:1);SM(26:0),FFA(24:1);FFA(22:1);PC(14:0_18:1),3,0.1
ZRB0F6P:637->642,ZRB0F6P,1,autoregressive_ridge,1.0,0.057692307692307696,0.3333333333333333,True,0.8261859524864096,FFA(24:1);PE(16:0_18:2);FFA(24:0),FFA(24:1);FFA(22:1);PC(14:0_18:1),3,0.1
ZRB0F6P:637->642,ZRB0F6P,1,autoregressive_context_ridge,1.0,0.057692307692307696,0.3333333333333333,True,0.9207260883208882,SM(26:0);FFA(24:1);FFA(22:4),FFA(24:1);FFA(22:1);PC(14:0_18:1),3,0.1
ZRB0F6P:642->649,ZRB0F6P,1,change_prevalence,0.0,0.0,0.0,False,0.2679840812834596,FFA(22:1);FFA(24:1);SM(26:0),FFA(22:5);PE(P-18:1_20:4);PE(P-18:0_20:4),3,0.1
ZRB0F6P:642->649,ZRB0F6P,1,autoregressive_ridge,0.0,0.0,0.0,False,0.22926961341322408,FFA(22:1);FFA(18:4);FFA(24:0),FFA(22:5);PE(P-18:1_20:4);PE(P-18:0_20:4),3,0.1
ZRB0F6P:642->649,ZRB0F6P,1,autoregressive_context_ridge,0.0,0.0,0.0,False,0.3094068510888178,FFA(22:1);FFA(24:0);FFA(24:1),FFA(22:5);PE(P-18:1_20:4);PE(P-18:0_20:4),3,0.1
ZRB0F6P:649->654,ZRB0F6P,1,change_prevalence,0.6666666666666666,0.038461538461538464,0.3333333333333333,True,0.5458997734973239,FFA(22:1);FFA(24:1);SM(26:0),FFA(22:5);SM(20:0);SM(26:0),3,0.1
ZRB0F6P:649->654,ZRB0F6P,1,autoregressive_ridge,0.3333333333333333,0.019230769230769232,0.3333333333333333,True,0.7110135679334184,FFA(22:5);FFA(18:0);FFA(20:0),FFA(22:5);SM(20:0);SM(26:0),3,0.1
ZRB0F6P:649->654,ZRB0F6P,1,autoregressive_context_ridge,0.3333333333333333,0.019230769230769232,0.3333333333333333,True,0.7347071409985456,FFA(22:5);FFA(18:0);PE(P-16:0_18:1),FFA(22:5);SM(20:0);SM(26:0),3,0.1
ZRB0F6P:654->659,ZRB0F6P,1,change_prevalence,1.0,0.057692307692307696,0.0,True,0.4358048345652942,FFA(22:1);FFA(24:1);SM(26:0),FFA(20:0);FFA(18:4);FFA(22:0),3,0.1
ZRB0F6P:654->659,ZRB0F6P,1,autoregressive_ridge,0.3333333333333333,0.019230769230769232,0.3333333333333333,True,0.731948773250762,FFA(20:0);TAG54:7-FA18:1;TAG48:4-FA12:0,FFA(20:0);FFA(18:4);FFA(22:0),3,0.1
ZRB0F6P:654->659,ZRB0F6P,1,autoregressive_context_ridge,0.3333333333333333,0.019230769230769232,0.3333333333333333,True,0.7106584090620194,FFA(20:0);TAG50:5-FA14:0;TAG48:4-FA12:0,FFA(20:0);FFA(18:4);FFA(22:0),3,0.1
ZRB0F6P:659->668,ZRB0F6P,1,change_prevalence,0.3333333333333333,0.019230769230769232,0.0,True,0.30962022130475797,FFA(22:1);FFA(24:1);SM(26:0),FFA(20:0);FFA(18:4);SM(18:1),3,0.1
ZRB0F6P:659->668,ZRB0F6P,1,autoregressive_ridge,0.6666666666666666,0.038461538461538464,0.6666666666666666,True,0.8843947387263467,FFA(20:0);FFA(18:4);PC(18:0_22:6),FFA(20:0);FFA(18:4);SM(18:1),3,0.1
ZRB0F6P:659->668,ZRB0F6P,1,autoregressive_context_ridge,1.0,0.057692307692307696,0.6666666666666666,True,0.9499224822041179,FFA(20:0);FFA(18:4);PE(18:0_18:0),FFA(20:0);FFA(18:4);SM(18:1),3,0.1
ZRB0F6P:668->675,ZRB0F6P,1,change_prevalence,0.0,0.0,0.0,False,0.020372537355788457,FFA(22:1);FFA(24:1);SM(26:0),CE(18:4);CE(18:3);PI(18:1_18:1),3,0.1
ZRB0F6P:668->675,ZRB0F6P,1,autoregressive_ridge,0.6666666666666666,0.038461538461538464,0.3333333333333333,True,0.5980716276455608,CE(18:4);TAG54:8-FA18:3;PC(18:0_18:0),CE(18:4);CE(18:3);PI(18:1_18:1),3,0.1
ZRB0F6P:668->675,ZRB0F6P,1,autoregressive_context_ridge,0.3333333333333333,0.019230769230769232,0.0,True,0.21447107641862748,TAG54:8-FA18:3;TAG54:7-FA18:2;SM(18:1),CE(18:4);CE(18:3);PI(18:1_18:1),3,0.1
ZTLIFAS:570->576,ZTLIFAS,1,change_prevalence,0.0,0.0,0.0,False,0.12949070058346335,FFA(22:1);FFA(24:1);SM(26:0),FFA(22:5);PC(14:0_18:1);PC(16:0_14:0),3,0.1
ZTLIFAS:570->576,ZTLIFAS,1,autoregressive_ridge,0.3333333333333333,0.019230769230769232,0.3333333333333333,True,0.4154448931149647,FFA(18:4);FFA(17:0);PC(16:0_14:0),FFA(22:5);PC(14:0_18:1);PC(16:0_14:0),3,0.1
ZTLIFAS:570->576,ZTLIFAS,1,autoregressive_context_ridge,0.3333333333333333,0.019230769230769232,0.3333333333333333,True,0.4154448931149647,FFA(18:4);FFA(17:0);PC(16:0_14:0),FFA(22:5);PC(14:0_18:1);PC(16:0_14:0),3,0.1
ZTLIFAS:576->579,ZTLIFAS,1,change_prevalence,0.3333333333333333,0.019230769230769232,0.0,True,0.2091364251954708,FFA(22:1);FFA(24:1);SM(26:0),FFA(22:5);PE(18:0_18:1);SM(14:0),3,0.1
ZTLIFAS:576->579,ZTLIFAS,1,autoregressive_ridge,0.6666666666666666,0.038461538461538464,0.3333333333333333,True,0.7553772596626499,FFA(22:5);SM(26:0);PC(14:0_18:1),FFA(22:5);PE(18:0_18:1);SM(14:0),3,0.1
ZTLIFAS:576->579,ZTLIFAS,1,autoregressive_context_ridge,0.6666666666666666,0.038461538461538464,0.3333333333333333,True,0.7553772596626499,FFA(22:5);SM(26:0);PC(14:0_18:1),FFA(22:5);PE(18:0_18:1);SM(14:0),3,0.1
ZTLIFAS:579->584,ZTLIFAS,1,change_prevalence,0.6666666666666666,0.038461538461538464,0.0,True,0.6337069101288054,FFA(22:1);FFA(24:1);SM(26:0),CE(20:2);PC(14:0_18:1);PE(O-16:0_20:4),3,0.1
ZTLIFAS:579->584,ZTLIFAS,1,autoregressive_ridge,0.6666666666666666,0.038461538461538464,0.3333333333333333,True,0.7578742758231855,PC(14:0_18:1);PE(18:0_18:1);PC(16:0_14:0),CE(20:2);PC(14:0_18:1);PE(O-16:0_20:4),3,0.1
ZTLIFAS:579->584,ZTLIFAS,1,autoregressive_context_ridge,0.6666666666666666,0.038461538461538464,0.3333333333333333,True,0.7342568489060131,PC(14:0_18:1);PE(18:0_18:1);PC(14:0_18:2),CE(20:2);PC(14:0_18:1);PE(O-16:0_20:4),3,0.1
ZTLIFAS:584->588,ZTLIFAS,1,change_prevalence,0.0,0.0,0.0,False,0.22354860148754116,FFA(22:1);FFA(24:1);SM(26:0),PE(P-18:1_20:4);PE(P-16:0_20:4);FFA(20:0),3,0.1
ZTLIFAS:584->588,ZTLIFAS,1,autoregressive_ridge,0.6666666666666666,0.038461538461538464,0.3333333333333333,True,0.8412028807516644,PE(P-16:0_20:4);PE(O-16:0_20:4);TAG58:3-FA18:1,PE(P-18:1_20:4);PE(P-16:0_20:4);FFA(20:0),3,0.1
ZTLIFAS:584->588,ZTLIFAS,1,autoregressive_context_ridge,0.6666666666666666,0.038461538461538464,0.3333333333333333,True,0.8412028807516644,PE(P-16:0_20:4);PE(O-16:0_20:4);TAG58:3-FA18:1,PE(P-18:1_20:4);PE(P-16:0_20:4);FFA(20:0),3,0.1
ZTXY83G:641->642,ZTXY83G,1,change_prevalence,0.3333333333333333,0.019230769230769232,0.0,True,0.27320195878935083,FFA(22:1);FFA(24:1);SM(26:0),FFA(22:4);TAG47:1-FA16:1;TAG44:1-FA16:0,3,0.1
ZTXY83G:641->642,ZTXY83G,1,autoregressive_ridge,0.3333333333333333,0.019230769230769232,0.3333333333333333,True,0.33567865531251967,HCER(24:1);SM(20:0);FFA(22:4),FFA(22:4);TAG47:1-FA16:1;TAG44:1-FA16:0,3,0.1
ZTXY83G:641->642,ZTXY83G,1,autoregressive_context_ridge,0.3333333333333333,0.019230769230769232,0.3333333333333333,True,0.33567865531251967,HCER(24:1);SM(20:0);FFA(22:4),FFA(22:4);TAG47:1-FA16:1;TAG44:1-FA16:0,3,0.1
ZTXY83G:642->649,ZTXY83G,1,change_prevalence,0.3333333333333333,0.019230769230769232,0.0,True,0.21001525548567865,FFA(22:1);FFA(24:1);SM(26:0),FFA(17:0);FFA(14:0);TAG58:8-FA22:5,3,0.1
ZTXY83G:642->649,ZTXY83G,1,autoregressive_ridge,0.0,0.0,0.0,False,0.2081523259236567,TAG52:7-FA18:1;TAG46:2-FA12:0;TAG46:2-FA16:0,FFA(17:0);FFA(14:0);TAG58:8-FA22:5,3,0.1
ZTXY83G:642->649,ZTXY83G,1,autoregressive_context_ridge,0.0,0.0,0.0,False,0.22649216620088095,TAG52:7-FA18:1;TAG46:2-FA12:0;TAG49:1-FA16:1,FFA(17:0);FFA(14:0);TAG58:8-FA22:5,3,0.1
ZTXY83G:649->652,ZTXY83G,1,change_prevalence,1.0,0.057692307692307696,0.3333333333333333,True,0.5569563047654467,FFA(22:1);FFA(24:1);SM(26:0),FFA(12:0);FFA(24:1);PC(16:0_16:0),3,0.1
ZTXY83G:649->652,ZTXY83G,1,autoregressive_ridge,0.3333333333333333,0.019230769230769232,0.0,True,0.254330133144712,FFA(20:0);FFA(18:4);TAG53:4-FA16:0,FFA(12:0);FFA(24:1);PC(16:0_16:0),3,0.1
ZTXY83G:649->652,ZTXY83G,1,autoregressive_context_ridge,0.6666666666666666,0.038461538461538464,0.0,True,0.33442886333094934,FFA(20:0);SM(26:0);FFA(18:0),FFA(12:0);FFA(24:1);PC(16:0_16:0),3,0.1
ZTXY83G:652->656,ZTXY83G,1,change_prevalence,0.0,0.0,0.0,False,0.2857001787875091,FFA(22:1);FFA(24:1);SM(26:0),FFA(12:0);TAG44:1-FA18:1;TAG46:2-FA12:0,3,0.1
ZTXY83G:652->656,ZTXY83G,1,autoregressive_ridge,0.6666666666666666,0.038461538461538464,0.3333333333333333,True,0.8875719263347674,FFA(12:0);PC(16:0_16:0);TAG48:4-FA18:1,FFA(12:0);TAG44:1-FA18:1;TAG46:2-FA12:0,3,0.1
ZTXY83G:652->656,ZTXY83G,1,autoregressive_context_ridge,0.3333333333333333,0.019230769230769232,0.3333333333333333,True,0.8358728687116432,FFA(12:0);PC(16:0_16:0);PC(16:0_18:0),FFA(12:0);TAG44:1-FA18:1;TAG46:2-FA12:0,3,0.1
ZTXY83G:656->659,ZTXY83G,1,change_prevalence,0.3333333333333333,0.019230769230769232,0.3333333333333333,True,0.2623212819153602,FFA(22:1);FFA(24:1);SM(26:0),FFA(20:0);SM(26:0);SM(26:1),3,0.1
ZTXY83G:656->659,ZTXY83G,1,autoregressive_ridge,0.6666666666666666,0.038461538461538464,0.3333333333333333,True,0.41815010690390386,TAG58:3-FA18:1;SM(26:0);PE(18:0_18:2),FFA(20:0);SM(26:0);SM(26:1),3,0.1
ZTXY83G:656->659,ZTXY83G,1,autoregressive_context_ridge,0.6666666666666666,0.038461538461538464,0.3333333333333333,True,0.41815010690390386,TAG58:3-FA18:1;SM(26:0);PE(18:0_18:2),FFA(20:0);SM(26:0);SM(26:1),3,0.1
ZTXY83G:659->662,ZTXY83G,1,change_prevalence,0.0,0.0,0.0,False,0.10905271282069598,FFA(22:1);FFA(24:1);SM(26:0),TAG58:3-FA18:1;TAG56:1-FA18:1;TAG56:2-FA20:0,3,0.1
ZTXY83G:659->662,ZTXY83G,1,autoregressive_ridge,0.6666666666666666,0.038461538461538464,0.6666666666666666,True,0.826088640643639,TAG58:3-FA18:1;TAG56:1-FA18:1;FFA(20:0),TAG58:3-FA18:1;TAG56:1-FA18:1;TAG56:2-FA20:0,3,0.1
ZTXY83G:659->662,ZTXY83G,1,autoregressive_context_ridge,0.6666666666666666,0.038461538461538464,0.6666666666666666,True,0.6352732571532764,FFA(20:0);TAG58:3-FA18:1;TAG56:1-FA18:1,TAG58:3-FA18:1;TAG56:1-FA18:1;TAG56:2-FA20:0,3,0.1
ZTXY83G:662->669,ZTXY83G,1,change_prevalence,1.0,0.057692307692307696,0.3333333333333333,True,0.704868694949241,FFA(22:1);FFA(24:1);SM(26:0),PC(16:0_16:0);PC(16:0_18:0);SM(26:0),3,0.1
ZTXY83G:662->669,ZTXY83G,1,autoregressive_ridge,0.6666666666666666,0.038461538461538464,0.3333333333333333,True,0.6228789425032085,SM(26:1);PE(16:0_18:2);PC(16:0_16:0),PC(16:0_16:0);PC(16:0_18:0);SM(26:0),3,0.1
ZTXY83G:662->669,ZTXY83G,1,autoregressive_context_ridge,0.6666666666666666,0.038461538461538464,0.3333333333333333,True,0.6076252560844387,SM(26:1);PE(16:0_18:2);SM(26:0),PC(16:0_16:0);PC(16:0_18:0);SM(26:0),3,0.1
ZTXY83G:669->677,ZTXY83G,1,change_prevalence,0.3333333333333333,0.019230769230769232,0.0,True,0.4732494640315856,FFA(22:1);FFA(24:1);SM(26:0),PC(16:0_16:0);TAG51:5-FA18:2;TAG53:4-FA17:0,3,0.1
ZTXY83G:669->677,ZTXY83G,1,autoregressive_ridge,1.0,0.057692307692307696,0.0,True,0.8644225799795239,FFA(16:0);FFA(14:0);FFA(22:4),PC(16:0_16:0);TAG51:5-FA18:2;TAG53:4-FA17:0,3,0.1
ZTXY83G:669->677,ZTXY83G,1,autoregressive_context_ridge,1.0,0.057692307692307696,0.0,True,0.8644225799795239,FFA(16:0);FFA(14:0);FFA(22:4),PC(16:0_16:0);TAG51:5-FA18:2;TAG53:4-FA17:0,3,0.1
ZTXY83G:677->686,ZTXY83G,1,change_prevalence,0.3333333333333333,0.019230769230769232,0.0,True,0.31391672327737774,FFA(22:1);FFA(24:1);SM(26:0),LPC(18:0);FFA(22:4);LPE(18:0),3,0.1
ZTXY83G:677->686,ZTXY83G,1,autoregressive_ridge,0.3333333333333333,0.019230769230769232,0.3333333333333333,True,0.4121853662991184,TAG55:5-FA18:1;TAG55:5-FA18:2;LPE(18:0),LPC(18:0);FFA(22:4);LPE(18:0),3,0.1
ZTXY83G:677->686,ZTXY83G,1,autoregressive_context_ridge,0.0,0.0,0.0,False,0.29605719524228463,TAG55:5-FA18:1;TAG55:5-FA18:2;TAG53:4-FA18:2,LPC(18:0);FFA(22:4);LPE(18:0),3,0.1
ZUHT69X:383->387,ZUHT69X,1,change_prevalence,0.0,0.0,0.0,False,0.2890532650867268,FFA(22:1);FFA(24:1);SM(26:0),PE(18:0_18:2);FFA(18:4);PE(18:0_18:1),3,0.1
ZUHT69X:383->387,ZUHT69X,1,autoregressive_ridge,0.6666666666666666,0.038461538461538464,0.6666666666666666,True,0.8443579407504972,PE(18:0_18:1);PE(18:0_18:2);FFA(24:1),PE(18:0_18:2);FFA(18:4);PE(18:0_18:1),3,0.1
ZUHT69X:383->387,ZUHT69X,1,autoregressive_context_ridge,1.0,0.057692307692307696,0.6666666666666666,True,0.8868084298900466,PE(18:0_18:1);PE(18:0_18:2);CE(18:4),PE(18:0_18:2);FFA(18:4);PE(18:0_18:1),3,0.1
ZUHT69X:387->391,ZUHT69X,1,change_prevalence,0.6666666666666666,0.038461538461538464,0.3333333333333333,True,0.6797074107808142,FFA(22:1);FFA(24:1);SM(26:0),SM(20:0);SM(26:0);FFA(20:0),3,0.1
ZUHT69X:387->391,ZUHT69X,1,autoregressive_ridge,0.6666666666666666,0.038461538461538464,0.6666666666666666,True,0.7059671709382936,FFA(18:4);SM(20:0);SM(26:0),SM(20:0);SM(26:0);FFA(20:0),3,0.1
ZUHT69X:387->391,ZUHT69X,1,autoregressive_context_ridge,0.6666666666666666,0.038461538461538464,0.6666666666666666,True,0.7059671709382936,FFA(18:4);SM(20:0);SM(26:0),SM(20:0);SM(26:0);FFA(20:0),3,0.1
ZUL3S6O:669->672,ZUL3S6O,1,change_prevalence,0.6666666666666666,0.038461538461538464,0.3333333333333333,True,0.713355298912056,FFA(22:1);FFA(24:1);SM(26:0),FFA(18:4);FFA(20:3);FFA(22:1),3,0.1
ZUL3S6O:669->672,ZUL3S6O,1,autoregressive_ridge,1.0,0.057692307692307696,0.6666666666666666,True,0.9639024581101456,FFA(18:4);FFA(24:1);FFA(20:3),FFA(18:4);FFA(20:3);FFA(22:1),3,0.1
ZUL3S6O:669->672,ZUL3S6O,1,autoregressive_context_ridge,1.0,0.057692307692307696,0.6666666666666666,True,0.950983452181706,FFA(18:4);FFA(24:1);FFA(22:1),FFA(18:4);FFA(20:3);FFA(22:1),3,0.1
ZUL3S6O:672->675,ZUL3S6O,1,change_prevalence,0.3333333333333333,0.019230769230769232,0.3333333333333333,True,0.2779406743932448,FFA(22:1);FFA(24:1);SM(26:0),FFA(20:0);SM(26:0);PE(18:0_18:1),3,0.1
ZUL3S6O:672->675,ZUL3S6O,1,autoregressive_ridge,1.0,0.057692307692307696,0.0,True,0.6925623303691681,FFA(16:0);FFA(14:0);FFA(17:0),FFA(20:0);SM(26:0);PE(18:0_18:1),3,0.1
ZUL3S6O:672->675,ZUL3S6O,1,autoregressive_context_ridge,1.0,0.057692307692307696,0.0,True,0.6925623303691681,FFA(16:0);FFA(14:0);FFA(17:0),FFA(20:0);SM(26:0);PE(18:0_18:1),3,0.1
ZUL3S6O:675->678,ZUL3S6O,1,change_prevalence,0.3333333333333333,0.019230769230769232,0.0,True,0.35353658954899464,FFA(22:1);FFA(24:1);SM(26:0),FFA(20:0);PE(18:0_18:1);TAG58:8-FA22:5,3,0.1
ZUL3S6O:675->678,ZUL3S6O,1,autoregressive_ridge,1.0,0.057692307692307696,0.6666666666666666,True,0.8683608406040829,PE(18:0_18:1);FFA(20:0);PE(18:0_18:2),FFA(20:0);PE(18:0_18:1);TAG58:8-FA22:5,3,0.1
ZUL3S6O:675->678,ZUL3S6O,1,autoregressive_context_ridge,1.0,0.057692307692307696,0.3333333333333333,True,0.6582704990901224,PE(18:0_18:1);PE(18:0_18:2);TAG48:4-FA18:1,FFA(20:0);PE(18:0_18:1);TAG58:8-FA22:5,3,0.1
ZUL3S6O:678->679,ZUL3S6O,1,change_prevalence,0.6666666666666666,0.038461538461538464,0.0,True,0.31376814706560346,FFA(22:1);FFA(24:1);SM(26:0),PE(18:0_18:1);PE(18:0_20:4);PE(18:0_18:2),3,0.1
ZUL3S6O:678->679,ZUL3S6O,1,autoregressive_ridge,0.3333333333333333,0.019230769230769232,0.3333333333333333,True,0.494145744671241,FFA(18:0);FFA(17:0);PE(18:0_18:1),PE(18:0_18:1);PE(18:0_20:4);PE(18:0_18:2),3,0.1
ZUL3S6O:678->679,ZUL3S6O,1,autoregressive_context_ridge,0.3333333333333333,0.019230769230769232,0.3333333333333333,True,0.5001149195069701,FFA(18:0);PE(18:0_18:1);LCER(16:0),PE(18:0_18:1);PE(18:0_20:4);PE(18:0_18:2),3,0.1
ZUL3S6O:679->682,ZUL3S6O,1,change_prevalence,0.3333333333333333,0.019230769230769232,0.0,True,0.41745618137107826,FFA(22:1);FFA(24:1);SM(26:0),FFA(20:0);PI(16:0_20:4);PI(18:0_20:4),3,0.1
ZUL3S6O:679->682,ZUL3S6O,1,autoregressive_ridge,1.0,0.057692307692307696,0.0,True,0.6381530015689824,FFA(16:0);SM(26:0);FFA(18:0),FFA(20:0);PI(16:0_20:4);PI(18:0_20:4),3,0.1
ZUL3S6O:679->682,ZUL3S6O,1,autoregressive_context_ridge,0.6666666666666666,0.038461538461538464,0.0,True,0.47708774278207045,SM(26:0);FFA(16:0);LCER(16:0),FFA(20:0);PI(16:0_20:4);PI(18:0_20:4),3,0.1
ZUL3S6O:682->686,ZUL3S6O,1,change_prevalence,0.0,0.0,0.0,False,0.2328169363983353,FFA(22:1);FFA(24:1);SM(26:0),FFA(20:0);FFA(20:5);FFA(18:4),3,0.1
ZUL3S6O:682->686,ZUL3S6O,1,autoregressive_ridge,0.3333333333333333,0.019230769230769232,0.3333333333333333,True,0.7442450755722805,FFA(20:0);PI(18:0_20:4);PI(18:0_18:2),FFA(20:0);FFA(20:5);FFA(18:4),3,0.1
ZUL3S6O:682->686,ZUL3S6O,1,autoregressive_context_ridge,0.3333333333333333,0.019230769230769232,0.3333333333333333,True,0.7442450755722805,FFA(20:0);PI(18:0_20:4);PI(18:0_18:2),FFA(20:0);FFA(20:5);FFA(18:4),3,0.1
ZUL3S6O:686->692,ZUL3S6O,1,change_prevalence,0.0,0.0,0.0,False,0.19506499342104075,FFA(22:1);FFA(24:1);SM(26:0),TAG48:4-FA18:2;TAG48:4-FA12:0;TAG52:5-FA22:5,3,0.1
ZUL3S6O:686->692,ZUL3S6O,1,autoregressive_ridge,0.6666666666666666,0.038461538461538464,0.0,True,0.7213021817004385,PC(14:0_18:1);TAG48:3-FA18:3;TAG46:2-FA14:0,TAG48:4-FA18:2;TAG48:4-FA12:0;TAG52:5-FA22:5,3,0.1
ZUL3S6O:686->692,ZUL3S6O,1,autoregressive_context_ridge,0.6666666666666666,0.038461538461538464,0.0,True,0.7227060075114354,FFA(20:4);TAG50:3-FA18:0;PC(14:0_18:1),TAG48:4-FA18:2;TAG48:4-FA12:0;TAG52:5-FA22:5,3,0.1
ZUL3S6O:692->696,ZUL3S6O,1,change_prevalence,0.3333333333333333,0.019230769230769232,0.0,True,0.20852190214216873,FFA(22:1);FFA(24:1);SM(26:0),FFA(22:4);CE(22:5);CE(22:4),3,0.1
ZUL3S6O:692->696,ZUL3S6O,1,autoregressive_ridge,0.6666666666666666,0.038461538461538464,0.3333333333333333,True,0.6163482047296232,FFA(18:1);FFA(22:4);FFA(20:1),FFA(22:4);CE(22:5);CE(22:4),3,0.1
ZUL3S6O:692->696,ZUL3S6O,1,autoregressive_context_ridge,1.0,0.057692307692307696,0.6666666666666666,True,0.8542128191445824,FFA(22:4);FFA(18:1);CE(22:4),FFA(22:4);CE(22:5);CE(22:4),3,0.1
ZUL3S6O:696->704,ZUL3S6O,1,change_prevalence,0.6666666666666666,0.038461538461538464,0.0,True,0.3557056911046571,FFA(22:1);FFA(24:1);SM(26:0),FFA(18:4);SM(18:1);PE(P-18:1_18:1),3,0.1
ZUL3S6O:696->704,ZUL3S6O,1,autoregressive_ridge,0.6666666666666666,0.038461538461538464,0.0,True,0.4149999475966967,LPE(20:4);SM(26:0);FFA(20:0),FFA(18:4);SM(18:1);PE(P-18:1_18:1),3,0.1
ZUL3S6O:696->704,ZUL3S6O,1,autoregressive_context_ridge,1.0,0.057692307692307696,0.3333333333333333,True,0.7739792399732144,LPE(20:4);FFA(18:4);SM(26:0),FFA(18:4);SM(18:1);PE(P-18:1_18:1),3,0.1
ZUL3S6O:704->711,ZUL3S6O,1,change_prevalence,0.3333333333333333,0.019230769230769232,0.0,True,0.4031493715618114,FFA(22:1);FFA(24:1);SM(26:0),FFA(20:0);SM(22:0);FFA(22:0),3,0.1
ZUL3S6O:704->711,ZUL3S6O,1,autoregressive_ridge,0.3333333333333333,0.019230769230769232,0.3333333333333333,True,0.5499961591140169,FFA(18:4);FFA(20:0);CE(22:4),FFA(20:0);SM(22:0);FFA(22:0),3,0.1
ZUL3S6O:704->711,ZUL3S6O,1,autoregressive_context_ridge,0.3333333333333333,0.019230769230769232,0.0,True,0.3517088813679532,FFA(18:4);LPC(15:0);PC(16:0_20:2),FFA(20:0);SM(22:0);FFA(22:0),3,0.1
ZUL3S6O:711->717,ZUL3S6O,1,change_prevalence,0.6666666666666666,0.038461538461538464,0.3333333333333333,True,0.5841075741275893,FFA(22:1);FFA(24:1);SM(26:0),FFA(20:0);FFA(22:2);FFA(22:1),3,0.1
ZUL3S6O:711->717,ZUL3S6O,1,autoregressive_ridge,0.6666666666666666,0.038461538461538464,0.3333333333333333,True,0.7395843775742232,FFA(20:0);FFA(18:4);FFA(22:6),FFA(20:0);FFA(22:2);FFA(22:1),3,0.1
ZUL3S6O:711->717,ZUL3S6O,1,autoregressive_context_ridge,0.6666666666666666,0.038461538461538464,0.3333333333333333,True,0.7561736772005894,FFA(20:0);FFA(22:6);FFA(18:4),FFA(20:0);FFA(22:2);FFA(22:1),3,0.1
ZWCZHHY:792->793,ZWCZHHY,1,change_prevalence,0.3333333333333333,0.019230769230769232,0.0,True,0.14476908472984887,FFA(22:1);FFA(24:1);SM(26:0),TAG58:10-FA18:2;TAG54:6-FA18:2;TAG54:7-FA18:3,3,0.1
ZWCZHHY:792->793,ZWCZHHY,1,autoregressive_ridge,0.3333333333333333,0.019230769230769232,0.0,True,0.5641157369535218,TAG52:7-FA18:1;TAG52:0-FA16:0;TAG52:0-FA18:0,TAG58:10-FA18:2;TAG54:6-FA18:2;TAG54:7-FA18:3,3,0.1
ZWCZHHY:792->793,ZWCZHHY,1,autoregressive_context_ridge,0.3333333333333333,0.019230769230769232,0.0,True,0.5641157369535218,TAG52:7-FA18:1;TAG52:0-FA16:0;TAG52:0-FA18:0,TAG58:10-FA18:2;TAG54:6-FA18:2;TAG54:7-FA18:3,3,0.1
ZWCZHHY:793->799,ZWCZHHY,1,change_prevalence,0.0,0.0,0.0,False,0.19738297172928101,FFA(22:1);FFA(24:1);SM(26:0),LPC(18:0);TAG52:1-FA18:1;TAG54:1-FA20:1,3,0.1
ZWCZHHY:793->799,ZWCZHHY,1,autoregressive_ridge,1.0,0.057692307692307696,0.0,True,0.7939379554206251,LPC(20:3);TAG50:0-FA16:0;TAG48:0-FA14:0,LPC(18:0);TAG52:1-FA18:1;TAG54:1-FA20:1,3,0.1
ZWCZHHY:793->799,ZWCZHHY,1,autoregressive_context_ridge,0.3333333333333333,0.019230769230769232,0.0,True,0.48889773968400485,HCER(16:0);TAG50:3-FA18:3;TAG52:3-FA18:3,LPC(18:0);TAG52:1-FA18:1;TAG54:1-FA20:1,3,0.1
ZWCZHHY:799->802,ZWCZHHY,1,change_prevalence,0.0,0.0,0.0,False,0.11267107537498441,FFA(22:1);FFA(24:1);SM(26:0),FFA(18:0);TAG56:4-FA20:2;TAG56:3-FA20:1,3,0.1
ZWCZHHY:799->802,ZWCZHHY,1,autoregressive_ridge,0.6666666666666666,0.038461538461538464,0.0,True,0.6235776814289311,FFA(18:4);TAG57:3-FA18:2;TAG58:10-FA18:2,FFA(18:0);TAG56:4-FA20:2;TAG56:3-FA20:1,3,0.1
ZWCZHHY:799->802,ZWCZHHY,1,autoregressive_context_ridge,0.6666666666666666,0.038461538461538464,0.0,True,0.6334720354908238,FFA(18:4);TAG57:3-FA18:2;TAG54:8-FA18:2,FFA(18:0);TAG56:4-FA20:2;TAG56:3-FA20:1,3,0.1
ZWCZHHY:802->805,ZWCZHHY,1,change_prevalence,0.6666666666666666,0.038461538461538464,0.0,True,0.5006302622758,FFA(22:1);FFA(24:1);SM(26:0),FFA(18:0);PC(16:0_16:0);PC(16:0_18:0),3,0.1
ZWCZHHY:802->805,ZWCZHHY,1,autoregressive_ridge,0.6666666666666666,0.038461538461538464,0.3333333333333333,True,0.7153932763128128,FFA(18:0);FFA(16:0);FFA(14:0),FFA(18:0);PC(16:0_16:0);PC(16:0_18:0),3,0.1
ZWCZHHY:802->805,ZWCZHHY,1,autoregressive_context_ridge,0.3333333333333333,0.019230769230769232,0.3333333333333333,True,0.5937111712770472,FFA(18:0);FFA(14:0);FFA(17:0),FFA(18:0);PC(16:0_16:0);PC(16:0_18:0),3,0.1
ZWCZHHY:805->808,ZWCZHHY,1,change_prevalence,0.6666666666666666,0.038461538461538464,0.0,True,0.548910255908149,FFA(22:1);FFA(24:1);SM(26:0),PC(16:0_16:0);PC(16:0_18:0);TAG54:5-FA18:3,3,0.1
ZWCZHHY:805->808,ZWCZHHY,1,autoregressive_ridge,1.0,0.057692307692307696,0.6666666666666666,True,0.9759248288023858,PC(16:0_16:0);PC(16:0_18:0);PC(18:0_18:0),PC(16:0_16:0);PC(16:0_18:0);TAG54:5-FA18:3,3,0.1
ZWCZHHY:805->808,ZWCZHHY,1,autoregressive_context_ridge,0.6666666666666666,0.038461538461538464,0.6666666666666666,True,0.8581369561463651,PC(16:0_16:0);PC(16:0_18:0);FFA(20:3),PC(16:0_16:0);PC(16:0_18:0);TAG54:5-FA18:3,3,0.1
ZWCZHHY:808->811,ZWCZHHY,1,change_prevalence,0.0,0.0,0.0,False,0.37053148522743107,FFA(22:1);FFA(24:1);SM(26:0),FFA(20:3);FFA(17:0);PC(18:1_18:2),3,0.1
ZWCZHHY:808->811,ZWCZHHY,1,autoregressive_ridge,0.3333333333333333,0.019230769230769232,0.3333333333333333,True,0.7306149630812542,FFA(20:3);CE(22:4);CE(20:2),FFA(20:3);FFA(17:0);PC(18:1_18:2),3,0.1
ZWCZHHY:808->811,ZWCZHHY,1,autoregressive_context_ridge,1.0,0.057692307692307696,0.3333333333333333,True,0.774046460267008,FFA(20:3);SM(22:0);TAG54:7-FA18:1,FFA(20:3);FFA(17:0);PC(18:1_18:2),3,0.1
ZWCZHHY:811->814,ZWCZHHY,1,change_prevalence,0.0,0.0,0.0,False,0.12926750923243943,FFA(22:1);FFA(24:1);SM(26:0),TAG54:7-FA18:1;FFA(18:0);FFA(17:0),3,0.1
ZWCZHHY:811->814,ZWCZHHY,1,autoregressive_ridge,1.0,0.057692307692307696,0.3333333333333333,True,0.9471812510401963,TAG54:8-FA18:2;TAG54:7-FA18:1;TAG54:8-FA18:3,TAG54:7-FA18:1;FFA(18:0);FFA(17:0),3,0.1
ZWCZHHY:811->814,ZWCZHHY,1,autoregressive_context_ridge,1.0,0.057692307692307696,0.3333333333333333,True,0.936727604008535,TAG54:8-FA18:2;TAG54:8-FA18:3;TAG54:7-FA18:1,TAG54:7-FA18:1;FFA(18:0);FFA(17:0),3,0.1
ZWCZHHY:814->818,ZWCZHHY,1,change_prevalence,0.6666666666666666,0.038461538461538464,0.0,True,0.2269984731661822,FFA(22:1);FFA(24:1);SM(26:0),FFA(18:4);FFA(17:0);FFA(22:4),3,0.1
ZWCZHHY:814->818,ZWCZHHY,1,autoregressive_ridge,0.6666666666666666,0.038461538461538464,0.3333333333333333,True,0.4208626534997006,LPC(20:3);FFA(18:0);FFA(17:0),FFA(18:4);FFA(17:0);FFA(22:4),3,0.1
ZWCZHHY:814->818,ZWCZHHY,1,autoregressive_context_ridge,1.0,0.057692307692307696,0.6666666666666666,True,0.8383035313526721,FFA(17:0);FFA(18:0);FFA(18:4),FFA(18:4);FFA(17:0);FFA(22:4),3,0.1
ZWCZHHY:818->824,ZWCZHHY,1,change_prevalence,0.3333333333333333,0.019230769230769232,0.0,True,0.44339799055699175,FFA(22:1);FFA(24:1);SM(26:0),FFA(18:4);FFA(22:4);FFA(20:1),3,0.1
ZWCZHHY:818->824,ZWCZHHY,1,autoregressive_ridge,1.0,0.057692307692307696,0.3333333333333333,True,0.8077474334479081,FFA(18:4);FFA(22:5);FFA(20:0),FFA(18:4);FFA(22:4);FFA(20:1),3,0.1
ZWCZHHY:818->824,ZWCZHHY,1,autoregressive_context_ridge,1.0,0.057692307692307696,0.3333333333333333,True,0.7350327017859688,FFA(22:5);FFA(18:4);FFA(20:0),FFA(18:4);FFA(22:4);FFA(20:1),3,0.1
ZWCZHHY:824->825,ZWCZHHY,1,change_prevalence,0.0,0.0,0.0,False,0.29908999836021066,FFA(22:1);FFA(24:1);SM(26:0),FFA(18:0);TAG56:7-FA20:5;TAG56:6-FA20:5,3,0.1
ZWCZHHY:824->825,ZWCZHHY,1,autoregressive_ridge,0.0,0.0,0.0,False,0.17694460175546764,FFA(18:1);FFA(18:2);CE(22:5),FFA(18:0);TAG56:7-FA20:5;TAG56:6-FA20:5,3,0.1
ZWCZHHY:824->825,ZWCZHHY,1,autoregressive_context_ridge,0.0,0.0,0.0,False,0.10885135550487704,FFA(18:1);FFA(18:2);FFA(20:1),FFA(18:0);TAG56:7-FA20:5;TAG56:6-FA20:5,3,0.1
ZWCZHHY:825->831,ZWCZHHY,1,change_prevalence,0.0,0.0,0.0,False,0.31132109571778516,FFA(22:1);FFA(24:1);SM(26:0),FFA(18:0);FFA(17:0);FFA(14:0),3,0.1
ZWCZHHY:825->831,ZWCZHHY,1,autoregressive_ridge,1.0,0.057692307692307696,0.6666666666666666,True,0.9185445635863698,FFA(18:0);FFA(14:0);FFA(16:0),FFA(18:0);FFA(17:0);FFA(14:0),3,0.1
ZWCZHHY:825->831,ZWCZHHY,1,autoregressive_context_ridge,1.0,0.057692307692307696,0.6666666666666666,True,0.9185445635863698,FFA(18:0);FFA(14:0);FFA(16:0),FFA(18:0);FFA(17:0);FFA(14:0),3,0.1
ZWCZHHY:831->838,ZWCZHHY,1,change_prevalence,0.3333333333333333,0.019230769230769232,0.0,True,0.345724688527724,FFA(22:1);FFA(24:1);SM(26:0),FFA(17:0);FFA(20:4);FFA(16:0),3,0.1
ZWCZHHY:831->838,ZWCZHHY,1,autoregressive_ridge,0.6666666666666666,0.038461538461538464,0.0,True,0.7448266530345993,SM(20:0);FFA(18:0);TAG46:2-FA18:2,FFA(17:0);FFA(20:4);FFA(16:0),3,0.1
ZWCZHHY:831->838,ZWCZHHY,1,autoregressive_context_ridge,1.0,0.057692307692307696,0.0,True,0.7587076816970364,FFA(18:0);SM(20:0);TAG48:4-FA18:2,FFA(17:0);FFA(20:4);FFA(16:0),3,0.1
ZWCZHHY:838->844,ZWCZHHY,1,change_prevalence,0.0,0.0,0.0,False,0.18160718207610066,FFA(22:1);FFA(24:1);SM(26:0),CE(22:5);TAG47:1-FA16:1;TAG56:7-FA22:4,3,0.1
ZWCZHHY:838->844,ZWCZHHY,1,autoregressive_ridge,0.6666666666666666,0.038461538461538464,0.3333333333333333,True,0.8067986768209913,CE(22:5);FFA(16:0);LPE(20:4),CE(22:5);TAG47:1-FA16:1;TAG56:7-FA22:4,3,0.1
ZWCZHHY:838->844,ZWCZHHY,1,autoregressive_context_ridge,0.0,0.0,0.0,False,0.4525472298496121,FFA(16:0);FFA(22:4);FFA(18:2),CE(22:5);TAG47:1-FA16:1;TAG56:7-FA22:4,3,0.1
ZXHCGKV:365->370,ZXHCGKV,1,change_prevalence,0.3333333333333333,0.019230769230769232,0.0,True,0.19328637340543856,FFA(22:1);FFA(24:1);SM(26:0),LPC(18:0);TAG58:3-FA18:1;LPC(20:3),3,0.1
ZXHCGKV:365->370,ZXHCGKV,1,autoregressive_ridge,1.0,0.057692307692307696,0.3333333333333333,True,0.7622947624077441,TAG58:3-FA18:1;TAG56:2-FA18:0;TAG56:1-FA18:1,LPC(18:0);TAG58:3-FA18:1;LPC(20:3),3,0.1
ZXHCGKV:365->370,ZXHCGKV,1,autoregressive_context_ridge,1.0,0.057692307692307696,0.3333333333333333,True,0.7404528791608106,TAG58:3-FA18:1;TAG56:2-FA18:0;PE(16:0_18:2),LPC(18:0);TAG58:3-FA18:1;LPC(20:3),3,0.1
ZXHCGKV:370->375,ZXHCGKV,1,change_prevalence,0.3333333333333333,0.019230769230769232,0.3333333333333333,True,0.2997136789009806,FFA(22:1);FFA(24:1);SM(26:0),PE(P-16:0_18:2);LPE(20:4);SM(26:0),3,0.1
ZXHCGKV:370->375,ZXHCGKV,1,autoregressive_ridge,0.0,0.0,0.0,False,0.34302711342258485,PE(16:0_18:2);PE(16:0_20:4);PE(18:1_18:2),PE(P-16:0_18:2);LPE(20:4);SM(26:0),3,0.1
ZXHCGKV:370->375,ZXHCGKV,1,autoregressive_context_ridge,0.0,0.0,0.0,False,0.3615682162486792,PE(16:0_18:2);PE(16:0_20:4);TAG52:2-FA20:2,PE(P-16:0_18:2);LPE(20:4);SM(26:0),3,0.1
ZXHCGKV:375->380,ZXHCGKV,1,change_prevalence,0.0,0.0,0.0,False,0.35097189216939156,FFA(22:1);FFA(24:1);SM(26:0),TAG56:6-FA18:3;TAG54:8-FA18:3;LPE(20:4),3,0.1
ZXHCGKV:375->380,ZXHCGKV,1,autoregressive_ridge,0.0,0.0,0.0,False,0.2017771624661008,PE(16:0_18:2);TAG54:0-FA18:0;TAG52:0-FA18:0,TAG56:6-FA18:3;TAG54:8-FA18:3;LPE(20:4),3,0.1
ZXHCGKV:375->380,ZXHCGKV,1,autoregressive_context_ridge,0.0,0.0,0.0,False,0.2617499697154767,PE(16:0_18:2);PC(16:0_20:2);TAG52:0-FA18:0,TAG56:6-FA18:3;TAG54:8-FA18:3;LPE(20:4),3,0.1
ZXHCGKV:380->386,ZXHCGKV,1,change_prevalence,0.0,0.0,0.0,False,0.27691744503713367,FFA(22:1);FFA(24:1);SM(26:0),TAG54:7-FA18:3;TAG54:8-FA18:3;FFA(14:0),3,0.1
ZXHCGKV:380->386,ZXHCGKV,1,autoregressive_ridge,0.0,0.0,0.0,False,0.11632611245471336,PE(16:0_18:2);PE(16:0_20:4);PE(18:1_18:2),TAG54:7-FA18:3;TAG54:8-FA18:3;FFA(14:0),3,0.1
ZXHCGKV:380->386,ZXHCGKV,1,autoregressive_context_ridge,0.0,0.0,0.0,False,0.11705017018406298,PE(16:0_18:2);PE(16:0_20:4);TAG52:2-FA20:2,TAG54:7-FA18:3;TAG54:8-FA18:3;FFA(14:0),3,0.1
ZY39SN0:659->662,ZY39SN0,1,change_prevalence,0.0,0.0,0.0,False,0.27272007943645393,FFA(22:1);FFA(24:1);SM(26:0),FFA(22:6);PE(18:0_18:0);PE(P-18:1_18:1),3,0.1
ZY39SN0:659->662,ZY39SN0,1,autoregressive_ridge,0.0,0.0,0.0,False,0.15930099104917375,TAG56:9-FA18:3;PC(16:0_18:3);TAG54:8-FA18:3,FFA(22:6);PE(18:0_18:0);PE(P-18:1_18:1),3,0.1
ZY39SN0:659->662,ZY39SN0,1,autoregressive_context_ridge,0.3333333333333333,0.019230769230769232,0.0,True,0.5154266773233215,LCER(16:0);PC(16:0_18:3);TAG56:9-FA18:3,FFA(22:6);PE(18:0_18:0);PE(P-18:1_18:1),3,0.1
ZY39SN0:662->663,ZY39SN0,1,change_prevalence,0.6666666666666666,0.038461538461538464,0.3333333333333333,True,0.7542116471029794,FFA(22:1);FFA(24:1);SM(26:0),FFA(22:2);TAG56:2-FA20:0;SM(26:0),3,0.1
ZY39SN0:662->663,ZY39SN0,1,autoregressive_ridge,1.0,0.057692307692307696,0.3333333333333333,True,0.8963769389764736,FFA(20:3);SM(26:0);FFA(20:4),FFA(22:2);TAG56:2-FA20:0;SM(26:0),3,0.1
ZY39SN0:662->663,ZY39SN0,1,autoregressive_context_ridge,1.0,0.057692307692307696,0.3333333333333333,True,0.9066822205971662,SM(26:0);FFA(20:3);SM(20:0),FFA(22:2);TAG56:2-FA20:0;SM(26:0),3,0.1
ZY39SN0:663->669,ZY39SN0,1,change_prevalence,1.0,0.057692307692307696,0.0,True,0.745887514236028,FFA(22:1);FFA(24:1);SM(26:0),LPE(18:1);PE(P-18:1_18:1);LPC(18:1),3,0.1
ZY39SN0:663->669,ZY39SN0,1,autoregressive_ridge,0.6666666666666666,0.038461538461538464,0.0,True,0.5811821388899717,PC(18:0_20:2);PC(18:0_18:1);PC(18:0_18:0),LPE(18:1);PE(P-18:1_18:1);LPC(18:1),3,0.1
ZY39SN0:663->669,ZY39SN0,1,autoregressive_context_ridge,0.3333333333333333,0.019230769230769232,0.0,True,0.41010096098670457,PC(18:0_20:2);PC(18:0_18:1);TAG50:5-FA18:2,LPE(18:1);PE(P-18:1_18:1);LPC(18:1),3,0.1
ZY39SN0:669->672,ZY39SN0,1,change_prevalence,1.0,0.057692307692307696,0.0,True,0.6271707431415807,FFA(22:1);FFA(24:1);SM(26:0),PE(P-18:1_18:1);PC(18:0_18:1);PE(P-18:0_18:1),3,0.1
ZY39SN0:669->672,ZY39SN0,1,autoregressive_ridge,1.0,0.057692307692307696,0.0,True,0.5986557779312958,FFA(20:0);FFA(24:1);FFA(24:0),PE(P-18:1_18:1);PC(18:0_18:1);PE(P-18:0_18:1),3,0.1
ZY39SN0:669->672,ZY39SN0,1,autoregressive_context_ridge,1.0,0.057692307692307696,0.0,True,0.5986557779312958,FFA(20:0);FFA(24:1);FFA(24:0),PE(P-18:1_18:1);PC(18:0_18:1);PE(P-18:0_18:1),3,0.1
ZY39SN0:672->675,ZY39SN0,1,change_prevalence,0.0,0.0,0.0,False,0.08152551186495959,FFA(22:1);FFA(24:1);SM(26:0),LPC(18:1);LPC(18:0);PC(18:0_18:1),3,0.1
ZY39SN0:672->675,ZY39SN0,1,autoregressive_ridge,0.3333333333333333,0.019230769230769232,0.3333333333333333,True,0.3424307487583521,PC(18:0_18:0);FFA(24:1);PC(18:0_18:1),LPC(18:1);LPC(18:0);PC(18:0_18:1),3,0.1
ZY39SN0:672->675,ZY39SN0,1,autoregressive_context_ridge,0.0,0.0,0.0,False,0.24802199829232455,PC(18:0_18:0);FFA(24:1);PC(16:0_18:0),LPC(18:1);LPC(18:0);PC(18:0_18:1),3,0.1
ZY39SN0:675->683,ZY39SN0,1,change_prevalence,0.0,0.0,0.0,False,0.14643689172658372,FFA(22:1);FFA(24:1);SM(26:0),PC(18:0_18:1);LPC(18:0);PC(16:0_18:1),3,0.1
ZY39SN0:675->683,ZY39SN0,1,autoregressive_ridge,0.0,0.0,0.0,False,0.19719836381972208,PC(18:0_18:0);PC(16:0_18:0);PC(16:0_16:0),PC(18:0_18:1);LPC(18:0);PC(16:0_18:1),3,0.1
ZY39SN0:675->683,ZY39SN0,1,autoregressive_context_ridge,0.0,0.0,0.0,False,0.19719836381972208,PC(18:0_18:0);PC(16:0_18:0);PC(16:0_16:0),PC(18:0_18:1);LPC(18:0);PC(16:0_18:1),3,0.1
ZY39SN0:683->685,ZY39SN0,1,change_prevalence,0.6666666666666666,0.038461538461538464,0.0,True,0.5185438076263355,FFA(22:1);FFA(24:1);SM(26:0),SM(20:0);PC(18:0_18:0);SM(22:0),3,0.1
ZY39SN0:683->685,ZY39SN0,1,autoregressive_ridge,1.0,0.057692307692307696,0.3333333333333333,True,0.8280969354019782,PC(18:0_18:0);PC(16:0_18:0);PC(18:0_18:1),SM(20:0);PC(18:0_18:0);SM(22:0),3,0.1
ZY39SN0:683->685,ZY39SN0,1,autoregressive_context_ridge,1.0,0.057692307692307696,0.3333333333333333,True,0.8280969354019782,PC(18:0_18:0);PC(16:0_18:0);PC(18:0_18:1),SM(20:0);PC(18:0_18:0);SM(22:0),3,0.1
ZY39SN0:685->689,ZY39SN0,1,change_prevalence,0.3333333333333333,0.019230769230769232,0.0,True,0.5560645090395628,FFA(22:1);FFA(24:1);SM(26:0),SM(22:1);SM(22:0);SM(20:0),3,0.1
ZY39SN0:685->689,ZY39SN0,1,autoregressive_ridge,1.0,0.057692307692307696,0.6666666666666666,True,0.8344523384092434,SM(20:0);PI(18:0_20:4);SM(22:0),SM(22:1);SM(22:0);SM(20:0),3,0.1
ZY39SN0:685->689,ZY39SN0,1,autoregressive_context_ridge,1.0,0.057692307692307696,0.6666666666666666,True,0.8676932531014553,PC(18:0_20:2);SM(20:0);SM(22:0),SM(22:1);SM(22:0);SM(20:0),3,0.1
ZY39SN0:689->695,ZY39SN0,1,change_prevalence,0.0,0.0,0.0,False,0.19706616279318964,FFA(22:1);FFA(24:1);SM(26:0),FFA(22:4);TAG52:6-FA16:0;LPE(16:0),3,0.1
ZY39SN0:689->695,ZY39SN0,1,autoregressive_ridge,0.6666666666666666,0.038461538461538464,0.0,True,0.7203186922211648,TAG48:4-FA12:0;TAG50:3-FA18:3;TAG48:4-FA18:2,FFA(22:4);TAG52:6-FA16:0;LPE(16:0),3,0.1
ZY39SN0:689->695,ZY39SN0,1,autoregressive_context_ridge,1.0,0.057692307692307696,0.0,True,0.8155376438631744,TAG50:3-FA18:3;TAG48:4-FA12:0;PE(16:0_18:2),FFA(22:4);TAG52:6-FA16:0;LPE(16:0),3,0.1
ZY39SN0:695->700,ZY39SN0,1,change_prevalence,0.6666666666666666,0.038461538461538464,0.3333333333333333,True,0.8029375403816612,FFA(22:1);FFA(24:1);SM(26:0),FFA(24:1);FFA(24:0);PC(16:0_18:0),3,0.1
ZY39SN0:695->700,ZY39SN0,1,autoregressive_ridge,0.0,0.0,0.0,False,0.217180750978895,PC(18:0_20:2);PC(18:0_18:1);FFA(20:0),FFA(24:1);FFA(24:0);PC(16:0_18:0),3,0.1
ZY39SN0:695->700,ZY39SN0,1,autoregressive_context_ridge,0.0,0.0,0.0,False,0.2602762305777379,PC(18:0_20:2);PC(18:0_18:1);LPC(20:3),FFA(24:1);FFA(24:0);PC(16:0_18:0),3,0.1
ZY39SN0:700->707,ZY39SN0,1,change_prevalence,0.6666666666666666,0.038461538461538464,0.6666666666666666,True,0.7931251032209687,FFA(22:1);FFA(24:1);SM(26:0),FFA(22:1);FFA(24:1);FFA(24:0),3,0.1
ZY39SN0:700->707,ZY39SN0,1,autoregressive_ridge,0.0,0.0,0.0,False,0.38890457097244346,PE(18:0_18:1);SM(20:0);PE(18:0_18:2),FFA(22:1);FFA(24:1);FFA(24:0),3,0.1
ZY39SN0:700->707,ZY39SN0,1,autoregressive_context_ridge,0.0,0.0,0.0,False,0.32035168238334555,SM(20:0);PE(18:0_18:1);PE(18:0_18:2),FFA(22:1);FFA(24:1);FFA(24:0),3,0.1
ZYUT6O1:708->711,ZYUT6O1,1,change_prevalence,0.0,0.0,0.0,False,0.24462223589206614,FFA(22:1);FFA(24:1);SM(26:0),PE(P-16:0_22:5);PC(18:0_18:0);CE(18:4),3,0.1
ZYUT6O1:708->711,ZYUT6O1,1,autoregressive_ridge,0.0,0.0,0.0,False,0.13557645787208497,FFA(22:0);FFA(12:0);FFA(22:2),PE(P-16:0_22:5);PC(18:0_18:0);CE(18:4),3,0.1
ZYUT6O1:708->711,ZYUT6O1,1,autoregressive_context_ridge,0.0,0.0,0.0,False,0.13557645787208497,FFA(22:0);FFA(12:0);FFA(22:2),PE(P-16:0_22:5);PC(18:0_18:0);CE(18:4),3,0.1
ZYUT6O1:711->714,ZYUT6O1,1,change_prevalence,0.6666666666666666,0.038461538461538464,0.0,True,0.5085976223588249,FFA(22:1);FFA(24:1);SM(26:0),PC(18:0_18:0);PC(16:0_16:0);PC(16:0_18:0),3,0.1
ZYUT6O1:711->714,ZYUT6O1,1,autoregressive_ridge,1.0,0.057692307692307696,1.0,True,1.0,PC(18:0_18:0);PC(16:0_16:0);PC(16:0_18:0),PC(18:0_18:0);PC(16:0_16:0);PC(16:0_18:0),3,0.1
ZYUT6O1:711->714,ZYUT6O1,1,autoregressive_context_ridge,1.0,0.057692307692307696,1.0,True,1.0,PC(18:0_18:0);PC(16:0_16:0);PC(16:0_18:0),PC(18:0_18:0);PC(16:0_16:0);PC(16:0_18:0),3,0.1
ZYXQKWY:599->603,ZYXQKWY,1,change_prevalence,0.3333333333333333,0.019230769230769232,0.3333333333333333,True,0.26495095050867334,FFA(22:1);FFA(24:1);SM(26:0),FFA(18:4);FFA(18:0);SM(26:0),3,0.1
ZYXQKWY:599->603,ZYXQKWY,1,autoregressive_ridge,1.0,0.057692307692307696,0.6666666666666666,True,0.9580426007831266,FFA(18:4);SM(20:0);SM(26:0),FFA(18:4);FFA(18:0);SM(26:0),3,0.1
ZYXQKWY:599->603,ZYXQKWY,1,autoregressive_context_ridge,0.6666666666666666,0.038461538461538464,0.3333333333333333,True,0.7773586480848815,FFA(18:4);FFA(20:3);PC(16:0_16:0),FFA(18:4);FFA(18:0);SM(26:0),3,0.1
ZYXQKWY:603->606,ZYXQKWY,1,change_prevalence,0.0,0.0,0.0,False,0.28011365303620045,FFA(22:1);FFA(24:1);SM(26:0),TAG58:10-FA22:6;TAG60:10-FA22:6;TAG58:9-FA22:6,3,0.1
ZYXQKWY:603->606,ZYXQKWY,1,autoregressive_ridge,0.3333333333333333,0.019230769230769232,0.0,True,0.6681554600498117,FFA(18:0);FFA(16:0);FFA(17:0),TAG58:10-FA22:6;TAG60:10-FA22:6;TAG58:9-FA22:6,3,0.1
ZYXQKWY:603->606,ZYXQKWY,1,autoregressive_context_ridge,0.3333333333333333,0.019230769230769232,0.0,True,0.6681554600498117,FFA(18:0);FFA(16:0);FFA(17:0),TAG58:10-FA22:6;TAG60:10-FA22:6;TAG58:9-FA22:6,3,0.1
ZYXQKWY:606->610,ZYXQKWY,1,change_prevalence,0.0,0.0,0.0,False,0.2596578131618096,FFA(22:1);FFA(24:1);SM(26:0),TAG56:8-FA16:0;TAG55:1-FA16:0;TAG58:10-FA22:6,3,0.1
ZYXQKWY:606->610,ZYXQKWY,1,autoregressive_ridge,0.6666666666666666,0.038461538461538464,0.0,True,0.7769304711015272,TAG55:5-FA18:2;TAG55:4-FA18:2;TAG55:4-FA18:1,TAG56:8-FA16:0;TAG55:1-FA16:0;TAG58:10-FA22:6,3,0.1
ZYXQKWY:606->610,ZYXQKWY,1,autoregressive_context_ridge,0.6666666666666666,0.038461538461538464,0.0,True,0.7769304711015272,TAG55:5-FA18:2;TAG55:4-FA18:2;TAG55:4-FA18:1,TAG56:8-FA16:0;TAG55:1-FA16:0;TAG58:10-FA22:6,3,0.1
ZYXQKWY:610->613,ZYXQKWY,1,change_prevalence,0.0,0.0,0.0,False,0.05792774097797698,FFA(22:1);FFA(24:1);SM(26:0),FFA(18:0);FFA(17:0);LPC(15:0),3,0.1
ZYXQKWY:610->613,ZYXQKWY,1,autoregressive_ridge,1.0,0.057692307692307696,0.6666666666666666,True,0.9087366365440114,FFA(18:0);FFA(17:0);FFA(16:0),FFA(18:0);FFA(17:0);LPC(15:0),3,0.1
ZYXQKWY:610->613,ZYXQKWY,1,autoregressive_context_ridge,0.3333333333333333,0.019230769230769232,0.3333333333333333,True,0.5863933262484443,FFA(18:0);FFA(24:0);PC(18:0_18:0),FFA(18:0);FFA(17:0);LPC(15:0),3,0.1
ZYXQKWY:613->616,ZYXQKWY,1,change_prevalence,0.0,0.0,0.0,False,0.14148104601381292,FFA(22:1);FFA(24:1);SM(26:0),FFA(20:0);FFA(22:0);PC(18:0_18:1),3,0.1
ZYXQKWY:613->616,ZYXQKWY,1,autoregressive_ridge,1.0,0.057692307692307696,0.6666666666666666,True,0.936775146474512,FFA(20:0);FFA(22:0);PC(18:0_18:0),FFA(20:0);FFA(22:0);PC(18:0_18:1),3,0.1
ZYXQKWY:613->616,ZYXQKWY,1,autoregressive_context_ridge,0.6666666666666666,0.038461538461538464,0.3333333333333333,True,0.7824684713912693,FFA(20:0);PE(18:0_18:1);PE(18:0_18:2),FFA(20:0);FFA(22:0);PC(18:0_18:1),3,0.1
ZYXQKWY:616->620,ZYXQKWY,1,change_prevalence,0.3333333333333333,0.019230769230769232,0.3333333333333333,True,0.3395803042075061,FFA(22:1);FFA(24:1);SM(26:0),SM(26:0);FFA(18:3);FFA(18:2),3,0.1
ZYXQKWY:616->620,ZYXQKWY,1,autoregressive_ridge,0.3333333333333333,0.019230769230769232,0.0,True,0.5002758153154219,FFA(22:5);FFA(22:1);PC(16:0_16:0),SM(26:0);FFA(18:3);FFA(18:2),3,0.1
ZYXQKWY:616->620,ZYXQKWY,1,autoregressive_context_ridge,0.3333333333333333,0.019230769230769232,0.0,True,0.5497803209960034,FFA(22:5);FFA(22:2);FFA(22:1),SM(26:0);FFA(18:3);FFA(18:2),3,0.1
ZYXQKWY:620->626,ZYXQKWY,1,change_prevalence,0.3333333333333333,0.019230769230769232,0.3333333333333333,True,0.383571415026014,FFA(22:1);FFA(24:1);SM(26:0),SM(26:0);FFA(22:0);FFA(20:0),3,0.1
ZYXQKWY:620->626,ZYXQKWY,1,autoregressive_ridge,0.3333333333333333,0.019230769230769232,0.3333333333333333,True,0.5626468956758593,FFA(22:0);FFA(24:1);FFA(22:1),SM(26:0);FFA(22:0);FFA(20:0),3,0.1
ZYXQKWY:620->626,ZYXQKWY,1,autoregressive_context_ridge,0.3333333333333333,0.019230769230769232,0.3333333333333333,True,0.5725891841592741,FFA(22:0);FFA(22:1);FFA(24:1),SM(26:0);FFA(22:0);FFA(20:0),3,0.1
ZYXQKWY:626->632,ZYXQKWY,1,change_prevalence,0.3333333333333333,0.019230769230769232,0.3333333333333333,True,0.26073296899709925,FFA(22:1);FFA(24:1);SM(26:0),LPC(15:0);SM(26:0);PI(18:0_18:2),3,0.1
ZYXQKWY:626->632,ZYXQKWY,1,autoregressive_ridge,0.6666666666666666,0.038461538461538464,0.0,True,0.39717792582482225,FFA(16:0);FFA(14:0);FFA(24:1),LPC(15:0);SM(26:0);PI(18:0_18:2),3,0.1
ZYXQKWY:626->632,ZYXQKWY,1,autoregressive_context_ridge,0.6666666666666666,0.038461538461538464,0.0,True,0.34831313724969537,FFA(16:0);FFA(24:1);SM(18:1),LPC(15:0);SM(26:0);PI(18:0_18:2),3,0.1
ZYXQKWY:632->639,ZYXQKWY,1,change_prevalence,0.6666666666666666,0.038461538461538464,0.0,True,0.24612800413996666,FFA(22:1);FFA(24:1);SM(26:0),FFA(18:4);FFA(20:0);FFA(22:0),3,0.1
ZYXQKWY:632->639,ZYXQKWY,1,autoregressive_ridge,0.6666666666666666,0.038461538461538464,0.3333333333333333,True,0.7061110325379116,FFA(18:4);FFA(18:0);PE(18:0_22:5),FFA(18:4);FFA(20:0);FFA(22:0),3,0.1
ZYXQKWY:632->639,ZYXQKWY,1,autoregressive_context_ridge,0.6666666666666666,0.038461538461538464,0.3333333333333333,True,0.6869969851816792,FFA(18:4);PE(18:0_22:5);FFA(18:0),FFA(18:4);FFA(20:0);FFA(22:0),3,0.1
ZYXQKWY:639->645,ZYXQKWY,1,change_prevalence,1.0,0.057692307692307696,0.3333333333333333,True,0.9116489345690091,FFA(22:1);FFA(24:1);SM(26:0),LPC(15:0);SM(26:0);LPC(16:1),3,0.1
ZYXQKWY:639->645,ZYXQKWY,1,autoregressive_ridge,1.0,0.057692307692307696,0.0,True,0.8071690624490596,FFA(24:0);FFA(24:1);FFA(22:0),LPC(15:0);SM(26:0);LPC(16:1),3,0.1
ZYXQKWY:639->645,ZYXQKWY,1,autoregressive_context_ridge,1.0,0.057692307692307696,0.0,True,0.8071690624490596,FFA(24:0);FFA(24:1);FFA(22:0),LPC(15:0);SM(26:0);LPC(16:1),3,0.1
ZK4CK8Y:585->586,ZK4CK8Y,2,change_prevalence,0.6666666666666666,0.038461538461538464,0.3333333333333333,True,0.623292222525514,SM(26:0);FFA(22:1);FFA(24:1),TAG53:1-FA16:0;SM(26:0);FFA(20:2),3,0.1
ZK4CK8Y:585->586,ZK4CK8Y,2,autoregressive_ridge,0.3333333333333333,0.019230769230769232,0.3333333333333333,True,0.6382959459938586,SM(26:0);SM(20:1);FFA(20:0),TAG53:1-FA16:0;SM(26:0);FFA(20:2),3,0.1
ZK4CK8Y:585->586,ZK4CK8Y,2,autoregressive_context_ridge,0.3333333333333333,0.019230769230769232,0.3333333333333333,True,0.49304230331517934,SM(20:1);FFA(20:0);SM(26:0),TAG53:1-FA16:0;SM(26:0);FFA(20:2),3,0.1
ZK4CK8Y:586->590,ZK4CK8Y,2,change_prevalence,0.0,0.0,0.0,False,0.19841100181828067,SM(26:0);FFA(22:1);FFA(24:1),TAG53:1-FA16:0;TAG48:4-FA12:0;TAG46:2-FA16:0,3,0.1
ZK4CK8Y:586->590,ZK4CK8Y,2,autoregressive_ridge,1.0,0.057692307692307696,0.3333333333333333,True,0.8471816939257744,FFA(18:1);FFA(18:2);TAG53:1-FA16:0,TAG53:1-FA16:0;TAG48:4-FA12:0;TAG46:2-FA16:0,3,0.1
ZK4CK8Y:586->590,ZK4CK8Y,2,autoregressive_context_ridge,0.6666666666666666,0.038461538461538464,0.3333333333333333,True,0.8211968805877641,FFA(18:1);TAG53:1-FA16:0;FFA(18:0),TAG53:1-FA16:0;TAG48:4-FA12:0;TAG46:2-FA16:0,3,0.1
ZK4CK8Y:590->592,ZK4CK8Y,2,change_prevalence,0.6666666666666666,0.038461538461538464,0.3333333333333333,True,0.4317512700778847,SM(26:0);FFA(22:1);FFA(24:1),PC(16:0_16:0);FFA(24:0);FFA(24:1),3,0.1
ZK4CK8Y:590->592,ZK4CK8Y,2,autoregressive_ridge,0.3333333333333333,0.019230769230769232,0.0,True,0.3475892462008721,TAG47:1-FA16:1;PC(16:0_18:3);SM(20:0),PC(16:0_16:0);FFA(24:0);FFA(24:1),3,0.1
ZK4CK8Y:590->592,ZK4CK8Y,2,autoregressive_context_ridge,0.6666666666666666,0.038461538461538464,0.0,True,0.36152808032379363,TAG47:1-FA16:1;SM(20:0);FFA(15:0),PC(16:0_16:0);FFA(24:0);FFA(24:1),3,0.1
ZK4CK8Y:592->596,ZK4CK8Y,2,change_prevalence,0.6666666666666666,0.038461538461538464,0.0,True,0.4396343602845501,SM(26:0);FFA(22:1);FFA(24:1),FFA(18:0);PC(16:0_16:0);FFA(24:0),3,0.1
ZK4CK8Y:592->596,ZK4CK8Y,2,autoregressive_ridge,1.0,0.057692307692307696,0.6666666666666666,True,0.7696675095387034,FFA(24:0);FFA(24:1);PC(16:0_16:0),FFA(18:0);PC(16:0_16:0);FFA(24:0),3,0.1
ZK4CK8Y:592->596,ZK4CK8Y,2,autoregressive_context_ridge,1.0,0.057692307692307696,0.6666666666666666,True,0.7696675095387034,FFA(24:0);FFA(24:1);PC(16:0_16:0),FFA(18:0);PC(16:0_16:0);FFA(24:0),3,0.1
ZK4CK8Y:596->599,ZK4CK8Y,2,change_prevalence,0.0,0.0,0.0,False,0.13729482654697633,SM(26:0);FFA(22:1);FFA(24:1),FFA(18:0);FFA(17:0);FFA(18:4),3,0.1
ZK4CK8Y:596->599,ZK4CK8Y,2,autoregressive_ridge,0.6666666666666666,0.038461538461538464,0.3333333333333333,True,0.7993266071679748,FFA(18:0);FFA(20:0);FFA(15:0),FFA(18:0);FFA(17:0);FFA(18:4),3,0.1
ZK4CK8Y:596->599,ZK4CK8Y,2,autoregressive_context_ridge,0.6666666666666666,0.038461538461538464,0.3333333333333333,True,0.7748826370758214,FFA(18:0);FFA(15:0);FFA(20:0),FFA(18:0);FFA(17:0);FFA(18:4),3,0.1
ZK4CK8Y:599->608,ZK4CK8Y,2,change_prevalence,0.0,0.0,0.0,False,0.08691674773808368,SM(26:0);FFA(22:1);FFA(24:1),FFA(14:1);FFA(14:0);FFA(12:0),3,0.1
ZK4CK8Y:599->608,ZK4CK8Y,2,autoregressive_ridge,0.6666666666666666,0.038461538461538464,0.0,True,0.5676990270451188,FFA(18:0);FFA(17:0);FFA(18:4),FFA(14:1);FFA(14:0);FFA(12:0),3,0.1
ZK4CK8Y:599->608,ZK4CK8Y,2,autoregressive_context_ridge,1.0,0.057692307692307696,0.0,True,0.6205438636001315,FFA(18:0);FFA(18:1);FFA(17:0),FFA(14:1);FFA(14:0);FFA(12:0),3,0.1
ZK4CK8Y:608->611,ZK4CK8Y,2,change_prevalence,0.3333333333333333,0.019230769230769232,0.0,True,0.2559183893018259,SM(26:0);FFA(22:1);FFA(24:1),LPC(18:0);LPC(16:1);LPC(18:2),3,0.1
ZK4CK8Y:608->611,ZK4CK8Y,2,autoregressive_ridge,0.6666666666666666,0.038461538461538464,0.0,True,0.47318512950997144,PC(18:2_20:3);FFA(12:0);CE(18:3),LPC(18:0);LPC(16:1);LPC(18:2),3,0.1
ZK4CK8Y:608->611,ZK4CK8Y,2,autoregressive_context_ridge,0.6666666666666666,0.038461538461538464,0.0,True,0.4035561297101525,FFA(12:0);PC(18:2_20:3);CE(18:3),LPC(18:0);LPC(16:1);LPC(18:2),3,0.1
ZK4CK8Y:611->614,ZK4CK8Y,2,change_prevalence,1.0,0.057692307692307696,0.3333333333333333,True,0.7233746239345297,SM(26:0);FFA(22:1);FFA(24:1),TAG47:1-FA16:1;FFA(24:1);PC(16:0_16:0),3,0.1
ZK4CK8Y:611->614,ZK4CK8Y,2,autoregressive_ridge,0.3333333333333333,0.019230769230769232,0.0,True,0.31277370841815755,FFA(15:0);FFA(12:0);SM(18:0),TAG47:1-FA16:1;FFA(24:1);PC(16:0_16:0),3,0.1
ZK4CK8Y:611->614,ZK4CK8Y,2,autoregressive_context_ridge,0.3333333333333333,0.019230769230769232,0.0,True,0.31277370841815755,FFA(15:0);FFA(12:0);SM(18:0),TAG47:1-FA16:1;FFA(24:1);PC(16:0_16:0),3,0.1
ZK4CK8Y:614->629,ZK4CK8Y,2,change_prevalence,1.0,0.057692307692307696,0.0,True,0.44629672517959074,SM(26:0);FFA(22:1);FFA(24:1),FFA(22:5);TAG47:1-FA16:1;LPE(20:4),3,0.1
ZK4CK8Y:614->629,ZK4CK8Y,2,autoregressive_ridge,0.6666666666666666,0.038461538461538464,0.3333333333333333,True,0.5177585469230391,TAG47:1-FA16:1;TAG50:5-FA14:0;FFA(15:0),FFA(22:5);TAG47:1-FA16:1;LPE(20:4),3,0.1
ZK4CK8Y:614->629,ZK4CK8Y,2,autoregressive_context_ridge,0.6666666666666666,0.038461538461538464,0.3333333333333333,True,0.5246501174489904,TAG47:1-FA16:1;FFA(15:0);TAG50:5-FA14:0,FFA(22:5);TAG47:1-FA16:1;LPE(20:4),3,0.1
ZK4CK8Y:629->630,ZK4CK8Y,2,change_prevalence,0.0,0.0,0.0,False,0.2378087349492422,SM(26:0);FFA(22:1);FFA(24:1),FFA(22:5);PE(18:0_18:1);PE(18:0_18:2),3,0.1
ZK4CK8Y:629->630,ZK4CK8Y,2,autoregressive_ridge,0.3333333333333333,0.019230769230769232,0.3333333333333333,True,0.788098834726361,FFA(22:5);FFA(12:0);PE(P-18:1_20:4),FFA(22:5);PE(18:0_18:1);PE(18:0_18:2),3,0.1
ZK4CK8Y:629->630,ZK4CK8Y,2,autoregressive_context_ridge,0.6666666666666666,0.038461538461538464,0.3333333333333333,True,0.8331371267230229,FFA(22:5);FFA(12:0);TAG54:4-FA22:1,FFA(22:5);PE(18:0_18:1);PE(18:0_18:2),3,0.1
ZK4CK8Y:630->635,ZK4CK8Y,2,change_prevalence,0.6666666666666666,0.038461538461538464,0.0,True,0.4965084119589281,SM(26:0);FFA(22:1);FFA(24:1),PC(16:0_16:0);PC(16:0_18:0);FFA(20:3),3,0.1
ZK4CK8Y:630->635,ZK4CK8Y,2,autoregressive_ridge,0.3333333333333333,0.019230769230769232,0.0,True,0.41256727300056634,FFA(12:0);LPC(18:0);SM(22:0),PC(16:0_16:0);PC(16:0_18:0);FFA(20:3),3,0.1
ZK4CK8Y:630->635,ZK4CK8Y,2,autoregressive_context_ridge,0.3333333333333333,0.019230769230769232,0.0,True,0.41256727300056634,FFA(12:0);LPC(18:0);SM(22:0),PC(16:0_16:0);PC(16:0_18:0);FFA(20:3),3,0.1
ZK4CK8Y:635->644,ZK4CK8Y,2,change_prevalence,0.6666666666666666,0.038461538461538464,0.0,True,0.4289016266742656,SM(26:0);FFA(22:1);FFA(24:1),PC(16:0_18:0);PC(16:0_16:0);FFA(24:0),3,0.1
ZK4CK8Y:635->644,ZK4CK8Y,2,autoregressive_ridge,1.0,0.057692307692307696,0.6666666666666666,True,0.9389637888209786,PC(16:0_18:0);PC(16:0_16:0);FFA(15:0),PC(16:0_18:0);PC(16:0_16:0);FFA(24:0),3,0.1
ZK4CK8Y:635->644,ZK4CK8Y,2,autoregressive_context_ridge,1.0,0.057692307692307696,0.6666666666666666,True,0.9389637888209786,PC(16:0_18:0);PC(16:0_16:0);FFA(15:0),PC(16:0_18:0);PC(16:0_16:0);FFA(24:0),3,0.1
ZK4CK8Y:644->652,ZK4CK8Y,2,change_prevalence,0.6666666666666666,0.038461538461538464,0.0,True,0.31226377435374436,SM(26:0);FFA(22:1);FFA(24:1),SM(18:0);SM(18:1);PC(16:0_22:5),3,0.1
ZK4CK8Y:644->652,ZK4CK8Y,2,autoregressive_ridge,0.6666666666666666,0.038461538461538464,0.0,True,0.45342007018782965,TAG47:1-FA16:1;PE(18:0_22:5);CE(18:4),SM(18:0);SM(18:1);PC(16:0_22:5),3,0.1
ZK4CK8Y:644->652,ZK4CK8Y,2,autoregressive_context_ridge,0.6666666666666666,0.038461538461538464,0.0,True,0.42398968628764166,TAG47:1-FA16:1;PE(18:0_22:5);CE(18:3),SM(18:0);SM(18:1);PC(16:0_22:5),3,0.1
ZKFV71L:774->777,ZKFV71L,2,change_prevalence,0.3333333333333333,0.019230769230769232,0.3333333333333333,True,0.4507194722242763,SM(26:0);FFA(22:1);FFA(24:1),TAG58:3-FA18:1;TAG56:2-FA16:0;SM(26:0),3,0.1
ZKFV71L:774->777,ZKFV71L,2,autoregressive_ridge,0.3333333333333333,0.019230769230769232,0.3333333333333333,True,0.6665489014031717,TAG58:3-FA18:1;FFA(24:1);FFA(24:0),TAG58:3-FA18:1;TAG56:2-FA16:0;SM(26:0),3,0.1
ZKFV71L:774->777,ZKFV71L,2,autoregressive_context_ridge,1.0,0.057692307692307696,0.3333333333333333,True,0.8230317033832193,TAG58:3-FA18:1;FFA(16:0);FFA(14:0),TAG58:3-FA18:1;TAG56:2-FA16:0;SM(26:0),3,0.1
ZKFV71L:777->786,ZKFV71L,2,change_prevalence,0.6666666666666666,0.038461538461538464,0.0,True,0.45862931247824057,SM(26:0);FFA(22:1);FFA(24:1),FFA(22:5);LPC(20:3);TAG48:2-FA12:0,3,0.1
ZKFV71L:777->786,ZKFV71L,2,autoregressive_ridge,0.0,0.0,0.0,False,0.20117186310550877,FFA(22:2);PI(16:0_18:1);PE(18:1_18:2),FFA(22:5);LPC(20:3);TAG48:2-FA12:0,3,0.1
ZKFV71L:777->786,ZKFV71L,2,autoregressive_context_ridge,0.3333333333333333,0.019230769230769232,0.0,True,0.350946460468795,SM(26:0);FFA(22:2);PI(18:0_18:1),FFA(22:5);LPC(20:3);TAG48:2-FA12:0,3,0.1
ZKFV71L:786->793,ZKFV71L,2,change_prevalence,0.6666666666666666,0.038461538461538464,0.0,True,0.39233922544668764,SM(26:0);FFA(22:1);FFA(24:1),FFA(22:5);FFA(22:2);FFA(20:3),3,0.1
ZKFV71L:786->793,ZKFV71L,2,autoregressive_ridge,1.0,0.057692307692307696,0.6666666666666666,True,0.925659816582731,FFA(22:5);LPE(18:0);FFA(22:2),FFA(22:5);FFA(22:2);FFA(20:3),3,0.1
ZKFV71L:786->793,ZKFV71L,2,autoregressive_context_ridge,0.6666666666666666,0.038461538461538464,0.6666666666666666,True,0.9167335538237562,FFA(22:5);FFA(22:2);TAG48:2-FA12:0,FFA(22:5);FFA(22:2);FFA(20:3),3,0.1
ZKFV71L:793->799,ZKFV71L,2,change_prevalence,0.6666666666666666,0.038461538461538464,0.3333333333333333,True,0.5853160952900279,SM(26:0);FFA(22:1);FFA(24:1),FFA(20:3);FFA(22:1);FFA(24:0),3,0.1
ZKFV71L:793->799,ZKFV71L,2,autoregressive_ridge,1.0,0.057692307692307696,0.3333333333333333,True,0.6970843687133853,LPC(18:0);FFA(22:0);FFA(22:1),FFA(20:3);FFA(22:1);FFA(24:0),3,0.1
ZKFV71L:793->799,ZKFV71L,2,autoregressive_context_ridge,1.0,0.057692307692307696,0.3333333333333333,True,0.6970843687133853,LPC(18:0);FFA(22:0);FFA(22:1),FFA(20:3);FFA(22:1);FFA(24:0),3,0.1
ZKFV71L:799->802,ZKFV71L,2,change_prevalence,1.0,0.057692307692307696,0.3333333333333333,True,0.8502878222211054,SM(26:0);FFA(22:1);FFA(24:1),FFA(20:3);FFA(24:0);FFA(22:1),3,0.1
ZKFV71L:799->802,ZKFV71L,2,autoregressive_ridge,1.0,0.057692307692307696,0.0,True,0.7584942510280276,SM(26:0);FFA(24:1);PC(18:0_20:2),FFA(20:3);FFA(24:0);FFA(22:1),3,0.1
ZKFV71L:799->802,ZKFV71L,2,autoregressive_context_ridge,1.0,0.057692307692307696,0.0,True,0.7584942510280276,SM(26:0);FFA(24:1);PC(18:0_20:2),FFA(20:3);FFA(24:0);FFA(22:1),3,0.1
ZKFV71L:802->803,ZKFV71L,2,change_prevalence,1.0,0.057692307692307696,0.0,True,0.46007992933491393,SM(26:0);FFA(22:1);FFA(24:1),FFA(20:0);PE(18:0_18:1);PE(18:0_18:2),3,0.1
ZKFV71L:802->803,ZKFV71L,2,autoregressive_ridge,1.0,0.057692307692307696,0.6666666666666666,True,0.7623855638786736,PE(18:0_18:1);FFA(22:1);PE(18:0_18:2),FFA(20:0);PE(18:0_18:1);PE(18:0_18:2),3,0.1
ZKFV71L:802->803,ZKFV71L,2,autoregressive_context_ridge,1.0,0.057692307692307696,0.6666666666666666,True,0.7750701795872524,PE(18:0_18:1);PE(18:0_18:2);FFA(22:1),FFA(20:0);PE(18:0_18:1);PE(18:0_18:2),3,0.1
ZKFV71L:803->805,ZKFV71L,2,change_prevalence,0.0,0.0,0.0,False,0.16712409786593413,SM(26:0);FFA(22:1);FFA(24:1),FFA(20:0);FFA(18:0);SM(22:0),3,0.1
ZKFV71L:803->805,ZKFV71L,2,autoregressive_ridge,1.0,0.057692307692307696,0.6666666666666666,True,0.917827155399044,FFA(20:0);FFA(18:0);FFA(17:0),FFA(20:0);FFA(18:0);SM(22:0),3,0.1
ZKFV71L:803->805,ZKFV71L,2,autoregressive_context_ridge,1.0,0.057692307692307696,0.6666666666666666,True,0.917827155399044,FFA(20:0);FFA(18:0);FFA(17:0),FFA(20:0);FFA(18:0);SM(22:0),3,0.1
ZKFV71L:805->808,ZKFV71L,2,change_prevalence,0.6666666666666666,0.038461538461538464,0.3333333333333333,True,0.7023379990484199,SM(26:0);FFA(22:1);FFA(24:1),LPE(18:1);SM(26:0);PI(18:1_18:1),3,0.1
ZKFV71L:805->808,ZKFV71L,2,autoregressive_ridge,0.3333333333333333,0.019230769230769232,0.0,True,0.4502133646045179,FFA(18:4);PE(18:1_20:4);SM(22:0),LPE(18:1);SM(26:0);PI(18:1_18:1),3,0.1
ZKFV71L:805->808,ZKFV71L,2,autoregressive_context_ridge,0.3333333333333333,0.019230769230769232,0.0,True,0.4697535417462646,FFA(18:4);FFA(12:0);FFA(17:0),LPE(18:1);SM(26:0);PI(18:1_18:1),3,0.1
ZKFV71L:808->812,ZKFV71L,2,change_prevalence,0.3333333333333333,0.019230769230769232,0.3333333333333333,True,0.5860770230333318,SM(26:0);FFA(22:1);FFA(24:1),TAG58:3-FA18:1;FFA(22:2);FFA(22:1),3,0.1
ZKFV71L:808->812,ZKFV71L,2,autoregressive_ridge,0.0,0.0,0.0,False,0.10165503039406759,LPE(18:1);LPC(15:0);LPC(16:1),TAG58:3-FA18:1;FFA(22:2);FFA(22:1),3,0.1
ZKFV71L:808->812,ZKFV71L,2,autoregressive_context_ridge,0.0,0.0,0.0,False,0.31626914371656756,FFA(20:0);FFA(12:0);SM(26:0),TAG58:3-FA18:1;FFA(22:2);FFA(22:1),3,0.1
ZKFV71L:812->813,ZKFV71L,2,change_prevalence,0.0,0.0,0.0,False,0.14876429565107976,SM(26:0);FFA(22:1);FFA(24:1),FFA(18:1);LPC(18:0);FFA(18:2),3,0.1
ZKFV71L:812->813,ZKFV71L,2,autoregressive_ridge,1.0,0.057692307692307696,0.3333333333333333,True,0.8154586857480749,TAG48:3-FA12:0;TAG58:3-FA18:1;LPC(18:0),FFA(18:1);LPC(18:0);FFA(18:2),3,0.1
ZKFV71L:812->813,ZKFV71L,2,autoregressive_context_ridge,1.0,0.057692307692307696,0.0,True,0.6915029328869646,TAG58:3-FA18:1;TAG48:3-FA12:0;TAG48:2-FA12:0,FFA(18:1);LPC(18:0);FFA(18:2),3,0.1
ZKFV71L:813->814,ZKFV71L,2,change_prevalence,0.6666666666666666,0.038461538461538464,0.0,True,0.41180985363983197,SM(26:0);FFA(22:1);FFA(24:1),PE(18:0_18:1);PE(18:0_18:2);FFA(22:5),3,0.1
ZKFV71L:813->814,ZKFV71L,2,autoregressive_ridge,0.6666666666666666,0.038461538461538464,0.0,True,0.37956556178660583,FFA(18:0);FFA(18:1);FFA(16:0),PE(18:0_18:1);PE(18:0_18:2);FFA(22:5),3,0.1
ZKFV71L:813->814,ZKFV71L,2,autoregressive_context_ridge,0.6666666666666666,0.038461538461538464,0.0,True,0.37956556178660583,FFA(18:0);FFA(18:1);FFA(16:0),PE(18:0_18:1);PE(18:0_18:2);FFA(22:5),3,0.1
ZKFV71L:814->817,ZKFV71L,2,change_prevalence,0.0,0.0,0.0,False,0.22301236032812652,SM(26:0);FFA(22:1);FFA(24:1),PE(18:0_18:1);PE(18:0_18:2);FFA(18:0),3,0.1
ZKFV71L:814->817,ZKFV71L,2,autoregressive_ridge,1.0,0.057692307692307696,1.0,True,0.9974490628848698,PE(18:0_18:1);FFA(18:0);PE(18:0_18:2),PE(18:0_18:1);PE(18:0_18:2);FFA(18:0),3,0.1
ZKFV71L:814->817,ZKFV71L,2,autoregressive_context_ridge,1.0,0.057692307692307696,1.0,True,1.0,PE(18:0_18:1);PE(18:0_18:2);FFA(18:0),PE(18:0_18:1);PE(18:0_18:2);FFA(18:0),3,0.1
ZKFV71L:817->820,ZKFV71L,2,change_prevalence,1.0,0.057692307692307696,0.0,True,0.7609814894480275,SM(26:0);FFA(22:1);FFA(24:1),FFA(22:0);LPC(16:1);FFA(18:4),3,0.1
ZKFV71L:817->820,ZKFV71L,2,autoregressive_ridge,0.0,0.0,0.0,False,0.2994358284410547,FFA(18:0);CE(18:2);SM(14:0),FFA(22:0);LPC(16:1);FFA(18:4),3,0.1
ZKFV71L:817->820,ZKFV71L,2,autoregressive_context_ridge,0.6666666666666666,0.038461538461538464,0.0,True,0.5792479338593108,FFA(24:1);FFA(18:0);FFA(24:0),FFA(22:0);LPC(16:1);FFA(18:4),3,0.1
ZKFV71L:820->825,ZKFV71L,2,change_prevalence,1.0,0.057692307692307696,0.3333333333333333,True,0.7058104978343274,SM(26:0);FFA(22:1);FFA(24:1),FFA(18:4);FFA(22:0);SM(26:0),3,0.1
ZKFV71L:820->825,ZKFV71L,2,autoregressive_ridge,1.0,0.057692307692307696,0.6666666666666666,True,0.8525188229885977,SM(22:0);SM(26:0);FFA(18:4),FFA(18:4);FFA(22:0);SM(26:0),3,0.1
ZKFV71L:820->825,ZKFV71L,2,autoregressive_context_ridge,0.6666666666666666,0.038461538461538464,0.3333333333333333,True,0.7175441253237932,SM(26:0);SM(22:0);TAG48:4-FA12:0,FFA(18:4);FFA(22:0);SM(26:0),3,0.1
ZKFV71L:825->826,ZKFV71L,2,change_prevalence,0.0,0.0,0.0,False,0.05340360501080054,SM(26:0);FFA(22:1);FFA(24:1),TAG58:3-FA18:1;FFA(18:2);FFA(18:1),3,0.1
ZKFV71L:825->826,ZKFV71L,2,autoregressive_ridge,0.6666666666666666,0.038461538461538464,0.0,True,0.4863733568524022,CE(22:5);FFA(16:0);LPE(18:2),TAG58:3-FA18:1;FFA(18:2);FFA(18:1),3,0.1
ZKFV71L:825->826,ZKFV71L,2,autoregressive_context_ridge,0.6666666666666666,0.038461538461538464,0.0,True,0.43515425443416866,CE(22:5);FFA(18:4);FFA(22:0),TAG58:3-FA18:1;FFA(18:2);FFA(18:1),3,0.1
ZKFV71L:826->828,ZKFV71L,2,change_prevalence,0.3333333333333333,0.019230769230769232,0.0,True,0.5208847246669532,SM(26:0);FFA(22:1);FFA(24:1),TAG58:3-FA18:1;PE(18:0_18:1);TAG56:2-FA16:0,3,0.1
ZKFV71L:826->828,ZKFV71L,2,autoregressive_ridge,1.0,0.057692307692307696,0.6666666666666666,True,0.9221206239792192,TAG58:3-FA18:1;FFA(20:0);PE(18:0_18:1),TAG58:3-FA18:1;PE(18:0_18:1);TAG56:2-FA16:0,3,0.1
ZKFV71L:826->828,ZKFV71L,2,autoregressive_context_ridge,0.6666666666666666,0.038461538461538464,0.3333333333333333,True,0.7565050442594832,TAG58:3-FA18:1;FFA(20:0);TAG46:1-FA12:0,TAG58:3-FA18:1;PE(18:0_18:1);TAG56:2-FA16:0,3,0.1
ZKFV71L:828->829,ZKFV71L,2,change_prevalence,0.6666666666666666,0.038461538461538464,0.3333333333333333,True,0.7729038370983838,SM(26:0);FFA(22:1);FFA(24:1),FFA(24:0);FFA(24:1);SM(20:0),3,0.1
ZKFV71L:828->829,ZKFV71L,2,autoregressive_ridge,0.6666666666666666,0.038461538461538464,0.6666666666666666,True,0.8350860807166062,FFA(24:0);FFA(24:1);LPE(18:0),FFA(24:0);FFA(24:1);SM(20:0),3,0.1
ZKFV71L:828->829,ZKFV71L,2,autoregressive_context_ridge,1.0,0.057692307692307696,0.6666666666666666,True,0.9903687563368359,FFA(24:0);FFA(24:1);SM(26:0),FFA(24:0);FFA(24:1);SM(20:0),3,0.1
ZKFV71L:829->831,ZKFV71L,2,change_prevalence,0.3333333333333333,0.019230769230769232,0.0,True,0.5126187835719168,SM(26:0);FFA(22:1);FFA(24:1),CE(18:4);PI(16:0_18:2);PI(16:0_20:4),3,0.1
ZKFV71L:829->831,ZKFV71L,2,autoregressive_ridge,0.0,0.0,0.0,False,0.27816113259701913,PE(18:1_18:2);LPE(18:0);TAG56:5-FA20:1,CE(18:4);PI(16:0_18:2);PI(16:0_20:4),3,0.1
ZKFV71L:829->831,ZKFV71L,2,autoregressive_context_ridge,0.0,0.0,0.0,False,0.183953605178581,LPC(20:3);PE(O-18:0_20:4);CE(22:4),CE(18:4);PI(16:0_18:2);PI(16:0_20:4),3,0.1
ZKFV71L:831->838,ZKFV71L,2,change_prevalence,0.6666666666666666,0.038461538461538464,0.0,True,0.5291902112284035,SM(26:0);FFA(22:1);FFA(24:1),PI(16:0_20:4);PI(16:0_18:2);PI(18:0_18:1),3,0.1
ZKFV71L:831->838,ZKFV71L,2,autoregressive_ridge,0.0,0.0,0.0,False,0.24492829911914424,FFA(14:0);FFA(17:0);FFA(12:0),PI(16:0_20:4);PI(16:0_18:2);PI(18:0_18:1),3,0.1
ZKFV71L:831->838,ZKFV71L,2,autoregressive_context_ridge,0.0,0.0,0.0,False,0.27424022918158597,FFA(14:0);FFA(12:0);FFA(16:0),PI(16:0_20:4);PI(16:0_18:2);PI(18:0_18:1),3,0.1
ZKFV71L:838->839,ZKFV71L,2,change_prevalence,0.6666666666666666,0.038461538461538464,0.0,True,0.5329066919585271,SM(26:0);FFA(22:1);FFA(24:1),FFA(22:0);FFA(20:0);PC(16:0_14:0),3,0.1
ZKFV71L:838->839,ZKFV71L,2,autoregressive_ridge,1.0,0.057692307692307696,0.0,True,0.725858901698894,PI(18:0_18:1);PI(16:0_18:1);PI(18:1_18:1),FFA(22:0);FFA(20:0);PC(16:0_14:0),3,0.1
ZKFV71L:838->839,ZKFV71L,2,autoregressive_context_ridge,0.6666666666666666,0.038461538461538464,0.0,True,0.5477041603602982,PI(18:0_18:1);FFA(18:0);PI(18:1_18:1),FFA(22:0);FFA(20:0);PC(16:0_14:0),3,0.1
ZKFV71L:839->840,ZKFV71L,2,change_prevalence,0.6666666666666666,0.038461538461538464,0.0,True,0.2665551628445442,SM(26:0);FFA(22:1);FFA(24:1),CE(22:4);CE(20:2);CE(22:5),3,0.1
ZKFV71L:839->840,ZKFV71L,2,autoregressive_ridge,1.0,0.057692307692307696,0.0,True,0.41637775380238207,FFA(18:0);PE(18:0_22:5);FFA(18:4),CE(22:4);CE(20:2);CE(22:5),3,0.1
ZKFV71L:839->840,ZKFV71L,2,autoregressive_context_ridge,1.0,0.057692307692307696,0.0,True,0.36384460385762274,FFA(18:0);FFA(18:4);CE(18:4),CE(22:4);CE(20:2);CE(22:5),3,0.1
ZL63I8R:736->739,ZL63I8R,2,change_prevalence,0.0,0.0,0.0,False,0.14390117467368294,SM(26:0);FFA(22:1);FFA(24:1),LPE(18:1);LPE(18:2);TAG48:0-FA18:0,3,0.1
ZL63I8R:736->739,ZL63I8R,2,autoregressive_ridge,0.6666666666666666,0.038461538461538464,0.3333333333333333,True,0.8655266270471005,LPE(18:1);PC(14:0_18:2);TAG50:5-FA14:0,LPE(18:1);LPE(18:2);TAG48:0-FA18:0,3,0.1
ZL63I8R:736->739,ZL63I8R,2,autoregressive_context_ridge,1.0,0.057692307692307696,0.6666666666666666,True,0.9954312956436832,LPE(18:1);LPE(18:2);PC(14:0_18:2),LPE(18:1);LPE(18:2);TAG48:0-FA18:0,3,0.1
ZL63I8R:739->742,ZL63I8R,2,change_prevalence,0.6666666666666666,0.038461538461538464,0.0,True,0.5398510367954058,SM(26:0);FFA(22:1);FFA(24:1),TAG48:4-FA12:0;TAG56:9-FA22:6;TAG48:3-FA12:0,3,0.1
ZL63I8R:739->742,ZL63I8R,2,autoregressive_ridge,1.0,0.057692307692307696,0.0,True,0.7696143377678468,TAG52:6-FA16:1;FFA(24:1);TAG54:7-FA18:1,TAG48:4-FA12:0;TAG56:9-FA22:6;TAG48:3-FA12:0,3,0.1
ZL63I8R:739->742,ZL63I8R,2,autoregressive_context_ridge,1.0,0.057692307692307696,0.0,True,0.803597170125054,TAG52:6-FA16:1;TAG50:5-FA14:0;TAG54:7-FA18:1,TAG48:4-FA12:0;TAG56:9-FA22:6;TAG48:3-FA12:0,3,0.1
ZL63I8R:742->746,ZL63I8R,2,change_prevalence,1.0,0.057692307692307696,0.0,True,0.6872414592801737,SM(26:0);FFA(22:1);FFA(24:1),TAG56:3-FA20:0;TAG56:3-FA18:2;TAG58:3-FA18:1,3,0.1
ZL63I8R:742->746,ZL63I8R,2,autoregressive_ridge,0.3333333333333333,0.019230769230769232,0.0,True,0.31348648408741203,SM(20:0);PE(18:0_18:1);SM(26:0),TAG56:3-FA20:0;TAG56:3-FA18:2;TAG58:3-FA18:1,3,0.1
ZL63I8R:742->746,ZL63I8R,2,autoregressive_context_ridge,0.3333333333333333,0.019230769230769232,0.0,True,0.31348648408741203,SM(20:0);PE(18:0_18:1);SM(26:0),TAG56:3-FA20:0;TAG56:3-FA18:2;TAG58:3-FA18:1,3,0.1
ZL63I8R:746->748,ZL63I8R,2,change_prevalence,0.3333333333333333,0.019230769230769232,0.0,True,0.18284450968819682,SM(26:0);FFA(22:1);FFA(24:1),FFA(18:0);FFA(17:0);FFA(16:0),3,0.1
ZL63I8R:746->748,ZL63I8R,2,autoregressive_ridge,1.0,0.057692307692307696,0.3333333333333333,True,0.8140880827660159,FFA(17:0);FFA(14:0);FFA(14:1),FFA(18:0);FFA(17:0);FFA(16:0),3,0.1
ZL63I8R:746->748,ZL63I8R,2,autoregressive_context_ridge,1.0,0.057692307692307696,0.3333333333333333,True,0.8140880827660159,FFA(17:0);FFA(14:0);FFA(14:1),FFA(18:0);FFA(17:0);FFA(16:0),3,0.1
ZL63I8R:748->752,ZL63I8R,2,change_prevalence,1.0,0.057692307692307696,0.0,True,0.5779896741901696,SM(26:0);FFA(22:1);FFA(24:1),FFA(18:3);FFA(18:0);PC(16:0_18:3),3,0.1
ZL63I8R:748->752,ZL63I8R,2,autoregressive_ridge,0.3333333333333333,0.019230769230769232,0.3333333333333333,True,0.6558556600412808,FFA(18:0);TAG48:2-FA12:0;PE(P-16:0_22:5),FFA(18:3);FFA(18:0);PC(16:0_18:3),3,0.1
ZL63I8R:748->752,ZL63I8R,2,autoregressive_context_ridge,0.6666666666666666,0.038461538461538464,0.3333333333333333,True,0.7689130681600297,FFA(18:0);TAG48:2-FA12:0;TAG52:3-FA16:1,FFA(18:3);FFA(18:0);PC(16:0_18:3),3,0.1
ZL63I8R:752->756,ZL63I8R,2,change_prevalence,0.6666666666666666,0.038461538461538464,0.0,True,0.552264914690276,SM(26:0);FFA(22:1);FFA(24:1),FFA(18:4);LPC(16:1);LPC(18:1),3,0.1
ZL63I8R:752->756,ZL63I8R,2,autoregressive_ridge,0.3333333333333333,0.019230769230769232,0.0,True,0.2436571773186098,PC(16:0_18:3);FFA(22:1);CE(18:4),FFA(18:4);LPC(16:1);LPC(18:1),3,0.1
ZL63I8R:752->756,ZL63I8R,2,autoregressive_context_ridge,0.0,0.0,0.0,False,0.22422167840691287,PC(16:0_18:3);TAG46:2-FA18:1;TAG48:2-FA12:0,FFA(18:4);LPC(16:1);LPC(18:1),3,0.1
ZL63I8R:756->759,ZL63I8R,2,change_prevalence,0.3333333333333333,0.019230769230769232,0.0,True,0.3265371705087304,SM(26:0);FFA(22:1);FFA(24:1),FFA(18:4);LPC(18:1);LPC(16:1),3,0.1
ZL63I8R:756->759,ZL63I8R,2,autoregressive_ridge,1.0,0.057692307692307696,0.6666666666666666,True,0.907531348864072,FFA(18:4);PC(14:0_18:1);LPC(18:1),FFA(18:4);LPC(18:1);LPC(16:1),3,0.1
ZL63I8R:756->759,ZL63I8R,2,autoregressive_context_ridge,1.0,0.057692307692307696,1.0,True,0.994434940801519,FFA(18:4);LPC(16:1);LPC(18:1),FFA(18:4);LPC(18:1);LPC(16:1),3,0.1
ZL63I8R:759->764,ZL63I8R,2,change_prevalence,1.0,0.057692307692307696,0.0,True,0.6716471751565853,SM(26:0);FFA(22:1);FFA(24:1),FFA(18:4);PC(16:0_16:0);PC(16:0_18:0),3,0.1
ZL63I8R:759->764,ZL63I8R,2,autoregressive_ridge,0.6666666666666666,0.038461538461538464,0.3333333333333333,True,0.655221589840874,FFA(18:4);FFA(20:0);SM(20:0),FFA(18:4);PC(16:0_16:0);PC(16:0_18:0),3,0.1
ZL63I8R:759->764,ZL63I8R,2,autoregressive_context_ridge,0.6666666666666666,0.038461538461538464,0.3333333333333333,True,0.655221589840874,FFA(18:4);FFA(20:0);SM(20:0),FFA(18:4);PC(16:0_16:0);PC(16:0_18:0),3,0.1
ZL63I8R:764->767,ZL63I8R,2,change_prevalence,0.6666666666666666,0.038461538461538464,0.0,True,0.6067821621328359,SM(26:0);FFA(22:1);FFA(24:1),FFA(22:4);PC(18:0_18:0);PI(18:0_20:3),3,0.1
ZL63I8R:764->767,ZL63I8R,2,autoregressive_ridge,1.0,0.057692307692307696,0.3333333333333333,True,0.8758915595516832,PC(16:0_16:0);FFA(22:4);FFA(22:0),FFA(22:4);PC(18:0_18:0);PI(18:0_20:3),3,0.1
ZL63I8R:764->767,ZL63I8R,2,autoregressive_context_ridge,1.0,0.057692307692307696,0.3333333333333333,True,0.906838874196288,PC(16:0_16:0);FFA(22:4);FFA(20:5),FFA(22:4);PC(18:0_18:0);PI(18:0_20:3),3,0.1
ZL63I8R:767->768,ZL63I8R,2,change_prevalence,1.0,0.057692307692307696,0.0,True,0.6333153836642381,SM(26:0);FFA(22:1);FFA(24:1),FFA(24:0);FFA(22:0);FFA(18:4),3,0.1
ZL63I8R:767->768,ZL63I8R,2,autoregressive_ridge,0.3333333333333333,0.019230769230769232,0.0,True,0.43473928121514216,FFA(22:5);FFA(18:0);TAG58:9-FA22:5,FFA(24:0);FFA(22:0);FFA(18:4),3,0.1
ZL63I8R:767->768,ZL63I8R,2,autoregressive_context_ridge,0.6666666666666666,0.038461538461538464,0.0,True,0.5045812860488772,FFA(22:5);FFA(18:0);TAG48:4-FA18:2,FFA(24:0);FFA(22:0);FFA(18:4),3,0.1
ZL63I8R:768->772,ZL63I8R,2,change_prevalence,0.0,0.0,0.0,False,0.4101953877896845,SM(26:0);FFA(22:1);FFA(24:1),TAG52:5-FA16:1;TAG52:6-FA16:1;TAG52:5-FA18:2,3,0.1
ZL63I8R:768->772,ZL63I8R,2,autoregressive_ridge,0.3333333333333333,0.019230769230769232,0.0,True,0.5357041567935311,FFA(18:4);FFA(20:0);FFA(17:0),TAG52:5-FA16:1;TAG52:6-FA16:1;TAG52:5-FA18:2,3,0.1
ZL63I8R:768->772,ZL63I8R,2,autoregressive_context_ridge,0.3333333333333333,0.019230769230769232,0.0,True,0.5357041567935311,FFA(18:4);FFA(20:0);FFA(17:0),TAG52:5-FA16:1;TAG52:6-FA16:1;TAG52:5-FA18:2,3,0.1
ZL63I8R:772->775,ZL63I8R,2,change_prevalence,0.3333333333333333,0.019230769230769232,0.3333333333333333,True,0.5004214273017941,SM(26:0);FFA(22:1);FFA(24:1),TAG52:5-FA16:1;PI(16:0_18:1);SM(26:0),3,0.1
ZL63I8R:772->775,ZL63I8R,2,autoregressive_ridge,1.0,0.057692307692307696,0.3333333333333333,True,0.9118781185254908,PI(16:0_18:1);FFA(22:5);PI(18:0_18:1),TAG52:5-FA16:1;PI(16:0_18:1);SM(26:0),3,0.1
ZL63I8R:772->775,ZL63I8R,2,autoregressive_context_ridge,1.0,0.057692307692307696,0.3333333333333333,True,0.8726998635905426,FFA(22:5);PI(16:0_18:1);PI(18:0_18:1),TAG52:5-FA16:1;PI(16:0_18:1);SM(26:0),3,0.1
ZL63I8R:775->780,ZL63I8R,2,change_prevalence,0.3333333333333333,0.019230769230769232,0.0,True,0.3797335313526831,SM(26:0);FFA(22:1);FFA(24:1),CE(20:2);PE(18:0_18:1);PC(18:2_20:3),3,0.1
ZL63I8R:775->780,ZL63I8R,2,autoregressive_ridge,1.0,0.057692307692307696,0.3333333333333333,True,0.8401697293091686,PE(18:0_18:1);SM(26:1);SM(26:0),CE(20:2);PE(18:0_18:1);PC(18:2_20:3),3,0.1
ZL63I8R:775->780,ZL63I8R,2,autoregressive_context_ridge,1.0,0.057692307692307696,0.3333333333333333,True,0.9063978839577268,PE(18:0_18:1);PE(18:0_18:2);SM(26:1),CE(20:2);PE(18:0_18:1);PC(18:2_20:3),3,0.1
ZL63I8R:780->792,ZL63I8R,2,change_prevalence,0.6666666666666666,0.038461538461538464,0.0,True,0.43378673867774353,SM(26:0);FFA(22:1);FFA(24:1),CE(20:2);FFA(20:3);PC(18:0_18:0),3,0.1
ZL63I8R:780->792,ZL63I8R,2,autoregressive_ridge,0.6666666666666666,0.038461538461538464,0.0,True,0.5395325980620949,PC(14:0_18:2);PE(P-16:0_22:5);PC(18:1_18:1),CE(20:2);FFA(20:3);PC(18:0_18:0),3,0.1
ZL63I8R:780->792,ZL63I8R,2,autoregressive_context_ridge,0.6666666666666666,0.038461538461538464,0.0,True,0.523415562042533,PI(16:0_20:4);PI(16:0_18:1);LPC(16:0),CE(20:2);FFA(20:3);PC(18:0_18:0),3,0.1
ZL63I8R:792->796,ZL63I8R,2,change_prevalence,0.6666666666666666,0.038461538461538464,0.0,True,0.6192288547315968,SM(26:0);FFA(22:1);FFA(24:1),SM(20:0);PI(18:0_20:4);LPE(20:4),3,0.1
ZL63I8R:792->796,ZL63I8R,2,autoregressive_ridge,0.6666666666666666,0.038461538461538464,0.0,True,0.5829158521559765,FFA(20:3);FFA(22:1);FFA(24:1),SM(20:0);PI(18:0_20:4);LPE(20:4),3,0.1
ZL63I8R:792->796,ZL63I8R,2,autoregressive_context_ridge,0.6666666666666666,0.038461538461538464,0.0,True,0.5829158521559765,FFA(20:3);FFA(22:1);FFA(24:1),SM(20:0);PI(18:0_20:4);LPE(20:4),3,0.1
ZL63I8R:796->801,ZL63I8R,2,change_prevalence,1.0,0.057692307692307696,0.3333333333333333,True,0.8800113427753145,SM(26:0);FFA(22:1);FFA(24:1),LPE(20:4);SM(26:0);LPE(18:2),3,0.1
ZL63I8R:796->801,ZL63I8R,2,autoregressive_ridge,1.0,0.057692307692307696,0.0,True,0.7884229812114923,FFA(20:0);FFA(22:1);SM(20:0),LPE(20:4);SM(26:0);LPE(18:2),3,0.1
ZL63I8R:796->801,ZL63I8R,2,autoregressive_context_ridge,1.0,0.057692307692307696,0.0,True,0.689571696635001,FFA(20:0);TAG47:1-FA16:1;SM(20:0),LPE(20:4);SM(26:0);LPE(18:2),3,0.1
ZL63I8R:801->803,ZL63I8R,2,change_prevalence,0.0,0.0,0.0,False,0.0926817794657736,SM(26:0);FFA(22:1);FFA(24:1),FFA(18:0);LPC(16:1);FFA(17:0),3,0.1
ZL63I8R:801->803,ZL63I8R,2,autoregressive_ridge,0.3333333333333333,0.019230769230769232,0.3333333333333333,True,0.6137929249593218,FFA(18:0);PI(16:0_20:4);PE(O-16:0_20:4),FFA(18:0);LPC(16:1);FFA(17:0),3,0.1
ZL63I8R:801->803,ZL63I8R,2,autoregressive_context_ridge,0.3333333333333333,0.019230769230769232,0.3333333333333333,True,0.42196046339512083,PI(16:0_20:4);FFA(18:0);FFA(22:1),FFA(18:0);LPC(16:1);FFA(17:0),3,0.1
ZLYEM2C:447->448,ZLYEM2C,2,change_prevalence,0.0,0.0,0.0,False,0.21009968035789645,SM(26:0);FFA(22:1);FFA(24:1),TAG56:4-FA20:2;TAG52:3-FA16:1;TAG54:3-FA16:1,3,0.1
ZLYEM2C:447->448,ZLYEM2C,2,autoregressive_ridge,0.3333333333333333,0.019230769230769232,0.0,True,0.7359331740880163,FFA(20:0);PI(16:0_20:4);FFA(22:4),TAG56:4-FA20:2;TAG52:3-FA16:1;TAG54:3-FA16:1,3,0.1
ZLYEM2C:447->448,ZLYEM2C,2,autoregressive_context_ridge,0.6666666666666666,0.038461538461538464,0.0,True,0.7201122355540375,PI(16:0_20:4);FFA(20:0);FFA(18:1),TAG56:4-FA20:2;TAG52:3-FA16:1;TAG54:3-FA16:1,3,0.1
ZLYEM2C:448->449,ZLYEM2C,2,change_prevalence,0.3333333333333333,0.019230769230769232,0.3333333333333333,True,0.5769281027738978,SM(26:0);FFA(22:1);FFA(24:1),SM(26:0);FFA(18:1);SM(20:0),3,0.1
ZLYEM2C:448->449,ZLYEM2C,2,autoregressive_ridge,0.0,0.0,0.0,False,0.2391969565760562,LPE(18:2);LPE(18:1);PC(16:0_14:0),SM(26:0);FFA(18:1);SM(20:0),3,0.1
ZLYEM2C:448->449,ZLYEM2C,2,autoregressive_context_ridge,0.0,0.0,0.0,False,0.2736461041422288,LPE(18:2);LPE(18:1);FFA(20:0),SM(26:0);FFA(18:1);SM(20:0),3,0.1
ZLYEM2C:449->453,ZLYEM2C,2,change_prevalence,1.0,0.057692307692307696,0.3333333333333333,True,0.793113856191733,SM(26:0);FFA(22:1);FFA(24:1),SM(26:1);SM(26:0);TAG56:2-FA16:0,3,0.1
ZLYEM2C:449->453,ZLYEM2C,2,autoregressive_ridge,0.3333333333333333,0.019230769230769232,0.3333333333333333,True,0.5267784183576719,SM(20:0);SM(22:0);SM(26:0),SM(26:1);SM(26:0);TAG56:2-FA16:0,3,0.1
ZLYEM2C:449->453,ZLYEM2C,2,autoregressive_context_ridge,0.3333333333333333,0.019230769230769232,0.3333333333333333,True,0.5692390823392248,SM(20:0);SM(26:0);SM(22:0),SM(26:1);SM(26:0);TAG56:2-FA16:0,3,0.1
ZLYEM2C:453->462,ZLYEM2C,2,change_prevalence,0.3333333333333333,0.019230769230769232,0.0,True,0.3546894446089951,SM(26:0);FFA(22:1);FFA(24:1),PC(17:0_18:1);TAG58:3-FA18:1;SM(20:1),3,0.1
ZLYEM2C:453->462,ZLYEM2C,2,autoregressive_ridge,0.6666666666666666,0.038461538461538464,0.0,True,0.46192766890620424,SM(22:0);LPC(18:0);PC(16:0_14:0),PC(17:0_18:1);TAG58:3-FA18:1;SM(20:1),3,0.1
ZLYEM2C:453->462,ZLYEM2C,2,autoregressive_context_ridge,1.0,0.057692307692307696,0.0,True,0.6382256008183543,SM(22:0);LPC(18:0);PE(18:0_18:2),PC(17:0_18:1);TAG58:3-FA18:1;SM(20:1),3,0.1
ZLYEM2C:462->464,ZLYEM2C,2,change_prevalence,0.0,0.0,0.0,False,0.0334662081340483,SM(26:0);FFA(22:1);FFA(24:1),PE(18:0_18:1);PE(18:0_18:2);PE(18:0_22:5),3,0.1
ZLYEM2C:462->464,ZLYEM2C,2,autoregressive_ridge,0.6666666666666666,0.038461538461538464,0.0,True,0.5871761454788438,PC(14:0_18:2);TAG56:5-FA20:1;TAG56:4-FA20:1,PE(18:0_18:1);PE(18:0_18:2);PE(18:0_22:5),3,0.1
ZLYEM2C:462->464,ZLYEM2C,2,autoregressive_context_ridge,0.3333333333333333,0.019230769230769232,0.0,True,0.39344751485699314,PC(14:0_18:2);FFA(18:0);PC(14:0_18:1),PE(18:0_18:1);PE(18:0_18:2);PE(18:0_22:5),3,0.1
ZLYEM2C:464->470,ZLYEM2C,2,change_prevalence,0.0,0.0,0.0,False,0.10825154253385975,SM(26:0);FFA(22:1);FFA(24:1),FFA(18:1);PE(18:0_18:1);FFA(18:3),3,0.1
ZLYEM2C:464->470,ZLYEM2C,2,autoregressive_ridge,0.3333333333333333,0.019230769230769232,0.0,True,0.46071567149147946,FFA(17:0);TAG46:3-FA18:2;FFA(12:0),FFA(18:1);PE(18:0_18:1);FFA(18:3),3,0.1
ZLYEM2C:464->470,ZLYEM2C,2,autoregressive_context_ridge,1.0,0.057692307692307696,0.0,True,0.6802054733601426,TAG48:4-FA12:0;TAG46:3-FA18:2;TAG48:3-FA12:0,FFA(18:1);PE(18:0_18:1);FFA(18:3),3,0.1
ZLYEM2C:470->478,ZLYEM2C,2,change_prevalence,0.3333333333333333,0.019230769230769232,0.0,True,0.4088412821470728,SM(26:0);FFA(22:1);FFA(24:1),PE(18:0_18:1);FFA(17:0);PE(18:0_18:2),3,0.1
ZLYEM2C:470->478,ZLYEM2C,2,autoregressive_ridge,0.3333333333333333,0.019230769230769232,0.3333333333333333,True,0.6777292416352017,FFA(18:1);FFA(18:2);FFA(17:0),PE(18:0_18:1);FFA(17:0);PE(18:0_18:2),3,0.1
ZLYEM2C:470->478,ZLYEM2C,2,autoregressive_context_ridge,0.0,0.0,0.0,False,0.5676806555406381,FFA(18:1);FFA(18:2);FFA(18:3),PE(18:0_18:1);FFA(17:0);PE(18:0_18:2),3,0.1
ZLYEM2C:478->483,ZLYEM2C,2,change_prevalence,0.3333333333333333,0.019230769230769232,0.0,True,0.2677445865088796,SM(26:0);FFA(22:1);FFA(24:1),LPC(20:3);LPE(20:4);LPE(18:1),3,0.1
ZLYEM2C:478->483,ZLYEM2C,2,autoregressive_ridge,0.3333333333333333,0.019230769230769232,0.3333333333333333,True,0.45555644864114636,FFA(22:4);SM(20:1);LPC(20:3),LPC(20:3);LPE(20:4);LPE(18:1),3,0.1
ZLYEM2C:478->483,ZLYEM2C,2,autoregressive_context_ridge,0.6666666666666666,0.038461538461538464,0.0,True,0.4895215378347378,TAG54:4-FA22:1;PC(16:0_18:2);SM(20:1),LPC(20:3);LPE(20:4);LPE(18:1),3,0.1
ZMGT937:392->395,ZMGT937,2,change_prevalence,0.0,0.0,0.0,False,0.09815264604487192,SM(26:0);FFA(22:1);FFA(24:1),PE(O-18:0_20:4);TAG54:2-FA20:0;SM(24:0),3,0.1
ZMGT937:392->395,ZMGT937,2,autoregressive_ridge,0.0,0.0,0.0,False,0.42007305806319295,SM(18:0);TAG50:5-FA14:0;TAG50:4-FA14:0,PE(O-18:0_20:4);TAG54:2-FA20:0;SM(24:0),3,0.1
ZMGT937:392->395,ZMGT937,2,autoregressive_context_ridge,0.3333333333333333,0.019230769230769232,0.0,True,0.4710475947612425,SM(18:0);SM(26:1);CE(18:3),PE(O-18:0_20:4);TAG54:2-FA20:0;SM(24:0),3,0.1
ZMGT937:395->397,ZMGT937,2,change_prevalence,0.6666666666666666,0.038461538461538464,0.0,True,0.42470956446608765,SM(26:0);FFA(22:1);FFA(24:1),FFA(20:0);LPC(18:0);PE(O-18:0_20:4),3,0.1
ZMGT937:395->397,ZMGT937,2,autoregressive_ridge,1.0,0.057692307692307696,0.3333333333333333,True,0.9547490612633259,FFA(20:0);FFA(18:4);FFA(22:0),FFA(20:0);LPC(18:0);PE(O-18:0_20:4),3,0.1
ZMGT937:395->397,ZMGT937,2,autoregressive_context_ridge,0.6666666666666666,0.038461538461538464,0.3333333333333333,True,0.8352127106395529,FFA(20:0);FFA(18:4);FFA(18:0),FFA(20:0);LPC(18:0);PE(O-18:0_20:4),3,0.1
ZMGT937:397->401,ZMGT937,2,change_prevalence,0.6666666666666666,0.038461538461538464,0.0,True,0.4614185700835889,SM(26:0);FFA(22:1);FFA(24:1),CE(22:5);PE(18:0_18:1);PC(16:0_18:3),3,0.1
ZMGT937:397->401,ZMGT937,2,autoregressive_ridge,0.6666666666666666,0.038461538461538464,0.0,True,0.5496975125557583,TAG50:5-FA14:0;SM(18:0);TAG52:6-FA16:0,CE(22:5);PE(18:0_18:1);PC(16:0_18:3),3,0.1
ZMGT937:397->401,ZMGT937,2,autoregressive_context_ridge,0.6666666666666666,0.038461538461538464,0.0,True,0.5788091061234124,TAG54:7-FA22:5;TAG54:7-FA20:5;TAG52:6-FA16:0,CE(22:5);PE(18:0_18:1);PC(16:0_18:3),3,0.1
ZMGT937:401->404,ZMGT937,2,change_prevalence,0.0,0.0,0.0,False,0.17329131499082417,SM(26:0);FFA(22:1);FFA(24:1),FFA(18:0);FFA(17:0);FFA(16:0),3,0.1
ZMGT937:401->404,ZMGT937,2,autoregressive_ridge,1.0,0.057692307692307696,0.0,True,0.433870650066416,CE(22:5);TAG58:3-FA18:1;CER(24:1),FFA(18:0);FFA(17:0);FFA(16:0),3,0.1
ZMGT937:401->404,ZMGT937,2,autoregressive_context_ridge,0.6666666666666666,0.038461538461538464,0.0,True,0.37168359610487806,CE(22:5);CER(24:1);CE(22:6),FFA(18:0);FFA(17:0);FFA(16:0),3,0.1
ZMGT937:404->407,ZMGT937,2,change_prevalence,0.0,0.0,0.0,False,0.26769987535206946,SM(26:0);FFA(22:1);FFA(24:1),FFA(18:0);PC(18:0_18:0);PC(16:0_18:0),3,0.1
ZMGT937:404->407,ZMGT937,2,autoregressive_ridge,0.6666666666666666,0.038461538461538464,0.3333333333333333,True,0.7871049615550618,FFA(18:0);FFA(17:0);FFA(14:0),FFA(18:0);PC(18:0_18:0);PC(16:0_18:0),3,0.1
ZMGT937:404->407,ZMGT937,2,autoregressive_context_ridge,0.6666666666666666,0.038461538461538464,0.3333333333333333,True,0.7871049615550618,FFA(18:0);FFA(17:0);FFA(14:0),FFA(18:0);PC(18:0_18:0);PC(16:0_18:0),3,0.1
ZMGT937:407->410,ZMGT937,2,change_prevalence,0.3333333333333333,0.019230769230769232,0.0,True,0.5292844939917927,SM(26:0);FFA(22:1);FFA(24:1),PC(18:0_18:0);FFA(22:5);PC(17:0_18:1),3,0.1
ZMGT937:407->410,ZMGT937,2,autoregressive_ridge,1.0,0.057692307692307696,0.3333333333333333,True,0.8372277862118668,PC(18:0_18:0);PC(16:0_18:0);PC(16:0_16:0),PC(18:0_18:0);FFA(22:5);PC(17:0_18:1),3,0.1
ZMGT937:407->410,ZMGT937,2,autoregressive_context_ridge,1.0,0.057692307692307696,0.3333333333333333,True,0.8372277862118668,PC(18:0_18:0);PC(16:0_18:0);PC(16:0_16:0),PC(18:0_18:0);FFA(22:5);PC(17:0_18:1),3,0.1
ZMGT937:410->414,ZMGT937,2,change_prevalence,0.6666666666666666,0.038461538461538464,0.0,True,0.5089535170944954,SM(26:0);FFA(22:1);FFA(24:1),FFA(20:0);PC(16:0_18:0);FFA(22:0),3,0.1
ZMGT937:410->414,ZMGT937,2,autoregressive_ridge,0.6666666666666666,0.038461538461538464,0.0,True,0.6128093506648825,TAG56:3-FA20:0;TAG56:2-FA16:0;TAG54:2-FA20:0,FFA(20:0);PC(16:0_18:0);FFA(22:0),3,0.1
ZMGT937:410->414,ZMGT937,2,autoregressive_context_ridge,0.3333333333333333,0.019230769230769232,0.0,True,0.5322694161826246,CE(20:2);PC(18:0_22:5);CE(18:3),FFA(20:0);PC(16:0_18:0);FFA(22:0),3,0.1
ZMGT937:414->418,ZMGT937,2,change_prevalence,0.3333333333333333,0.019230769230769232,0.3333333333333333,True,0.5438173402459102,SM(26:0);FFA(22:1);FFA(24:1),SM(26:0);FFA(20:0);TAG54:8-FA18:3,3,0.1
ZMGT937:414->418,ZMGT937,2,autoregressive_ridge,0.6666666666666666,0.038461538461538464,0.3333333333333333,True,0.7529765820605708,FFA(20:0);SM(20:0);FFA(22:0),SM(26:0);FFA(20:0);TAG54:8-FA18:3,3,0.1
ZMGT937:414->418,ZMGT937,2,autoregressive_context_ridge,0.6666666666666666,0.038461538461538464,0.3333333333333333,True,0.7529765820605708,FFA(20:0);SM(20:0);FFA(22:0),SM(26:0);FFA(20:0);TAG54:8-FA18:3,3,0.1
ZMGT937:443->453,ZMGT937,2,change_prevalence,0.0,0.0,0.0,False,0.0602618931528754,SM(26:0);FFA(22:1);FFA(24:1),FFA(20:0);FFA(18:0);FFA(17:0),3,0.1
ZMGT937:443->453,ZMGT937,2,autoregressive_ridge,0.6666666666666666,0.038461538461538464,0.3333333333333333,True,0.4717471370887507,PE(P-18:1_20:4);FFA(18:0);CE(22:5),FFA(20:0);FFA(18:0);FFA(17:0),3,0.1
ZMGT937:443->453,ZMGT937,2,autoregressive_context_ridge,0.3333333333333333,0.019230769230769232,0.0,True,0.33523557802234505,CE(22:5);PE(P-18:1_20:4);PC(18:1_18:1),FFA(20:0);FFA(18:0);FFA(17:0),3,0.1
ZN0JE53:786->790,ZN0JE53,2,change_prevalence,0.6666666666666666,0.038461538461538464,0.0,True,0.6703087046812461,SM(26:0);FFA(22:1);FFA(24:1),TAG48:4-FA12:0;FFA(12:0);TAG48:4-FA18:2,3,0.1
ZN0JE53:786->790,ZN0JE53,2,autoregressive_ridge,1.0,0.057692307692307696,0.3333333333333333,True,0.8884523708748728,TAG48:4-FA12:0;FFA(18:0);TAG46:2-FA12:0,TAG48:4-FA12:0;FFA(12:0);TAG48:4-FA18:2,3,0.1
ZN0JE53:786->790,ZN0JE53,2,autoregressive_context_ridge,0.6666666666666666,0.038461538461538464,0.3333333333333333,True,0.7884709916553495,TAG48:4-FA12:0;TAG46:2-FA12:0;LPC(16:1),TAG48:4-FA12:0;FFA(12:0);TAG48:4-FA18:2,3,0.1
ZN0JE53:790->792,ZN0JE53,2,change_prevalence,0.3333333333333333,0.019230769230769232,0.3333333333333333,True,0.6739920910891403,SM(26:0);FFA(22:1);FFA(24:1),SM(26:0);TAG44:1-FA18:1;SM(20:0),3,0.1
ZN0JE53:790->792,ZN0JE53,2,autoregressive_ridge,1.0,0.057692307692307696,0.6666666666666666,True,0.9489967663750178,SM(26:0);SM(20:0);HCER(22:0),SM(26:0);TAG44:1-FA18:1;SM(20:0),3,0.1
ZN0JE53:790->792,ZN0JE53,2,autoregressive_context_ridge,1.0,0.057692307692307696,0.6666666666666666,True,0.936568923806926,SM(26:0);HCER(22:0);SM(20:0),SM(26:0);TAG44:1-FA18:1;SM(20:0),3,0.1
ZN0JE53:792->795,ZN0JE53,2,change_prevalence,0.3333333333333333,0.019230769230769232,0.0,True,0.43143230187849774,SM(26:0);FFA(22:1);FFA(24:1),FFA(22:4);FFA(18:1);TAG48:4-FA18:2,3,0.1
ZN0JE53:792->795,ZN0JE53,2,autoregressive_ridge,1.0,0.057692307692307696,0.3333333333333333,True,0.8676223577917187,TAG48:4-FA12:0;TAG50:4-FA18:2;TAG48:4-FA18:2,FFA(22:4);FFA(18:1);TAG48:4-FA18:2,3,0.1
ZN0JE53:792->795,ZN0JE53,2,autoregressive_context_ridge,0.3333333333333333,0.019230769230769232,0.0,True,0.24399366838214792,PE(18:0_22:5);PE(18:0_18:2);FFA(20:0),FFA(22:4);FFA(18:1);TAG48:4-FA18:2,3,0.1
ZN0JE53:795->796,ZN0JE53,2,change_prevalence,0.0,0.0,0.0,False,0.28867431544383876,SM(26:0);FFA(22:1);FFA(24:1),SM(20:0);SM(22:0);TAG48:4-FA18:1,3,0.1
ZN0JE53:795->796,ZN0JE53,2,autoregressive_ridge,0.3333333333333333,0.019230769230769232,0.3333333333333333,True,0.35828456366779066,SM(26:1);FFA(22:4);SM(22:0),SM(20:0);SM(22:0);TAG48:4-FA18:1,3,0.1
ZN0JE53:795->796,ZN0JE53,2,autoregressive_context_ridge,0.0,0.0,0.0,False,0.1621507502029952,SM(26:1);PE(18:0_22:5);FFA(22:4),SM(20:0);SM(22:0);TAG48:4-FA18:1,3,0.1
ZN0JE53:796->798,ZN0JE53,2,change_prevalence,0.6666666666666666,0.038461538461538464,0.0,True,0.5243304691194147,SM(26:0);FFA(22:1);FFA(24:1),TAG48:4-FA12:0;TAG48:4-FA18:1;TAG48:3-FA12:0,3,0.1
ZN0JE53:796->798,ZN0JE53,2,autoregressive_ridge,1.0,0.057692307692307696,0.0,True,0.807791440332427,SM(20:0);SM(26:0);TAG54:0-FA18:0,TAG48:4-FA12:0;TAG48:4-FA18:1;TAG48:3-FA12:0,3,0.1
ZN0JE53:796->798,ZN0JE53,2,autoregressive_context_ridge,1.0,0.057692307692307696,0.0,True,0.807791440332427,SM(20:0);SM(26:0);TAG54:0-FA18:0,TAG48:4-FA12:0;TAG48:4-FA18:1;TAG48:3-FA12:0,3,0.1
ZN0JE53:798->801,ZN0JE53,2,change_prevalence,0.3333333333333333,0.019230769230769232,0.0,True,0.34475029134524693,SM(26:0);FFA(22:1);FFA(24:1),TAG51:5-FA18:2;TAG50:5-FA18:2;FFA(14:1),3,0.1
ZN0JE53:798->801,ZN0JE53,2,autoregressive_ridge,1.0,0.057692307692307696,0.3333333333333333,True,0.7880014197899273,FFA(14:1);FFA(22:6);PE(O-16:0_20:4),TAG51:5-FA18:2;TAG50:5-FA18:2;FFA(14:1),3,0.1
ZN0JE53:798->801,ZN0JE53,2,autoregressive_context_ridge,0.3333333333333333,0.019230769230769232,0.0,True,0.43166274320807757,FFA(22:6);PC(16:0_16:1);PC(16:0_22:5),TAG51:5-FA18:2;TAG50:5-FA18:2;FFA(14:1),3,0.1
ZN0JE53:801->805,ZN0JE53,2,change_prevalence,0.0,0.0,0.0,False,0.14121129231345975,SM(26:0);FFA(22:1);FFA(24:1),TAG54:8-FA18:3;TAG52:6-FA18:3;TAG54:8-FA18:2,3,0.1
ZN0JE53:801->805,ZN0JE53,2,autoregressive_ridge,0.0,0.0,0.0,False,0.28616973898869863,FFA(24:1);FFA(22:1);FFA(24:0),TAG54:8-FA18:3;TAG52:6-FA18:3;TAG54:8-FA18:2,3,0.1
ZN0JE53:801->805,ZN0JE53,2,autoregressive_context_ridge,0.3333333333333333,0.019230769230769232,0.0,True,0.500656869626984,LPC(18:2);FFA(24:1);LPC(18:0),TAG54:8-FA18:3;TAG52:6-FA18:3;TAG54:8-FA18:2,3,0.1
ZN0JE53:805->807,ZN0JE53,2,change_prevalence,0.3333333333333333,0.019230769230769232,0.0,True,0.46528987365034036,SM(26:0);FFA(22:1);FFA(24:1),FFA(18:4);FFA(18:0);LPC(15:0),3,0.1
ZN0JE53:805->807,ZN0JE53,2,autoregressive_ridge,0.6666666666666666,0.038461538461538464,0.0,True,0.49591211814674924,FFA(20:0);TAG44:1-FA18:1;TAG54:8-FA18:3,FFA(18:4);FFA(18:0);LPC(15:0),3,0.1
ZN0JE53:805->807,ZN0JE53,2,autoregressive_context_ridge,0.3333333333333333,0.019230769230769232,0.0,True,0.43240609565500127,FFA(20:0);TAG44:1-FA18:1;TAG46:1-FA12:0,FFA(18:4);FFA(18:0);LPC(15:0),3,0.1
ZN0JE53:807->811,ZN0JE53,2,change_prevalence,0.0,0.0,0.0,False,0.11069113177879712,SM(26:0);FFA(22:1);FFA(24:1),FFA(17:0);FFA(18:0);LPC(15:0),3,0.1
ZN0JE53:807->811,ZN0JE53,2,autoregressive_ridge,1.0,0.057692307692307696,0.3333333333333333,True,0.7218338299636643,FFA(18:0);FFA(12:0);FFA(18:4),FFA(17:0);FFA(18:0);LPC(15:0),3,0.1
ZN0JE53:807->811,ZN0JE53,2,autoregressive_context_ridge,1.0,0.057692307692307696,0.6666666666666666,True,0.8142675234499686,FFA(18:0);FFA(12:0);LPC(15:0),FFA(17:0);FFA(18:0);LPC(15:0),3,0.1
ZN0JE53:811->815,ZN0JE53,2,change_prevalence,0.0,0.0,0.0,False,0.03328383869387355,SM(26:0);FFA(22:1);FFA(24:1),FFA(12:0);TAG48:4-FA18:2;TAG48:4-FA12:0,3,0.1
ZN0JE53:811->815,ZN0JE53,2,autoregressive_ridge,1.0,0.057692307692307696,1.0,True,1.0,FFA(12:0);TAG48:4-FA18:2;TAG48:4-FA12:0,FFA(12:0);TAG48:4-FA18:2;TAG48:4-FA12:0,3,0.1
ZN0JE53:811->815,ZN0JE53,2,autoregressive_context_ridge,1.0,0.057692307692307696,1.0,True,1.0,FFA(12:0);TAG48:4-FA18:2;TAG48:4-FA12:0,FFA(12:0);TAG48:4-FA18:2;TAG48:4-FA12:0,3,0.1
ZN0JE53:815->818,ZN0JE53,2,change_prevalence,0.0,0.0,0.0,False,0.12406658163327686,SM(26:0);FFA(22:1);FFA(24:1),FFA(20:0);TAG56:3-FA20:0;FFA(14:1),3,0.1
ZN0JE53:815->818,ZN0JE53,2,autoregressive_ridge,0.3333333333333333,0.019230769230769232,0.0,True,0.43464831953598426,FFA(22:5);FFA(17:0);SM(26:1),FFA(20:0);TAG56:3-FA20:0;FFA(14:1),3,0.1
ZN0JE53:815->818,ZN0JE53,2,autoregressive_context_ridge,0.3333333333333333,0.019230769230769232,0.0,True,0.41443429205335147,FFA(22:5);FFA(17:0);SM(26:0),FFA(20:0);TAG56:3-FA20:0;FFA(14:1),3,0.1
ZN0JE53:818->825,ZN0JE53,2,change_prevalence,0.6666666666666666,0.038461538461538464,0.6666666666666666,True,0.5353244582751991,SM(26:0);FFA(22:1);FFA(24:1),FFA(24:0);FFA(22:1);FFA(24:1),3,0.1
ZN0JE53:818->825,ZN0JE53,2,autoregressive_ridge,0.3333333333333333,0.019230769230769232,0.0,True,0.4032947924684064,FFA(20:0);SM(26:0);SM(26:1),FFA(24:0);FFA(22:1);FFA(24:1),3,0.1
ZN0JE53:818->825,ZN0JE53,2,autoregressive_context_ridge,0.3333333333333333,0.019230769230769232,0.0,True,0.2703824193566957,SM(26:0);FFA(20:0);SM(26:1),FFA(24:0);FFA(22:1);FFA(24:1),3,0.1
ZN0JE53:825->831,ZN0JE53,2,change_prevalence,1.0,0.057692307692307696,0.3333333333333333,True,0.7770673442894916,SM(26:0);FFA(22:1);FFA(24:1),FFA(24:0);PC(16:0_18:0);FFA(24:1),3,0.1
ZN0JE53:825->831,ZN0JE53,2,autoregressive_ridge,1.0,0.057692307692307696,0.6666666666666666,True,0.9656122320421976,PC(16:0_16:0);PC(16:0_18:0);FFA(24:0),FFA(24:0);PC(16:0_18:0);FFA(24:1),3,0.1
ZN0JE53:825->831,ZN0JE53,2,autoregressive_context_ridge,1.0,0.057692307692307696,0.6666666666666666,True,0.9656122320421976,PC(16:0_16:0);PC(16:0_18:0);FFA(24:0),FFA(24:0);PC(16:0_18:0);FFA(24:1),3,0.1
ZN0JE53:831->837,ZN0JE53,2,change_prevalence,0.0,0.0,0.0,False,0.26788835987777504,SM(26:0);FFA(22:1);FFA(24:1),TAG58:3-FA18:1;TAG48:4-FA18:1;TAG56:2-FA20:1,3,0.1
ZN0JE53:831->837,ZN0JE53,2,autoregressive_ridge,0.6666666666666666,0.038461538461538464,0.0,True,0.5571253256427185,PE(18:0_18:1);FFA(18:4);TAG54:7-FA18:1,TAG58:3-FA18:1;TAG48:4-FA18:1;TAG56:2-FA20:1,3,0.1
ZN0JE53:831->837,ZN0JE53,2,autoregressive_context_ridge,0.3333333333333333,0.019230769230769232,0.0,True,0.44506004642701885,PE(18:0_18:1);FFA(18:4);PC(17:0_18:2),TAG58:3-FA18:1;TAG48:4-FA18:1;TAG56:2-FA20:1,3,0.1
ZN0JE53:837->844,ZN0JE53,2,change_prevalence,0.0,0.0,0.0,False,0.08048009090932651,SM(26:0);FFA(22:1);FFA(24:1),TAG58:3-FA18:1;TAG56:2-FA20:1;TAG48:4-FA18:1,3,0.1
ZN0JE53:837->844,ZN0JE53,2,autoregressive_ridge,1.0,0.057692307692307696,0.6666666666666666,True,0.978756777674012,TAG58:3-FA18:1;TAG48:4-FA18:1;TAG56:2-FA18:0,TAG58:3-FA18:1;TAG56:2-FA20:1;TAG48:4-FA18:1,3,0.1
ZN0JE53:837->844,ZN0JE53,2,autoregressive_context_ridge,1.0,0.057692307692307696,0.6666666666666666,True,0.978756777674012,TAG58:3-FA18:1;TAG48:4-FA18:1;TAG56:2-FA18:0,TAG58:3-FA18:1;TAG56:2-FA20:1;TAG48:4-FA18:1,3,0.1
ZPF36E2:822->824,ZPF36E2,2,change_prevalence,0.0,0.0,0.0,False,0.16463726889953223,SM(26:0);FFA(22:1);FFA(24:1),LPC(17:0);LPC(15:0);FFA(18:4),3,0.1
ZPF36E2:822->824,ZPF36E2,2,autoregressive_ridge,0.3333333333333333,0.019230769230769232,0.0,True,0.456771362818057,FFA(18:0);LPC(20:3);PC(18:2_20:3),LPC(17:0);LPC(15:0);FFA(18:4),3,0.1
ZPF36E2:822->824,ZPF36E2,2,autoregressive_context_ridge,0.3333333333333333,0.019230769230769232,0.0,True,0.458296675534758,FFA(18:0);PC(18:2_20:3);LPC(20:3),LPC(17:0);LPC(15:0);FFA(18:4),3,0.1
ZPF36E2:824->828,ZPF36E2,2,change_prevalence,0.0,0.0,0.0,False,0.33477479638551666,SM(26:0);FFA(22:1);FFA(24:1),TAG53:4-FA18:3;TAG50:5-FA18:3;TAG50:4-FA18:3,3,0.1
ZPF36E2:824->828,ZPF36E2,2,autoregressive_ridge,0.0,0.0,0.0,False,0.42092767327410713,CE(18:3);PC(18:0_18:1);LPC(18:0),TAG53:4-FA18:3;TAG50:5-FA18:3;TAG50:4-FA18:3,3,0.1
ZPF36E2:824->828,ZPF36E2,2,autoregressive_context_ridge,0.3333333333333333,0.019230769230769232,0.0,True,0.49710104909242164,CE(18:3);PC(18:0_18:1);LPE(18:2),TAG53:4-FA18:3;TAG50:5-FA18:3;TAG50:4-FA18:3,3,0.1
ZPF36E2:828->831,ZPF36E2,2,change_prevalence,0.6666666666666666,0.038461538461538464,0.0,True,0.4361439577160926,SM(26:0);FFA(22:1);FFA(24:1),PE(18:0_18:1);PE(18:0_18:2);TAG46:2-FA12:0,3,0.1
ZPF36E2:828->831,ZPF36E2,2,autoregressive_ridge,0.6666666666666666,0.038461538461538464,0.6666666666666666,True,0.8573858600336812,PE(18:0_18:1);PE(18:0_18:2);LPC(20:3),PE(18:0_18:1);PE(18:0_18:2);TAG46:2-FA12:0,3,0.1
ZPF36E2:828->831,ZPF36E2,2,autoregressive_context_ridge,1.0,0.057692307692307696,0.6666666666666666,True,0.9536838780085015,PE(18:0_18:1);PE(18:0_18:2);PE(18:0_22:5),PE(18:0_18:1);PE(18:0_18:2);TAG46:2-FA12:0,3,0.1
ZPF36E2:831->834,ZPF36E2,2,change_prevalence,0.6666666666666666,0.038461538461538464,0.0,True,0.4693761089827113,SM(26:0);FFA(22:1);FFA(24:1),TAG46:1-FA12:0;TAG46:2-FA12:0;FFA(24:0),3,0.1
ZPF36E2:831->834,ZPF36E2,2,autoregressive_ridge,0.3333333333333333,0.019230769230769232,0.0,True,0.6383202268924932,FFA(22:1);FFA(22:2);TAG57:3-FA18:2,TAG46:1-FA12:0;TAG46:2-FA12:0;FFA(24:0),3,0.1
ZPF36E2:831->834,ZPF36E2,2,autoregressive_context_ridge,0.3333333333333333,0.019230769230769232,0.0,True,0.6383202268924932,FFA(22:1);FFA(22:2);TAG57:3-FA18:2,TAG46:1-FA12:0;TAG46:2-FA12:0;FFA(24:0),3,0.1
ZPF36E2:834->839,ZPF36E2,2,change_prevalence,0.3333333333333333,0.019230769230769232,0.0,True,0.5236943498480182,SM(26:0);FFA(22:1);FFA(24:1),SM(26:1);TAG57:3-FA18:2;SM(18:0),3,0.1
ZPF36E2:834->839,ZPF36E2,2,autoregressive_ridge,0.0,0.0,0.0,False,0.4557771864160636,FFA(20:0);CE(22:5);CE(22:6),SM(26:1);TAG57:3-FA18:2;SM(18:0),3,0.1
ZPF36E2:834->839,ZPF36E2,2,autoregressive_context_ridge,0.0,0.0,0.0,False,0.19575527018860067,PC(18:2_18:2);FFA(20:0);PI(18:0_18:2),SM(26:1);TAG57:3-FA18:2;SM(18:0),3,0.1
ZPF36E2:839->854,ZPF36E2,2,change_prevalence,0.3333333333333333,0.019230769230769232,0.3333333333333333,True,0.6175157310852433,SM(26:0);FFA(22:1);FFA(24:1),SM(26:0);TAG54:6-FA18:2;SM(20:0),3,0.1
ZPF36E2:839->854,ZPF36E2,2,autoregressive_ridge,0.0,0.0,0.0,False,0.2542035602651328,PI(16:0_18:1);PC(18:0_18:1);PI(18:0_18:1),SM(26:0);TAG54:6-FA18:2;SM(20:0),3,0.1
ZPF36E2:839->854,ZPF36E2,2,autoregressive_context_ridge,0.3333333333333333,0.019230769230769232,0.3333333333333333,True,0.5174035691520708,PI(16:0_18:1);SM(26:0);PC(18:0_18:1),SM(26:0);TAG54:6-FA18:2;SM(20:0),3,0.1
ZRA5YD8:471->472,ZRA5YD8,2,change_prevalence,1.0,0.057692307692307696,0.0,True,0.7556702964453782,SM(26:0);FFA(22:1);FFA(24:1),PE(P-16:0_22:5);FFA(22:2);CE(22:4),3,0.1
ZRA5YD8:471->472,ZRA5YD8,2,autoregressive_ridge,0.6666666666666666,0.038461538461538464,0.0,True,0.646872784340784,PE(18:0_18:1);PE(18:0_18:2);LPE(18:2),PE(P-16:0_22:5);FFA(22:2);CE(22:4),3,0.1
ZRA5YD8:471->472,ZRA5YD8,2,autoregressive_context_ridge,0.6666666666666666,0.038461538461538464,0.0,True,0.646872784340784,PE(18:0_18:1);PE(18:0_18:2);LPE(18:2),PE(P-16:0_22:5);FFA(22:2);CE(22:4),3,0.1
ZRA5YD8:472->474,ZRA5YD8,2,change_prevalence,0.3333333333333333,0.019230769230769232,0.0,True,0.19195095068991647,SM(26:0);FFA(22:1);FFA(24:1),FFA(12:0);FFA(18:4);PE(18:0_18:1),3,0.1
ZRA5YD8:472->474,ZRA5YD8,2,autoregressive_ridge,0.3333333333333333,0.019230769230769232,0.3333333333333333,True,0.42736370793241163,LPE(18:1);PE(18:0_18:1);LPE(18:2),FFA(12:0);FFA(18:4);PE(18:0_18:1),3,0.1
ZRA5YD8:472->474,ZRA5YD8,2,autoregressive_context_ridge,0.3333333333333333,0.019230769230769232,0.3333333333333333,True,0.39231898975109547,LPE(18:1);LPE(18:2);FFA(18:4),FFA(12:0);FFA(18:4);PE(18:0_18:1),3,0.1
ZRA5YD8:474->475,ZRA5YD8,2,change_prevalence,0.3333333333333333,0.019230769230769232,0.0,True,0.2842914628173153,SM(26:0);FFA(22:1);FFA(24:1),FFA(18:4);FFA(12:0);FFA(17:0),3,0.1
ZRA5YD8:474->475,ZRA5YD8,2,autoregressive_ridge,1.0,0.057692307692307696,0.3333333333333333,True,0.6384061692946722,FFA(12:0);FFA(14:1);FFA(14:0),FFA(18:4);FFA(12:0);FFA(17:0),3,0.1
ZRA5YD8:474->475,ZRA5YD8,2,autoregressive_context_ridge,0.6666666666666666,0.038461538461538464,0.3333333333333333,True,0.5338906670794681,FFA(12:0);LPC(18:0);FFA(20:4),FFA(18:4);FFA(12:0);FFA(17:0),3,0.1
ZRA5YD8:475->478,ZRA5YD8,2,change_prevalence,0.6666666666666666,0.038461538461538464,0.0,True,0.5169137000013106,SM(26:0);FFA(22:1);FFA(24:1),FFA(18:4);FFA(18:0);TAG47:1-FA16:1,3,0.1
ZRA5YD8:475->478,ZRA5YD8,2,autoregressive_ridge,1.0,0.057692307692307696,0.3333333333333333,True,0.8775734503258215,FFA(18:4);PI(18:0_18:1);PC(18:1_16:1),FFA(18:4);FFA(18:0);TAG47:1-FA16:1,3,0.1
ZRA5YD8:475->478,ZRA5YD8,2,autoregressive_context_ridge,1.0,0.057692307692307696,0.3333333333333333,True,0.8824768806330004,FFA(18:4);PI(18:0_18:1);PC(17:0_18:2),FFA(18:4);FFA(18:0);TAG47:1-FA16:1,3,0.1
ZRLZ98T:669->670,ZRLZ98T,2,change_prevalence,0.6666666666666666,0.038461538461538464,0.0,True,0.7540015422174962,SM(26:0);FFA(22:1);FFA(24:1),PE(18:0_18:1);FFA(16:0);PE(18:0_18:2),3,0.1
ZRLZ98T:669->670,ZRLZ98T,2,autoregressive_ridge,0.6666666666666666,0.038461538461538464,0.6666666666666666,True,0.88461540948065,PE(18:0_18:1);PE(18:0_18:2);PE(18:0_20:4),PE(18:0_18:1);FFA(16:0);PE(18:0_18:2),3,0.1
ZRLZ98T:669->670,ZRLZ98T,2,autoregressive_context_ridge,0.6666666666666666,0.038461538461538464,0.6666666666666666,True,0.88461540948065,PE(18:0_18:1);PE(18:0_18:2);PE(18:0_20:4),PE(18:0_18:1);FFA(16:0);PE(18:0_18:2),3,0.1
ZRLZ98T:670->676,ZRLZ98T,2,change_prevalence,0.3333333333333333,0.019230769230769232,0.0,True,0.4471586607311746,SM(26:0);FFA(22:1);FFA(24:1),SM(20:0);PE(18:0_18:1);FFA(20:0),3,0.1
ZRLZ98T:670->676,ZRLZ98T,2,autoregressive_ridge,0.3333333333333333,0.019230769230769232,0.0,True,0.25112034615408846,PC(18:1_16:1);TAG50:3-FA14:1;SM(26:0),SM(20:0);PE(18:0_18:1);FFA(20:0),3,0.1
ZRLZ98T:670->676,ZRLZ98T,2,autoregressive_context_ridge,0.3333333333333333,0.019230769230769232,0.0,True,0.28953282783017364,PC(18:1_16:1);SM(26:0);TAG50:3-FA14:1,SM(20:0);PE(18:0_18:1);FFA(20:0),3,0.1
ZTL5S2Y:896->899,ZTL5S2Y,2,change_prevalence,0.3333333333333333,0.019230769230769232,0.0,True,0.585328865132679,SM(26:0);FFA(22:1);FFA(24:1),FFA(22:4);TAG46:2-FA12:0;FFA(18:4),3,0.1
ZTL5S2Y:896->899,ZTL5S2Y,2,autoregressive_ridge,1.0,0.057692307692307696,0.0,True,0.736729977284503,PC(16:0_14:0);SM(26:0);TAG48:4-FA12:0,FFA(22:4);TAG46:2-FA12:0;FFA(18:4),3,0.1
ZTL5S2Y:896->899,ZTL5S2Y,2,autoregressive_context_ridge,1.0,0.057692307692307696,0.3333333333333333,True,0.7706688846368452,PC(16:0_14:0);SM(26:0);TAG46:2-FA12:0,FFA(22:4);TAG46:2-FA12:0;FFA(18:4),3,0.1
ZTL5S2Y:899->905,ZTL5S2Y,2,change_prevalence,0.6666666666666666,0.038461538461538464,0.0,True,0.36665523162076435,SM(26:0);FFA(22:1);FFA(24:1),FFA(18:1);FFA(18:2);PE(18:0_22:5),3,0.1
ZTL5S2Y:899->905,ZTL5S2Y,2,autoregressive_ridge,0.6666666666666666,0.038461538461538464,0.3333333333333333,True,0.6520190298377811,FFA(16:0);FFA(18:1);FFA(22:4),FFA(18:1);FFA(18:2);PE(18:0_22:5),3,0.1
ZTL5S2Y:899->905,ZTL5S2Y,2,autoregressive_context_ridge,1.0,0.057692307692307696,0.6666666666666666,True,0.8400803520912068,FFA(16:0);FFA(18:1);FFA(18:2),FFA(18:1);FFA(18:2);PE(18:0_22:5),3,0.1
ZTL5S2Y:905->907,ZTL5S2Y,2,change_prevalence,0.0,0.0,0.0,False,0.12321846580195463,SM(26:0);FFA(22:1);FFA(24:1),PC(16:0_18:3);FFA(12:0);TAG54:7-FA18:1,3,0.1
ZTL5S2Y:905->907,ZTL5S2Y,2,autoregressive_ridge,0.6666666666666666,0.038461538461538464,0.0,True,0.48270625138880796,FFA(18:1);FFA(18:2);LPE(18:1),PC(16:0_18:3);FFA(12:0);TAG54:7-FA18:1,3,0.1
ZTL5S2Y:905->907,ZTL5S2Y,2,autoregressive_context_ridge,0.0,0.0,0.0,False,0.1177927563828603,LPE(18:1);LPC(18:0);LPC(18:2),PC(16:0_18:3);FFA(12:0);TAG54:7-FA18:1,3,0.1
ZTL5S2Y:907->909,ZTL5S2Y,2,change_prevalence,0.0,0.0,0.0,False,0.3081488448095895,SM(26:0);FFA(22:1);FFA(24:1),TAG54:7-FA18:1;PC(16:0_18:3);TAG54:8-FA18:3,3,0.1
ZTL5S2Y:907->909,ZTL5S2Y,2,autoregressive_ridge,1.0,0.057692307692307696,0.3333333333333333,True,0.8294803997536007,PC(16:0_18:3);FFA(17:0);FFA(12:0),TAG54:7-FA18:1;PC(16:0_18:3);TAG54:8-FA18:3,3,0.1
ZTL5S2Y:907->909,ZTL5S2Y,2,autoregressive_context_ridge,0.6666666666666666,0.038461538461538464,0.3333333333333333,True,0.7629497121464788,PC(16:0_18:3);FFA(17:0);LPE(18:1),TAG54:7-FA18:1;PC(16:0_18:3);TAG54:8-FA18:3,3,0.1
ZTL5S2Y:909->910,ZTL5S2Y,2,change_prevalence,0.3333333333333333,0.019230769230769232,0.0,True,0.5813955028577676,SM(26:0);FFA(22:1);FFA(24:1),PE(O-18:0_20:4);LPC(17:0);PE(O-16:0_20:4),3,0.1
ZTL5S2Y:909->910,ZTL5S2Y,2,autoregressive_ridge,0.0,0.0,0.0,False,0.24633118879991348,PC(14:0_18:2);TAG48:4-FA18:2;TAG51:5-FA18:2,PE(O-18:0_20:4);LPC(17:0);PE(O-16:0_20:4),3,0.1
ZTL5S2Y:909->910,ZTL5S2Y,2,autoregressive_context_ridge,0.3333333333333333,0.019230769230769232,0.0,True,0.3608731019617815,PC(14:0_18:2);PC(16:0_14:0);LPC(15:0),PE(O-18:0_20:4);LPC(17:0);PE(O-16:0_20:4),3,0.1
ZTL5S2Y:910->911,ZTL5S2Y,2,change_prevalence,0.3333333333333333,0.019230769230769232,0.3333333333333333,True,0.6414073363330626,SM(26:0);FFA(22:1);FFA(24:1),PE(18:0_22:5);SM(26:0);PI(18:0_20:3),3,0.1
ZTL5S2Y:910->911,ZTL5S2Y,2,autoregressive_ridge,0.3333333333333333,0.019230769230769232,0.3333333333333333,True,0.6208663294960409,SM(26:0);PC(18:0_18:1);SM(20:0),PE(18:0_22:5);SM(26:0);PI(18:0_20:3),3,0.1
ZTL5S2Y:910->911,ZTL5S2Y,2,autoregressive_context_ridge,0.3333333333333333,0.019230769230769232,0.3333333333333333,True,0.6021334294492257,SM(26:0);SM(20:0);PC(18:0_18:1),PE(18:0_22:5);SM(26:0);PI(18:0_20:3),3,0.1
ZTL5S2Y:911->912,ZTL5S2Y,2,change_prevalence,0.0,0.0,0.0,False,0.3830059040235308,SM(26:0);FFA(22:1);FFA(24:1),PE(18:0_22:5);PI(18:1_18:1);PI(16:0_20:4),3,0.1
ZTL5S2Y:911->912,ZTL5S2Y,2,autoregressive_ridge,0.0,0.0,0.0,False,0.49543980300762736,SM(22:1);LPE(18:1);SM(22:0),PE(18:0_22:5);PI(18:1_18:1);PI(16:0_20:4),3,0.1
ZTL5S2Y:911->912,ZTL5S2Y,2,autoregressive_context_ridge,0.0,0.0,0.0,False,0.506951603095829,SM(22:1);SM(20:0);SM(22:0),PE(18:0_22:5);PI(18:1_18:1);PI(16:0_20:4),3,0.1
ZTL5S2Y:912->913,ZTL5S2Y,2,change_prevalence,0.0,0.0,0.0,False,0.09161917308427095,SM(26:0);FFA(22:1);FFA(24:1),LPC(15:0);FFA(20:0);PE(18:0_22:5),3,0.1
ZTL5S2Y:912->913,ZTL5S2Y,2,autoregressive_ridge,0.0,0.0,0.0,False,0.4796306782581728,LPE(18:1);PI(16:0_20:4);PC(18:0_18:1),LPC(15:0);FFA(20:0);PE(18:0_22:5),3,0.1
ZTL5S2Y:912->913,ZTL5S2Y,2,autoregressive_context_ridge,0.3333333333333333,0.019230769230769232,0.0,True,0.549695091043874,LPE(18:1);LPE(16:0);PI(16:0_20:4),LPC(15:0);FFA(20:0);PE(18:0_22:5),3,0.1
ZTL5S2Y:913->914,ZTL5S2Y,2,change_prevalence,0.6666666666666666,0.038461538461538464,0.0,True,0.559457355671177,SM(26:0);FFA(22:1);FFA(24:1),FFA(24:0);PC(16:0_18:0);FFA(20:3),3,0.1
ZTL5S2Y:913->914,ZTL5S2Y,2,autoregressive_ridge,0.6666666666666666,0.038461538461538464,0.0,True,0.504174760415607,FFA(20:0);PC(18:0_22:6);FFA(22:0),FFA(24:0);PC(16:0_18:0);FFA(20:3),3,0.1
ZTL5S2Y:913->914,ZTL5S2Y,2,autoregressive_context_ridge,1.0,0.057692307692307696,0.0,True,0.594522340677381,FFA(20:0);FFA(22:0);PC(16:0_14:0),FFA(24:0);PC(16:0_18:0);FFA(20:3),3,0.1
ZTL5S2Y:914->915,ZTL5S2Y,2,change_prevalence,1.0,0.057692307692307696,0.0,True,0.6019921232239477,SM(26:0);FFA(22:1);FFA(24:1),FFA(20:3);PC(16:0_18:0);FFA(17:0),3,0.1
ZTL5S2Y:914->915,ZTL5S2Y,2,autoregressive_ridge,1.0,0.057692307692307696,0.3333333333333333,True,0.8880416817536142,PC(16:0_18:0);PC(16:0_16:0);FFA(24:0),FFA(20:3);PC(16:0_18:0);FFA(17:0),3,0.1
ZTL5S2Y:914->915,ZTL5S2Y,2,autoregressive_context_ridge,0.6666666666666666,0.038461538461538464,0.3333333333333333,True,0.7133641005354168,PC(16:0_18:0);LPE(16:0);PC(16:0_16:0),FFA(20:3);PC(16:0_18:0);FFA(17:0),3,0.1
ZTL5S2Y:915->922,ZTL5S2Y,2,change_prevalence,0.3333333333333333,0.019230769230769232,0.0,True,0.30829071141028963,SM(26:0);FFA(22:1);FFA(24:1),TAG47:1-FA16:1;LPC(17:0);LPC(18:1),3,0.1
ZTL5S2Y:915->922,ZTL5S2Y,2,autoregressive_ridge,0.6666666666666666,0.038461538461538464,0.0,True,0.5380216807515831,FFA(17:0);FFA(22:5);FFA(16:0),TAG47:1-FA16:1;LPC(17:0);LPC(18:1),3,0.1
ZTL5S2Y:915->922,ZTL5S2Y,2,autoregressive_context_ridge,0.3333333333333333,0.019230769230769232,0.0,True,0.3899856534616889,FFA(17:0);SM(26:0);FFA(16:0),TAG47:1-FA16:1;LPC(17:0);LPC(18:1),3,0.1
ZTL5S2Y:922->928,ZTL5S2Y,2,change_prevalence,1.0,0.057692307692307696,0.3333333333333333,True,0.8230141066615846,SM(26:0);FFA(22:1);FFA(24:1),FFA(16:0);FFA(14:0);SM(26:0),3,0.1
ZTL5S2Y:922->928,ZTL5S2Y,2,autoregressive_ridge,0.3333333333333333,0.019230769230769232,0.0,True,0.38858815889857284,FFA(22:4);LPE(18:1);FFA(22:0),FFA(16:0);FFA(14:0);SM(26:0),3,0.1
ZTL5S2Y:922->928,ZTL5S2Y,2,autoregressive_context_ridge,0.3333333333333333,0.019230769230769232,0.0,True,0.414777932741302,FFA(22:4);FFA(22:0);LPE(18:1),FFA(16:0);FFA(14:0);SM(26:0),3,0.1
ZTL5S2Y:928->929,ZTL5S2Y,2,change_prevalence,0.0,0.0,0.0,False,0.2700425259830825,SM(26:0);FFA(22:1);FFA(24:1),TAG53:1-FA18:0;TAG53:2-FA18:1;TAG53:1-FA17:0,3,0.1
ZTL5S2Y:928->929,ZTL5S2Y,2,autoregressive_ridge,0.0,0.0,0.0,False,0.3733837406562924,LPE(18:1);FFA(22:4);LPE(18:2),TAG53:1-FA18:0;TAG53:2-FA18:1;TAG53:1-FA17:0,3,0.1
ZTL5S2Y:928->929,ZTL5S2Y,2,autoregressive_context_ridge,0.0,0.0,0.0,False,0.3733837406562924,LPE(18:1);FFA(22:4);LPE(18:2),TAG53:1-FA18:0;TAG53:2-FA18:1;TAG53:1-FA17:0,3,0.1
ZTL5S2Y:929->930,ZTL5S2Y,2,change_prevalence,0.3333333333333333,0.019230769230769232,0.0,True,0.4366796605732308,SM(26:0);FFA(22:1);FFA(24:1),DAG(18:1_18:1);TAG54:8-FA18:2;TAG54:3-FA18:1,3,0.1
ZTL5S2Y:929->930,ZTL5S2Y,2,autoregressive_ridge,1.0,0.057692307692307696,0.0,True,0.8308673152096994,TAG48:4-FA12:0;FFA(18:1);TAG48:4-FA18:2,DAG(18:1_18:1);TAG54:8-FA18:2;TAG54:3-FA18:1,3,0.1
ZTL5S2Y:929->930,ZTL5S2Y,2,autoregressive_context_ridge,0.6666666666666666,0.038461538461538464,0.0,True,0.7651453360630623,TAG48:4-FA12:0;TAG48:4-FA18:2;FFA(22:4),DAG(18:1_18:1);TAG54:8-FA18:2;TAG54:3-FA18:1,3,0.1
ZTL5S2Y:930->931,ZTL5S2Y,2,change_prevalence,0.3333333333333333,0.019230769230769232,0.3333333333333333,True,0.6113192872483079,SM(26:0);FFA(22:1);FFA(24:1),PE(18:0_22:5);LPC(15:0);SM(26:0),3,0.1
ZTL5S2Y:930->931,ZTL5S2Y,2,autoregressive_ridge,1.0,0.057692307692307696,0.3333333333333333,True,0.7815800035819295,LPC(15:0);PC(18:0_18:1);FFA(12:0),PE(18:0_22:5);LPC(15:0);SM(26:0),3,0.1
ZTL5S2Y:930->931,ZTL5S2Y,2,autoregressive_context_ridge,1.0,0.057692307692307696,0.3333333333333333,True,0.8275726699039057,LPC(15:0);PC(18:0_18:1);SM(22:0),PE(18:0_22:5);LPC(15:0);SM(26:0),3,0.1
ZTL5S2Y:931->934,ZTL5S2Y,2,change_prevalence,0.0,0.0,0.0,False,0.2103445289772746,SM(26:0);FFA(22:1);FFA(24:1),PI(18:0_20:4);PI(16:0_20:4);FFA(17:0),3,0.1
ZTL5S2Y:931->934,ZTL5S2Y,2,autoregressive_ridge,0.3333333333333333,0.019230769230769232,0.3333333333333333,True,0.5903739822318924,PI(16:0_20:4);LPE(16:0);LPE(18:1),PI(18:0_20:4);PI(16:0_20:4);FFA(17:0),3,0.1
ZTL5S2Y:931->934,ZTL5S2Y,2,autoregressive_context_ridge,0.3333333333333333,0.019230769230769232,0.3333333333333333,True,0.5903739822318924,PI(16:0_20:4);LPE(16:0);LPE(18:1),PI(18:0_20:4);PI(16:0_20:4);FFA(17:0),3,0.1
ZTL5S2Y:934->937,ZTL5S2Y,2,change_prevalence,0.0,0.0,0.0,False,0.22820690755868284,SM(26:0);FFA(22:1);FFA(24:1),TAG55:5-FA18:1;TAG53:4-FA18:3;TAG58:6-FA18:0,3,0.1
ZTL5S2Y:934->937,ZTL5S2Y,2,autoregressive_ridge,0.3333333333333333,0.019230769230769232,0.0,True,0.44508754081976887,LPE(18:1);FFA(22:4);TAG58:9-FA22:5,TAG55:5-FA18:1;TAG53:4-FA18:3;TAG58:6-FA18:0,3,0.1
ZTL5S2Y:934->937,ZTL5S2Y,2,autoregressive_context_ridge,0.0,0.0,0.0,False,0.38423654194128043,LPE(18:1);FFA(22:4);PI(18:1_18:1),TAG55:5-FA18:1;TAG53:4-FA18:3;TAG58:6-FA18:0,3,0.1
ZTL5S2Y:937->939,ZTL5S2Y,2,change_prevalence,0.0,0.0,0.0,False,0.12354259125619996,SM(26:0);FFA(22:1);FFA(24:1),FFA(20:4);FFA(22:5);FFA(22:4),3,0.1
ZTL5S2Y:937->939,ZTL5S2Y,2,autoregressive_ridge,0.3333333333333333,0.019230769230769232,0.3333333333333333,True,0.5781752891293657,FFA(20:4);PC(18:0_18:1);LPE(18:1),FFA(20:4);FFA(22:5);FFA(22:4),3,0.1
ZTL5S2Y:937->939,ZTL5S2Y,2,autoregressive_context_ridge,0.0,0.0,0.0,False,0.18031024620796726,PC(18:0_18:1);LPE(18:1);PI(18:0_18:1),FFA(20:4);FFA(22:5);FFA(22:4),3,0.1
ZTL5S2Y:939->941,ZTL5S2Y,2,change_prevalence,0.0,0.0,0.0,False,0.24647672575835008,SM(26:0);FFA(22:1);FFA(24:1),LPC(15:0);TAG50:5-FA14:0;FFA(12:0),3,0.1
ZTL5S2Y:939->941,ZTL5S2Y,2,autoregressive_ridge,0.0,0.0,0.0,False,0.34880533358023674,LPE(18:1);PC(18:0_18:1);PC(18:0_22:6),LPC(15:0);TAG50:5-FA14:0;FFA(12:0),3,0.1
ZTL5S2Y:939->941,ZTL5S2Y,2,autoregressive_context_ridge,0.0,0.0,0.0,False,0.34126971434867426,LPE(18:1);PC(18:0_18:1);PC(14:0_18:2),LPC(15:0);TAG50:5-FA14:0;FFA(12:0),3,0.1
ZTL8083:871->888,ZTL8083,2,change_prevalence,0.0,0.0,0.0,False,0.06550312385262665,SM(26:0);FFA(22:1);FFA(24:1),FFA(22:4);PC(18:1_16:1);PC(16:0_18:1),3,0.1
ZTL8083:871->888,ZTL8083,2,autoregressive_ridge,0.0,0.0,0.0,False,0.12357059486542853,FFA(12:0);SM(26:1);SM(26:0),FFA(22:4);PC(18:1_16:1);PC(16:0_18:1),3,0.1
ZTL8083:871->888,ZTL8083,2,autoregressive_context_ridge,0.0,0.0,0.0,False,0.10667659170381251,SM(26:0);SM(26:1);FFA(12:0),FFA(22:4);PC(18:1_16:1);PC(16:0_18:1),3,0.1
ZTLUDS8:592->593,ZTLUDS8,2,change_prevalence,0.0,0.0,0.0,False,0.13704971440231953,SM(26:0);FFA(22:1);FFA(24:1),PE(18:0_18:1);FFA(18:1);FFA(16:0),3,0.1
ZTLUDS8:592->593,ZTLUDS8,2,autoregressive_ridge,0.3333333333333333,0.019230769230769232,0.3333333333333333,True,0.47539553178335364,SM(26:1);PE(18:0_18:1);TAG58:9-FA22:5,PE(18:0_18:1);FFA(18:1);FFA(16:0),3,0.1
ZTLUDS8:592->593,ZTLUDS8,2,autoregressive_context_ridge,0.3333333333333333,0.019230769230769232,0.3333333333333333,True,0.47539553178335364,SM(26:1);PE(18:0_18:1);TAG58:9-FA22:5,PE(18:0_18:1);FFA(18:1);FFA(16:0),3,0.1
ZTLUDS8:593->598,ZTLUDS8,2,change_prevalence,0.0,0.0,0.0,False,0.15836479543535545,SM(26:0);FFA(22:1);FFA(24:1),FFA(18:4);TAG51:4-FA18:3;SM(22:0),3,0.1
ZTLUDS8:593->598,ZTLUDS8,2,autoregressive_ridge,0.0,0.0,0.0,False,0.28373523661144073,SM(26:1);TAG58:9-FA22:5;LPE(18:1),FFA(18:4);TAG51:4-FA18:3;SM(22:0),3,0.1
ZTLUDS8:593->598,ZTLUDS8,2,autoregressive_context_ridge,0.0,0.0,0.0,False,0.28717785266397644,SM(26:1);HCER(24:0);LPE(18:1),FFA(18:4);TAG51:4-FA18:3;SM(22:0),3,0.1
ZTLUDS8:598->601,ZTLUDS8,2,change_prevalence,0.3333333333333333,0.019230769230769232,0.0,True,0.4065033205366776,SM(26:0);FFA(22:1);FFA(24:1),TAG51:4-FA18:3;TAG54:7-FA18:1;TAG53:4-FA18:3,3,0.1
ZTLUDS8:598->601,ZTLUDS8,2,autoregressive_ridge,0.6666666666666666,0.038461538461538464,0.0,True,0.6861963892218875,SM(26:1);TAG54:8-FA18:2;TAG54:8-FA18:3,TAG51:4-FA18:3;TAG54:7-FA18:1;TAG53:4-FA18:3,3,0.1
ZTLUDS8:598->601,ZTLUDS8,2,autoregressive_context_ridge,0.6666666666666666,0.038461538461538464,0.3333333333333333,True,0.6990181673817087,SM(26:1);TAG54:8-FA18:2;TAG54:7-FA18:1,TAG51:4-FA18:3;TAG54:7-FA18:1;TAG53:4-FA18:3,3,0.1
ZTLUDS8:601->605,ZTLUDS8,2,change_prevalence,0.3333333333333333,0.019230769230769232,0.0,True,0.36076198184090724,SM(26:0);FFA(22:1);FFA(24:1),FFA(18:0);FFA(18:4);FFA(18:1),3,0.1
ZTLUDS8:601->605,ZTLUDS8,2,autoregressive_ridge,0.6666666666666666,0.038461538461538464,0.0,True,0.39006068508861547,SM(26:1);FFA(24:1);FFA(24:0),FFA(18:0);FFA(18:4);FFA(18:1),3,0.1
ZTLUDS8:601->605,ZTLUDS8,2,autoregressive_context_ridge,0.6666666666666666,0.038461538461538464,0.0,True,0.39006068508861547,SM(26:1);FFA(24:1);FFA(24:0),FFA(18:0);FFA(18:4);FFA(18:1),3,0.1
ZTLUDS8:605->616,ZTLUDS8,2,change_prevalence,0.0,0.0,0.0,False,0.1272406033740681,SM(26:0);FFA(22:1);FFA(24:1),PE(18:0_18:1);PE(18:0_18:2);FFA(20:0),3,0.1
ZTLUDS8:605->616,ZTLUDS8,2,autoregressive_ridge,0.0,0.0,0.0,False,0.14585898057382463,SM(26:1);HCER(24:0);SM(26:0),PE(18:0_18:1);PE(18:0_18:2);FFA(20:0),3,0.1
ZTLUDS8:605->616,ZTLUDS8,2,autoregressive_context_ridge,0.0,0.0,0.0,False,0.11505531271327371,SM(26:1);HCER(24:0);PC(17:0_18:2),PE(18:0_18:1);PE(18:0_18:2);FFA(20:0),3,0.1
ZTLUDS8:616->622,ZTLUDS8,2,change_prevalence,0.3333333333333333,0.019230769230769232,0.0,True,0.36055213865569224,SM(26:0);FFA(22:1);FFA(24:1),PE(18:0_18:1);PE(18:0_18:2);TAG47:1-FA16:1,3,0.1
ZTLUDS8:616->622,ZTLUDS8,2,autoregressive_ridge,0.6666666666666666,0.038461538461538464,0.6666666666666666,True,0.7671890325043069,PE(18:0_18:1);SM(26:1);PE(18:0_18:2),PE(18:0_18:1);PE(18:0_18:2);TAG47:1-FA16:1,3,0.1
ZTLUDS8:616->622,ZTLUDS8,2,autoregressive_context_ridge,0.6666666666666666,0.038461538461538464,0.6666666666666666,True,0.8215994091722727,PE(18:0_18:1);PE(18:0_18:2);SM(26:1),PE(18:0_18:1);PE(18:0_18:2);TAG47:1-FA16:1,3,0.1
ZTMFN3O:481->485,ZTMFN3O,2,change_prevalence,0.6666666666666666,0.038461538461538464,0.0,True,0.6364895443601709,SM(26:0);FFA(22:1);FFA(24:1),SM(20:0);PC(18:1_18:1);SM(22:0),3,0.1
ZTMFN3O:481->485,ZTMFN3O,2,autoregressive_ridge,1.0,0.057692307692307696,0.3333333333333333,True,0.8027702303443778,CE(22:5);SM(26:0);PC(18:1_18:1),SM(20:0);PC(18:1_18:1);SM(22:0),3,0.1
ZTMFN3O:481->485,ZTMFN3O,2,autoregressive_context_ridge,1.0,0.057692307692307696,0.3333333333333333,True,0.8027702303443778,CE(22:5);SM(26:0);PC(18:1_18:1),SM(20:0);PC(18:1_18:1);SM(22:0),3,0.1
ZTMFN3O:485->488,ZTMFN3O,2,change_prevalence,0.0,0.0,0.0,False,0.09868591558518255,SM(26:0);FFA(22:1);FFA(24:1),LPE(20:4);PC(18:2_20:4);LPC(18:0),3,0.1
ZTMFN3O:485->488,ZTMFN3O,2,autoregressive_ridge,0.3333333333333333,0.019230769230769232,0.0,True,0.42535651040884215,PE(18:0_18:1);PC(18:2_20:3);TAG50:5-FA14:0,LPE(20:4);PC(18:2_20:4);LPC(18:0),3,0.1
ZTMFN3O:485->488,ZTMFN3O,2,autoregressive_context_ridge,0.3333333333333333,0.019230769230769232,0.0,True,0.42535651040884215,PE(18:0_18:1);PC(18:2_20:3);TAG50:5-FA14:0,LPE(20:4);PC(18:2_20:4);LPC(18:0),3,0.1
ZTMFN3O:488->489,ZTMFN3O,2,change_prevalence,0.6666666666666666,0.038461538461538464,0.0,True,0.32450531921315184,SM(26:0);FFA(22:1);FFA(24:1),FFA(16:0);FFA(14:0);FFA(17:0),3,0.1
ZTMFN3O:488->489,ZTMFN3O,2,autoregressive_ridge,0.6666666666666666,0.038461538461538464,0.0,True,0.3719771449171771,LPE(20:4);CE(18:3);PE(18:0_18:1),FFA(16:0);FFA(14:0);FFA(17:0),3,0.1
ZTMFN3O:488->489,ZTMFN3O,2,autoregressive_context_ridge,0.6666666666666666,0.038461538461538464,0.0,True,0.34207163198520935,CE(18:3);LPE(20:4);PE(18:0_18:1),FFA(16:0);FFA(14:0);FFA(17:0),3,0.1
ZTMFN3O:489->491,ZTMFN3O,2,change_prevalence,0.6666666666666666,0.038461538461538464,0.0,True,0.29671937979083207,SM(26:0);FFA(22:1);FFA(24:1),FFA(18:3);FFA(17:0);FFA(16:0),3,0.1
ZTMFN3O:489->491,ZTMFN3O,2,autoregressive_ridge,1.0,0.057692307692307696,0.3333333333333333,True,0.9255425405294965,FFA(16:0);FFA(20:5);FFA(14:0),FFA(18:3);FFA(17:0);FFA(16:0),3,0.1
ZTMFN3O:489->491,ZTMFN3O,2,autoregressive_context_ridge,1.0,0.057692307692307696,0.6666666666666666,True,0.8969202599260694,FFA(20:5);FFA(16:0);FFA(17:0),FFA(18:3);FFA(17:0);FFA(16:0),3,0.1
ZTMFN3O:491->494,ZTMFN3O,2,change_prevalence,0.6666666666666666,0.038461538461538464,0.3333333333333333,True,0.4882958556740111,SM(26:0);FFA(22:1);FFA(24:1),FFA(24:1);FFA(20:5);FFA(24:0),3,0.1
ZTMFN3O:491->494,ZTMFN3O,2,autoregressive_ridge,0.3333333333333333,0.019230769230769232,0.0,True,0.3759313072290389,PE(O-18:0_20:4);TAG50:4-FA18:1;TAG46:3-FA18:2,FFA(24:1);FFA(20:5);FFA(24:0),3,0.1
ZTMFN3O:491->494,ZTMFN3O,2,autoregressive_context_ridge,0.6666666666666666,0.038461538461538464,0.6666666666666666,True,0.576356287493289,TAG50:4-FA18:1;FFA(24:0);FFA(24:1),FFA(24:1);FFA(20:5);FFA(24:0),3,0.1
ZTMFN3O:494->497,ZTMFN3O,2,change_prevalence,0.6666666666666666,0.038461538461538464,0.0,True,0.4812827476371449,SM(26:0);FFA(22:1);FFA(24:1),PI(18:1_18:1);FFA(18:4);LPC(18:1),3,0.1
ZTMFN3O:494->497,ZTMFN3O,2,autoregressive_ridge,0.3333333333333333,0.019230769230769232,0.0,True,0.4267452943819421,CE(18:4);TAG44:1-FA18:1;TAG48:2-FA12:0,PI(18:1_18:1);FFA(18:4);LPC(18:1),3,0.1
ZTMFN3O:494->497,ZTMFN3O,2,autoregressive_context_ridge,0.3333333333333333,0.019230769230769232,0.0,True,0.45495634583908284,CE(18:4);TAG48:2-FA12:0;TAG48:3-FA12:0,PI(18:1_18:1);FFA(18:4);LPC(18:1),3,0.1
ZTMFN3O:497->501,ZTMFN3O,2,change_prevalence,0.3333333333333333,0.019230769230769232,0.0,True,0.2056590235304126,SM(26:0);FFA(22:1);FFA(24:1),FFA(22:5);LPC(16:1);LPC(18:1),3,0.1
ZTMFN3O:497->501,ZTMFN3O,2,autoregressive_ridge,0.0,0.0,0.0,False,0.07836331931766889,TAG50:5-FA14:0;CE(18:3);FFA(22:4),FFA(22:5);LPC(16:1);LPC(18:1),3,0.1
ZTMFN3O:497->501,ZTMFN3O,2,autoregressive_context_ridge,0.0,0.0,0.0,False,0.09623931654131818,TAG50:5-FA14:0;CE(18:3);TAG56:6-FA20:2,FFA(22:5);LPC(16:1);LPC(18:1),3,0.1
ZTMFN3O:501->509,ZTMFN3O,2,change_prevalence,0.3333333333333333,0.019230769230769232,0.0,True,0.29190060190388534,SM(26:0);FFA(22:1);FFA(24:1),LPC(16:1);CE(18:4);FFA(22:5),3,0.1
ZTMFN3O:501->509,ZTMFN3O,2,autoregressive_ridge,1.0,0.057692307692307696,0.3333333333333333,True,0.7588022734741047,FFA(22:5);FFA(22:2);TAG48:3-FA12:0,LPC(16:1);CE(18:4);FFA(22:5),3,0.1
ZTMFN3O:501->509,ZTMFN3O,2,autoregressive_context_ridge,1.0,0.057692307692307696,0.3333333333333333,True,0.7588022734741047,FFA(22:5);FFA(22:2);TAG48:3-FA12:0,LPC(16:1);CE(18:4);FFA(22:5),3,0.1
ZTMFN3O:509->519,ZTMFN3O,2,change_prevalence,0.3333333333333333,0.019230769230769232,0.0,True,0.35993759483531557,SM(26:0);FFA(22:1);FFA(24:1),CE(18:4);PE(18:0_18:1);FFA(20:5),3,0.1
ZTMFN3O:509->519,ZTMFN3O,2,autoregressive_ridge,0.3333333333333333,0.019230769230769232,0.3333333333333333,True,0.3836817046793794,PC(18:2_20:3);FFA(20:5);FFA(14:0),CE(18:4);PE(18:0_18:1);FFA(20:5),3,0.1
ZTMFN3O:509->519,ZTMFN3O,2,autoregressive_context_ridge,0.6666666666666666,0.038461538461538464,0.3333333333333333,True,0.4729731200068128,PC(18:2_20:3);FFA(20:5);FFA(17:0),CE(18:4);PE(18:0_18:1);FFA(20:5),3,0.1
ZUG7QHE:847->848,ZUG7QHE,2,change_prevalence,0.0,0.0,0.0,False,0.4676749508691678,SM(26:0);FFA(22:1);FFA(24:1),TAG54:7-FA18:3;TAG54:6-FA18:3;TAG54:8-FA18:3,3,0.1
ZUG7QHE:847->848,ZUG7QHE,2,autoregressive_ridge,1.0,0.057692307692307696,0.6666666666666666,True,0.9345827637088489,TAG54:8-FA18:3;TAG54:7-FA18:2;TAG54:7-FA18:3,TAG54:7-FA18:3;TAG54:6-FA18:3;TAG54:8-FA18:3,3,0.1
ZUG7QHE:847->848,ZUG7QHE,2,autoregressive_context_ridge,1.0,0.057692307692307696,1.0,True,0.9952333738623339,TAG54:6-FA18:3;TAG54:7-FA18:3;TAG54:8-FA18:3,TAG54:7-FA18:3;TAG54:6-FA18:3;TAG54:8-FA18:3,3,0.1
ZUG7QHE:848->851,ZUG7QHE,2,change_prevalence,0.0,0.0,0.0,False,0.15455057993266985,SM(26:0);FFA(22:1);FFA(24:1),PI(16:0_18:1);PI(18:0_18:1);SM(20:0),3,0.1
ZUG7QHE:848->851,ZUG7QHE,2,autoregressive_ridge,1.0,0.057692307692307696,0.3333333333333333,True,0.8413820428933553,PI(18:0_20:4);SM(20:0);PI(18:0_18:2),PI(16:0_18:1);PI(18:0_18:1);SM(20:0),3,0.1
ZUG7QHE:848->851,ZUG7QHE,2,autoregressive_context_ridge,1.0,0.057692307692307696,0.3333333333333333,True,0.8413820428933553,PI(18:0_20:4);SM(20:0);PI(18:0_18:2),PI(16:0_18:1);PI(18:0_18:1);SM(20:0),3,0.1
ZUG7QHE:851->855,ZUG7QHE,2,change_prevalence,0.0,0.0,0.0,False,0.1602799671757758,SM(26:0);FFA(22:1);FFA(24:1),LPC(15:0);FFA(18:0);LPC(16:1),3,0.1
ZUG7QHE:851->855,ZUG7QHE,2,autoregressive_ridge,0.3333333333333333,0.019230769230769232,0.3333333333333333,True,0.5889084594438196,FFA(18:0);TAG58:9-FA22:5;TAG58:8-FA22:5,LPC(15:0);FFA(18:0);LPC(16:1),3,0.1
ZUG7QHE:851->855,ZUG7QHE,2,autoregressive_context_ridge,0.3333333333333333,0.019230769230769232,0.3333333333333333,True,0.5889084594438196,FFA(18:0);TAG58:9-FA22:5;TAG58:8-FA22:5,LPC(15:0);FFA(18:0);LPC(16:1),3,0.1
ZUG7QHE:855->858,ZUG7QHE,2,change_prevalence,0.6666666666666666,0.038461538461538464,0.0,True,0.3427836637040617,SM(26:0);FFA(22:1);FFA(24:1),LPC(15:0);LPC(16:1);PC(16:0_14:0),3,0.1
ZUG7QHE:855->858,ZUG7QHE,2,autoregressive_ridge,0.0,0.0,0.0,False,0.16260224268125334,PE(18:0_22:5);FFA(20:5);SM(26:0),LPC(15:0);LPC(16:1);PC(16:0_14:0),3,0.1
ZUG7QHE:855->858,ZUG7QHE,2,autoregressive_context_ridge,0.0,0.0,0.0,False,0.23246258406896314,FFA(20:5);SM(20:0);PE(18:0_22:5),LPC(15:0);LPC(16:1);PC(16:0_14:0),3,0.1
ZUG7QHE:858->861,ZUG7QHE,2,change_prevalence,0.3333333333333333,0.019230769230769232,0.0,True,0.5396397009395327,SM(26:0);FFA(22:1);FFA(24:1),SM(20:0);TAG55:3-FA18:2;TAG54:8-FA18:3,3,0.1
ZUG7QHE:858->861,ZUG7QHE,2,autoregressive_ridge,0.0,0.0,0.0,False,0.5468502529343957,TAG58:9-FA22:5;TAG58:10-FA18:2;TAG57:3-FA18:2,SM(20:0);TAG55:3-FA18:2;TAG54:8-FA18:3,3,0.1
ZUG7QHE:858->861,ZUG7QHE,2,autoregressive_context_ridge,0.0,0.0,0.0,False,0.5529269807806692,TAG58:10-FA18:2;TAG58:9-FA22:5;TAG57:3-FA18:2,SM(20:0);TAG55:3-FA18:2;TAG54:8-FA18:3,3,0.1
ZUG7QHE:861->865,ZUG7QHE,2,change_prevalence,1.0,0.057692307692307696,0.0,True,0.6450179491296072,SM(26:0);FFA(22:1);FFA(24:1),SM(20:0);FFA(20:3);FFA(18:4),3,0.1
ZUG7QHE:861->865,ZUG7QHE,2,autoregressive_ridge,0.3333333333333333,0.019230769230769232,0.3333333333333333,True,0.46111802484408543,PI(18:1_18:1);PC(18:1_18:1);SM(20:0),SM(20:0);FFA(20:3);FFA(18:4),3,0.1
ZUG7QHE:861->865,ZUG7QHE,2,autoregressive_context_ridge,0.3333333333333333,0.019230769230769232,0.0,True,0.34046369339521815,PI(18:1_18:1);PC(18:1_18:1);TAG57:3-FA18:2,SM(20:0);FFA(20:3);FFA(18:4),3,0.1
ZUG7QHE:865->869,ZUG7QHE,2,change_prevalence,0.6666666666666666,0.038461538461538464,0.0,True,0.4202495051665629,SM(26:0);FFA(22:1);FFA(24:1),FFA(12:0);FFA(20:3);TAG54:5-FA18:3,3,0.1
ZUG7QHE:865->869,ZUG7QHE,2,autoregressive_ridge,0.0,0.0,0.0,False,0.24213701909075908,SM(20:0);FFA(20:5);SM(26:0),FFA(12:0);FFA(20:3);TAG54:5-FA18:3,3,0.1
ZUG7QHE:865->869,ZUG7QHE,2,autoregressive_context_ridge,0.0,0.0,0.0,False,0.2172300060555095,SM(20:0);SM(26:0);FFA(20:5),FFA(12:0);FFA(20:3);TAG54:5-FA18:3,3,0.1
ZUG7QHE:869->873,ZUG7QHE,2,change_prevalence,0.3333333333333333,0.019230769230769232,0.3333333333333333,True,0.5462368074413391,SM(26:0);FFA(22:1);FFA(24:1),FFA(18:4);SM(26:0);SM(20:0),3,0.1
ZUG7QHE:869->873,ZUG7QHE,2,autoregressive_ridge,0.3333333333333333,0.019230769230769232,0.0,True,0.2934380792138365,FFA(18:0);FFA(16:0);FFA(17:0),FFA(18:4);SM(26:0);SM(20:0),3,0.1
ZUG7QHE:869->873,ZUG7QHE,2,autoregressive_context_ridge,0.3333333333333333,0.019230769230769232,0.0,True,0.2934380792138365,FFA(18:0);FFA(16:0);FFA(17:0),FFA(18:4);SM(26:0);SM(20:0),3,0.1
ZUG7QHE:873->878,ZUG7QHE,2,change_prevalence,1.0,0.057692307692307696,0.3333333333333333,True,0.8148750481823103,SM(26:0);FFA(22:1);FFA(24:1),SM(26:0);SM(20:0);LPE(20:4),3,0.1
ZUG7QHE:873->878,ZUG7QHE,2,autoregressive_ridge,0.0,0.0,0.0,False,0.42022047728868317,FFA(18:0);FFA(20:0);FFA(17:0),SM(26:0);SM(20:0);LPE(20:4),3,0.1
ZUG7QHE:873->878,ZUG7QHE,2,autoregressive_context_ridge,0.3333333333333333,0.019230769230769232,0.0,True,0.6709762274277529,FFA(18:4);FFA(18:0);FFA(20:0),SM(26:0);SM(20:0);LPE(20:4),3,0.1
ZUG7QHE:878->884,ZUG7QHE,2,change_prevalence,0.0,0.0,0.0,False,0.1565232506105358,SM(26:0);FFA(22:1);FFA(24:1),CE(22:5);PI(18:1_18:1);FFA(22:6),3,0.1
ZUG7QHE:878->884,ZUG7QHE,2,autoregressive_ridge,0.6666666666666666,0.038461538461538464,0.0,True,0.3787187776118376,LPC(20:3);FFA(16:0);FFA(17:0),CE(22:5);PI(18:1_18:1);FFA(22:6),3,0.1
ZUG7QHE:878->884,ZUG7QHE,2,autoregressive_context_ridge,0.3333333333333333,0.019230769230769232,0.0,True,0.2934475230924766,LPC(20:3);TAG54:8-FA18:3;TAG56:9-FA18:3,CE(22:5);PI(18:1_18:1);FFA(22:6),3,0.1
ZUG7QHE:884->893,ZUG7QHE,2,change_prevalence,0.3333333333333333,0.019230769230769232,0.0,True,0.5621152069824538,SM(26:0);FFA(22:1);FFA(24:1),PC(16:0_22:5);TAG60:10-FA22:5;TAG58:7-FA18:2,3,0.1
ZUG7QHE:884->893,ZUG7QHE,2,autoregressive_ridge,0.0,0.0,0.0,False,0.14265454646705908,FFA(18:1);FFA(18:2);CE(22:5),PC(16:0_22:5);TAG60:10-FA22:5;TAG58:7-FA18:2,3,0.1
ZUG7QHE:884->893,ZUG7QHE,2,autoregressive_context_ridge,0.0,0.0,0.0,False,0.2047012285264786,FFA(18:1);PI(18:0_18:2);CE(22:5),PC(16:0_22:5);TAG60:10-FA22:5;TAG58:7-FA18:2,3,0.1
ZW61YGW:656->661,ZW61YGW,2,change_prevalence,0.0,0.0,0.0,False,0.35927467096248294,SM(26:0);FFA(22:1);FFA(24:1),PE(18:0_22:5);FFA(16:0);TAG54:8-FA18:2,3,0.1
ZW61YGW:656->661,ZW61YGW,2,autoregressive_ridge,0.3333333333333333,0.019230769230769232,0.0,True,0.5691410614912912,PI(18:1_18:1);PC(18:1_18:1);FFA(22:1),PE(18:0_22:5);FFA(16:0);TAG54:8-FA18:2,3,0.1
ZW61YGW:656->661,ZW61YGW,2,autoregressive_context_ridge,0.0,0.0,0.0,False,0.28725427865267705,PC(18:1_18:1);TAG56:3-FA20:1;TAG55:3-FA18:1,PE(18:0_22:5);FFA(16:0);TAG54:8-FA18:2,3,0.1
ZW61YGW:661->665,ZW61YGW,2,change_prevalence,0.0,0.0,0.0,False,0.26877932028084545,SM(26:0);FFA(22:1);FFA(24:1),LPC(15:0);FFA(14:0);FFA(18:0),3,0.1
ZW61YGW:661->665,ZW61YGW,2,autoregressive_ridge,0.3333333333333333,0.019230769230769232,0.3333333333333333,True,0.5468229089413709,TAG54:8-FA18:2;TAG54:7-FA18:2;FFA(14:0),LPC(15:0);FFA(14:0);FFA(18:0),3,0.1
ZW61YGW:661->665,ZW61YGW,2,autoregressive_context_ridge,0.3333333333333333,0.019230769230769232,0.0,True,0.46911299863591366,FFA(12:0);TAG54:8-FA18:2;TAG54:7-FA18:2,LPC(15:0);FFA(14:0);FFA(18:0),3,0.1
ZW61YGW:665->667,ZW61YGW,2,change_prevalence,0.6666666666666666,0.038461538461538464,0.0,True,0.5540412248210412,SM(26:0);FFA(22:1);FFA(24:1),LPC(17:0);FFA(20:0);LPC(18:1),3,0.1
ZW61YGW:665->667,ZW61YGW,2,autoregressive_ridge,0.0,0.0,0.0,False,0.3060331531417639,LPC(20:3);PC(18:1_18:1);SM(26:0),LPC(17:0);FFA(20:0);LPC(18:1),3,0.1
ZW61YGW:665->667,ZW61YGW,2,autoregressive_context_ridge,0.0,0.0,0.0,False,0.3111676061285973,LPC(20:3);FFA(18:2);PC(18:1_18:1),LPC(17:0);FFA(20:0);LPC(18:1),3,0.1
ZW61YGW:667->670,ZW61YGW,2,change_prevalence,1.0,0.057692307692307696,0.6666666666666666,True,0.8659942134976558,SM(26:0);FFA(22:1);FFA(24:1),SM(20:0);FFA(24:1);SM(26:0),3,0.1
ZW61YGW:667->670,ZW61YGW,2,autoregressive_ridge,0.6666666666666666,0.038461538461538464,0.3333333333333333,True,0.4914858255406135,PC(18:1_18:1);SM(20:0);LPC(18:1),SM(20:0);FFA(24:1);SM(26:0),3,0.1
ZW61YGW:667->670,ZW61YGW,2,autoregressive_context_ridge,0.6666666666666666,0.038461538461538464,0.3333333333333333,True,0.45240518411099495,PC(18:1_18:1);LPC(18:1);SM(20:0),SM(20:0);FFA(24:1);SM(26:0),3,0.1
ZW61YGW:670->676,ZW61YGW,2,change_prevalence,0.0,0.0,0.0,False,0.3833801711974129,SM(26:0);FFA(22:1);FFA(24:1),TAG54:8-FA18:2;TAG54:8-FA18:3;TAG56:9-FA18:3,3,0.1
ZW61YGW:670->676,ZW61YGW,2,autoregressive_ridge,0.3333333333333333,0.019230769230769232,0.0,True,0.47939943386639094,PI(18:1_18:1);FFA(20:0);PC(18:1_18:1),TAG54:8-FA18:2;TAG54:8-FA18:3;TAG56:9-FA18:3,3,0.1
ZW61YGW:670->676,ZW61YGW,2,autoregressive_context_ridge,0.3333333333333333,0.019230769230769232,0.0,True,0.47939943386639094,PI(18:1_18:1);FFA(20:0);PC(18:1_18:1),TAG54:8-FA18:2;TAG54:8-FA18:3;TAG56:9-FA18:3,3,0.1
ZW61YGW:676->683,ZW61YGW,2,change_prevalence,0.0,0.0,0.0,False,0.20373316652312146,SM(26:0);FFA(22:1);FFA(24:1),PE(18:0_18:1);TAG56:2-FA20:0;PE(18:0_18:2),3,0.1
ZW61YGW:676->683,ZW61YGW,2,autoregressive_ridge,0.0,0.0,0.0,False,0.3186355444425549,FFA(20:0);FFA(24:1);FFA(22:1),PE(18:0_18:1);TAG56:2-FA20:0;PE(18:0_18:2),3,0.1
ZW61YGW:676->683,ZW61YGW,2,autoregressive_context_ridge,0.0,0.0,0.0,False,0.3186355444425549,FFA(20:0);FFA(24:1);FFA(22:1),PE(18:0_18:1);TAG56:2-FA20:0;PE(18:0_18:2),3,0.1
ZWFDEY0:741->743,ZWFDEY0,2,change_prevalence,0.0,0.0,0.0,False,0.17667101368105542,SM(26:0);FFA(22:1);FFA(24:1),PE(18:0_18:0);FFA(18:4);PC(16:0_22:6),3,0.1
ZWFDEY0:741->743,ZWFDEY0,2,autoregressive_ridge,0.3333333333333333,0.019230769230769232,0.3333333333333333,True,0.37751939249041455,SM(26:0);FFA(18:4);LPE(20:4),PE(18:0_18:0);FFA(18:4);PC(16:0_22:6),3,0.1
ZWFDEY0:741->743,ZWFDEY0,2,autoregressive_context_ridge,0.3333333333333333,0.019230769230769232,0.3333333333333333,True,0.337360188577009,SM(26:0);FFA(18:4);SM(20:0),PE(18:0_18:0);FFA(18:4);PC(16:0_22:6),3,0.1
ZWFDEY0:743->748,ZWFDEY0,2,change_prevalence,1.0,0.057692307692307696,0.0,True,0.6799731229800242,SM(26:0);FFA(22:1);FFA(24:1),FFA(22:0);PC(16:0_16:0);PC(16:0_18:0),3,0.1
ZWFDEY0:743->748,ZWFDEY0,2,autoregressive_ridge,1.0,0.057692307692307696,0.3333333333333333,True,0.6657360142908383,SM(26:0);FFA(16:0);FFA(22:0),FFA(22:0);PC(16:0_16:0);PC(16:0_18:0),3,0.1
ZWFDEY0:743->748,ZWFDEY0,2,autoregressive_context_ridge,0.6666666666666666,0.038461538461538464,0.0,True,0.46023783290660075,FFA(16:0);FFA(20:0);SM(26:0),FFA(22:0);PC(16:0_16:0);PC(16:0_18:0),3,0.1
ZWFDEY0:748->752,ZWFDEY0,2,change_prevalence,1.0,0.057692307692307696,0.0,True,0.6353382355779751,SM(26:0);FFA(22:1);FFA(24:1),FFA(22:0);FFA(12:0);PC(16:0_16:0),3,0.1
ZWFDEY0:748->752,ZWFDEY0,2,autoregressive_ridge,1.0,0.057692307692307696,0.6666666666666666,True,0.9772325398332591,PC(16:0_16:0);PC(16:0_18:0);FFA(22:0),FFA(22:0);FFA(12:0);PC(16:0_16:0),3,0.1
ZWFDEY0:748->752,ZWFDEY0,2,autoregressive_context_ridge,1.0,0.057692307692307696,0.6666666666666666,True,0.9772325398332591,PC(16:0_16:0);PC(16:0_18:0);FFA(22:0),FFA(22:0);FFA(12:0);PC(16:0_16:0),3,0.1
ZWFDEY0:752->755,ZWFDEY0,2,change_prevalence,0.3333333333333333,0.019230769230769232,0.0,True,0.44992349925686925,SM(26:0);FFA(22:1);FFA(24:1),LPC(15:0);PC(16:0_14:0);PC(18:0_22:5),3,0.1
ZWFDEY0:752->755,ZWFDEY0,2,autoregressive_ridge,0.6666666666666666,0.038461538461538464,0.0,True,0.6829606372368439,FFA(12:0);SM(26:0);FFA(14:1),LPC(15:0);PC(16:0_14:0);PC(18:0_22:5),3,0.1
ZWFDEY0:752->755,ZWFDEY0,2,autoregressive_context_ridge,0.6666666666666666,0.038461538461538464,0.0,True,0.6829606372368439,FFA(12:0);SM(26:0);FFA(14:1),LPC(15:0);PC(16:0_14:0);PC(18:0_22:5),3,0.1
ZWFDEY0:755->758,ZWFDEY0,2,change_prevalence,1.0,0.057692307692307696,0.3333333333333333,True,0.8217500092831036,SM(26:0);FFA(22:1);FFA(24:1),LPE(18:2);SM(26:0);LPE(20:4),3,0.1
ZWFDEY0:755->758,ZWFDEY0,2,autoregressive_ridge,0.3333333333333333,0.019230769230769232,0.0,True,0.649183200881943,PE(O-16:0_20:4);FFA(17:0);CE(18:3),LPE(18:2);SM(26:0);LPE(20:4),3,0.1
ZWFDEY0:755->758,ZWFDEY0,2,autoregressive_context_ridge,0.3333333333333333,0.019230769230769232,0.0,True,0.4768037737283734,FFA(17:0);PE(O-16:0_20:4);FFA(14:1),LPE(18:2);SM(26:0);LPE(20:4),3,0.1
ZWFDEY0:758->761,ZWFDEY0,2,change_prevalence,0.6666666666666666,0.038461538461538464,0.0,True,0.37924965250034715,SM(26:0);FFA(22:1);FFA(24:1),PC(18:0_22:5);SM(20:0);PC(18:0_20:2),3,0.1
ZWFDEY0:758->761,ZWFDEY0,2,autoregressive_ridge,0.3333333333333333,0.019230769230769232,0.0,True,0.3328893018995857,SM(26:0);CE(22:5);FFA(20:0),PC(18:0_22:5);SM(20:0);PC(18:0_20:2),3,0.1
ZWFDEY0:758->761,ZWFDEY0,2,autoregressive_context_ridge,0.3333333333333333,0.019230769230769232,0.0,True,0.22152742987337934,SM(26:0);FFA(16:0);CE(22:5),PC(18:0_22:5);SM(20:0);PC(18:0_20:2),3,0.1
ZWFDEY0:761->767,ZWFDEY0,2,change_prevalence,0.3333333333333333,0.019230769230769232,0.0,True,0.23915273623554273,SM(26:0);FFA(22:1);FFA(24:1),HCER(16:0);CE(18:2);PC(18:0_18:2),3,0.1
ZWFDEY0:761->767,ZWFDEY0,2,autoregressive_ridge,0.6666666666666666,0.038461538461538464,0.0,True,0.3926908395973006,FFA(24:0);FFA(24:1);FFA(22:1),HCER(16:0);CE(18:2);PC(18:0_18:2),3,0.1
ZWFDEY0:761->767,ZWFDEY0,2,autoregressive_context_ridge,0.6666666666666666,0.038461538461538464,0.0,True,0.3926908395973006,FFA(24:0);FFA(24:1);FFA(22:1),HCER(16:0);CE(18:2);PC(18:0_18:2),3,0.1
ZWFDEY0:767->774,ZWFDEY0,2,change_prevalence,1.0,0.057692307692307696,0.0,True,0.83185566250762,SM(26:0);FFA(22:1);FFA(24:1),SM(24:1);HCER(16:0);FFA(22:2),3,0.1
ZWFDEY0:767->774,ZWFDEY0,2,autoregressive_ridge,0.6666666666666666,0.038461538461538464,0.3333333333333333,True,0.7605047084762031,FFA(22:1);FFA(22:2);PI(16:0_20:4),SM(24:1);HCER(16:0);FFA(22:2),3,0.1
ZWFDEY0:767->774,ZWFDEY0,2,autoregressive_context_ridge,0.6666666666666666,0.038461538461538464,0.3333333333333333,True,0.7192086493862053,FFA(22:1);PI(16:0_20:4);FFA(22:2),SM(24:1);HCER(16:0);FFA(22:2),3,0.1
ZWFDEY0:774->780,ZWFDEY0,2,change_prevalence,0.0,0.0,0.0,False,0.31444143195265056,SM(26:0);FFA(22:1);FFA(24:1),PC(18:1_20:4);PC(18:0_18:2);TAG56:5-FA20:3,3,0.1
ZWFDEY0:774->780,ZWFDEY0,2,autoregressive_ridge,0.0,0.0,0.0,False,0.5303945028729309,PI(18:0_20:4);SM(26:0);PE(P-18:1_18:1),PC(18:1_20:4);PC(18:0_18:2);TAG56:5-FA20:3,3,0.1
ZWFDEY0:774->780,ZWFDEY0,2,autoregressive_context_ridge,0.3333333333333333,0.019230769230769232,0.0,True,0.5692737256625457,PI(18:0_20:4);LPC(20:4);PI(18:0_18:2),PC(18:1_20:4);PC(18:0_18:2);TAG56:5-FA20:3,3,0.1
ZWFDEY0:780->787,ZWFDEY0,2,change_prevalence,0.3333333333333333,0.019230769230769232,0.0,True,0.22502691551422388,SM(26:0);FFA(22:1);FFA(24:1),FFA(22:5);FFA(22:4);FFA(20:4),3,0.1
ZWFDEY0:780->787,ZWFDEY0,2,autoregressive_ridge,0.6666666666666666,0.038461538461538464,0.0,True,0.4421674748396949,PI(18:0_20:4);PI(18:1_18:1);LPC(20:3),FFA(22:5);FFA(22:4);FFA(20:4),3,0.1
ZWFDEY0:780->787,ZWFDEY0,2,autoregressive_context_ridge,0.3333333333333333,0.019230769230769232,0.0,True,0.35692988008141147,PI(18:0_20:4);PI(18:0_20:3);PI(18:1_18:1),FFA(22:5);FFA(22:4);FFA(20:4),3,0.1
ZWFDEY0:787->794,ZWFDEY0,2,change_prevalence,0.6666666666666666,0.038461538461538464,0.0,True,0.43711575722275736,SM(26:0);FFA(22:1);FFA(24:1),FFA(22:5);PC(16:0_18:0);FFA(18:0),3,0.1
ZWFDEY0:787->794,ZWFDEY0,2,autoregressive_ridge,0.6666666666666666,0.038461538461538464,0.6666666666666666,True,0.8245000717014997,FFA(22:5);FFA(18:0);PI(18:0_20:3),FFA(22:5);PC(16:0_18:0);FFA(18:0),3,0.1
ZWFDEY0:787->794,ZWFDEY0,2,autoregressive_context_ridge,0.6666666666666666,0.038461538461538464,0.3333333333333333,True,0.7382455412692155,FFA(22:5);PI(18:0_20:3);SM(22:0),FFA(22:5);PC(16:0_18:0);FFA(18:0),3,0.1
ZWHMV5E:745->748,ZWHMV5E,2,change_prevalence,1.0,0.057692307692307696,0.0,True,0.604646929621628,SM(26:0);FFA(22:1);FFA(24:1),PE(18:0_18:1);PE(18:0_18:2);TAG58:3-FA18:1,3,0.1
ZWHMV5E:745->748,ZWHMV5E,2,autoregressive_ridge,1.0,0.057692307692307696,0.0,True,0.7123639395957199,SM(26:0);SM(20:0);LPE(20:4),PE(18:0_18:1);PE(18:0_18:2);TAG58:3-FA18:1,3,0.1
ZWHMV5E:745->748,ZWHMV5E,2,autoregressive_context_ridge,1.0,0.057692307692307696,0.0,True,0.7182581337476613,SM(26:0);LPE(20:4);SM(20:0),PE(18:0_18:1);PE(18:0_18:2);TAG58:3-FA18:1,3,0.1
ZWHMV5E:748->752,ZWHMV5E,2,change_prevalence,0.6666666666666666,0.038461538461538464,0.0,True,0.3599204407700102,SM(26:0);FFA(22:1);FFA(24:1),PE(18:0_18:2);LPC(15:0);PE(18:0_18:1),3,0.1
ZWHMV5E:748->752,ZWHMV5E,2,autoregressive_ridge,1.0,0.057692307692307696,0.6666666666666666,True,0.7381448723284119,FFA(18:4);PE(18:0_18:1);PE(18:0_18:2),PE(18:0_18:2);LPC(15:0);PE(18:0_18:1),3,0.1
ZWHMV5E:748->752,ZWHMV5E,2,autoregressive_context_ridge,1.0,0.057692307692307696,0.6666666666666666,True,0.9404861048354469,PE(18:0_18:2);PE(18:0_18:1);TAG58:3-FA18:1,PE(18:0_18:2);LPC(15:0);PE(18:0_18:1),3,0.1
ZWHMV5E:752->756,ZWHMV5E,2,change_prevalence,0.6666666666666666,0.038461538461538464,0.0,True,0.3996467871083832,SM(26:0);FFA(22:1);FFA(24:1),PI(18:0_20:4);PI(16:0_18:2);PI(18:0_18:2),3,0.1
ZWHMV5E:752->756,ZWHMV5E,2,autoregressive_ridge,1.0,0.057692307692307696,0.0,True,0.5136919244056191,PC(16:0_16:0);FFA(17:0);FFA(14:0),PI(18:0_20:4);PI(16:0_18:2);PI(18:0_18:2),3,0.1
ZWHMV5E:752->756,ZWHMV5E,2,autoregressive_context_ridge,1.0,0.057692307692307696,0.0,True,0.5290046819218296,FFA(14:0);FFA(18:0);FFA(17:0),PI(18:0_20:4);PI(16:0_18:2);PI(18:0_18:2),3,0.1
ZWHMV5E:756->760,ZWHMV5E,2,change_prevalence,0.6666666666666666,0.038461538461538464,0.0,True,0.38101880580425773,SM(26:0);FFA(22:1);FFA(24:1),PE(O-18:0_20:4);FFA(20:0);LPC(18:0),3,0.1
ZWHMV5E:756->760,ZWHMV5E,2,autoregressive_ridge,0.3333333333333333,0.019230769230769232,0.3333333333333333,True,0.5049788505018082,FFA(20:0);TAG54:8-FA18:3;PE(P-18:1_18:1),PE(O-18:0_20:4);FFA(20:0);LPC(18:0),3,0.1
ZWHMV5E:756->760,ZWHMV5E,2,autoregressive_context_ridge,0.3333333333333333,0.019230769230769232,0.3333333333333333,True,0.48143241247743285,FFA(20:0);SM(26:0);TAG54:8-FA18:3,PE(O-18:0_20:4);FFA(20:0);LPC(18:0),3,0.1
ZX52KVK:712->713,ZX52KVK,2,change_prevalence,0.3333333333333333,0.019230769230769232,0.3333333333333333,True,0.5552663671200442,SM(26:0);FFA(22:1);FFA(24:1),SM(26:0);PE(18:0_22:5);PE(O-18:0_20:4),3,0.1
ZX52KVK:712->713,ZX52KVK,2,autoregressive_ridge,1.0,0.057692307692307696,0.3333333333333333,True,0.7957877132336655,LPC(16:1);LPC(15:0);SM(26:0),SM(26:0);PE(18:0_22:5);PE(O-18:0_20:4),3,0.1
ZX52KVK:712->713,ZX52KVK,2,autoregressive_context_ridge,1.0,0.057692307692307696,0.0,True,0.6449915044310804,LPC(16:1);FFA(12:0);LPC(15:0),SM(26:0);PE(18:0_22:5);PE(O-18:0_20:4),3,0.1
ZX52KVK:713->714,ZX52KVK,2,change_prevalence,0.0,0.0,0.0,False,0.33555776722953656,SM(26:0);FFA(22:1);FFA(24:1),FFA(20:0);TAG56:3-FA20:0;TAG56:3-FA18:2,3,0.1
ZX52KVK:713->714,ZX52KVK,2,autoregressive_ridge,0.6666666666666666,0.038461538461538464,0.3333333333333333,True,0.7499461273093875,FFA(20:0);PE(P-18:0_18:1);PE(18:0_18:1),FFA(20:0);TAG56:3-FA20:0;TAG56:3-FA18:2,3,0.1
ZX52KVK:713->714,ZX52KVK,2,autoregressive_context_ridge,0.0,0.0,0.0,False,0.4460421829012637,FFA(20:2);FFA(20:1);FFA(15:0),FFA(20:0);TAG56:3-FA20:0;TAG56:3-FA18:2,3,0.1
ZX52KVK:714->715,ZX52KVK,2,change_prevalence,0.3333333333333333,0.019230769230769232,0.0,True,0.48418893621485276,SM(26:0);FFA(22:1);FFA(24:1),CE(18:3);TAG56:5-FA20:1;LPC(17:0),3,0.1
ZX52KVK:714->715,ZX52KVK,2,autoregressive_ridge,0.0,0.0,0.0,False,0.10451994221682905,PI(18:1_18:1);FFA(20:5);FFA(18:4),CE(18:3);TAG56:5-FA20:1;LPC(17:0),3,0.1
ZX52KVK:714->715,ZX52KVK,2,autoregressive_context_ridge,0.0,0.0,0.0,False,0.16033122019826448,PI(18:1_18:1);FFA(18:4);FFA(14:1),CE(18:3);TAG56:5-FA20:1;LPC(17:0),3,0.1
ZX52KVK:715->716,ZX52KVK,2,change_prevalence,1.0,0.057692307692307696,0.0,True,0.6525594708073817,SM(26:0);FFA(22:1);FFA(24:1),FFA(18:0);SM(22:0);SM(20:0),3,0.1
ZX52KVK:715->716,ZX52KVK,2,autoregressive_ridge,0.3333333333333333,0.019230769230769232,0.3333333333333333,True,0.5185388531279396,FFA(18:0);SM(18:1);SM(20:1),FFA(18:0);SM(22:0);SM(20:0),3,0.1
ZX52KVK:715->716,ZX52KVK,2,autoregressive_context_ridge,1.0,0.057692307692307696,0.3333333333333333,True,0.7086450242297382,FFA(18:0);FFA(20:4);FFA(24:1),FFA(18:0);SM(22:0);SM(20:0),3,0.1
ZX52KVK:716->717,ZX52KVK,2,change_prevalence,1.0,0.057692307692307696,0.3333333333333333,True,0.7669761683712962,SM(26:0);FFA(22:1);FFA(24:1),PE(P-16:0_22:5);SM(26:0);SM(26:1),3,0.1
ZX52KVK:716->717,ZX52KVK,2,autoregressive_ridge,0.6666666666666666,0.038461538461538464,0.3333333333333333,True,0.7798838313916521,SM(26:0);FFA(18:0);PC(16:0_16:0),PE(P-16:0_22:5);SM(26:0);SM(26:1),3,0.1
ZX52KVK:716->717,ZX52KVK,2,autoregressive_context_ridge,1.0,0.057692307692307696,0.3333333333333333,True,0.7633044774404723,PC(16:0_16:0);FFA(22:1);SM(26:0),PE(P-16:0_22:5);SM(26:0);SM(26:1),3,0.1
ZX52KVK:717->722,ZX52KVK,2,change_prevalence,0.0,0.0,0.0,False,0.12596021463568727,SM(26:0);FFA(22:1);FFA(24:1),LPE(20:4);FFA(18:4);PE(P-16:0_22:5),3,0.1
ZX52KVK:717->722,ZX52KVK,2,autoregressive_ridge,0.0,0.0,0.0,False,0.22571680483652845,FFA(14:1);FFA(22:4);CE(22:4),LPE(20:4);FFA(18:4);PE(P-16:0_22:5),3,0.1
ZX52KVK:717->722,ZX52KVK,2,autoregressive_context_ridge,0.3333333333333333,0.019230769230769232,0.0,True,0.3758457303925024,FFA(14:1);LPE(18:2);FFA(22:4),LPE(20:4);FFA(18:4);PE(P-16:0_22:5),3,0.1
ZX52KVK:722->723,ZX52KVK,2,change_prevalence,0.0,0.0,0.0,False,0.26361696440208876,SM(26:0);FFA(22:1);FFA(24:1),PC(16:0_14:0);FFA(18:4);LPE(20:4),3,0.1
ZX52KVK:722->723,ZX52KVK,2,autoregressive_ridge,0.6666666666666666,0.038461538461538464,0.6666666666666666,True,0.8079997932154535,LPE(20:4);FFA(18:4);CE(22:5),PC(16:0_14:0);FFA(18:4);LPE(20:4),3,0.1
ZX52KVK:722->723,ZX52KVK,2,autoregressive_context_ridge,0.6666666666666666,0.038461538461538464,0.6666666666666666,True,0.8079997932154535,LPE(20:4);FFA(18:4);CE(22:5),PC(16:0_14:0);FFA(18:4);LPE(20:4),3,0.1
ZX52KVK:723->724,ZX52KVK,2,change_prevalence,0.0,0.0,0.0,False,0.28772307184899837,SM(26:0);FFA(22:1);FFA(24:1),PC(16:0_18:3);TAG54:7-FA22:5;FFA(22:4),3,0.1
ZX52KVK:723->724,ZX52KVK,2,autoregressive_ridge,0.6666666666666666,0.038461538461538464,0.0,True,0.64281365429854,PC(16:0_14:0);LPC(16:1);FFA(18:1),PC(16:0_18:3);TAG54:7-FA22:5;FFA(22:4),3,0.1
ZX52KVK:723->724,ZX52KVK,2,autoregressive_context_ridge,0.3333333333333333,0.019230769230769232,0.0,True,0.5362658664944389,LPC(16:1);PC(16:0_14:0);PC(18:0_18:0),PC(16:0_18:3);TAG54:7-FA22:5;FFA(22:4),3,0.1
ZX52KVK:724->725,ZX52KVK,2,change_prevalence,0.0,0.0,0.0,False,0.2989490545271115,SM(26:0);FFA(22:1);FFA(24:1),TAG54:7-FA22:5;PE(18:0_18:1);PC(16:0_18:3),3,0.1
ZX52KVK:724->725,ZX52KVK,2,autoregressive_ridge,0.3333333333333333,0.019230769230769232,0.3333333333333333,True,0.5353359149336518,TAG54:7-FA22:5;PI(18:1_18:1);PC(18:1_18:1),TAG54:7-FA22:5;PE(18:0_18:1);PC(16:0_18:3),3,0.1
ZX52KVK:724->725,ZX52KVK,2,autoregressive_context_ridge,0.3333333333333333,0.019230769230769232,0.3333333333333333,True,0.5721517403522501,TAG54:7-FA22:5;PI(18:1_18:1);FFA(22:4),TAG54:7-FA22:5;PE(18:0_18:1);PC(16:0_18:3),3,0.1
ZX52KVK:725->727,ZX52KVK,2,change_prevalence,0.0,0.0,0.0,False,0.3162800319465324,SM(26:0);FFA(22:1);FFA(24:1),TAG58:3-FA18:1;TAG56:3-FA20:0;PE(18:0_18:1),3,0.1
ZX52KVK:725->727,ZX52KVK,2,autoregressive_ridge,0.6666666666666666,0.038461538461538464,0.3333333333333333,True,0.7162986558775435,PE(18:0_18:1);PE(18:0_18:2);SM(26:0),TAG58:3-FA18:1;TAG56:3-FA20:0;PE(18:0_18:1),3,0.1
ZX52KVK:725->727,ZX52KVK,2,autoregressive_context_ridge,0.6666666666666666,0.038461538461538464,0.3333333333333333,True,0.7162986558775435,PE(18:0_18:1);PE(18:0_18:2);SM(26:0),TAG58:3-FA18:1;TAG56:3-FA20:0;PE(18:0_18:1),3,0.1
ZX52KVK:727->728,ZX52KVK,2,change_prevalence,0.0,0.0,0.0,False,0.1938227168932095,SM(26:0);FFA(22:1);FFA(24:1),FFA(22:5);TAG57:3-FA18:2;TAG58:10-FA18:2,3,0.1
ZX52KVK:727->728,ZX52KVK,2,autoregressive_ridge,1.0,0.057692307692307696,0.0,True,0.6629880971703175,TAG58:3-FA18:1;TAG56:3-FA20:0;TAG58:10-FA22:6,FFA(22:5);TAG57:3-FA18:2;TAG58:10-FA18:2,3,0.1
ZX52KVK:727->728,ZX52KVK,2,autoregressive_context_ridge,1.0,0.057692307692307696,0.0,True,0.6629880971703175,TAG58:3-FA18:1;TAG56:3-FA20:0;TAG58:10-FA22:6,FFA(22:5);TAG57:3-FA18:2;TAG58:10-FA18:2,3,0.1
ZX52KVK:728->731,ZX52KVK,2,change_prevalence,0.3333333333333333,0.019230769230769232,0.0,True,0.5363380097595034,SM(26:0);FFA(22:1);FFA(24:1),PE(18:0_22:5);FFA(22:5);SM(20:1),3,0.1
ZX52KVK:728->731,ZX52KVK,2,autoregressive_ridge,1.0,0.057692307692307696,0.0,True,0.611990680274719,PE(P-18:1_18:2);PE(P-16:0_18:2);PE(P-16:0_18:1),PE(18:0_22:5);FFA(22:5);SM(20:1),3,0.1
ZX52KVK:728->731,ZX52KVK,2,autoregressive_context_ridge,1.0,0.057692307692307696,0.0,True,0.6505528694233061,PE(P-18:1_18:2);PI(18:0_18:1);PE(P-16:0_18:2),PE(18:0_22:5);FFA(22:5);SM(20:1),3,0.1
ZX52KVK:731->732,ZX52KVK,2,change_prevalence,0.0,0.0,0.0,False,0.21805642507567174,SM(26:0);FFA(22:1);FFA(24:1),PC(14:0_18:1);PC(18:2_20:3);PC(18:0_20:3),3,0.1
ZX52KVK:731->732,ZX52KVK,2,autoregressive_ridge,0.3333333333333333,0.019230769230769232,0.0,True,0.3941424888063199,PE(18:0_22:5);PI(16:0_20:4);SM(26:0),PC(14:0_18:1);PC(18:2_20:3);PC(18:0_20:3),3,0.1
ZX52KVK:731->732,ZX52KVK,2,autoregressive_context_ridge,0.6666666666666666,0.038461538461538464,0.0,True,0.5760226563990304,PE(18:0_22:5);PI(16:0_20:4);PI(18:0_20:3),PC(14:0_18:1);PC(18:2_20:3);PC(18:0_20:3),3,0.1
ZX52KVK:732->733,ZX52KVK,2,change_prevalence,1.0,0.057692307692307696,0.0,True,0.6968633721072224,SM(26:0);FFA(22:1);FFA(24:1),PE(O-16:0_20:4);PE(O-18:0_20:4);TAG56:10-FA18:2,3,0.1
ZX52KVK:732->733,ZX52KVK,2,autoregressive_ridge,0.3333333333333333,0.019230769230769232,0.0,True,0.44485043271683233,LPC(15:0);LPC(16:1);FFA(24:0),PE(O-16:0_20:4);PE(O-18:0_20:4);TAG56:10-FA18:2,3,0.1
ZX52KVK:732->733,ZX52KVK,2,autoregressive_context_ridge,0.3333333333333333,0.019230769230769232,0.0,True,0.4299758528982605,LPC(16:1);LPC(15:0);FFA(24:0),PE(O-16:0_20:4);PE(O-18:0_20:4);TAG56:10-FA18:2,3,0.1
ZX52KVK:733->734,ZX52KVK,2,change_prevalence,0.0,0.0,0.0,False,0.3144582989386562,SM(26:0);FFA(22:1);FFA(24:1),TAG48:3-FA12:0;TAG48:4-FA12:0;TAG48:2-FA12:0,3,0.1
ZX52KVK:733->734,ZX52KVK,2,autoregressive_ridge,1.0,0.057692307692307696,0.6666666666666666,True,0.9438899426523104,TAG48:2-FA12:0;TAG46:2-FA18:1;TAG48:3-FA12:0,TAG48:3-FA12:0;TAG48:4-FA12:0;TAG48:2-FA12:0,3,0.1
ZX52KVK:733->734,ZX52KVK,2,autoregressive_context_ridge,1.0,0.057692307692307696,0.3333333333333333,True,0.9068570597796336,TAG48:2-FA12:0;TAG46:2-FA18:1;TAG50:4-FA14:1,TAG48:3-FA12:0;TAG48:4-FA12:0;TAG48:2-FA12:0,3,0.1
ZX52KVK:734->740,ZX52KVK,2,change_prevalence,0.6666666666666666,0.038461538461538464,0.0,True,0.4504041288464162,SM(26:0);FFA(22:1);FFA(24:1),TAG48:4-FA18:1;PC(16:0_18:0);TAG48:4-FA12:0,3,0.1
ZX52KVK:734->740,ZX52KVK,2,autoregressive_ridge,1.0,0.057692307692307696,0.3333333333333333,True,0.9428941199820468,FFA(24:1);TAG48:4-FA18:1;FFA(24:0),TAG48:4-FA18:1;PC(16:0_18:0);TAG48:4-FA12:0,3,0.1
ZX52KVK:734->740,ZX52KVK,2,autoregressive_context_ridge,1.0,0.057692307692307696,0.6666666666666666,True,0.9786150924138375,TAG48:4-FA18:1;TAG48:4-FA12:0;TAG48:3-FA12:0,TAG48:4-FA18:1;PC(16:0_18:0);TAG48:4-FA12:0,3,0.1
ZX52KVK:740->743,ZX52KVK,2,change_prevalence,0.3333333333333333,0.019230769230769232,0.0,True,0.46576158540911,SM(26:0);FFA(22:1);FFA(24:1),FFA(18:0);FFA(17:0);FFA(20:0),3,0.1
ZX52KVK:740->743,ZX52KVK,2,autoregressive_ridge,1.0,0.057692307692307696,0.3333333333333333,True,0.8442133393874293,FFA(20:0);PE(P-16:0_18:1);SM(26:0),FFA(18:0);FFA(17:0);FFA(20:0),3,0.1
ZX52KVK:740->743,ZX52KVK,2,autoregressive_context_ridge,0.6666666666666666,0.038461538461538464,0.3333333333333333,True,0.6623463754550413,FFA(20:0);PE(P-16:0_18:1);CE(22:4),FFA(18:0);FFA(17:0);FFA(20:0),3,0.1
ZX52KVK:743->744,ZX52KVK,2,change_prevalence,0.3333333333333333,0.019230769230769232,0.0,True,0.49435014893396223,SM(26:0);FFA(22:1);FFA(24:1),FFA(22:4);PE(18:0_22:5);PI(18:0_20:3),3,0.1
ZX52KVK:743->744,ZX52KVK,2,autoregressive_ridge,0.0,0.0,0.0,False,0.16999445927734858,FFA(17:0);FFA(18:0);FFA(16:0),FFA(22:4);PE(18:0_22:5);PI(18:0_20:3),3,0.1
ZX52KVK:743->744,ZX52KVK,2,autoregressive_context_ridge,0.0,0.0,0.0,False,0.13026670287016645,FFA(16:0);FFA(17:0);FFA(18:0),FFA(22:4);PE(18:0_22:5);PI(18:0_20:3),3,0.1
ZX52KVK:744->747,ZX52KVK,2,change_prevalence,0.0,0.0,0.0,False,0.08895710674664851,SM(26:0);FFA(22:1);FFA(24:1),TAG50:5-FA18:3;TAG50:5-FA18:2;TAG50:5-FA14:0,3,0.1
ZX52KVK:744->747,ZX52KVK,2,autoregressive_ridge,0.0,0.0,0.0,False,0.3803588879142219,FFA(18:1);LPC(15:0);FFA(22:4),TAG50:5-FA18:3;TAG50:5-FA18:2;TAG50:5-FA14:0,3,0.1
ZX52KVK:744->747,ZX52KVK,2,autoregressive_context_ridge,0.0,0.0,0.0,False,0.32303725769880204,FFA(22:4);FFA(18:1);LPC(16:1),TAG50:5-FA18:3;TAG50:5-FA18:2;TAG50:5-FA14:0,3,0.1
ZX52KVK:747->748,ZX52KVK,2,change_prevalence,0.3333333333333333,0.019230769230769232,0.0,True,0.5011546568770926,SM(26:0);FFA(22:1);FFA(24:1),PI(18:0_20:4);TAG46:1-FA12:0;TAG46:1-FA16:0,3,0.1
ZX52KVK:747->748,ZX52KVK,2,autoregressive_ridge,0.0,0.0,0.0,False,0.36638947728279536,SM(26:0);FFA(18:1);CE(22:4),PI(18:0_20:4);TAG46:1-FA12:0;TAG46:1-FA16:0,3,0.1
ZX52KVK:747->748,ZX52KVK,2,autoregressive_context_ridge,0.0,0.0,0.0,False,0.4714578567796609,SM(26:0);PC(16:0_14:0);TAG52:5-FA20:5,PI(18:0_20:4);TAG46:1-FA12:0;TAG46:1-FA16:0,3,0.1
ZX52KVK:748->749,ZX52KVK,2,change_prevalence,0.3333333333333333,0.019230769230769232,0.0,True,0.14708357974671915,SM(26:0);FFA(22:1);FFA(24:1),FFA(20:0);SM(20:0);PI(18:0_20:4),3,0.1
ZX52KVK:748->749,ZX52KVK,2,autoregressive_ridge,0.6666666666666666,0.038461538461538464,0.3333333333333333,True,0.6994158329621111,SM(20:0);SM(22:0);TAG55:2-FA18:2,FFA(20:0);SM(20:0);PI(18:0_20:4),3,0.1
ZX52KVK:748->749,ZX52KVK,2,autoregressive_context_ridge,1.0,0.057692307692307696,0.0,True,0.37066040574149517,FFA(22:4);LPC(16:1);FFA(18:1),FFA(20:0);SM(20:0);PI(18:0_20:4),3,0.1
ZX52KVK:749->750,ZX52KVK,2,change_prevalence,0.3333333333333333,0.019230769230769232,0.3333333333333333,True,0.4571758054278729,SM(26:0);FFA(22:1);FFA(24:1),FFA(20:0);SM(20:0);FFA(24:1),3,0.1
ZX52KVK:749->750,ZX52KVK,2,autoregressive_ridge,1.0,0.057692307692307696,0.6666666666666666,True,0.8844271135365175,FFA(24:1);FFA(22:4);FFA(20:0),FFA(20:0);SM(20:0);FFA(24:1),3,0.1
ZX52KVK:749->750,ZX52KVK,2,autoregressive_context_ridge,0.3333333333333333,0.019230769230769232,0.3333333333333333,True,0.4439732391213155,FFA(24:1);CER(24:1);PI(18:0_20:4),FFA(20:0);SM(20:0);FFA(24:1),3,0.1
ZX52KVK:750->751,ZX52KVK,2,change_prevalence,0.6666666666666666,0.038461538461538464,0.3333333333333333,True,0.8052067475283439,SM(26:0);FFA(22:1);FFA(24:1),SM(26:0);SM(20:0);TAG58:10-FA18:2,3,0.1
ZX52KVK:750->751,ZX52KVK,2,autoregressive_ridge,0.6666666666666666,0.038461538461538464,0.6666666666666666,True,0.8077833153717361,SM(26:0);SM(20:0);FFA(18:1),SM(26:0);SM(20:0);TAG58:10-FA18:2,3,0.1
ZX52KVK:750->751,ZX52KVK,2,autoregressive_context_ridge,0.3333333333333333,0.019230769230769232,0.0,True,0.2865791598720459,FFA(20:0);PI(18:0_20:4);CER(24:1),SM(26:0);SM(20:0);TAG58:10-FA18:2,3,0.1
ZX52KVK:751->758,ZX52KVK,2,change_prevalence,1.0,0.057692307692307696,0.0,True,0.8116848475386678,SM(26:0);FFA(22:1);FFA(24:1),FFA(12:0);DAG(18:1_18:1);CE(22:4),3,0.1
ZX52KVK:751->758,ZX52KVK,2,autoregressive_ridge,0.6666666666666666,0.038461538461538464,0.3333333333333333,True,0.7113088942776413,CE(22:4);FFA(18:0);CE(22:5),FFA(12:0);DAG(18:1_18:1);CE(22:4),3,0.1
ZX52KVK:751->758,ZX52KVK,2,autoregressive_context_ridge,0.6666666666666666,0.038461538461538464,0.6666666666666666,True,0.6788359230450833,PI(18:1_18:1);FFA(12:0);CE(22:4),FFA(12:0);DAG(18:1_18:1);CE(22:4),3,0.1
ZX52KVK:758->765,ZX52KVK,2,change_prevalence,0.6666666666666666,0.038461538461538464,0.0,True,0.5675770855442439,SM(26:0);FFA(22:1);FFA(24:1),PC(18:1_16:1);FFA(20:0);PC(16:0_18:0),3,0.1
ZX52KVK:758->765,ZX52KVK,2,autoregressive_ridge,0.3333333333333333,0.019230769230769232,0.3333333333333333,True,0.6310528208742532,PC(18:1_16:1);FFA(18:0);FFA(14:0),PC(18:1_16:1);FFA(20:0);PC(16:0_18:0),3,0.1
ZX52KVK:758->765,ZX52KVK,2,autoregressive_context_ridge,0.6666666666666666,0.038461538461538464,0.3333333333333333,True,0.5674498515936853,FFA(18:0);PC(18:1_16:1);PE(16:0_20:4),PC(18:1_16:1);FFA(20:0);PC(16:0_18:0),3,0.1
ZXKBAO5:620->629,ZXKBAO5,2,change_prevalence,0.6666666666666666,0.038461538461538464,0.3333333333333333,True,0.36944130860021324,SM(26:0);FFA(22:1);FFA(24:1),FFA(22:5);FFA(22:2);FFA(22:1),3,0.1
ZXKBAO5:620->629,ZXKBAO5,2,autoregressive_ridge,1.0,0.057692307692307696,0.6666666666666666,True,0.9113075061017473,FFA(22:5);FFA(22:2);FFA(14:1),FFA(22:5);FFA(22:2);FFA(22:1),3,0.1
ZXKBAO5:620->629,ZXKBAO5,2,autoregressive_context_ridge,1.0,0.057692307692307696,0.6666666666666666,True,0.9113075061017473,FFA(22:5);FFA(22:2);FFA(14:1),FFA(22:5);FFA(22:2);FFA(22:1),3,0.1
ZXKBAO5:629->632,ZXKBAO5,2,change_prevalence,0.0,0.0,0.0,False,0.430177253744022,SM(26:0);FFA(22:1);FFA(24:1),FFA(18:1);FFA(18:0);FFA(20:1),3,0.1
ZXKBAO5:629->632,ZXKBAO5,2,autoregressive_ridge,0.0,0.0,0.0,False,0.31827671396707774,FFA(22:2);PE(18:1_20:4);PI(18:1_18:1),FFA(18:1);FFA(18:0);FFA(20:1),3,0.1
ZXKBAO5:629->632,ZXKBAO5,2,autoregressive_context_ridge,0.0,0.0,0.0,False,0.27730877117410824,PE(18:1_20:4);PE(18:1_18:2);FFA(22:2),FFA(18:1);FFA(18:0);FFA(20:1),3,0.1
ZY9XQJP:745->757,ZY9XQJP,2,change_prevalence,0.6666666666666666,0.038461538461538464,0.0,True,0.4785866389310356,SM(26:0);FFA(22:1);FFA(24:1),PC(16:0_16:0);SM(24:1);PC(18:0_18:0),3,0.1
ZY9XQJP:745->757,ZY9XQJP,2,autoregressive_ridge,0.6666666666666666,0.038461538461538464,0.0,True,0.6616124001652609,PE(P-18:0_18:2);FFA(15:0);PE(P-16:0_22:5),PC(16:0_16:0);SM(24:1);PC(18:0_18:0),3,0.1
ZY9XQJP:745->757,ZY9XQJP,2,autoregressive_context_ridge,0.6666666666666666,0.038461538461538464,0.0,True,0.6616124001652609,PE(P-18:0_18:2);FFA(15:0);PE(P-16:0_22:5),PC(16:0_16:0);SM(24:1);PC(18:0_18:0),3,0.1
ZY9XQJP:757->761,ZY9XQJP,2,change_prevalence,0.6666666666666666,0.038461538461538464,0.0,True,0.5448489965409996,SM(26:0);FFA(22:1);FFA(24:1),FFA(18:0);FFA(18:4);FFA(12:0),3,0.1
ZY9XQJP:757->761,ZY9XQJP,2,autoregressive_ridge,1.0,0.057692307692307696,0.0,True,0.8269428061843379,PC(18:0_18:0);PC(16:0_16:0);FFA(22:2),FFA(18:0);FFA(18:4);FFA(12:0),3,0.1
ZY9XQJP:757->761,ZY9XQJP,2,autoregressive_context_ridge,1.0,0.057692307692307696,0.0,True,0.8269428061843379,PC(18:0_18:0);PC(16:0_16:0);FFA(22:2),FFA(18:0);FFA(18:4);FFA(12:0),3,0.1
ZY9XQJP:761->763,ZY9XQJP,2,change_prevalence,0.0,0.0,0.0,False,0.0653293505330261,SM(26:0);FFA(22:1);FFA(24:1),FFA(18:0);FFA(20:0);FFA(17:0),3,0.1
ZY9XQJP:761->763,ZY9XQJP,2,autoregressive_ridge,1.0,0.057692307692307696,0.6666666666666666,True,0.9030322395970881,FFA(18:0);FFA(17:0);FFA(16:0),FFA(18:0);FFA(20:0);FFA(17:0),3,0.1
ZY9XQJP:761->763,ZY9XQJP,2,autoregressive_context_ridge,0.6666666666666666,0.038461538461538464,0.6666666666666666,True,0.7856965948748873,FFA(18:0);TAG50:5-FA18:2;FFA(17:0),FFA(18:0);FFA(20:0);FFA(17:0),3,0.1
ZY9XQJP:763->767,ZY9XQJP,2,change_prevalence,0.6666666666666666,0.038461538461538464,0.6666666666666666,True,0.5567183015129652,SM(26:0);FFA(22:1);FFA(24:1),FFA(22:2);FFA(22:1);FFA(24:1),3,0.1
ZY9XQJP:763->767,ZY9XQJP,2,autoregressive_ridge,0.3333333333333333,0.019230769230769232,0.0,True,0.3737699387416917,TAG55:5-FA18:2;TAG54:4-FA22:1;TAG56:3-FA20:0,FFA(22:2);FFA(22:1);FFA(24:1),3,0.1
ZY9XQJP:763->767,ZY9XQJP,2,autoregressive_context_ridge,0.3333333333333333,0.019230769230769232,0.0,True,0.3737699387416917,TAG55:5-FA18:2;TAG54:4-FA22:1;TAG56:3-FA20:0,FFA(22:2);FFA(22:1);FFA(24:1),3,0.1
ZY9XQJP:767->771,ZY9XQJP,2,change_prevalence,0.0,0.0,0.0,False,0.1779677477870623,SM(26:0);FFA(22:1);FFA(24:1),PE(18:0_18:1);LPC(18:0);PI(16:0_18:2),3,0.1
ZY9XQJP:767->771,ZY9XQJP,2,autoregressive_ridge,0.6666666666666666,0.038461538461538464,0.3333333333333333,True,0.8142410773731633,PE(18:0_18:1);PE(18:0_18:2);FFA(22:1),PE(18:0_18:1);LPC(18:0);PI(16:0_18:2),3,0.1
ZY9XQJP:767->771,ZY9XQJP,2,autoregressive_context_ridge,0.6666666666666666,0.038461538461538464,0.3333333333333333,True,0.8142410773731633,PE(18:0_18:1);PE(18:0_18:2);FFA(22:1),PE(18:0_18:1);LPC(18:0);PI(16:0_18:2),3,0.1
ZY9XQJP:771->776,ZY9XQJP,2,change_prevalence,0.0,0.0,0.0,False,0.22068403250256774,SM(26:0);FFA(22:1);FFA(24:1),FFA(17:0);FFA(18:4);FFA(18:0),3,0.1
ZY9XQJP:771->776,ZY9XQJP,2,autoregressive_ridge,1.0,0.057692307692307696,0.3333333333333333,True,0.8806674317241848,FFA(18:4);FFA(20:0);FFA(22:0),FFA(17:0);FFA(18:4);FFA(18:0),3,0.1
ZY9XQJP:771->776,ZY9XQJP,2,autoregressive_context_ridge,1.0,0.057692307692307696,0.3333333333333333,True,0.8806674317241848,FFA(18:4);FFA(20:0);FFA(22:0),FFA(17:0);FFA(18:4);FFA(18:0),3,0.1
ZY9XQJP:776->779,ZY9XQJP,2,change_prevalence,0.6666666666666666,0.038461538461538464,0.6666666666666666,True,0.5736560592767577,SM(26:0);FFA(22:1);FFA(24:1),FFA(22:1);FFA(24:1);FFA(24:0),3,0.1
ZY9XQJP:776->779,ZY9XQJP,2,autoregressive_ridge,0.6666666666666666,0.038461538461538464,0.6666666666666666,True,0.5709192996046024,LPC(16:1);FFA(22:1);FFA(24:1),FFA(22:1);FFA(24:1);FFA(24:0),3,0.1
ZY9XQJP:776->779,ZY9XQJP,2,autoregressive_context_ridge,0.6666666666666666,0.038461538461538464,0.6666666666666666,True,0.7380628001133006,FFA(22:1);LPC(16:1);FFA(24:1),FFA(22:1);FFA(24:1);FFA(24:0),3,0.1
ZY9XQJP:779->780,ZY9XQJP,2,change_prevalence,0.6666666666666666,0.038461538461538464,0.0,True,0.32225172471734637,SM(26:0);FFA(22:1);FFA(24:1),PI(18:0_20:4);PI(18:0_20:3);PI(16:0_18:2),3,0.1
ZY9XQJP:779->780,ZY9XQJP,2,autoregressive_ridge,0.6666666666666666,0.038461538461538464,0.0,True,0.37048222638470113,PE(18:0_22:5);FFA(22:2);FFA(24:0),PI(18:0_20:4);PI(18:0_20:3);PI(16:0_18:2),3,0.1
ZY9XQJP:779->780,ZY9XQJP,2,autoregressive_context_ridge,0.0,0.0,0.0,False,0.1840470526923425,PE(18:0_22:5);SM(20:1);PC(16:0_18:3),PI(18:0_20:4);PI(18:0_20:3);PI(16:0_18:2),3,0.1
ZY9XQJP:780->784,ZY9XQJP,2,change_prevalence,0.0,0.0,0.0,False,0.23128064687563823,SM(26:0);FFA(22:1);FFA(24:1),SM(22:0);TAG56:8-FA20:4;PE(18:0_18:1),3,0.1
ZY9XQJP:780->784,ZY9XQJP,2,autoregressive_ridge,0.3333333333333333,0.019230769230769232,0.0,True,0.43482833481897637,CE(22:5);SM(18:1);FFA(17:0),SM(22:0);TAG56:8-FA20:4;PE(18:0_18:1),3,0.1
ZY9XQJP:780->784,ZY9XQJP,2,autoregressive_context_ridge,0.0,0.0,0.0,False,0.2878358734868613,CE(22:5);FFA(17:0);TAG58:8-FA22:5,SM(22:0);TAG56:8-FA20:4;PE(18:0_18:1),3,0.1
ZY9XQJP:784->799,ZY9XQJP,2,change_prevalence,1.0,0.057692307692307696,0.0,True,0.675196884141132,SM(26:0);FFA(22:1);FFA(24:1),PC(18:0_18:0);PC(16:0_16:0);PC(16:0_18:0),3,0.1
ZY9XQJP:784->799,ZY9XQJP,2,autoregressive_ridge,0.0,0.0,0.0,False,0.21044174700657273,TAG54:5-FA22:1;TAG54:8-FA18:2;TAG54:7-FA18:2,PC(18:0_18:0);PC(16:0_16:0);PC(16:0_18:0),3,0.1
ZY9XQJP:784->799,ZY9XQJP,2,autoregressive_context_ridge,0.0,0.0,0.0,False,0.22042112895738988,TAG54:5-FA22:1;TAG58:8-FA22:5;TAG54:8-FA18:2,PC(18:0_18:0);PC(16:0_16:0);PC(16:0_18:0),3,0.1
ZYU65L0:393->402,ZYU65L0,2,change_prevalence,0.3333333333333333,0.019230769230769232,0.0,True,0.550937479447217,SM(26:0);FFA(22:1);FFA(24:1),FFA(22:0);FFA(20:1);SM(20:0),3,0.1
ZYU65L0:393->402,ZYU65L0,2,autoregressive_ridge,0.6666666666666666,0.038461538461538464,0.3333333333333333,True,0.5014446732922758,FFA(18:0);FFA(17:0);SM(20:0),FFA(22:0);FFA(20:1);SM(20:0),3,0.1
ZYU65L0:393->402,ZYU65L0,2,autoregressive_context_ridge,0.3333333333333333,0.019230769230769232,0.0,True,0.3005875160451654,FFA(18:0);FFA(17:0);PI(18:0_20:4),FFA(22:0);FFA(20:1);SM(20:0),3,0.1
ZJOSZHK:494->498,ZJOSZHK,3,change_prevalence,0.0,0.0,0.0,False,0.14259461008215024,SM(26:0);FFA(22:1);FFA(24:1),TAG48:3-FA12:0;TAG48:4-FA12:0;FFA(16:0),3,0.1
ZJOSZHK:494->498,ZJOSZHK,3,autoregressive_ridge,1.0,0.057692307692307696,0.3333333333333333,True,0.7527768150704828,FFA(20:1);FFA(20:5);FFA(16:0),TAG48:3-FA12:0;TAG48:4-FA12:0;FFA(16:0),3,0.1
ZJOSZHK:494->498,ZJOSZHK,3,autoregressive_context_ridge,0.6666666666666666,0.038461538461538464,0.0,True,0.6546669065566495,FFA(20:1);FFA(20:5);LPC(18:0),TAG48:3-FA12:0;TAG48:4-FA12:0;FFA(16:0),3,0.1
ZJOSZHK:498->503,ZJOSZHK,3,change_prevalence,0.6666666666666666,0.038461538461538464,0.0,True,0.42474547351669584,SM(26:0);FFA(22:1);FFA(24:1),TAG58:6-FA20:4;FFA(18:4);TAG58:6-FA22:4,3,0.1
ZJOSZHK:498->503,ZJOSZHK,3,autoregressive_ridge,0.3333333333333333,0.019230769230769232,0.0,True,0.49094721143832487,FFA(22:5);PC(18:0_18:2);PC(18:2_16:1),TAG58:6-FA20:4;FFA(18:4);TAG58:6-FA22:4,3,0.1
ZJOSZHK:498->503,ZJOSZHK,3,autoregressive_context_ridge,0.3333333333333333,0.019230769230769232,0.0,True,0.49094721143832487,FFA(22:5);PC(18:0_18:2);PC(18:2_16:1),TAG58:6-FA20:4;FFA(18:4);TAG58:6-FA22:4,3,0.1
ZJOSZHK:503->506,ZJOSZHK,3,change_prevalence,0.6666666666666666,0.038461538461538464,0.0,True,0.5709854047312233,SM(26:0);FFA(22:1);FFA(24:1),PC(18:0_22:5);FFA(22:2);FFA(20:1),3,0.1
ZJOSZHK:503->506,ZJOSZHK,3,autoregressive_ridge,0.6666666666666666,0.038461538461538464,0.0,True,0.4437572991404924,PC(18:0_18:2);SM(22:0);SM(22:1),PC(18:0_22:5);FFA(22:2);FFA(20:1),3,0.1
ZJOSZHK:503->506,ZJOSZHK,3,autoregressive_context_ridge,0.3333333333333333,0.019230769230769232,0.0,True,0.3434858750360018,PC(18:0_18:2);SM(22:0);TAG56:5-FA20:3,PC(18:0_22:5);FFA(22:2);FFA(20:1),3,0.1
ZJOSZHK:506->513,ZJOSZHK,3,change_prevalence,0.6666666666666666,0.038461538461538464,0.0,True,0.5204547066618327,SM(26:0);FFA(22:1);FFA(24:1),PC(17:0_18:1);TAG55:5-FA18:1;TAG55:3-FA18:1,3,0.1
ZJOSZHK:506->513,ZJOSZHK,3,autoregressive_ridge,0.3333333333333333,0.019230769230769232,0.0,True,0.4925115023957022,PC(18:0_18:2);FFA(22:2);LPE(18:2),PC(17:0_18:1);TAG55:5-FA18:1;TAG55:3-FA18:1,3,0.1
ZJOSZHK:506->513,ZJOSZHK,3,autoregressive_context_ridge,0.3333333333333333,0.019230769230769232,0.0,True,0.47979251592939365,LPE(18:2);PC(18:0_18:2);FFA(22:2),PC(17:0_18:1);TAG55:5-FA18:1;TAG55:3-FA18:1,3,0.1
ZJOSZHK:513->524,ZJOSZHK,3,change_prevalence,0.0,0.0,0.0,False,0.03711472176571113,SM(26:0);FFA(22:1);FFA(24:1),PC(17:0_18:1);PC(16:0_18:1);TAG55:5-FA18:1,3,0.1
ZJOSZHK:513->524,ZJOSZHK,3,autoregressive_ridge,0.6666666666666666,0.038461538461538464,0.6666666666666666,True,0.8503664988699666,PC(17:0_18:1);PC(18:0_18:2);TAG55:5-FA18:1,PC(17:0_18:1);PC(16:0_18:1);TAG55:5-FA18:1,3,0.1
ZJOSZHK:513->524,ZJOSZHK,3,autoregressive_context_ridge,0.6666666666666666,0.038461538461538464,0.6666666666666666,True,0.8503664988699666,PC(17:0_18:1);PC(18:0_18:2);TAG55:5-FA18:1,PC(17:0_18:1);PC(16:0_18:1);TAG55:5-FA18:1,3,0.1
ZJTKAE3:689->692,ZJTKAE3,3,change_prevalence,0.3333333333333333,0.019230769230769232,0.0,True,0.6058558210995579,SM(26:0);FFA(22:1);FFA(24:1),TAG52:4-FA16:1;TAG52:3-FA16:1;TAG54:4-FA18:1,3,0.1
ZJTKAE3:689->692,ZJTKAE3,3,autoregressive_ridge,0.0,0.0,0.0,False,0.4061957376618475,FFA(24:0);FFA(24:1);FFA(22:1),TAG52:4-FA16:1;TAG52:3-FA16:1;TAG54:4-FA18:1,3,0.1
ZJTKAE3:689->692,ZJTKAE3,3,autoregressive_context_ridge,0.0,0.0,0.0,False,0.463272450585768,FFA(24:0);FFA(24:1);PE(P-16:0_22:5),TAG52:4-FA16:1;TAG52:3-FA16:1;TAG54:4-FA18:1,3,0.1
ZJTKAE3:692->695,ZJTKAE3,3,change_prevalence,0.6666666666666666,0.038461538461538464,0.6666666666666666,True,0.579072864351387,SM(26:0);FFA(22:1);FFA(24:1),FFA(22:1);FFA(24:1);PC(16:0_18:0),3,0.1
ZJTKAE3:692->695,ZJTKAE3,3,autoregressive_ridge,1.0,0.057692307692307696,0.6666666666666666,True,0.961687901509353,FFA(24:0);FFA(22:1);FFA(24:1),FFA(22:1);FFA(24:1);PC(16:0_18:0),3,0.1
ZJTKAE3:692->695,ZJTKAE3,3,autoregressive_context_ridge,0.3333333333333333,0.019230769230769232,0.3333333333333333,True,0.35858974699026114,PI(18:0_18:2);PI(16:0_18:2);FFA(22:1),FFA(22:1);FFA(24:1);PC(16:0_18:0),3,0.1
ZJTKAE3:695->698,ZJTKAE3,3,change_prevalence,0.6666666666666666,0.038461538461538464,0.6666666666666666,True,0.6398886049907492,SM(26:0);FFA(22:1);FFA(24:1),FFA(22:1);FFA(24:1);FFA(22:0),3,0.1
ZJTKAE3:695->698,ZJTKAE3,3,autoregressive_ridge,1.0,0.057692307692307696,0.6666666666666666,True,0.9927311765915725,FFA(22:1);FFA(20:3);FFA(24:1),FFA(22:1);FFA(24:1);FFA(22:0),3,0.1
ZJTKAE3:695->698,ZJTKAE3,3,autoregressive_context_ridge,0.6666666666666666,0.038461538461538464,0.3333333333333333,True,0.7490620170176124,FFA(20:3);FFA(22:1);PI(18:0_18:2),FFA(22:1);FFA(24:1);FFA(22:0),3,0.1
ZJTKAE3:698->702,ZJTKAE3,3,change_prevalence,1.0,0.057692307692307696,0.6666666666666666,True,0.823668456649413,SM(26:0);FFA(22:1);FFA(24:1),FFA(22:1);FFA(22:2);FFA(24:1),3,0.1
ZJTKAE3:698->702,ZJTKAE3,3,autoregressive_ridge,1.0,0.057692307692307696,0.6666666666666666,True,0.9752711568072968,FFA(22:1);FFA(22:2);FFA(24:0),FFA(22:1);FFA(22:2);FFA(24:1),3,0.1
ZJTKAE3:698->702,ZJTKAE3,3,autoregressive_context_ridge,1.0,0.057692307692307696,0.6666666666666666,True,0.9656136970058816,FFA(22:1);FFA(24:0);FFA(22:2),FFA(22:1);FFA(22:2);FFA(24:1),3,0.1
ZJTKAE3:702->704,ZJTKAE3,3,change_prevalence,0.0,0.0,0.0,False,0.11541391606858628,SM(26:0);FFA(22:1);FFA(24:1),FFA(18:4);FFA(22:4);LPC(20:3),3,0.1
ZJTKAE3:702->704,ZJTKAE3,3,autoregressive_ridge,0.6666666666666666,0.038461538461538464,0.6666666666666666,True,0.9290658078220229,FFA(18:4);FFA(22:4);PE(18:0_18:1),FFA(18:4);FFA(22:4);LPC(20:3),3,0.1
ZJTKAE3:702->704,ZJTKAE3,3,autoregressive_context_ridge,0.6666666666666666,0.038461538461538464,0.6666666666666666,True,0.9098449146619793,FFA(18:4);PE(18:0_18:1);FFA(22:4),FFA(18:4);FFA(22:4);LPC(20:3),3,0.1
ZJTKAE3:704->706,ZJTKAE3,3,change_prevalence,1.0,0.057692307692307696,0.0,True,0.7525142306532306,SM(26:0);FFA(22:1);FFA(24:1),PC(16:0_18:0);PI(18:1_18:1);PC(16:0_16:0),3,0.1
ZJTKAE3:704->706,ZJTKAE3,3,autoregressive_ridge,0.6666666666666666,0.038461538461538464,0.0,True,0.5230245710607704,SM(26:0);FFA(20:0);PI(16:0_18:1),PC(16:0_18:0);PI(18:1_18:1);PC(16:0_16:0),3,0.1
ZJTKAE3:704->706,ZJTKAE3,3,autoregressive_context_ridge,0.3333333333333333,0.019230769230769232,0.0,True,0.33337592543239614,SM(26:0);FFA(20:0);SM(24:1),PC(16:0_18:0);PI(18:1_18:1);PC(16:0_16:0),3,0.1
ZJTKAE3:706->710,ZJTKAE3,3,change_prevalence,0.0,0.0,0.0,False,0.31983123436223965,SM(26:0);FFA(22:1);FFA(24:1),FFA(20:0);FFA(22:0);FFA(20:4),3,0.1
ZJTKAE3:706->710,ZJTKAE3,3,autoregressive_ridge,0.6666666666666666,0.038461538461538464,0.0,True,0.43740073570681987,PC(16:0_18:0);PC(16:0_16:0);FFA(22:2),FFA(20:0);FFA(22:0);FFA(20:4),3,0.1
ZJTKAE3:706->710,ZJTKAE3,3,autoregressive_context_ridge,0.3333333333333333,0.019230769230769232,0.0,True,0.43440623011299817,PC(16:0_18:0);PC(16:0_16:0);FFA(24:0),FFA(20:0);FFA(22:0);FFA(20:4),3,0.1
ZJTKAE3:710->719,ZJTKAE3,3,change_prevalence,1.0,0.057692307692307696,0.3333333333333333,True,0.6919829122782848,SM(26:0);FFA(22:1);FFA(24:1),FFA(22:0);FFA(24:0);FFA(24:1),3,0.1
ZJTKAE3:710->719,ZJTKAE3,3,autoregressive_ridge,1.0,0.057692307692307696,0.6666666666666666,True,0.9649804037801741,FFA(22:0);PC(16:0_18:0);FFA(24:0),FFA(22:0);FFA(24:0);FFA(24:1),3,0.1
ZJTKAE3:710->719,ZJTKAE3,3,autoregressive_context_ridge,1.0,0.057692307692307696,0.6666666666666666,True,0.9649804037801741,FFA(22:0);PC(16:0_18:0);FFA(24:0),FFA(22:0);FFA(24:0);FFA(24:1),3,0.1
ZJTKAE3:719->736,ZJTKAE3,3,change_prevalence,0.6666666666666666,0.038461538461538464,0.0,True,0.5347650373221423,SM(26:0);FFA(22:1);FFA(24:1),FFA(14:0);FFA(16:0);FFA(17:0),3,0.1
ZJTKAE3:719->736,ZJTKAE3,3,autoregressive_ridge,0.6666666666666666,0.038461538461538464,0.0,True,0.473010069031419,SM(20:0);FFA(18:0);FFA(20:0),FFA(14:0);FFA(16:0);FFA(17:0),3,0.1
ZJTKAE3:719->736,ZJTKAE3,3,autoregressive_context_ridge,0.6666666666666666,0.038461538461538464,0.0,True,0.5198861966958441,FFA(18:0);FFA(20:0);SM(20:0),FFA(14:0);FFA(16:0);FFA(17:0),3,0.1
ZKVR426:722->724,ZKVR426,3,change_prevalence,0.0,0.0,0.0,False,0.08091619335628121,SM(26:0);FFA(22:1);FFA(24:1),CER(22:0);CER(24:0);PE(P-16:0_22:5),3,0.1
ZKVR426:722->724,ZKVR426,3,autoregressive_ridge,1.0,0.057692307692307696,0.0,True,0.8148541818275602,FFA(22:5);PC(14:0_18:1);TAG52:5-FA22:5,CER(22:0);CER(24:0);PE(P-16:0_22:5),3,0.1
ZKVR426:722->724,ZKVR426,3,autoregressive_context_ridge,0.6666666666666666,0.038461538461538464,0.0,True,0.7774421743841318,FFA(22:5);PC(14:0_18:1);FFA(15:0),CER(22:0);CER(24:0);PE(P-16:0_22:5),3,0.1
ZKVR426:724->727,ZKVR426,3,change_prevalence,0.0,0.0,0.0,False,0.19581997451821878,SM(26:0);FFA(22:1);FFA(24:1),FFA(18:0);FFA(16:0);FFA(18:1),3,0.1
ZKVR426:724->727,ZKVR426,3,autoregressive_ridge,0.6666666666666666,0.038461538461538464,0.3333333333333333,True,0.7734241454792461,FFA(17:0);PE(P-18:0_18:2);FFA(16:0),FFA(18:0);FFA(16:0);FFA(18:1),3,0.1
ZKVR426:724->727,ZKVR426,3,autoregressive_context_ridge,0.6666666666666666,0.038461538461538464,0.3333333333333333,True,0.7326045312365981,PE(P-18:0_18:2);FFA(17:0);FFA(16:0),FFA(18:0);FFA(16:0);FFA(18:1),3,0.1
ZKVR426:727->729,ZKVR426,3,change_prevalence,1.0,0.057692307692307696,0.0,True,0.703822832491398,SM(26:0);FFA(22:1);FFA(24:1),PC(18:0_22:6);PC(18:0_18:0);PI(16:0_20:4),3,0.1
ZKVR426:727->729,ZKVR426,3,autoregressive_ridge,1.0,0.057692307692307696,0.3333333333333333,True,0.676969014742635,PI(16:0_20:4);FFA(18:0);PC(16:0_18:0),PC(18:0_22:6);PC(18:0_18:0);PI(16:0_20:4),3,0.1
ZKVR426:727->729,ZKVR426,3,autoregressive_context_ridge,1.0,0.057692307692307696,0.3333333333333333,True,0.6937530796531671,PI(16:0_20:4);PC(16:0_18:0);FFA(18:0),PC(18:0_22:6);PC(18:0_18:0);PI(16:0_20:4),3,0.1
ZKVR426:729->730,ZKVR426,3,change_prevalence,1.0,0.057692307692307696,0.3333333333333333,True,0.8215932125263465,SM(26:0);FFA(22:1);FFA(24:1),PE(P-18:1_18:2);FFA(24:0);FFA(22:1),3,0.1
ZKVR426:729->730,ZKVR426,3,autoregressive_ridge,0.3333333333333333,0.019230769230769232,0.0,True,0.5457694454519731,SM(26:0);SM(20:0);SM(26:1),PE(P-18:1_18:2);FFA(24:0);FFA(22:1),3,0.1
ZKVR426:729->730,ZKVR426,3,autoregressive_context_ridge,0.3333333333333333,0.019230769230769232,0.0,True,0.46869464187026477,SM(26:0);SM(20:0);SM(22:0),PE(P-18:1_18:2);FFA(24:0);FFA(22:1),3,0.1
ZKVR426:730->731,ZKVR426,3,change_prevalence,0.6666666666666666,0.038461538461538464,0.3333333333333333,True,0.4689367812819795,SM(26:0);FFA(22:1);FFA(24:1),FFA(20:3);FFA(22:4);FFA(22:1),3,0.1
ZKVR426:730->731,ZKVR426,3,autoregressive_ridge,0.6666666666666666,0.038461538461538464,0.0,True,0.5504337421436919,PI(18:1_18:1);PE(P-16:0_18:2);FFA(24:1),FFA(20:3);FFA(22:4);FFA(22:1),3,0.1
ZKVR426:730->731,ZKVR426,3,autoregressive_context_ridge,0.3333333333333333,0.019230769230769232,0.0,True,0.37304673315394205,PC(18:2_18:2);PE(P-18:0_18:2);PI(18:1_18:1),FFA(20:3);FFA(22:4);FFA(22:1),3,0.1
ZKVR426:731->734,ZKVR426,3,change_prevalence,0.0,0.0,0.0,False,0.1964019785809175,SM(26:0);FFA(22:1);FFA(24:1),FFA(22:4);FFA(18:1);FFA(18:2),3,0.1
ZKVR426:731->734,ZKVR426,3,autoregressive_ridge,1.0,0.057692307692307696,0.0,True,0.7024421398556252,FFA(18:4);FFA(20:3);FFA(20:1),FFA(22:4);FFA(18:1);FFA(18:2),3,0.1
ZKVR426:731->734,ZKVR426,3,autoregressive_context_ridge,1.0,0.057692307692307696,0.3333333333333333,True,0.8050022491480656,FFA(18:4);FFA(20:3);FFA(18:1),FFA(22:4);FFA(18:1);FFA(18:2),3,0.1
ZKVR426:734->737,ZKVR426,3,change_prevalence,0.6666666666666666,0.038461538461538464,0.3333333333333333,True,0.43251885147199126,SM(26:0);FFA(22:1);FFA(24:1),PC(18:1_18:1);PC(18:0_18:0);FFA(24:1),3,0.1
ZKVR426:734->737,ZKVR426,3,autoregressive_ridge,0.0,0.0,0.0,False,0.3019379628042078,PI(18:0_20:4);FFA(20:5);PI(18:0_20:3),PC(18:1_18:1);PC(18:0_18:0);FFA(24:1),3,0.1
ZKVR426:734->737,ZKVR426,3,autoregressive_context_ridge,0.0,0.0,0.0,False,0.3019379628042078,PI(18:0_20:4);FFA(20:5);PI(18:0_20:3),PC(18:1_18:1);PC(18:0_18:0);FFA(24:1),3,0.1
ZKVR426:737->740,ZKVR426,3,change_prevalence,0.6666666666666666,0.038461538461538464,0.0,True,0.36242771697296566,SM(26:0);FFA(22:1);FFA(24:1),PC(18:1_18:1);PI(18:1_18:1);PE(18:0_18:1),3,0.1
ZKVR426:737->740,ZKVR426,3,autoregressive_ridge,1.0,0.057692307692307696,0.6666666666666666,True,0.8373986623687016,PC(18:1_18:1);FFA(18:0);PI(18:1_18:1),PC(18:1_18:1);PI(18:1_18:1);PE(18:0_18:1),3,0.1
ZKVR426:737->740,ZKVR426,3,autoregressive_context_ridge,1.0,0.057692307692307696,0.6666666666666666,True,0.8373986623687016,PC(18:1_18:1);FFA(18:0);PI(18:1_18:1),PC(18:1_18:1);PI(18:1_18:1);PE(18:0_18:1),3,0.1
ZKVR426:740->743,ZKVR426,3,change_prevalence,1.0,0.057692307692307696,0.0,True,0.7970361993380125,SM(26:0);FFA(22:1);FFA(24:1),PE(18:0_18:1);PC(16:0_16:0);FFA(22:0),3,0.1
ZKVR426:740->743,ZKVR426,3,autoregressive_ridge,1.0,0.057692307692307696,0.3333333333333333,True,0.9359343408320319,PE(18:0_18:1);PE(18:0_18:2);FFA(20:0),PE(18:0_18:1);PC(16:0_16:0);FFA(22:0),3,0.1
ZKVR426:740->743,ZKVR426,3,autoregressive_context_ridge,1.0,0.057692307692307696,0.3333333333333333,True,0.9359343408320319,PE(18:0_18:1);PE(18:0_18:2);FFA(20:0),PE(18:0_18:1);PC(16:0_16:0);FFA(22:0),3,0.1
ZKVR426:743->748,ZKVR426,3,change_prevalence,1.0,0.057692307692307696,0.3333333333333333,True,0.8741167507369535,SM(26:0);FFA(22:1);FFA(24:1),SM(26:0);FFA(22:2);LPC(17:0),3,0.1
ZKVR426:743->748,ZKVR426,3,autoregressive_ridge,1.0,0.057692307692307696,0.3333333333333333,True,0.8458665695276552,FFA(22:2);PC(16:0_16:0);PC(18:0_18:0),SM(26:0);FFA(22:2);LPC(17:0),3,0.1
ZKVR426:743->748,ZKVR426,3,autoregressive_context_ridge,0.6666666666666666,0.038461538461538464,0.0,True,0.6466265665461465,PC(16:0_16:0);PC(18:0_18:0);PI(18:0_20:4),SM(26:0);FFA(22:2);LPC(17:0),3,0.1
ZKVR426:748->752,ZKVR426,3,change_prevalence,1.0,0.057692307692307696,0.3333333333333333,True,0.7200781497141789,SM(26:0);FFA(22:1);FFA(24:1),FFA(18:4);SM(26:0);PE(18:0_18:1),3,0.1
ZKVR426:748->752,ZKVR426,3,autoregressive_ridge,0.6666666666666666,0.038461538461538464,0.6666666666666666,True,0.7351830736744278,PE(18:0_18:1);SM(26:0);PC(14:0_18:1),FFA(18:4);SM(26:0);PE(18:0_18:1),3,0.1
ZKVR426:748->752,ZKVR426,3,autoregressive_context_ridge,0.6666666666666666,0.038461538461538464,0.6666666666666666,True,0.6748456918403116,PE(18:0_18:1);PC(14:0_18:1);SM(26:0),FFA(18:4);SM(26:0);PE(18:0_18:1),3,0.1
ZKVR426:752->753,ZKVR426,3,change_prevalence,0.6666666666666666,0.038461538461538464,0.6666666666666666,True,0.708767365301447,SM(26:0);FFA(22:1);FFA(24:1),FFA(24:0);FFA(22:1);FFA(24:1),3,0.1
ZKVR426:752->753,ZKVR426,3,autoregressive_ridge,1.0,0.057692307692307696,0.3333333333333333,True,0.7380403771027342,FFA(22:2);FFA(22:1);PC(14:0_18:1),FFA(24:0);FFA(22:1);FFA(24:1),3,0.1
ZKVR426:752->753,ZKVR426,3,autoregressive_context_ridge,1.0,0.057692307692307696,0.3333333333333333,True,0.7081497856934597,FFA(22:2);PC(14:0_18:1);FFA(22:1),FFA(24:0);FFA(22:1);FFA(24:1),3,0.1
ZKVR426:753->760,ZKVR426,3,change_prevalence,0.3333333333333333,0.019230769230769232,0.0,True,0.4207139292892617,SM(26:0);FFA(22:1);FFA(24:1),FFA(18:3);FFA(18:2);FFA(18:1),3,0.1
ZKVR426:753->760,ZKVR426,3,autoregressive_ridge,0.6666666666666666,0.038461538461538464,0.0,True,0.5890760748040887,CE(22:5);CE(22:4);FFA(24:1),FFA(18:3);FFA(18:2);FFA(18:1),3,0.1
ZKVR426:753->760,ZKVR426,3,autoregressive_context_ridge,0.6666666666666666,0.038461538461538464,0.3333333333333333,True,0.6000347560104248,CE(22:5);FFA(24:1);FFA(18:3),FFA(18:3);FFA(18:2);FFA(18:1),3,0.1
ZKVR426:760->764,ZKVR426,3,change_prevalence,1.0,0.057692307692307696,0.3333333333333333,True,0.7730880926524676,SM(26:0);FFA(22:1);FFA(24:1),FFA(18:4);SM(26:0);SM(20:0),3,0.1
ZKVR426:760->764,ZKVR426,3,autoregressive_ridge,1.0,0.057692307692307696,0.6666666666666666,True,0.9403436896966634,SM(26:0);SM(26:1);FFA(18:4),FFA(18:4);SM(26:0);SM(20:0),3,0.1
ZKVR426:760->764,ZKVR426,3,autoregressive_context_ridge,1.0,0.057692307692307696,1.0,True,0.9810757169619237,SM(26:0);FFA(18:4);SM(20:0),FFA(18:4);SM(26:0);SM(20:0),3,0.1
ZKVR426:764->766,ZKVR426,3,change_prevalence,0.3333333333333333,0.019230769230769232,0.3333333333333333,True,0.6809790269988116,SM(26:0);FFA(22:1);FFA(24:1),SM(26:0);FFA(22:4);FFA(16:0),3,0.1
ZKVR426:764->766,ZKVR426,3,autoregressive_ridge,1.0,0.057692307692307696,0.0,True,0.46038369000833923,FFA(18:4);LPE(20:4);LPE(18:2),SM(26:0);FFA(22:4);FFA(16:0),3,0.1
ZKVR426:764->766,ZKVR426,3,autoregressive_context_ridge,1.0,0.057692307692307696,0.0,True,0.46038369000833923,FFA(18:4);LPE(20:4);LPE(18:2),SM(26:0);FFA(22:4);FFA(16:0),3,0.1
ZKVR426:766->767,ZKVR426,3,change_prevalence,1.0,0.057692307692307696,0.3333333333333333,True,0.79467044763998,SM(26:0);FFA(22:1);FFA(24:1),LPC(17:0);SM(26:0);FFA(24:0),3,0.1
ZKVR426:766->767,ZKVR426,3,autoregressive_ridge,1.0,0.057692307692307696,0.6666666666666666,True,0.9289653214074773,SM(26:0);LPC(15:0);LPC(17:0),LPC(17:0);SM(26:0);FFA(24:0),3,0.1
ZKVR426:766->767,ZKVR426,3,autoregressive_context_ridge,1.0,0.057692307692307696,0.6666666666666666,True,0.9029389464796992,LPC(15:0);SM(26:0);LPC(17:0),LPC(17:0);SM(26:0);FFA(24:0),3,0.1
ZKVR426:767->768,ZKVR426,3,change_prevalence,0.6666666666666666,0.038461538461538464,0.0,True,0.6050493067485712,SM(26:0);FFA(22:1);FFA(24:1),FFA(22:5);FFA(17:0);PE(P-16:0_18:1),3,0.1
ZKVR426:767->768,ZKVR426,3,autoregressive_ridge,0.3333333333333333,0.019230769230769232,0.3333333333333333,True,0.6312986587848686,PE(P-16:0_18:1);FFA(24:1);FFA(24:0),FFA(22:5);FFA(17:0);PE(P-16:0_18:1),3,0.1
ZKVR426:767->768,ZKVR426,3,autoregressive_context_ridge,0.6666666666666666,0.038461538461538464,0.3333333333333333,True,0.6578639957016543,PE(P-18:0_18:1);PE(P-16:0_18:1);FFA(18:1),FFA(22:5);FFA(17:0);PE(P-16:0_18:1),3,0.1
ZKVR426:768->769,ZKVR426,3,change_prevalence,0.3333333333333333,0.019230769230769232,0.0,True,0.45205291342026294,SM(26:0);FFA(22:1);FFA(24:1),FFA(16:0);FFA(14:0);FFA(17:0),3,0.1
ZKVR426:768->769,ZKVR426,3,autoregressive_ridge,1.0,0.057692307692307696,0.6666666666666666,True,0.903623457539005,FFA(18:4);FFA(16:0);FFA(17:0),FFA(16:0);FFA(14:0);FFA(17:0),3,0.1
ZKVR426:768->769,ZKVR426,3,autoregressive_context_ridge,1.0,0.057692307692307696,0.6666666666666666,True,0.9499770937103585,FFA(16:0);FFA(18:4);FFA(17:0),FFA(16:0);FFA(14:0);FFA(17:0),3,0.1
ZKVR426:769->772,ZKVR426,3,change_prevalence,0.3333333333333333,0.019230769230769232,0.3333333333333333,True,0.6114857805141877,SM(26:0);FFA(22:1);FFA(24:1),SM(26:0);SM(20:0);SM(26:1),3,0.1
ZKVR426:769->772,ZKVR426,3,autoregressive_ridge,0.3333333333333333,0.019230769230769232,0.0,True,0.37298254016309246,TAG56:3-FA20:0;TAG56:2-FA20:0;TAG56:10-FA18:2,SM(26:0);SM(20:0);SM(26:1),3,0.1
ZKVR426:769->772,ZKVR426,3,autoregressive_context_ridge,0.0,0.0,0.0,False,0.265822871354469,TAG56:3-FA20:0;FFA(18:4);LPE(16:0),SM(26:0);SM(20:0);SM(26:1),3,0.1
ZKVR426:772->773,ZKVR426,3,change_prevalence,0.0,0.0,0.0,False,0.12065801432213562,SM(26:0);FFA(22:1);FFA(24:1),LPE(18:0);LPC(18:0);LPC(17:0),3,0.1
ZKVR426:772->773,ZKVR426,3,autoregressive_ridge,0.6666666666666666,0.038461538461538464,0.0,True,0.3815331647159573,SM(26:0);PC(18:0_22:5);PC(16:0_14:0),LPE(18:0);LPC(18:0);LPC(17:0),3,0.1
ZKVR426:772->773,ZKVR426,3,autoregressive_context_ridge,0.6666666666666666,0.038461538461538464,0.0,True,0.3815331647159573,SM(26:0);PC(18:0_22:5);PC(16:0_14:0),LPE(18:0);LPC(18:0);LPC(17:0),3,0.1
ZKVR426:773->781,ZKVR426,3,change_prevalence,1.0,0.057692307692307696,0.6666666666666666,True,0.9296887102794562,SM(26:0);FFA(22:1);FFA(24:1),SM(26:0);FFA(22:1);CE(22:5),3,0.1
ZKVR426:773->781,ZKVR426,3,autoregressive_ridge,0.3333333333333333,0.019230769230769232,0.3333333333333333,True,0.6925313202477964,SM(26:0);PE(P-18:0_18:2);PE(P-16:0_18:2),SM(26:0);FFA(22:1);CE(22:5),3,0.1
ZKVR426:773->781,ZKVR426,3,autoregressive_context_ridge,0.3333333333333333,0.019230769230769232,0.0,True,0.19992590145692424,LPE(18:0);TAG47:1-FA16:1;LPC(16:1),SM(26:0);FFA(22:1);CE(22:5),3,0.1
ZKVR426:781->787,ZKVR426,3,change_prevalence,0.0,0.0,0.0,False,0.05439271735186231,SM(26:0);FFA(22:1);FFA(24:1),FFA(20:0);FFA(22:0);CE(22:5),3,0.1
ZKVR426:781->787,ZKVR426,3,autoregressive_ridge,1.0,0.057692307692307696,0.6666666666666666,True,0.8405467700275111,PE(P-16:0_22:5);CE(22:5);FFA(20:0),FFA(20:0);FFA(22:0);CE(22:5),3,0.1
ZKVR426:781->787,ZKVR426,3,autoregressive_context_ridge,1.0,0.057692307692307696,0.6666666666666666,True,0.8644605341628805,PE(P-16:0_22:5);FFA(20:0);CE(22:5),FFA(20:0);FFA(22:0);CE(22:5),3,0.1
ZKVR426:787->790,ZKVR426,3,change_prevalence,0.3333333333333333,0.019230769230769232,0.0,True,0.24135731717913142,SM(26:0);FFA(22:1);FFA(24:1),LPE(18:1);LPE(18:2);FFA(17:0),3,0.1
ZKVR426:787->790,ZKVR426,3,autoregressive_ridge,0.6666666666666666,0.038461538461538464,0.0,True,0.6444514278599021,FFA(20:0);PE(O-18:0_20:4);FFA(20:3),LPE(18:1);LPE(18:2);FFA(17:0),3,0.1
ZKVR426:787->790,ZKVR426,3,autoregressive_context_ridge,0.6666666666666666,0.038461538461538464,0.0,True,0.6444514278599021,FFA(20:0);PE(O-18:0_20:4);FFA(20:3),LPE(18:1);LPE(18:2);FFA(17:0),3,0.1
ZLZQMEV:714->716,ZLZQMEV,3,change_prevalence,0.0,0.0,0.0,False,0.05626350306770533,SM(26:0);FFA(22:1);FFA(24:1),TAG48:4-FA18:1;TAG48:2-FA12:0;TAG48:4-FA12:0,3,0.1
ZLZQMEV:714->716,ZLZQMEV,3,autoregressive_ridge,1.0,0.057692307692307696,0.6666666666666666,True,0.9707710523861232,TAG48:4-FA12:0;TAG48:4-FA18:1;TAG48:3-FA12:0,TAG48:4-FA18:1;TAG48:2-FA12:0;TAG48:4-FA12:0,3,0.1
ZLZQMEV:714->716,ZLZQMEV,3,autoregressive_context_ridge,0.6666666666666666,0.038461538461538464,0.6666666666666666,True,0.816198175785386,TAG48:4-FA12:0;TAG48:4-FA18:1;FFA(20:0),TAG48:4-FA18:1;TAG48:2-FA12:0;TAG48:4-FA12:0,3,0.1
ZLZQMEV:716->717,ZLZQMEV,3,change_prevalence,1.0,0.057692307692307696,0.0,True,0.7912176788533928,SM(26:0);FFA(22:1);FFA(24:1),PE(P-18:1_18:2);PE(P-18:0_18:2);LPC(16:1),3,0.1
ZLZQMEV:716->717,ZLZQMEV,3,autoregressive_ridge,0.3333333333333333,0.019230769230769232,0.0,True,0.31116136272737793,FFA(14:0);FFA(14:1);LPE(20:4),PE(P-18:1_18:2);PE(P-18:0_18:2);LPC(16:1),3,0.1
ZLZQMEV:716->717,ZLZQMEV,3,autoregressive_context_ridge,0.6666666666666666,0.038461538461538464,0.0,True,0.43312149312738274,LPE(20:4);FFA(18:1);FFA(18:2),PE(P-18:1_18:2);PE(P-18:0_18:2);LPC(16:1),3,0.1
ZLZQMEV:717->723,ZLZQMEV,3,change_prevalence,1.0,0.057692307692307696,0.3333333333333333,True,0.8248669528193109,SM(26:0);FFA(22:1);FFA(24:1),SM(26:0);PE(18:0_18:1);PE(18:0_18:0),3,0.1
ZLZQMEV:717->723,ZLZQMEV,3,autoregressive_ridge,1.0,0.057692307692307696,0.3333333333333333,True,0.6588933841737264,LPE(18:2);SM(26:0);FFA(22:0),SM(26:0);PE(18:0_18:1);PE(18:0_18:0),3,0.1
ZLZQMEV:717->723,ZLZQMEV,3,autoregressive_context_ridge,1.0,0.057692307692307696,0.3333333333333333,True,0.8146726466905221,SM(26:0);FFA(22:1);LPE(18:2),SM(26:0);PE(18:0_18:1);PE(18:0_18:0),3,0.1
ZLZQMEV:723->726,ZLZQMEV,3,change_prevalence,0.0,0.0,0.0,False,0.04312857921469003,SM(26:0);FFA(22:1);FFA(24:1),PE(18:0_18:2);PE(18:0_18:1);PI(16:0_18:1),3,0.1
ZLZQMEV:723->726,ZLZQMEV,3,autoregressive_ridge,1.0,0.057692307692307696,0.6666666666666666,True,0.9042636747850982,PE(18:0_18:1);PE(18:0_18:2);FFA(18:0),PE(18:0_18:2);PE(18:0_18:1);PI(16:0_18:1),3,0.1
ZLZQMEV:723->726,ZLZQMEV,3,autoregressive_context_ridge,1.0,0.057692307692307696,0.6666666666666666,True,0.9194270544620328,PE(18:0_18:1);PE(18:0_18:2);LPE(20:4),PE(18:0_18:2);PE(18:0_18:1);PI(16:0_18:1),3,0.1
ZLZQMEV:726->730,ZLZQMEV,3,change_prevalence,0.6666666666666666,0.038461538461538464,0.0,True,0.2375944827508324,SM(26:0);FFA(22:1);FFA(24:1),FFA(18:0);FFA(17:0);FFA(18:4),3,0.1
ZLZQMEV:726->730,ZLZQMEV,3,autoregressive_ridge,0.3333333333333333,0.019230769230769232,0.3333333333333333,True,0.64737169619563,FFA(18:0);TAG47:2-FA18:1;TAG56:3-FA16:0,FFA(18:0);FFA(17:0);FFA(18:4),3,0.1
ZLZQMEV:726->730,ZLZQMEV,3,autoregressive_context_ridge,0.3333333333333333,0.019230769230769232,0.3333333333333333,True,0.6539651252757416,FFA(18:0);TAG56:3-FA16:0;TAG47:2-FA18:1,FFA(18:0);FFA(17:0);FFA(18:4),3,0.1
ZLZQMEV:730->734,ZLZQMEV,3,change_prevalence,0.0,0.0,0.0,False,0.19584233282364694,SM(26:0);FFA(22:1);FFA(24:1),LPC(18:0);TAG48:3-FA12:0;TAG48:4-FA12:0,3,0.1
ZLZQMEV:730->734,ZLZQMEV,3,autoregressive_ridge,0.3333333333333333,0.019230769230769232,0.0,True,0.5576532703018828,PI(16:0_20:4);CE(18:4);PI(16:0_18:1),LPC(18:0);TAG48:3-FA12:0;TAG48:4-FA12:0,3,0.1
ZLZQMEV:730->734,ZLZQMEV,3,autoregressive_context_ridge,0.3333333333333333,0.019230769230769232,0.0,True,0.4965848001096408,PI(16:0_20:4);PE(18:0_22:5);PI(16:0_18:1),LPC(18:0);TAG48:3-FA12:0;TAG48:4-FA12:0,3,0.1
ZLZQMEV:734->737,ZLZQMEV,3,change_prevalence,0.3333333333333333,0.019230769230769232,0.0,True,0.3258170184473882,SM(26:0);FFA(22:1);FFA(24:1),LPC(18:0);PI(18:0_18:2);LPC(20:3),3,0.1
ZLZQMEV:734->737,ZLZQMEV,3,autoregressive_ridge,0.6666666666666666,0.038461538461538464,0.0,True,0.5953333057110292,FFA(24:1);LPE(20:4);FFA(24:0),LPC(18:0);PI(18:0_18:2);LPC(20:3),3,0.1
ZLZQMEV:734->737,ZLZQMEV,3,autoregressive_context_ridge,0.6666666666666666,0.038461538461538464,0.0,True,0.6591361658147099,LPE(20:4);FFA(24:1);FFA(24:0),LPC(18:0);PI(18:0_18:2);LPC(20:3),3,0.1
ZLZQMEV:737->741,ZLZQMEV,3,change_prevalence,0.3333333333333333,0.019230769230769232,0.0,True,0.14102939468577622,SM(26:0);FFA(22:1);FFA(24:1),FFA(20:4);FFA(22:4);FFA(20:2),3,0.1
ZLZQMEV:737->741,ZLZQMEV,3,autoregressive_ridge,0.3333333333333333,0.019230769230769232,0.0,True,0.26189778319719736,PI(18:0_18:1);PI(18:0_18:2);FFA(24:0),FFA(20:4);FFA(22:4);FFA(20:2),3,0.1
ZLZQMEV:737->741,ZLZQMEV,3,autoregressive_context_ridge,0.3333333333333333,0.019230769230769232,0.0,True,0.293875390675953,PI(18:0_18:1);PI(18:0_18:2);PI(16:0_18:2),FFA(20:4);FFA(22:4);FFA(20:2),3,0.1
ZLZQMEV:741->745,ZLZQMEV,3,change_prevalence,0.6666666666666666,0.038461538461538464,0.0,True,0.4848656132462672,SM(26:0);FFA(22:1);FFA(24:1),PC(16:0_18:0);PC(16:0_16:0);FFA(22:0),3,0.1
ZLZQMEV:741->745,ZLZQMEV,3,autoregressive_ridge,1.0,0.057692307692307696,0.0,True,0.33925394202451875,FFA(22:4);FFA(14:1);FFA(22:6),PC(16:0_18:0);PC(16:0_16:0);FFA(22:0),3,0.1
ZLZQMEV:741->745,ZLZQMEV,3,autoregressive_context_ridge,0.6666666666666666,0.038461538461538464,0.0,True,0.28477221790378265,FFA(22:6);FFA(22:4);FFA(20:4),PC(16:0_18:0);PC(16:0_16:0);FFA(22:0),3,0.1
ZLZQMEV:745->748,ZLZQMEV,3,change_prevalence,0.6666666666666666,0.038461538461538464,0.0,True,0.5436845045113005,SM(26:0);FFA(22:1);FFA(24:1),PC(16:0_18:0);PC(16:0_16:0);FFA(24:0),3,0.1
ZLZQMEV:745->748,ZLZQMEV,3,autoregressive_ridge,1.0,0.057692307692307696,0.6666666666666666,True,0.9843952966776418,PC(16:0_18:0);PC(16:0_16:0);PC(18:0_18:0),PC(16:0_18:0);PC(16:0_16:0);FFA(24:0),3,0.1
ZLZQMEV:745->748,ZLZQMEV,3,autoregressive_context_ridge,1.0,0.057692307692307696,0.6666666666666666,True,0.979531321366938,PC(16:0_16:0);PC(16:0_18:0);FFA(22:0),PC(16:0_18:0);PC(16:0_16:0);FFA(24:0),3,0.1
ZLZQMEV:748->753,ZLZQMEV,3,change_prevalence,0.6666666666666666,0.038461538461538464,0.3333333333333333,True,0.651173933280736,SM(26:0);FFA(22:1);FFA(24:1),TAG48:4-FA12:0;TAG48:4-FA18:2;FFA(24:1),3,0.1
ZLZQMEV:748->753,ZLZQMEV,3,autoregressive_ridge,1.0,0.057692307692307696,0.3333333333333333,True,0.8786677151525546,FFA(22:1);FFA(24:1);FFA(24:0),TAG48:4-FA12:0;TAG48:4-FA18:2;FFA(24:1),3,0.1
ZLZQMEV:748->753,ZLZQMEV,3,autoregressive_context_ridge,1.0,0.057692307692307696,0.3333333333333333,True,0.8786677151525546,FFA(22:1);FFA(24:1);FFA(24:0),TAG48:4-FA12:0;TAG48:4-FA18:2;FFA(24:1),3,0.1
ZLZQMEV:753->758,ZLZQMEV,3,change_prevalence,0.6666666666666666,0.038461538461538464,0.0,True,0.30474299132464094,SM(26:0);FFA(22:1);FFA(24:1),PC(16:0_18:0);PC(16:0_16:0);PC(18:0_18:0),3,0.1
ZLZQMEV:753->758,ZLZQMEV,3,autoregressive_ridge,0.3333333333333333,0.019230769230769232,0.0,True,0.5467246067861651,FFA(18:0);SM(20:0);SM(22:0),PC(16:0_18:0);PC(16:0_16:0);PC(18:0_18:0),3,0.1
ZLZQMEV:753->758,ZLZQMEV,3,autoregressive_context_ridge,0.3333333333333333,0.019230769230769232,0.0,True,0.4407358264558102,FFA(18:0);TAG53:2-FA18:1;TAG55:3-FA18:1,PC(16:0_18:0);PC(16:0_16:0);PC(18:0_18:0),3,0.1
ZLZQMEV:758->763,ZLZQMEV,3,change_prevalence,0.3333333333333333,0.019230769230769232,0.3333333333333333,True,0.6688138606070854,SM(26:0);FFA(22:1);FFA(24:1),SM(26:0);FFA(18:4);TAG48:3-FA12:0,3,0.1
ZLZQMEV:758->763,ZLZQMEV,3,autoregressive_ridge,0.0,0.0,0.0,False,0.42570593935944984,PC(16:0_18:0);PC(16:0_16:0);PE(18:0_22:5),SM(26:0);FFA(18:4);TAG48:3-FA12:0,3,0.1
ZLZQMEV:758->763,ZLZQMEV,3,autoregressive_context_ridge,0.3333333333333333,0.019230769230769232,0.0,True,0.4643804208275568,PE(18:0_22:5);PC(16:0_18:0);FFA(20:4),SM(26:0);FFA(18:4);TAG48:3-FA12:0,3,0.1
ZLZQMEV:763->769,ZLZQMEV,3,change_prevalence,0.6666666666666666,0.038461538461538464,0.3333333333333333,True,0.768463656383395,SM(26:0);FFA(22:1);FFA(24:1),SM(26:0);CE(20:2);LPE(18:0),3,0.1
ZLZQMEV:763->769,ZLZQMEV,3,autoregressive_ridge,0.6666666666666666,0.038461538461538464,0.3333333333333333,True,0.6906159408190123,SM(26:0);TAG52:0-FA20:0;FFA(18:4),SM(26:0);CE(20:2);LPE(18:0),3,0.1
ZLZQMEV:763->769,ZLZQMEV,3,autoregressive_context_ridge,0.6666666666666666,0.038461538461538464,0.3333333333333333,True,0.6667147526480132,SM(26:0);FFA(18:4);TAG49:2-FA14:0,SM(26:0);CE(20:2);LPE(18:0),3,0.1
ZLZQMEV:769->774,ZLZQMEV,3,change_prevalence,0.6666666666666666,0.038461538461538464,0.0,True,0.47818119941611154,SM(26:0);FFA(22:1);FFA(24:1),FFA(18:4);FFA(20:3);FFA(22:2),3,0.1
ZLZQMEV:769->774,ZLZQMEV,3,autoregressive_ridge,1.0,0.057692307692307696,0.3333333333333333,True,0.7105607529569659,FFA(22:0);FFA(22:1);FFA(18:4),FFA(18:4);FFA(20:3);FFA(22:2),3,0.1
ZLZQMEV:769->774,ZLZQMEV,3,autoregressive_context_ridge,1.0,0.057692307692307696,0.3333333333333333,True,0.8004673470095935,FFA(18:4);FFA(22:0);FFA(24:1),FFA(18:4);FFA(20:3);FFA(22:2),3,0.1
ZLZQMEV:774->777,ZLZQMEV,3,change_prevalence,0.3333333333333333,0.019230769230769232,0.0,True,0.27924752651780754,SM(26:0);FFA(22:1);FFA(24:1),LPC(15:0);FFA(22:5);FFA(17:0),3,0.1
ZLZQMEV:774->777,ZLZQMEV,3,autoregressive_ridge,0.3333333333333333,0.019230769230769232,0.0,True,0.2169878064867836,LPE(18:2);PI(18:1_18:1);LPE(18:1),LPC(15:0);FFA(22:5);FFA(17:0),3,0.1
ZLZQMEV:774->777,ZLZQMEV,3,autoregressive_context_ridge,0.3333333333333333,0.019230769230769232,0.0,True,0.39849134993649243,PI(18:1_18:1);FFA(20:4);PC(16:0_22:5),LPC(15:0);FFA(22:5);FFA(17:0),3,0.1
ZM7JY3G:705->706,ZM7JY3G,3,change_prevalence,0.3333333333333333,0.019230769230769232,0.0,True,0.4397578597275723,SM(26:0);FFA(22:1);FFA(24:1),TAG48:4-FA18:1;TAG48:3-FA12:0;TAG48:2-FA12:0,3,0.1
ZM7JY3G:705->706,ZM7JY3G,3,autoregressive_ridge,0.3333333333333333,0.019230769230769232,0.0,True,0.3000302391932394,FFA(18:0);FFA(20:3);PI(18:1_18:1),TAG48:4-FA18:1;TAG48:3-FA12:0;TAG48:2-FA12:0,3,0.1
ZM7JY3G:705->706,ZM7JY3G,3,autoregressive_context_ridge,0.3333333333333333,0.019230769230769232,0.0,True,0.23303903679319538,FFA(18:0);PC(18:1_18:1);PI(18:1_18:1),TAG48:4-FA18:1;TAG48:3-FA12:0;TAG48:2-FA12:0,3,0.1
ZM7JY3G:706->708,ZM7JY3G,3,change_prevalence,0.0,0.0,0.0,False,0.06229002752714543,SM(26:0);FFA(22:1);FFA(24:1),TAG52:7-FA18:1;TAG54:3-FA20:3;TAG52:3-FA18:3,3,0.1
ZM7JY3G:706->708,ZM7JY3G,3,autoregressive_ridge,0.3333333333333333,0.019230769230769232,0.0,True,0.3673557741210189,FFA(18:0);SM(20:0);LPE(16:0),TAG52:7-FA18:1;TAG54:3-FA20:3;TAG52:3-FA18:3,3,0.1
ZM7JY3G:706->708,ZM7JY3G,3,autoregressive_context_ridge,0.3333333333333333,0.019230769230769232,0.0,True,0.5140197758077149,FFA(18:0);PC(16:0_16:0);TAG56:4-FA20:4,TAG52:7-FA18:1;TAG54:3-FA20:3;TAG52:3-FA18:3,3,0.1
ZM7JY3G:708->710,ZM7JY3G,3,change_prevalence,0.6666666666666666,0.038461538461538464,0.0,True,0.4587027851683183,SM(26:0);FFA(22:1);FFA(24:1),PC(16:0_18:0);FFA(22:0);PC(16:0_16:0),3,0.1
ZM7JY3G:708->710,ZM7JY3G,3,autoregressive_ridge,0.6666666666666666,0.038461538461538464,0.0,True,0.3802064819243582,LPE(18:0);PC(16:0_14:0);TAG52:5-FA14:0,PC(16:0_18:0);FFA(22:0);PC(16:0_16:0),3,0.1
ZM7JY3G:708->710,ZM7JY3G,3,autoregressive_context_ridge,0.6666666666666666,0.038461538461538464,0.0,True,0.3802064819243582,LPE(18:0);PC(16:0_14:0);TAG52:5-FA14:0,PC(16:0_18:0);FFA(22:0);PC(16:0_16:0),3,0.1
ZM7JY3G:710->713,ZM7JY3G,3,change_prevalence,0.0,0.0,0.0,False,0.3756409408669233,SM(26:0);FFA(22:1);FFA(24:1),TAG46:1-FA12:0;PC(18:1_18:1);TAG46:2-FA12:0,3,0.1
ZM7JY3G:710->713,ZM7JY3G,3,autoregressive_ridge,0.6666666666666666,0.038461538461538464,0.0,True,0.7310854936204736,FFA(22:0);FFA(18:4);PC(16:0_16:0),TAG46:1-FA12:0;PC(18:1_18:1);TAG46:2-FA12:0,3,0.1
ZM7JY3G:710->713,ZM7JY3G,3,autoregressive_context_ridge,0.6666666666666666,0.038461538461538464,0.0,True,0.6900931217862419,FFA(22:0);FFA(18:4);FFA(24:0),TAG46:1-FA12:0;PC(18:1_18:1);TAG46:2-FA12:0,3,0.1
ZM7JY3G:713->716,ZM7JY3G,3,change_prevalence,0.6666666666666666,0.038461538461538464,0.3333333333333333,True,0.5969191649583049,SM(26:0);FFA(22:1);FFA(24:1),FFA(20:3);FFA(24:1);FFA(24:0),3,0.1
ZM7JY3G:713->716,ZM7JY3G,3,autoregressive_ridge,1.0,0.057692307692307696,1.0,True,1.0,FFA(20:3);FFA(24:1);FFA(24:0),FFA(20:3);FFA(24:1);FFA(24:0),3,0.1
ZM7JY3G:713->716,ZM7JY3G,3,autoregressive_context_ridge,1.0,0.057692307692307696,1.0,True,0.9675651262062939,FFA(24:1);FFA(24:0);FFA(20:3),FFA(20:3);FFA(24:1);FFA(24:0),3,0.1
ZM7JY3G:716->720,ZM7JY3G,3,change_prevalence,0.6666666666666666,0.038461538461538464,0.0,True,0.46049576733666503,SM(26:0);FFA(22:1);FFA(24:1),PC(16:0_16:0);PC(16:0_18:0);FFA(24:0),3,0.1
ZM7JY3G:716->720,ZM7JY3G,3,autoregressive_ridge,1.0,0.057692307692307696,0.0,True,0.5260744742917335,FFA(18:4);TAG47:1-FA16:1;FFA(20:0),PC(16:0_16:0);PC(16:0_18:0);FFA(24:0),3,0.1
ZM7JY3G:716->720,ZM7JY3G,3,autoregressive_context_ridge,1.0,0.057692307692307696,0.0,True,0.5260744742917335,FFA(18:4);TAG47:1-FA16:1;FFA(20:0),PC(16:0_16:0);PC(16:0_18:0);FFA(24:0),3,0.1
ZM7JY3G:720->724,ZM7JY3G,3,change_prevalence,0.0,0.0,0.0,False,0.22264857343769956,SM(26:0);FFA(22:1);FFA(24:1),TAG54:5-FA22:5;TAG56:5-FA22:5;FFA(20:5),3,0.1
ZM7JY3G:720->724,ZM7JY3G,3,autoregressive_ridge,0.0,0.0,0.0,False,0.13638205160265712,PC(16:0_16:0);PC(16:0_18:0);PC(18:0_18:0),TAG54:5-FA22:5;TAG56:5-FA22:5;FFA(20:5),3,0.1
ZM7JY3G:720->724,ZM7JY3G,3,autoregressive_context_ridge,0.0,0.0,0.0,False,0.13638205160265712,PC(16:0_16:0);PC(16:0_18:0);PC(18:0_18:0),TAG54:5-FA22:5;TAG56:5-FA22:5;FFA(20:5),3,0.1
ZM7JY3G:724->728,ZM7JY3G,3,change_prevalence,0.0,0.0,0.0,False,0.1617931131282958,SM(26:0);FFA(22:1);FFA(24:1),LPC(18:0);LPC(20:3);FFA(17:0),3,0.1
ZM7JY3G:724->728,ZM7JY3G,3,autoregressive_ridge,1.0,0.057692307692307696,0.0,True,0.5656424770407906,PC(18:0_18:0);PC(16:0_18:0);PC(16:0_16:0),LPC(18:0);LPC(20:3);FFA(17:0),3,0.1
ZM7JY3G:724->728,ZM7JY3G,3,autoregressive_context_ridge,1.0,0.057692307692307696,0.0,True,0.5656424770407906,PC(18:0_18:0);PC(16:0_18:0);PC(16:0_16:0),LPC(18:0);LPC(20:3);FFA(17:0),3,0.1
ZM7JY3G:728->731,ZM7JY3G,3,change_prevalence,0.3333333333333333,0.019230769230769232,0.3333333333333333,True,0.4184936353774056,SM(26:0);FFA(22:1);FFA(24:1),FFA(20:0);SM(26:0);PI(18:0_18:2),3,0.1
ZM7JY3G:728->731,ZM7JY3G,3,autoregressive_ridge,0.0,0.0,0.0,False,0.16017273037149835,FFA(24:1);PC(16:0_18:0);PC(16:0_16:0),FFA(20:0);SM(26:0);PI(18:0_18:2),3,0.1
ZM7JY3G:728->731,ZM7JY3G,3,autoregressive_context_ridge,0.3333333333333333,0.019230769230769232,0.0,True,0.2886148959292997,FFA(24:1);FFA(18:0);PC(16:0_18:0),FFA(20:0);SM(26:0);PI(18:0_18:2),3,0.1
ZM7JY3G:731->734,ZM7JY3G,3,change_prevalence,1.0,0.057692307692307696,0.3333333333333333,True,0.9531637957381647,SM(26:0);FFA(22:1);FFA(24:1),LPE(18:1);FFA(20:0);FFA(22:1),3,0.1
ZM7JY3G:731->734,ZM7JY3G,3,autoregressive_ridge,0.3333333333333333,0.019230769230769232,0.3333333333333333,True,0.7143785224510583,FFA(20:0);TAG47:1-FA16:1;LPE(16:0),LPE(18:1);FFA(20:0);FFA(22:1),3,0.1
ZM7JY3G:731->734,ZM7JY3G,3,autoregressive_context_ridge,0.3333333333333333,0.019230769230769232,0.3333333333333333,True,0.6395969712763626,TAG47:1-FA16:1;FFA(20:0);LPE(16:0),LPE(18:1);FFA(20:0);FFA(22:1),3,0.1
ZM7JY3G:734->735,ZM7JY3G,3,change_prevalence,0.0,0.0,0.0,False,0.16654121081321993,SM(26:0);FFA(22:1);FFA(24:1),PI(18:1_18:1);PI(18:0_18:1);TAG56:2-FA20:0,3,0.1
ZM7JY3G:734->735,ZM7JY3G,3,autoregressive_ridge,0.6666666666666666,0.038461538461538464,0.3333333333333333,True,0.793973538292348,PI(18:1_18:1);LPE(16:0);LPE(18:1),PI(18:1_18:1);PI(18:0_18:1);TAG56:2-FA20:0,3,0.1
ZM7JY3G:734->735,ZM7JY3G,3,autoregressive_context_ridge,0.6666666666666666,0.038461538461538464,0.6666666666666666,True,0.8318328844202676,PI(18:1_18:1);LPE(16:0);TAG56:2-FA20:0,PI(18:1_18:1);PI(18:0_18:1);TAG56:2-FA20:0,3,0.1
ZM7JY3G:735->738,ZM7JY3G,3,change_prevalence,0.6666666666666666,0.038461538461538464,0.6666666666666666,True,0.5429704514709922,SM(26:0);FFA(22:1);FFA(24:1),FFA(24:1);FFA(24:0);FFA(22:1),3,0.1
ZM7JY3G:735->738,ZM7JY3G,3,autoregressive_ridge,0.6666666666666666,0.038461538461538464,0.3333333333333333,True,0.48813653391902717,LPE(16:0);TAG52:1-FA20:1;FFA(22:1),FFA(24:1);FFA(24:0);FFA(22:1),3,0.1
ZM7JY3G:735->738,ZM7JY3G,3,autoregressive_context_ridge,0.3333333333333333,0.019230769230769232,0.0,True,0.35561719507226563,LPE(16:0);TAG52:1-FA20:1;TAG50:1-FA16:0,FFA(24:1);FFA(24:0);FFA(22:1),3,0.1
ZM7JY3G:738->743,ZM7JY3G,3,change_prevalence,0.6666666666666666,0.038461538461538464,0.0,True,0.6104761237935422,SM(26:0);FFA(22:1);FFA(24:1),TAG48:4-FA18:1;LPC(18:0);TAG46:2-FA16:0,3,0.1
ZM7JY3G:738->743,ZM7JY3G,3,autoregressive_ridge,0.6666666666666666,0.038461538461538464,0.0,True,0.49751999401792346,PE(P-16:0_20:4);CE(22:5);FFA(22:5),TAG48:4-FA18:1;LPC(18:0);TAG46:2-FA16:0,3,0.1
ZM7JY3G:738->743,ZM7JY3G,3,autoregressive_context_ridge,0.6666666666666666,0.038461538461538464,0.0,True,0.6119120764229468,PE(P-16:0_20:4);TAG47:1-FA16:1;FFA(22:5),TAG48:4-FA18:1;LPC(18:0);TAG46:2-FA16:0,3,0.1
ZM7JY3G:743->748,ZM7JY3G,3,change_prevalence,1.0,0.057692307692307696,0.3333333333333333,True,0.7731799254125188,SM(26:0);FFA(22:1);FFA(24:1),PC(16:0_16:0);FFA(22:0);FFA(22:1),3,0.1
ZM7JY3G:743->748,ZM7JY3G,3,autoregressive_ridge,1.0,0.057692307692307696,0.0,True,0.5826005181459725,TAG48:4-FA12:0;TAG46:2-FA12:0;TAG48:4-FA18:2,PC(16:0_16:0);FFA(22:0);FFA(22:1),3,0.1
ZM7JY3G:743->748,ZM7JY3G,3,autoregressive_context_ridge,1.0,0.057692307692307696,0.0,True,0.6038183149420736,TAG48:4-FA18:2;TAG48:4-FA12:0;TAG48:4-FA18:1,PC(16:0_16:0);FFA(22:0);FFA(22:1),3,0.1
ZM7JY3G:748->753,ZM7JY3G,3,change_prevalence,0.6666666666666666,0.038461538461538464,0.3333333333333333,True,0.5287330316305374,SM(26:0);FFA(22:1);FFA(24:1),FFA(20:0);FFA(24:1);FFA(24:0),3,0.1
ZM7JY3G:748->753,ZM7JY3G,3,autoregressive_ridge,1.0,0.057692307692307696,0.3333333333333333,True,0.904466645902026,FFA(20:0);FFA(12:0);FFA(17:0),FFA(20:0);FFA(24:1);FFA(24:0),3,0.1
ZM7JY3G:748->753,ZM7JY3G,3,autoregressive_context_ridge,1.0,0.057692307692307696,0.3333333333333333,True,0.904466645902026,FFA(20:0);FFA(12:0);FFA(17:0),FFA(20:0);FFA(24:1);FFA(24:0),3,0.1
ZM7JY3G:753->759,ZM7JY3G,3,change_prevalence,0.0,0.0,0.0,False,0.1854801997727785,SM(26:0);FFA(22:1);FFA(24:1),FFA(20:0);PI(18:0_18:1);PI(16:0_18:1),3,0.1
ZM7JY3G:753->759,ZM7JY3G,3,autoregressive_ridge,0.3333333333333333,0.019230769230769232,0.0,True,0.30948992306633133,PE(18:0_22:5);FFA(24:0);FFA(24:1),FFA(20:0);PI(18:0_18:1);PI(16:0_18:1),3,0.1
ZM7JY3G:753->759,ZM7JY3G,3,autoregressive_context_ridge,0.3333333333333333,0.019230769230769232,0.0,True,0.4180321326888008,PC(18:1_18:1);FFA(24:0);FFA(24:1),FFA(20:0);PI(18:0_18:1);PI(16:0_18:1),3,0.1
ZM7JY3G:759->767,ZM7JY3G,3,change_prevalence,0.3333333333333333,0.019230769230769232,0.0,True,0.372897341450171,SM(26:0);FFA(22:1);FFA(24:1),FFA(18:0);PI(18:0_18:1);TAG56:9-FA20:4,3,0.1
ZM7JY3G:759->767,ZM7JY3G,3,autoregressive_ridge,0.6666666666666666,0.038461538461538464,0.3333333333333333,True,0.5384138324192487,LPE(16:0);FFA(20:0);FFA(18:0),FFA(18:0);PI(18:0_18:1);TAG56:9-FA20:4,3,0.1
ZM7JY3G:759->767,ZM7JY3G,3,autoregressive_context_ridge,0.6666666666666666,0.038461538461538464,0.3333333333333333,True,0.5384138324192487,LPE(16:0);FFA(20:0);FFA(18:0),FFA(18:0);PI(18:0_18:1);TAG56:9-FA20:4,3,0.1
ZMBVNFM:691->693,ZMBVNFM,3,change_prevalence,0.0,0.0,0.0,False,0.18751875966135992,SM(26:0);FFA(22:1);FFA(24:1),CE(22:5);PC(18:0_20:5);TAG56:9-FA20:5,3,0.1
ZMBVNFM:691->693,ZMBVNFM,3,autoregressive_ridge,0.3333333333333333,0.019230769230769232,0.3333333333333333,True,0.42854493561513646,SM(26:0);CE(22:5);PI(18:0_18:2),CE(22:5);PC(18:0_20:5);TAG56:9-FA20:5,3,0.1
ZMBVNFM:691->693,ZMBVNFM,3,autoregressive_context_ridge,0.3333333333333333,0.019230769230769232,0.3333333333333333,True,0.2859116110795678,SM(26:0);PI(18:0_20:3);CE(22:5),CE(22:5);PC(18:0_20:5);TAG56:9-FA20:5,3,0.1
ZMBVNFM:693->696,ZMBVNFM,3,change_prevalence,0.3333333333333333,0.019230769230769232,0.0,True,0.4361904276499134,SM(26:0);FFA(22:1);FFA(24:1),PC(16:0_22:5);PC(16:0_16:0);SM(20:1),3,0.1
ZMBVNFM:693->696,ZMBVNFM,3,autoregressive_ridge,0.6666666666666666,0.038461538461538464,0.0,True,0.6566566079163823,FFA(18:4);TAG58:9-FA22:5;TAG58:8-FA22:5,PC(16:0_22:5);PC(16:0_16:0);SM(20:1),3,0.1
ZMBVNFM:693->696,ZMBVNFM,3,autoregressive_context_ridge,0.6666666666666666,0.038461538461538464,0.0,True,0.7318899879813016,TAG58:9-FA22:5;FFA(18:4);TAG58:8-FA22:5,PC(16:0_22:5);PC(16:0_16:0);SM(20:1),3,0.1
ZMBVNFM:696->699,ZMBVNFM,3,change_prevalence,0.6666666666666666,0.038461538461538464,0.0,True,0.4043721922275287,SM(26:0);FFA(22:1);FFA(24:1),CE(22:5);PC(16:0_16:0);FFA(12:0),3,0.1
ZMBVNFM:696->699,ZMBVNFM,3,autoregressive_ridge,0.6666666666666666,0.038461538461538464,0.0,True,0.5139372860724295,PC(18:1_16:1);SM(20:1);FFA(18:1),CE(22:5);PC(16:0_16:0);FFA(12:0),3,0.1
ZMBVNFM:696->699,ZMBVNFM,3,autoregressive_context_ridge,0.3333333333333333,0.019230769230769232,0.0,True,0.3248982327650831,PC(18:1_16:1);SM(26:0);PE(18:0_22:5),CE(22:5);PC(16:0_16:0);FFA(12:0),3,0.1
ZMBVNFM:699->702,ZMBVNFM,3,change_prevalence,0.6666666666666666,0.038461538461538464,0.0,True,0.3759531837106438,SM(26:0);FFA(22:1);FFA(24:1),FFA(22:5);FFA(22:2);LPE(18:1),3,0.1
ZMBVNFM:699->702,ZMBVNFM,3,autoregressive_ridge,0.0,0.0,0.0,False,0.14801480792910895,FFA(18:4);FFA(20:3);SM(26:0),FFA(22:5);FFA(22:2);LPE(18:1),3,0.1
ZMBVNFM:699->702,ZMBVNFM,3,autoregressive_context_ridge,0.3333333333333333,0.019230769230769232,0.0,True,0.28166587176223457,FFA(18:4);FFA(20:3);FFA(18:3),FFA(22:5);FFA(22:2);LPE(18:1),3,0.1
ZMBVNFM:702->703,ZMBVNFM,3,change_prevalence,0.6666666666666666,0.038461538461538464,0.0,True,0.44005466001033217,SM(26:0);FFA(22:1);FFA(24:1),PC(16:0_22:5);PC(16:0_16:0);CE(22:5),3,0.1
ZMBVNFM:702->703,ZMBVNFM,3,autoregressive_ridge,0.3333333333333333,0.019230769230769232,0.0,True,0.4102578288421939,FFA(22:5);FFA(22:2);PC(18:1_16:1),PC(16:0_22:5);PC(16:0_16:0);CE(22:5),3,0.1
ZMBVNFM:702->703,ZMBVNFM,3,autoregressive_context_ridge,0.3333333333333333,0.019230769230769232,0.0,True,0.4102578288421939,FFA(22:5);FFA(22:2);PC(18:1_16:1),PC(16:0_22:5);PC(16:0_16:0);CE(22:5),3,0.1
ZMBVNFM:703->704,ZMBVNFM,3,change_prevalence,1.0,0.057692307692307696,0.0,True,0.46191568196325256,SM(26:0);FFA(22:1);FFA(24:1),FFA(22:2);FFA(22:5);FFA(20:3),3,0.1
ZMBVNFM:703->704,ZMBVNFM,3,autoregressive_ridge,1.0,0.057692307692307696,1.0,True,1.0,FFA(22:2);FFA(22:5);FFA(20:3),FFA(22:2);FFA(22:5);FFA(20:3),3,0.1
ZMBVNFM:703->704,ZMBVNFM,3,autoregressive_context_ridge,1.0,0.057692307692307696,1.0,True,1.0,FFA(22:2);FFA(22:5);FFA(20:3),FFA(22:2);FFA(22:5);FFA(20:3),3,0.1
ZMBVNFM:704->707,ZMBVNFM,3,change_prevalence,0.0,0.0,0.0,False,0.16726861812255034,SM(26:0);FFA(22:1);FFA(24:1),TAG58:7-FA22:5;TAG58:9-FA22:5;PC(17:0_18:1),3,0.1
ZMBVNFM:704->707,ZMBVNFM,3,autoregressive_ridge,0.0,0.0,0.0,False,0.33100375261446247,FFA(22:0);PC(18:1_16:1);CER(24:1),TAG58:7-FA22:5;TAG58:9-FA22:5;PC(17:0_18:1),3,0.1
ZMBVNFM:704->707,ZMBVNFM,3,autoregressive_context_ridge,0.0,0.0,0.0,False,0.11023668053634063,PE(O-18:0_20:4);FFA(18:4);FFA(22:0),TAG58:7-FA22:5;TAG58:9-FA22:5;PC(17:0_18:1),3,0.1
ZMBVNFM:707->708,ZMBVNFM,3,change_prevalence,0.6666666666666666,0.038461538461538464,0.3333333333333333,True,0.4542437672678089,SM(26:0);FFA(22:1);FFA(24:1),FFA(24:0);FFA(24:1);PC(16:0_18:0),3,0.1
ZMBVNFM:707->708,ZMBVNFM,3,autoregressive_ridge,0.3333333333333333,0.019230769230769232,0.0,True,0.4992419477473766,PC(18:1_16:1);TAG56:7-FA16:1;TAG58:7-FA22:5,FFA(24:0);FFA(24:1);PC(16:0_18:0),3,0.1
ZMBVNFM:707->708,ZMBVNFM,3,autoregressive_context_ridge,0.3333333333333333,0.019230769230769232,0.0,True,0.5175292746271531,TAG56:7-FA16:1;TAG58:7-FA22:5;PE(18:0_22:5),FFA(24:0);FFA(24:1);PC(16:0_18:0),3,0.1
ZMBVNFM:708->710,ZMBVNFM,3,change_prevalence,0.3333333333333333,0.019230769230769232,0.0,True,0.30911638674497244,SM(26:0);FFA(22:1);FFA(24:1),PC(16:0_18:0);PC(16:0_16:0);FFA(18:1),3,0.1
ZMBVNFM:708->710,ZMBVNFM,3,autoregressive_ridge,0.6666666666666666,0.038461538461538464,0.6666666666666666,True,0.8098233127979411,PC(16:0_18:0);PC(16:0_16:0);PE(18:0_18:1),PC(16:0_18:0);PC(16:0_16:0);FFA(18:1),3,0.1
ZMBVNFM:708->710,ZMBVNFM,3,autoregressive_context_ridge,0.6666666666666666,0.038461538461538464,0.6666666666666666,True,0.8767029269908947,PC(16:0_18:0);PC(16:0_16:0);FFA(20:3),PC(16:0_18:0);PC(16:0_16:0);FFA(18:1),3,0.1
ZMBVNFM:710->714,ZMBVNFM,3,change_prevalence,1.0,0.057692307692307696,0.3333333333333333,True,0.7615002900937005,SM(26:0);FFA(22:1);FFA(24:1),PE(18:0_18:1);PE(18:0_18:2);FFA(24:1),3,0.1
ZMBVNFM:710->714,ZMBVNFM,3,autoregressive_ridge,1.0,0.057692307692307696,0.6666666666666666,True,0.9235913108396556,PE(18:0_18:1);PE(18:0_18:2);FFA(18:1),PE(18:0_18:1);PE(18:0_18:2);FFA(24:1),3,0.1
ZMBVNFM:710->714,ZMBVNFM,3,autoregressive_context_ridge,1.0,0.057692307692307696,0.6666666666666666,True,0.9235913108396556,PE(18:0_18:1);PE(18:0_18:2);FFA(18:1),PE(18:0_18:1);PE(18:0_18:2);FFA(24:1),3,0.1
ZMBVNFM:714->717,ZMBVNFM,3,change_prevalence,0.6666666666666666,0.038461538461538464,0.3333333333333333,True,0.5451418993521141,SM(26:0);FFA(22:1);FFA(24:1),FFA(22:5);FFA(24:0);FFA(24:1),3,0.1
ZMBVNFM:714->717,ZMBVNFM,3,autoregressive_ridge,1.0,0.057692307692307696,0.6666666666666666,True,0.9164697828233581,SM(20:0);FFA(24:0);FFA(24:1),FFA(22:5);FFA(24:0);FFA(24:1),3,0.1
ZMBVNFM:714->717,ZMBVNFM,3,autoregressive_context_ridge,1.0,0.057692307692307696,0.6666666666666666,True,0.9164697828233581,SM(20:0);FFA(24:0);FFA(24:1),FFA(22:5);FFA(24:0);FFA(24:1),3,0.1
ZMBVNFM:717->718,ZMBVNFM,3,change_prevalence,0.0,0.0,0.0,False,0.4982870002716269,SM(26:0);FFA(22:1);FFA(24:1),FFA(20:0);TAG52:6-FA16:0;TAG56:9-FA18:3,3,0.1
ZMBVNFM:717->718,ZMBVNFM,3,autoregressive_ridge,0.0,0.0,0.0,False,0.30179824345723544,FFA(22:5);TAG54:0-FA18:0;TAG54:1-FA18:0,FFA(20:0);TAG52:6-FA16:0;TAG56:9-FA18:3,3,0.1
ZMBVNFM:717->718,ZMBVNFM,3,autoregressive_context_ridge,0.0,0.0,0.0,False,0.2595834335877867,FFA(22:5);SM(20:1);TAG54:0-FA18:0,FFA(20:0);TAG52:6-FA16:0;TAG56:9-FA18:3,3,0.1
ZMBVNFM:718->721,ZMBVNFM,3,change_prevalence,0.3333333333333333,0.019230769230769232,0.0,True,0.31009032769043626,SM(26:0);FFA(22:1);FFA(24:1),FFA(20:0);FFA(22:0);TAG56:9-FA18:3,3,0.1
ZMBVNFM:718->721,ZMBVNFM,3,autoregressive_ridge,0.6666666666666666,0.038461538461538464,0.6666666666666666,True,0.8203699453570032,FFA(20:0);PE(18:0_18:1);FFA(22:0),FFA(20:0);FFA(22:0);TAG56:9-FA18:3,3,0.1
ZMBVNFM:718->721,ZMBVNFM,3,autoregressive_context_ridge,0.6666666666666666,0.038461538461538464,0.6666666666666666,True,0.862797967115046,FFA(20:0);FFA(22:0);PE(18:0_18:1),FFA(20:0);FFA(22:0);TAG56:9-FA18:3,3,0.1
ZMBVNFM:721->728,ZMBVNFM,3,change_prevalence,1.0,0.057692307692307696,0.6666666666666666,True,0.780553944516345,SM(26:0);FFA(22:1);FFA(24:1),PC(16:0_16:0);FFA(22:1);FFA(24:1),3,0.1
ZMBVNFM:721->728,ZMBVNFM,3,autoregressive_ridge,1.0,0.057692307692307696,0.3333333333333333,True,0.6945658211752255,FFA(22:2);FFA(22:1);PE(18:0_18:1),PC(16:0_16:0);FFA(22:1);FFA(24:1),3,0.1
ZMBVNFM:721->728,ZMBVNFM,3,autoregressive_context_ridge,0.6666666666666666,0.038461538461538464,0.3333333333333333,True,0.6578601120076171,FFA(22:2);FFA(22:1);PI(18:0_20:3),PC(16:0_16:0);FFA(22:1);FFA(24:1),3,0.1
ZMBVNFM:728->730,ZMBVNFM,3,change_prevalence,0.6666666666666666,0.038461538461538464,0.0,True,0.5219940909950386,SM(26:0);FFA(22:1);FFA(24:1),PC(16:0_16:0);PE(P-16:0_22:5);PE(P-18:0_20:4),3,0.1
ZMBVNFM:728->730,ZMBVNFM,3,autoregressive_ridge,1.0,0.057692307692307696,0.3333333333333333,True,0.8917457324241516,PC(16:0_16:0);FFA(24:1);FFA(24:0),PC(16:0_16:0);PE(P-16:0_22:5);PE(P-18:0_20:4),3,0.1
ZMBVNFM:728->730,ZMBVNFM,3,autoregressive_context_ridge,0.6666666666666666,0.038461538461538464,0.3333333333333333,True,0.7321106188250951,FFA(24:1);PC(16:0_16:0);LPC(15:0),PC(16:0_16:0);PE(P-16:0_22:5);PE(P-18:0_20:4),3,0.1
ZMBVNFM:730->736,ZMBVNFM,3,change_prevalence,0.0,0.0,0.0,False,0.08987918081848578,SM(26:0);FFA(22:1);FFA(24:1),PC(18:0_22:5);PC(18:0_22:6);FFA(22:5),3,0.1
ZMBVNFM:730->736,ZMBVNFM,3,autoregressive_ridge,0.6666666666666666,0.038461538461538464,0.0,True,0.22494042332123096,TAG55:5-FA18:2;PC(18:1_16:1);PE(18:0_18:0),PC(18:0_22:5);PC(18:0_22:6);FFA(22:5),3,0.1
ZMBVNFM:730->736,ZMBVNFM,3,autoregressive_context_ridge,0.3333333333333333,0.019230769230769232,0.0,True,0.21707036948492697,PE(18:0_18:0);FFA(18:0);LPC(16:1),PC(18:0_22:5);PC(18:0_22:6);FFA(22:5),3,0.1
ZMBVNFM:736->737,ZMBVNFM,3,change_prevalence,0.0,0.0,0.0,False,0.18727321689298582,SM(26:0);FFA(22:1);FFA(24:1),FFA(22:5);PE(P-18:1_18:2);FFA(20:0),3,0.1
ZMBVNFM:736->737,ZMBVNFM,3,autoregressive_ridge,1.0,0.057692307692307696,0.3333333333333333,True,0.7570479040950739,FFA(22:5);PC(18:1_16:1);PC(16:0_18:1),FFA(22:5);PE(P-18:1_18:2);FFA(20:0),3,0.1
ZMBVNFM:736->737,ZMBVNFM,3,autoregressive_context_ridge,1.0,0.057692307692307696,0.3333333333333333,True,0.7577778950180573,FFA(22:5);PC(18:1_16:1);PC(18:0_18:1),FFA(22:5);PE(P-18:1_18:2);FFA(20:0),3,0.1
ZMBVNFM:737->741,ZMBVNFM,3,change_prevalence,0.0,0.0,0.0,False,0.4097597248149026,SM(26:0);FFA(22:1);FFA(24:1),PE(18:0_18:1);TAG58:8-FA18:1;TAG58:7-FA18:0,3,0.1
ZMBVNFM:737->741,ZMBVNFM,3,autoregressive_ridge,0.0,0.0,0.0,False,0.3165631610094862,PC(18:1_16:1);PC(14:0_18:1);PC(16:0_18:1),PE(18:0_18:1);TAG58:8-FA18:1;TAG58:7-FA18:0,3,0.1
ZMBVNFM:737->741,ZMBVNFM,3,autoregressive_context_ridge,0.0,0.0,0.0,False,0.2489083279139526,PC(18:1_16:1);PC(14:0_18:1);PI(18:0_20:3),PE(18:0_18:1);TAG58:8-FA18:1;TAG58:7-FA18:0,3,0.1
ZMBVNFM:741->742,ZMBVNFM,3,change_prevalence,0.3333333333333333,0.019230769230769232,0.3333333333333333,True,0.5476802428626019,SM(26:0);FFA(22:1);FFA(24:1),SM(26:0);PE(18:0_18:1);TAG56:2-FA18:0,3,0.1
ZMBVNFM:741->742,ZMBVNFM,3,autoregressive_ridge,0.6666666666666666,0.038461538461538464,0.3333333333333333,True,0.4960058168688087,SM(20:0);PE(18:0_18:1);TAG58:8-FA18:1,SM(26:0);PE(18:0_18:1);TAG56:2-FA18:0,3,0.1
ZMBVNFM:741->742,ZMBVNFM,3,autoregressive_context_ridge,0.6666666666666666,0.038461538461538464,0.3333333333333333,True,0.4960058168688087,SM(20:0);PE(18:0_18:1);TAG58:8-FA18:1,SM(26:0);PE(18:0_18:1);TAG56:2-FA18:0,3,0.1
ZMBVNFM:742->745,ZMBVNFM,3,change_prevalence,0.0,0.0,0.0,False,0.1177876319401553,SM(26:0);FFA(22:1);FFA(24:1),SM(20:0);TAG55:5-FA18:2;TAG53:4-FA16:0,3,0.1
ZMBVNFM:742->745,ZMBVNFM,3,autoregressive_ridge,0.0,0.0,0.0,False,0.2265449909851788,SM(26:0);PI(18:0_18:2);PI(18:0_20:3),SM(20:0);TAG55:5-FA18:2;TAG53:4-FA16:0,3,0.1
ZMBVNFM:742->745,ZMBVNFM,3,autoregressive_context_ridge,0.3333333333333333,0.019230769230769232,0.3333333333333333,True,0.5503455785941447,TAG55:5-FA18:2;PI(18:0_20:3);SM(26:0),SM(20:0);TAG55:5-FA18:2;TAG53:4-FA16:0,3,0.1
ZMBVNFM:745->752,ZMBVNFM,3,change_prevalence,0.3333333333333333,0.019230769230769232,0.0,True,0.42209972417558583,SM(26:0);FFA(22:1);FFA(24:1),TAG54:5-FA18:0;TAG51:4-FA18:3;TAG52:5-FA16:0,3,0.1
ZMBVNFM:745->752,ZMBVNFM,3,autoregressive_ridge,0.6666666666666666,0.038461538461538464,0.0,True,0.7751370019821905,FFA(18:0);LPE(16:0);SM(22:0),TAG54:5-FA18:0;TAG51:4-FA18:3;TAG52:5-FA16:0,3,0.1
ZMBVNFM:745->752,ZMBVNFM,3,autoregressive_context_ridge,0.6666666666666666,0.038461538461538464,0.0,True,0.7751370019821905,FFA(18:0);LPE(16:0);SM(22:0),TAG54:5-FA18:0;TAG51:4-FA18:3;TAG52:5-FA16:0,3,0.1
ZMBVNFM:752->754,ZMBVNFM,3,change_prevalence,0.0,0.0,0.0,False,0.12915599518985366,SM(26:0);FFA(22:1);FFA(24:1),PE(18:0_22:5);TAG54:8-FA18:2;TAG56:8-FA18:3,3,0.1
ZMBVNFM:752->754,ZMBVNFM,3,autoregressive_ridge,0.0,0.0,0.0,False,0.27705970414746645,TAG56:4-FA20:2;FFA(20:4);TAG56:5-FA20:2,PE(18:0_22:5);TAG54:8-FA18:2;TAG56:8-FA18:3,3,0.1
ZMBVNFM:752->754,ZMBVNFM,3,autoregressive_context_ridge,0.0,0.0,0.0,False,0.28397082285938113,SM(20:1);TAG56:5-FA20:1;TAG56:5-FA20:2,PE(18:0_22:5);TAG54:8-FA18:2;TAG56:8-FA18:3,3,0.1
ZMBVNFM:754->755,ZMBVNFM,3,change_prevalence,0.0,0.0,0.0,False,0.036925315449334944,SM(26:0);FFA(22:1);FFA(24:1),PE(18:0_18:1);TAG54:5-FA22:5;TAG54:0-FA18:0,3,0.1
ZMBVNFM:754->755,ZMBVNFM,3,autoregressive_ridge,0.0,0.0,0.0,False,0.48202659904906275,TAG54:3-FA18:1;TAG60:10-FA22:5;TAG54:4-FA18:1,PE(18:0_18:1);TAG54:5-FA22:5;TAG54:0-FA18:0,3,0.1
ZMBVNFM:754->755,ZMBVNFM,3,autoregressive_context_ridge,0.0,0.0,0.0,False,0.48202659904906275,TAG54:3-FA18:1;TAG60:10-FA22:5;TAG54:4-FA18:1,PE(18:0_18:1);TAG54:5-FA22:5;TAG54:0-FA18:0,3,0.1
ZNQOVZV:774->777,ZNQOVZV,3,change_prevalence,0.0,0.0,0.0,False,0.1074695517408877,SM(26:0);FFA(22:1);FFA(24:1),FFA(22:5);PE(18:0_18:1);FFA(18:4),3,0.1
ZNQOVZV:774->777,ZNQOVZV,3,autoregressive_ridge,0.6666666666666666,0.038461538461538464,0.3333333333333333,True,0.753691907784813,FFA(22:5);FFA(18:0);SM(26:0),FFA(22:5);PE(18:0_18:1);FFA(18:4),3,0.1
ZNQOVZV:774->777,ZNQOVZV,3,autoregressive_context_ridge,0.6666666666666666,0.038461538461538464,0.3333333333333333,True,0.753691907784813,FFA(22:5);FFA(18:0);SM(26:0),FFA(22:5);PE(18:0_18:1);FFA(18:4),3,0.1
ZNQOVZV:777->780,ZNQOVZV,3,change_prevalence,1.0,0.057692307692307696,0.3333333333333333,True,0.8531212759209289,SM(26:0);FFA(22:1);FFA(24:1),SM(26:0);PE(18:0_18:1);FFA(24:0),3,0.1
ZNQOVZV:777->780,ZNQOVZV,3,autoregressive_ridge,1.0,0.057692307692307696,0.6666666666666666,True,0.9809273269458357,PE(18:0_18:1);PE(18:0_18:2);SM(26:0),SM(26:0);PE(18:0_18:1);FFA(24:0),3,0.1
ZNQOVZV:777->780,ZNQOVZV,3,autoregressive_context_ridge,1.0,0.057692307692307696,0.6666666666666666,True,0.9809273269458357,PE(18:0_18:1);PE(18:0_18:2);SM(26:0),SM(26:0);PE(18:0_18:1);FFA(24:0),3,0.1
ZNQOVZV:780->783,ZNQOVZV,3,change_prevalence,0.6666666666666666,0.038461538461538464,0.3333333333333333,True,0.7291452776796861,SM(26:0);FFA(22:1);FFA(24:1),SM(20:0);SM(26:0);PE(P-16:0_18:2),3,0.1
ZNQOVZV:780->783,ZNQOVZV,3,autoregressive_ridge,1.0,0.057692307692307696,0.3333333333333333,True,0.7200783627857512,PI(18:0_20:4);SM(18:0);SM(20:0),SM(20:0);SM(26:0);PE(P-16:0_18:2),3,0.1
ZNQOVZV:780->783,ZNQOVZV,3,autoregressive_context_ridge,1.0,0.057692307692307696,0.3333333333333333,True,0.7956549292907371,PI(18:0_20:4);SM(20:0);FFA(24:1),SM(20:0);SM(26:0);PE(P-16:0_18:2),3,0.1
ZNQOVZV:783->784,ZNQOVZV,3,change_prevalence,1.0,0.057692307692307696,0.0,True,0.5504411024823385,SM(26:0);FFA(22:1);FFA(24:1),PC(16:0_16:0);PC(18:0_18:0);PC(16:0_18:0),3,0.1
ZNQOVZV:783->784,ZNQOVZV,3,autoregressive_ridge,0.3333333333333333,0.019230769230769232,0.0,True,0.3406524980495545,FFA(18:4);FFA(16:0);SM(18:1),PC(16:0_16:0);PC(18:0_18:0);PC(16:0_18:0),3,0.1
ZNQOVZV:783->784,ZNQOVZV,3,autoregressive_context_ridge,0.6666666666666666,0.038461538461538464,0.0,True,0.38837318265671666,FFA(18:4);FFA(16:0);LPE(18:1),PC(16:0_16:0);PC(18:0_18:0);PC(16:0_18:0),3,0.1
ZO94RDZ:714->721,ZO94RDZ,3,change_prevalence,0.3333333333333333,0.019230769230769232,0.0,True,0.3808351987327312,SM(26:0);FFA(22:1);FFA(24:1),FFA(22:0);PE(O-18:0_20:4);LPE(20:4),3,0.1
ZO94RDZ:714->721,ZO94RDZ,3,autoregressive_ridge,0.3333333333333333,0.019230769230769232,0.0,True,0.44691804867026313,LPC(18:0);TAG58:3-FA18:1;TAG48:2-FA12:0,FFA(22:0);PE(O-18:0_20:4);LPE(20:4),3,0.1
ZO94RDZ:714->721,ZO94RDZ,3,autoregressive_context_ridge,0.3333333333333333,0.019230769230769232,0.0,True,0.47145806522815664,LPC(18:0);TAG56:3-FA20:1;TAG56:3-FA18:1,FFA(22:0);PE(O-18:0_20:4);LPE(20:4),3,0.1
ZO94RDZ:721->725,ZO94RDZ,3,change_prevalence,0.3333333333333333,0.019230769230769232,0.0,True,0.5227220163456407,SM(26:0);FFA(22:1);FFA(24:1),FFA(16:0);FFA(15:0);LPC(15:0),3,0.1
ZO94RDZ:721->725,ZO94RDZ,3,autoregressive_ridge,0.3333333333333333,0.019230769230769232,0.0,True,0.2864034529778311,LPE(20:4);TAG47:1-FA16:1;FFA(18:0),FFA(16:0);FFA(15:0);LPC(15:0),3,0.1
ZO94RDZ:721->725,ZO94RDZ,3,autoregressive_context_ridge,0.3333333333333333,0.019230769230769232,0.0,True,0.417099011836619,FFA(18:0);LPE(20:4);TAG47:1-FA16:1,FFA(16:0);FFA(15:0);LPC(15:0),3,0.1
ZO94RDZ:725->730,ZO94RDZ,3,change_prevalence,0.3333333333333333,0.019230769230769232,0.0,True,0.42519772371691894,SM(26:0);FFA(22:1);FFA(24:1),FFA(12:0);LPC(15:0);LPE(20:4),3,0.1
ZO94RDZ:725->730,ZO94RDZ,3,autoregressive_ridge,1.0,0.057692307692307696,0.6666666666666666,True,0.8605857281270578,LPE(20:4);SM(22:0);FFA(12:0),FFA(12:0);LPC(15:0);LPE(20:4),3,0.1
ZO94RDZ:725->730,ZO94RDZ,3,autoregressive_context_ridge,1.0,0.057692307692307696,0.3333333333333333,True,0.8539062287903517,LPE(20:4);TAG47:1-FA16:1;SM(22:0),FFA(12:0);LPC(15:0);LPE(20:4),3,0.1
ZO94RDZ:730->733,ZO94RDZ,3,change_prevalence,0.0,0.0,0.0,False,0.18091991690615203,SM(26:0);FFA(22:1);FFA(24:1),FFA(18:1);FFA(18:2);FFA(18:3),3,0.1
ZO94RDZ:730->733,ZO94RDZ,3,autoregressive_ridge,1.0,0.057692307692307696,0.0,True,0.668665242332859,PC(16:0_18:0);FFA(20:3);PC(16:0_16:0),FFA(18:1);FFA(18:2);FFA(18:3),3,0.1
ZO94RDZ:730->733,ZO94RDZ,3,autoregressive_context_ridge,0.6666666666666666,0.038461538461538464,0.0,True,0.48263297015335377,FFA(20:3);PC(16:0_18:0);PI(16:0_18:2),FFA(18:1);FFA(18:2);FFA(18:3),3,0.1
ZO94RDZ:733->734,ZO94RDZ,3,change_prevalence,0.0,0.0,0.0,False,0.015185036832545235,SM(26:0);FFA(22:1);FFA(24:1),TAG56:2-FA20:0;TAG55:3-FA18:1;TAG56:3-FA20:0,3,0.1
ZO94RDZ:733->734,ZO94RDZ,3,autoregressive_ridge,0.0,0.0,0.0,False,0.39621160632528885,TAG50:2-FA18:2;TAG49:2-FA18:2;TAG49:2-FA15:0,TAG56:2-FA20:0;TAG55:3-FA18:1;TAG56:3-FA20:0,3,0.1
ZO94RDZ:733->734,ZO94RDZ,3,autoregressive_context_ridge,0.0,0.0,0.0,False,0.39621160632528885,TAG50:2-FA18:2;TAG49:2-FA18:2;TAG49:2-FA15:0,TAG56:2-FA20:0;TAG55:3-FA18:1;TAG56:3-FA20:0,3,0.1
ZO94RDZ:734->742,ZO94RDZ,3,change_prevalence,0.0,0.0,0.0,False,0.3594817464519386,SM(26:0);FFA(22:1);FFA(24:1),TAG56:2-FA20:0;TAG55:3-FA18:1;TAG58:3-FA18:1,3,0.1
ZO94RDZ:734->742,ZO94RDZ,3,autoregressive_ridge,1.0,0.057692307692307696,0.3333333333333333,True,0.9399953939701834,TAG56:2-FA20:0;TAG56:3-FA20:0;TAG56:3-FA18:2,TAG56:2-FA20:0;TAG55:3-FA18:1;TAG58:3-FA18:1,3,0.1
ZO94RDZ:734->742,ZO94RDZ,3,autoregressive_context_ridge,1.0,0.057692307692307696,0.3333333333333333,True,0.9399953939701834,TAG56:2-FA20:0;TAG56:3-FA20:0;TAG56:3-FA18:2,TAG56:2-FA20:0;TAG55:3-FA18:1;TAG58:3-FA18:1,3,0.1
ZO94RDZ:742->754,ZO94RDZ,3,change_prevalence,0.3333333333333333,0.019230769230769232,0.0,True,0.32008303048294995,SM(26:0);FFA(22:1);FFA(24:1),PE(P-16:0_18:2);PE(P-18:1_18:2);PE(P-18:0_18:1),3,0.1
ZO94RDZ:742->754,ZO94RDZ,3,autoregressive_ridge,0.0,0.0,0.0,False,0.2728549190970613,FFA(20:3);PC(16:0_18:0);PC(16:0_16:0),PE(P-16:0_18:2);PE(P-18:1_18:2);PE(P-18:0_18:1),3,0.1
ZO94RDZ:742->754,ZO94RDZ,3,autoregressive_context_ridge,0.0,0.0,0.0,False,0.2728549190970613,FFA(20:3);PC(16:0_18:0);PC(16:0_16:0),PE(P-16:0_18:2);PE(P-18:1_18:2);PE(P-18:0_18:1),3,0.1
ZO94RDZ:754->757,ZO94RDZ,3,change_prevalence,0.0,0.0,0.0,False,0.20852477392785881,SM(26:0);FFA(22:1);FFA(24:1),FFA(18:1);LPC(20:3);FFA(18:2),3,0.1
ZO94RDZ:754->757,ZO94RDZ,3,autoregressive_ridge,0.0,0.0,0.0,False,0.5104775163959216,FFA(20:3);FFA(18:4);FFA(24:0),FFA(18:1);LPC(20:3);FFA(18:2),3,0.1
ZO94RDZ:754->757,ZO94RDZ,3,autoregressive_context_ridge,0.0,0.0,0.0,False,0.5104775163959216,FFA(20:3);FFA(18:4);FFA(24:0),FFA(18:1);LPC(20:3);FFA(18:2),3,0.1
ZO94RDZ:757->770,ZO94RDZ,3,change_prevalence,0.0,0.0,0.0,False,0.13101189765848897,SM(26:0);FFA(22:1);FFA(24:1),CE(20:2);LPE(18:2);LPC(18:2),3,0.1
ZO94RDZ:757->770,ZO94RDZ,3,autoregressive_ridge,1.0,0.057692307692307696,0.0,True,0.6908010170533497,LPE(20:4);TAG48:3-FA12:0;TAG48:2-FA12:0,CE(20:2);LPE(18:2);LPC(18:2),3,0.1
ZO94RDZ:757->770,ZO94RDZ,3,autoregressive_context_ridge,1.0,0.057692307692307696,0.0,True,0.7223735861433416,TAG48:2-FA12:0;TAG48:3-FA12:0;LPE(20:4),CE(20:2);LPE(18:2);LPC(18:2),3,0.1
ZO94RDZ:770->782,ZO94RDZ,3,change_prevalence,0.0,0.0,0.0,False,0.10786635843854513,SM(26:0);FFA(22:1);FFA(24:1),CE(18:2);CE(20:2);PE(P-16:0_22:5),3,0.1
ZO94RDZ:770->782,ZO94RDZ,3,autoregressive_ridge,1.0,0.057692307692307696,0.0,True,0.7050667623019673,PC(18:0_20:3);PC(18:2_20:4);PC(18:1_20:3),CE(18:2);CE(20:2);PE(P-16:0_22:5),3,0.1
ZO94RDZ:770->782,ZO94RDZ,3,autoregressive_context_ridge,1.0,0.057692307692307696,0.0,True,0.6367988004268773,LPC(20:3);PC(18:0_20:3);PC(18:1_20:3),CE(18:2);CE(20:2);PE(P-16:0_22:5),3,0.1
ZQNZSQF:495->499,ZQNZSQF,3,change_prevalence,1.0,0.057692307692307696,0.0,True,0.7258766601949772,SM(26:0);FFA(22:1);FFA(24:1),PC(18:0_18:0);PC(16:0_16:0);PC(16:0_18:0),3,0.1
ZQNZSQF:495->499,ZQNZSQF,3,autoregressive_ridge,1.0,0.057692307692307696,1.0,True,0.9588616261428479,PC(16:0_16:0);PC(16:0_18:0);PC(18:0_18:0),PC(18:0_18:0);PC(16:0_16:0);PC(16:0_18:0),3,0.1
ZQNZSQF:495->499,ZQNZSQF,3,autoregressive_context_ridge,1.0,0.057692307692307696,1.0,True,0.9588616261428479,PC(16:0_16:0);PC(16:0_18:0);PC(18:0_18:0),PC(18:0_18:0);PC(16:0_16:0);PC(16:0_18:0),3,0.1
ZQNZSQF:499->502,ZQNZSQF,3,change_prevalence,0.0,0.0,0.0,False,0.09325848160572985,SM(26:0);FFA(22:1);FFA(24:1),CE(22:5);PE(18:0_22:5);LPE(20:4),3,0.1
ZQNZSQF:499->502,ZQNZSQF,3,autoregressive_ridge,0.3333333333333333,0.019230769230769232,0.3333333333333333,True,0.33294943484492323,SM(26:0);LPE(20:4);FFA(22:0),CE(22:5);PE(18:0_22:5);LPE(20:4),3,0.1
ZQNZSQF:499->502,ZQNZSQF,3,autoregressive_context_ridge,0.3333333333333333,0.019230769230769232,0.3333333333333333,True,0.33294943484492323,SM(26:0);LPE(20:4);FFA(22:0),CE(22:5);PE(18:0_22:5);LPE(20:4),3,0.1
ZRTA5U5:355->358,ZRTA5U5,3,change_prevalence,0.0,0.0,0.0,False,0.1685677787699837,SM(26:0);FFA(22:1);FFA(24:1),TAG52:4-FA14:0;TAG52:3-FA14:0;TAG54:4-FA16:1,3,0.1
ZRTA5U5:355->358,ZRTA5U5,3,autoregressive_ridge,0.0,0.0,0.0,False,0.228679272279757,FFA(16:0);FFA(18:0);FFA(14:0),TAG52:4-FA14:0;TAG52:3-FA14:0;TAG54:4-FA16:1,3,0.1
ZRTA5U5:355->358,ZRTA5U5,3,autoregressive_context_ridge,0.0,0.0,0.0,False,0.228679272279757,FFA(16:0);FFA(18:0);FFA(14:0),TAG52:4-FA14:0;TAG52:3-FA14:0;TAG54:4-FA16:1,3,0.1
ZSUQ08V:817->818,ZSUQ08V,3,change_prevalence,0.6666666666666666,0.038461538461538464,0.0,True,0.6319574459003989,SM(26:0);FFA(22:1);FFA(24:1),TAG51:4-FA18:2;PC(17:0_18:2);TAG51:4-FA15:0,3,0.1
ZSUQ08V:817->818,ZSUQ08V,3,autoregressive_ridge,1.0,0.057692307692307696,0.0,True,0.8610062959655046,PE(18:0_18:1);TAG54:0-FA18:0;TAG54:1-FA18:0,TAG51:4-FA18:2;PC(17:0_18:2);TAG51:4-FA15:0,3,0.1
ZSUQ08V:817->818,ZSUQ08V,3,autoregressive_context_ridge,1.0,0.057692307692307696,0.3333333333333333,True,0.8991115320464244,PE(18:0_18:1);TAG55:5-FA18:2;TAG51:4-FA18:2,TAG51:4-FA18:2;PC(17:0_18:2);TAG51:4-FA15:0,3,0.1
ZSUQ08V:818->820,ZSUQ08V,3,change_prevalence,0.0,0.0,0.0,False,0.19660569617427487,SM(26:0);FFA(22:1);FFA(24:1),TAG48:4-FA18:2;TAG48:4-FA18:1;TAG48:4-FA12:0,3,0.1
ZSUQ08V:818->820,ZSUQ08V,3,autoregressive_ridge,0.3333333333333333,0.019230769230769232,0.0,True,0.4340384550348761,LPC(15:0);TAG56:1-FA18:1;FFA(20:4),TAG48:4-FA18:2;TAG48:4-FA18:1;TAG48:4-FA12:0,3,0.1
ZSUQ08V:818->820,ZSUQ08V,3,autoregressive_context_ridge,0.3333333333333333,0.019230769230769232,0.0,True,0.49445168810535617,LPC(15:0);FFA(18:1);TAG56:1-FA18:1,TAG48:4-FA18:2;TAG48:4-FA18:1;TAG48:4-FA12:0,3,0.1
ZSUQ08V:820->829,ZSUQ08V,3,change_prevalence,0.6666666666666666,0.038461538461538464,0.0,True,0.49839329531792137,SM(26:0);FFA(22:1);FFA(24:1),TAG58:3-FA18:1;TAG48:4-FA18:1;TAG44:1-FA18:1,3,0.1
ZSUQ08V:820->829,ZSUQ08V,3,autoregressive_ridge,1.0,0.057692307692307696,0.0,True,0.8564273098735252,TAG48:4-FA18:2;TAG48:4-FA12:0;TAG48:3-FA12:0,TAG58:3-FA18:1;TAG48:4-FA18:1;TAG44:1-FA18:1,3,0.1
ZSUQ08V:820->829,ZSUQ08V,3,autoregressive_context_ridge,1.0,0.057692307692307696,0.0,True,0.8564273098735252,TAG48:4-FA18:2;TAG48:4-FA12:0;TAG48:3-FA12:0,TAG58:3-FA18:1;TAG48:4-FA18:1;TAG44:1-FA18:1,3,0.1
ZSUQ08V:829->834,ZSUQ08V,3,change_prevalence,0.6666666666666666,0.038461538461538464,0.0,True,0.3646125398348632,SM(26:0);FFA(22:1);FFA(24:1),TAG48:4-FA12:0;LPC(17:0);TAG48:4-FA18:2,3,0.1
ZSUQ08V:829->834,ZSUQ08V,3,autoregressive_ridge,1.0,0.057692307692307696,0.3333333333333333,True,0.9091840166368519,TAG54:0-FA18:0;TAG48:4-FA12:0;TAG48:2-FA12:0,TAG48:4-FA12:0;LPC(17:0);TAG48:4-FA18:2,3,0.1
ZSUQ08V:829->834,ZSUQ08V,3,autoregressive_context_ridge,1.0,0.057692307692307696,0.3333333333333333,True,0.8017040144621692,PI(18:1_18:1);TAG54:0-FA18:0;TAG48:4-FA12:0,TAG48:4-FA12:0;LPC(17:0);TAG48:4-FA18:2,3,0.1
ZSUQ08V:834->839,ZSUQ08V,3,change_prevalence,0.6666666666666666,0.038461538461538464,0.3333333333333333,True,0.4611032557825277,SM(26:0);FFA(22:1);FFA(24:1),PC(16:0_16:0);PC(16:0_18:0);FFA(22:1),3,0.1
ZSUQ08V:834->839,ZSUQ08V,3,autoregressive_ridge,0.3333333333333333,0.019230769230769232,0.0,True,0.3984114344797385,PI(16:0_20:4);PC(14:0_18:2);PI(18:0_20:4),PC(16:0_16:0);PC(16:0_18:0);FFA(22:1),3,0.1
ZSUQ08V:834->839,ZSUQ08V,3,autoregressive_context_ridge,0.6666666666666666,0.038461538461538464,0.3333333333333333,True,0.6137234817683044,PI(16:0_20:4);PC(16:0_16:0);PI(18:0_20:4),PC(16:0_16:0);PC(16:0_18:0);FFA(22:1),3,0.1
ZSUQ08V:839->846,ZSUQ08V,3,change_prevalence,0.6666666666666666,0.038461538461538464,0.0,True,0.47677629547375805,SM(26:0);FFA(22:1);FFA(24:1),PC(16:0_16:0);PC(16:0_18:0);FFA(24:0),3,0.1
ZSUQ08V:839->846,ZSUQ08V,3,autoregressive_ridge,1.0,0.057692307692307696,0.6666666666666666,True,0.8803440306867182,PC(16:0_18:0);TAG54:0-FA18:0;PC(16:0_16:0),PC(16:0_16:0);PC(16:0_18:0);FFA(24:0),3,0.1
ZSUQ08V:839->846,ZSUQ08V,3,autoregressive_context_ridge,1.0,0.057692307692307696,0.3333333333333333,True,0.8102988857512596,PC(16:0_18:0);TAG54:0-FA18:0;FFA(24:1),PC(16:0_16:0);PC(16:0_18:0);FFA(24:0),3,0.1
ZTJ7L7Z:748->750,ZTJ7L7Z,3,change_prevalence,0.6666666666666666,0.038461538461538464,0.6666666666666666,True,0.5503278109590958,SM(26:0);FFA(22:1);FFA(24:1),FFA(22:1);FFA(24:0);FFA(24:1),3,0.1
ZTJ7L7Z:748->750,ZTJ7L7Z,3,autoregressive_ridge,0.0,0.0,0.0,False,0.07034228258273828,PE(18:0_18:1);TAG56:3-FA20:0;PE(18:0_18:2),FFA(22:1);FFA(24:0);FFA(24:1),3,0.1
ZTJ7L7Z:748->750,ZTJ7L7Z,3,autoregressive_context_ridge,0.3333333333333333,0.019230769230769232,0.0,True,0.1349171910631005,PE(18:0_18:1);TAG56:3-FA20:0;TAG56:5-FA20:1,FFA(22:1);FFA(24:0);FFA(24:1),3,0.1
ZTJ7L7Z:750->753,ZTJ7L7Z,3,change_prevalence,1.0,0.057692307692307696,0.3333333333333333,True,0.7169742281257317,SM(26:0);FFA(22:1);FFA(24:1),FFA(24:0);PC(16:0_18:0);FFA(24:1),3,0.1
ZTJ7L7Z:750->753,ZTJ7L7Z,3,autoregressive_ridge,0.3333333333333333,0.019230769230769232,0.0,True,0.3546232337795614,PE(18:0_18:1);TAG58:3-FA18:1;TAG56:3-FA20:0,FFA(24:0);PC(16:0_18:0);FFA(24:1),3,0.1
ZTJ7L7Z:750->753,ZTJ7L7Z,3,autoregressive_context_ridge,0.6666666666666666,0.038461538461538464,0.3333333333333333,True,0.5396782282441787,PE(18:0_18:1);TAG58:3-FA18:1;FFA(24:1),FFA(24:0);PC(16:0_18:0);FFA(24:1),3,0.1
ZTJ7L7Z:753->754,ZTJ7L7Z,3,change_prevalence,0.3333333333333333,0.019230769230769232,0.0,True,0.29705587388549376,SM(26:0);FFA(22:1);FFA(24:1),LPC(15:0);LPC(16:1);LPC(18:2),3,0.1
ZTJ7L7Z:753->754,ZTJ7L7Z,3,autoregressive_ridge,1.0,0.057692307692307696,0.3333333333333333,True,0.8387695652744622,LPC(16:1);FFA(12:0);FFA(20:0),LPC(15:0);LPC(16:1);LPC(18:2),3,0.1
ZTJ7L7Z:753->754,ZTJ7L7Z,3,autoregressive_context_ridge,1.0,0.057692307692307696,0.3333333333333333,True,0.8387695652744622,LPC(16:1);FFA(12:0);FFA(20:0),LPC(15:0);LPC(16:1);LPC(18:2),3,0.1
ZTJ7L7Z:754->756,ZTJ7L7Z,3,change_prevalence,0.0,0.0,0.0,False,0.3054828336520381,SM(26:0);FFA(22:1);FFA(24:1),FFA(18:4);TAG54:8-FA18:3;TAG56:5-FA20:1,3,0.1
ZTJ7L7Z:754->756,ZTJ7L7Z,3,autoregressive_ridge,0.0,0.0,0.0,False,0.3172626852100451,TAG56:1-FA18:1;TAG56:2-FA20:0;SM(14:0),FFA(18:4);TAG54:8-FA18:3;TAG56:5-FA20:1,3,0.1
ZTJ7L7Z:754->756,ZTJ7L7Z,3,autoregressive_context_ridge,0.0,0.0,0.0,False,0.29194377133845884,SM(14:0);PE(P-16:0_18:1);TAG56:2-FA20:0,FFA(18:4);TAG54:8-FA18:3;TAG56:5-FA20:1,3,0.1
ZTJ7L7Z:756->760,ZTJ7L7Z,3,change_prevalence,0.6666666666666666,0.038461538461538464,0.0,True,0.4080305133069615,SM(26:0);FFA(22:1);FFA(24:1),FFA(18:4);PI(16:0_18:2);PI(18:0_18:2),3,0.1
ZTJ7L7Z:756->760,ZTJ7L7Z,3,autoregressive_ridge,0.3333333333333333,0.019230769230769232,0.3333333333333333,True,0.6900152361501722,FFA(18:4);TAG54:0-FA18:0;TAG54:1-FA20:0,FFA(18:4);PI(16:0_18:2);PI(18:0_18:2),3,0.1
ZTJ7L7Z:756->760,ZTJ7L7Z,3,autoregressive_context_ridge,0.3333333333333333,0.019230769230769232,0.3333333333333333,True,0.6870685084115391,FFA(18:4);TAG56:2-FA20:0;HCER(22:0),FFA(18:4);PI(16:0_18:2);PI(18:0_18:2),3,0.1
ZTJ7L7Z:760->763,ZTJ7L7Z,3,change_prevalence,1.0,0.057692307692307696,0.3333333333333333,True,0.6960947378813749,SM(26:0);FFA(22:1);FFA(24:1),FFA(20:3);FFA(22:1);FFA(24:0),3,0.1
ZTJ7L7Z:760->763,ZTJ7L7Z,3,autoregressive_ridge,1.0,0.057692307692307696,0.0,True,0.46599775950502736,TAG58:3-FA18:1;TAG56:2-FA20:0;TAG56:3-FA20:0,FFA(20:3);FFA(22:1);FFA(24:0),3,0.1
ZTJ7L7Z:760->763,ZTJ7L7Z,3,autoregressive_context_ridge,1.0,0.057692307692307696,0.0,True,0.4252096446413968,TAG56:2-FA20:0;TAG56:3-FA20:0;TAG58:3-FA18:1,FFA(20:3);FFA(22:1);FFA(24:0),3,0.1
ZTJ7L7Z:763->768,ZTJ7L7Z,3,change_prevalence,1.0,0.057692307692307696,0.0,True,0.5523223130607521,SM(26:0);FFA(22:1);FFA(24:1),FFA(22:5);FFA(20:3);FFA(18:0),3,0.1
ZTJ7L7Z:763->768,ZTJ7L7Z,3,autoregressive_ridge,0.6666666666666666,0.038461538461538464,0.0,True,0.6112777609545258,PC(16:0_16:0);PC(16:0_18:0);SM(20:0),FFA(22:5);FFA(20:3);FFA(18:0),3,0.1
ZTJ7L7Z:763->768,ZTJ7L7Z,3,autoregressive_context_ridge,0.6666666666666666,0.038461538461538464,0.0,True,0.6277245740373629,PC(16:0_16:0);PC(17:0_18:1);PI(18:0_20:4),FFA(22:5);FFA(20:3);FFA(18:0),3,0.1
ZTJ7L7Z:768->784,ZTJ7L7Z,3,change_prevalence,0.0,0.0,0.0,False,0.11744207092853566,SM(26:0);FFA(22:1);FFA(24:1),FFA(22:5);FFA(22:2);TAG56:2-FA20:0,3,0.1
ZTJ7L7Z:768->784,ZTJ7L7Z,3,autoregressive_ridge,1.0,0.057692307692307696,0.3333333333333333,True,0.4611157261730831,TAG55:2-FA18:1;TAG58:3-FA18:1;TAG56:2-FA20:0,FFA(22:5);FFA(22:2);TAG56:2-FA20:0,3,0.1
ZTJ7L7Z:768->784,ZTJ7L7Z,3,autoregressive_context_ridge,1.0,0.057692307692307696,0.3333333333333333,True,0.4737910383203525,TAG55:2-FA18:1;TAG56:2-FA20:0;TAG58:3-FA18:1,FFA(22:5);FFA(22:2);TAG56:2-FA20:0,3,0.1
ZTJ7L7Z:784->792,ZTJ7L7Z,3,change_prevalence,0.0,0.0,0.0,False,0.188553677772252,SM(26:0);FFA(22:1);FFA(24:1),FFA(22:5);FFA(22:2);PC(14:0_18:2),3,0.1
ZTJ7L7Z:784->792,ZTJ7L7Z,3,autoregressive_ridge,0.3333333333333333,0.019230769230769232,0.0,True,0.19741234274685635,TAG56:1-FA18:1;TAG55:2-FA18:1;TAG56:2-FA20:0,FFA(22:5);FFA(22:2);PC(14:0_18:2),3,0.1
ZTJ7L7Z:784->792,ZTJ7L7Z,3,autoregressive_context_ridge,0.3333333333333333,0.019230769230769232,0.0,True,0.13713536494680625,TAG55:2-FA18:1;TAG56:1-FA18:1;TAG56:2-FA20:0,FFA(22:5);FFA(22:2);PC(14:0_18:2),3,0.1
ZUF48YS:822->825,ZUF48YS,3,change_prevalence,0.6666666666666666,0.038461538461538464,0.0,True,0.48575583809404144,SM(26:0);FFA(22:1);FFA(24:1),PC(16:0_18:0);PC(16:0_16:0);FFA(24:0),3,0.1
ZUF48YS:822->825,ZUF48YS,3,autoregressive_ridge,1.0,0.057692307692307696,0.6666666666666666,True,0.9875724634125357,PC(16:0_18:0);PC(16:0_16:0);PC(18:0_18:0),PC(16:0_18:0);PC(16:0_16:0);FFA(24:0),3,0.1
ZUF48YS:822->825,ZUF48YS,3,autoregressive_context_ridge,1.0,0.057692307692307696,0.6666666666666666,True,0.9875724634125357,PC(16:0_18:0);PC(16:0_16:0);PC(18:0_18:0),PC(16:0_18:0);PC(16:0_16:0);FFA(24:0),3,0.1
ZUF48YS:825->829,ZUF48YS,3,change_prevalence,0.6666666666666666,0.038461538461538464,0.0,True,0.5489279697443106,SM(26:0);FFA(22:1);FFA(24:1),LPC(20:3);FFA(20:0);LPC(16:1),3,0.1
ZUF48YS:825->829,ZUF48YS,3,autoregressive_ridge,0.3333333333333333,0.019230769230769232,0.0,True,0.40534298779782124,FFA(18:4);PE(P-18:0_18:1);TAG60:10-FA22:5,LPC(20:3);FFA(20:0);LPC(16:1),3,0.1
ZUF48YS:825->829,ZUF48YS,3,autoregressive_context_ridge,0.0,0.0,0.0,False,0.24218118017734083,PE(P-18:0_18:1);FFA(18:4);PE(O-16:0_20:4),LPC(20:3);FFA(20:0);LPC(16:1),3,0.1
ZUF48YS:829->832,ZUF48YS,3,change_prevalence,0.3333333333333333,0.019230769230769232,0.0,True,0.47049340209823665,SM(26:0);FFA(22:1);FFA(24:1),FFA(20:0);FFA(16:0);FFA(14:0),3,0.1
ZUF48YS:829->832,ZUF48YS,3,autoregressive_ridge,1.0,0.057692307692307696,0.3333333333333333,True,0.8741495007745198,FFA(20:0);FFA(22:0);SM(26:0),FFA(20:0);FFA(16:0);FFA(14:0),3,0.1
ZUF48YS:829->832,ZUF48YS,3,autoregressive_context_ridge,0.6666666666666666,0.038461538461538464,0.3333333333333333,True,0.7507022880560803,FFA(20:0);FFA(22:0);PE(P-18:0_18:2),FFA(20:0);FFA(16:0);FFA(14:0),3,0.1
ZUF48YS:832->835,ZUF48YS,3,change_prevalence,0.6666666666666666,0.038461538461538464,0.0,True,0.4789965214379473,SM(26:0);FFA(22:1);FFA(24:1),FFA(16:0);FFA(14:0);FFA(18:1),3,0.1
ZUF48YS:832->835,ZUF48YS,3,autoregressive_ridge,1.0,0.057692307692307696,0.6666666666666666,True,0.9810162146975251,FFA(16:0);FFA(16:1);FFA(18:1),FFA(16:0);FFA(14:0);FFA(18:1),3,0.1
ZUF48YS:832->835,ZUF48YS,3,autoregressive_context_ridge,0.3333333333333333,0.019230769230769232,0.3333333333333333,True,0.38220451564314223,PE(P-18:0_18:2);PE(P-18:0_18:1);FFA(16:0),FFA(16:0);FFA(14:0);FFA(18:1),3,0.1
ZUF48YS:835->839,ZUF48YS,3,change_prevalence,1.0,0.057692307692307696,0.0,True,0.5935772229579904,SM(26:0);FFA(22:1);FFA(24:1),SM(22:0);PE(P-16:0_18:1);PC(18:2_16:1),3,0.1
ZUF48YS:835->839,ZUF48YS,3,autoregressive_ridge,1.0,0.057692307692307696,0.0,True,0.664490732974415,PE(P-18:0_18:1);FFA(16:0);SM(26:0),SM(22:0);PE(P-16:0_18:1);PC(18:2_16:1),3,0.1
ZUF48YS:835->839,ZUF48YS,3,autoregressive_context_ridge,0.6666666666666666,0.038461538461538464,0.0,True,0.64489976426656,FFA(16:0);PE(P-18:0_18:1);PE(P-18:0_18:2),SM(22:0);PE(P-16:0_18:1);PC(18:2_16:1),3,0.1
ZUF48YS:839->842,ZUF48YS,3,change_prevalence,0.6666666666666666,0.038461538461538464,0.3333333333333333,True,0.8217742954963092,SM(26:0);FFA(22:1);FFA(24:1),SM(26:0);FFA(22:5);FFA(22:2),3,0.1
ZUF48YS:839->842,ZUF48YS,3,autoregressive_ridge,0.3333333333333333,0.019230769230769232,0.0,True,0.49952486190506123,FFA(18:4);PI(16:0_18:1);PI(16:0_18:2),SM(26:0);FFA(22:5);FFA(22:2),3,0.1
ZUF48YS:839->842,ZUF48YS,3,autoregressive_context_ridge,0.6666666666666666,0.038461538461538464,0.3333333333333333,True,0.6799473846554128,FFA(18:4);PI(16:0_18:1);FFA(22:5),SM(26:0);FFA(22:5);FFA(22:2),3,0.1
ZUF48YS:842->844,ZUF48YS,3,change_prevalence,0.3333333333333333,0.019230769230769232,0.3333333333333333,True,0.5181841580271024,SM(26:0);FFA(22:1);FFA(24:1),PE(18:0_18:1);SM(26:0);PE(18:0_18:2),3,0.1
ZUF48YS:842->844,ZUF48YS,3,autoregressive_ridge,0.6666666666666666,0.038461538461538464,0.3333333333333333,True,0.7276114264752208,SM(26:0);SM(20:0);PE(P-18:0_18:1),PE(18:0_18:1);SM(26:0);PE(18:0_18:2),3,0.1
ZUF48YS:842->844,ZUF48YS,3,autoregressive_context_ridge,0.6666666666666666,0.038461538461538464,0.3333333333333333,True,0.5055277293852999,PE(P-18:0_18:1);PE(P-18:0_18:2);SM(26:0),PE(18:0_18:1);SM(26:0);PE(18:0_18:2),3,0.1
ZUF48YS:844->846,ZUF48YS,3,change_prevalence,0.6666666666666666,0.038461538461538464,0.0,True,0.5111822297431422,SM(26:0);FFA(22:1);FFA(24:1),PC(16:0_18:0);PE(P-18:1_18:2);FFA(24:0),3,0.1
ZUF48YS:844->846,ZUF48YS,3,autoregressive_ridge,0.3333333333333333,0.019230769230769232,0.0,True,0.4363342108861945,PE(18:0_18:1);PE(18:0_22:5);PE(18:0_18:2),PC(16:0_18:0);PE(P-18:1_18:2);FFA(24:0),3,0.1
ZUF48YS:844->846,ZUF48YS,3,autoregressive_context_ridge,0.3333333333333333,0.019230769230769232,0.0,True,0.3482288286846088,SM(16:0);PE(P-18:0_18:2);PE(18:0_18:1),PC(16:0_18:0);PE(P-18:1_18:2);FFA(24:0),3,0.1
ZUF48YS:846->852,ZUF48YS,3,change_prevalence,0.3333333333333333,0.019230769230769232,0.3333333333333333,True,0.41465191709759447,SM(26:0);FFA(22:1);FFA(24:1),PE(18:0_18:1);PE(18:0_18:2);SM(26:0),3,0.1
ZUF48YS:846->852,ZUF48YS,3,autoregressive_ridge,0.6666666666666666,0.038461538461538464,0.6666666666666666,True,0.8475814457653222,PE(18:0_18:1);PE(18:0_18:2);FFA(24:0),PE(18:0_18:1);PE(18:0_18:2);SM(26:0),3,0.1
ZUF48YS:846->852,ZUF48YS,3,autoregressive_context_ridge,0.6666666666666666,0.038461538461538464,0.6666666666666666,True,0.8475814457653222,PE(18:0_18:1);PE(18:0_18:2);FFA(24:0),PE(18:0_18:1);PE(18:0_18:2);SM(26:0),3,0.1
ZUF48YS:852->858,ZUF48YS,3,change_prevalence,0.0,0.0,0.0,False,0.13737963374368345,SM(26:0);FFA(22:1);FFA(24:1),LPC(20:3);PE(18:0_18:1);LPE(20:4),3,0.1
ZUF48YS:852->858,ZUF48YS,3,autoregressive_ridge,0.3333333333333333,0.019230769230769232,0.0,True,0.462238835384573,FFA(18:4);PC(14:0_18:1);TAG46:1-FA12:0,LPC(20:3);PE(18:0_18:1);LPE(20:4),3,0.1
ZUF48YS:852->858,ZUF48YS,3,autoregressive_context_ridge,0.0,0.0,0.0,False,0.3376314295115521,FFA(18:4);PC(14:0_18:1);PE(P-18:0_18:2),LPC(20:3);PE(18:0_18:1);LPE(20:4),3,0.1
ZUF48YS:858->867,ZUF48YS,3,change_prevalence,1.0,0.057692307692307696,0.0,True,0.8503699750355149,SM(26:0);FFA(22:1);FFA(24:1),HCER(22:0);PC(16:0_18:0);PC(16:0_16:0),3,0.1
ZUF48YS:858->867,ZUF48YS,3,autoregressive_ridge,1.0,0.057692307692307696,0.6666666666666666,True,0.7455982559840205,LPC(15:0);PC(16:0_18:0);PC(16:0_16:0),HCER(22:0);PC(16:0_18:0);PC(16:0_16:0),3,0.1
ZUF48YS:858->867,ZUF48YS,3,autoregressive_context_ridge,1.0,0.057692307692307696,0.0,True,0.5653605888894313,LPC(15:0);LPC(16:0);LPE(16:0),HCER(22:0);PC(16:0_18:0);PC(16:0_16:0),3,0.1
ZUPAQVU:685->688,ZUPAQVU,3,change_prevalence,0.6666666666666666,0.038461538461538464,0.0,True,0.20139991904793073,SM(26:0);FFA(22:1);FFA(24:1),FFA(17:0);PC(18:0_18:0);FFA(15:0),3,0.1
ZUPAQVU:685->688,ZUPAQVU,3,autoregressive_ridge,1.0,0.057692307692307696,0.6666666666666666,True,0.8740882143977059,FFA(17:0);FFA(15:0);FFA(14:0),FFA(17:0);PC(18:0_18:0);FFA(15:0),3,0.1
ZUPAQVU:685->688,ZUPAQVU,3,autoregressive_context_ridge,1.0,0.057692307692307696,0.6666666666666666,True,0.8740882143977059,FFA(17:0);FFA(15:0);FFA(14:0),FFA(17:0);PC(18:0_18:0);FFA(15:0),3,0.1
ZUPAQVU:688->690,ZUPAQVU,3,change_prevalence,1.0,0.057692307692307696,0.0,True,0.5204700608637784,SM(26:0);FFA(22:1);FFA(24:1),PC(18:0_18:0);PC(16:0_18:0);PC(16:0_16:0),3,0.1
ZUPAQVU:688->690,ZUPAQVU,3,autoregressive_ridge,1.0,0.057692307692307696,1.0,True,0.9965167173555911,PC(18:0_18:0);PC(16:0_16:0);PC(16:0_18:0),PC(18:0_18:0);PC(16:0_18:0);PC(16:0_16:0),3,0.1
ZUPAQVU:688->690,ZUPAQVU,3,autoregressive_context_ridge,1.0,0.057692307692307696,1.0,True,0.9965167173555911,PC(18:0_18:0);PC(16:0_16:0);PC(16:0_18:0),PC(18:0_18:0);PC(16:0_18:0);PC(16:0_16:0),3,0.1
ZUPAQVU:690->694,ZUPAQVU,3,change_prevalence,0.0,0.0,0.0,False,0.3182418472349709,SM(26:0);FFA(22:1);FFA(24:1),PC(16:0_18:3);PC(14:0_18:2);TAG50:5-FA18:1,3,0.1
ZUPAQVU:690->694,ZUPAQVU,3,autoregressive_ridge,0.0,0.0,0.0,False,0.20916981702074783,FFA(12:0);TAG54:0-FA18:0;SM(20:0),PC(16:0_18:3);PC(14:0_18:2);TAG50:5-FA18:1,3,0.1
ZUPAQVU:690->694,ZUPAQVU,3,autoregressive_context_ridge,0.0,0.0,0.0,False,0.3033258492790095,FFA(12:0);TAG54:0-FA18:0;PC(18:0_22:5),PC(16:0_18:3);PC(14:0_18:2);TAG50:5-FA18:1,3,0.1
ZUPAQVU:694->697,ZUPAQVU,3,change_prevalence,0.3333333333333333,0.019230769230769232,0.0,True,0.3987349786334706,SM(26:0);FFA(22:1);FFA(24:1),PI(16:0_20:4);PC(16:0_18:3);PC(14:0_18:1),3,0.1
ZUPAQVU:694->697,ZUPAQVU,3,autoregressive_ridge,1.0,0.057692307692307696,0.0,True,0.6983111475356708,TAG50:5-FA18:2;TAG50:5-FA18:1;TAG50:5-FA14:0,PI(16:0_20:4);PC(16:0_18:3);PC(14:0_18:1),3,0.1
ZUPAQVU:694->697,ZUPAQVU,3,autoregressive_context_ridge,1.0,0.057692307692307696,0.0,True,0.6983111475356708,TAG50:5-FA18:2;TAG50:5-FA18:1;TAG50:5-FA14:0,PI(16:0_20:4);PC(16:0_18:3);PC(14:0_18:1),3,0.1
ZUPAQVU:697->699,ZUPAQVU,3,change_prevalence,1.0,0.057692307692307696,0.3333333333333333,True,0.7906691716863997,SM(26:0);FFA(22:1);FFA(24:1),FFA(22:1);FFA(22:2);FFA(22:0),3,0.1
ZUPAQVU:697->699,ZUPAQVU,3,autoregressive_ridge,0.6666666666666666,0.038461538461538464,0.6666666666666666,True,0.8570790837805196,FFA(22:1);FFA(22:2);FFA(18:1),FFA(22:1);FFA(22:2);FFA(22:0),3,0.1
ZUPAQVU:697->699,ZUPAQVU,3,autoregressive_context_ridge,1.0,0.057692307692307696,0.6666666666666666,True,0.9125998045312801,FFA(22:1);FFA(22:2);FFA(20:1),FFA(22:1);FFA(22:2);FFA(22:0),3,0.1
ZUPAQVU:699->703,ZUPAQVU,3,change_prevalence,0.3333333333333333,0.019230769230769232,0.0,True,0.4819020032407703,SM(26:0);FFA(22:1);FFA(24:1),SM(18:1);SM(18:0);TAG56:4-FA20:2,3,0.1
ZUPAQVU:699->703,ZUPAQVU,3,autoregressive_ridge,0.3333333333333333,0.019230769230769232,0.0,True,0.46715392263005995,FFA(24:1);TAG56:3-FA18:1;PC(16:0_20:3),SM(18:1);SM(18:0);TAG56:4-FA20:2,3,0.1
ZUPAQVU:699->703,ZUPAQVU,3,autoregressive_context_ridge,0.6666666666666666,0.038461538461538464,0.0,True,0.615920618699892,TAG56:3-FA18:1;FFA(24:1);TAG56:3-FA20:1,SM(18:1);SM(18:0);TAG56:4-FA20:2,3,0.1
ZUPAQVU:703->706,ZUPAQVU,3,change_prevalence,0.6666666666666666,0.038461538461538464,0.0,True,0.5303918859540239,SM(26:0);FFA(22:1);FFA(24:1),FFA(16:0);FFA(18:1);FFA(18:2),3,0.1
ZUPAQVU:703->706,ZUPAQVU,3,autoregressive_ridge,1.0,0.057692307692307696,0.0,True,0.7481620766915204,TAG47:1-FA16:1;FFA(22:1);FFA(22:2),FFA(16:0);FFA(18:1);FFA(18:2),3,0.1
ZUPAQVU:703->706,ZUPAQVU,3,autoregressive_context_ridge,1.0,0.057692307692307696,0.0,True,0.7481620766915204,TAG47:1-FA16:1;FFA(22:1);FFA(22:2),FFA(16:0);FFA(18:1);FFA(18:2),3,0.1
ZUPAQVU:706->709,ZUPAQVU,3,change_prevalence,0.0,0.0,0.0,False,0.14362291612001835,SM(26:0);FFA(22:1);FFA(24:1),CE(22:5);TAG44:1-FA18:1;PI(18:0_20:4),3,0.1
ZUPAQVU:706->709,ZUPAQVU,3,autoregressive_ridge,0.0,0.0,0.0,False,0.3103939853793356,FFA(16:0);FFA(18:0);FFA(18:1),CE(22:5);TAG44:1-FA18:1;PI(18:0_20:4),3,0.1
ZUPAQVU:706->709,ZUPAQVU,3,autoregressive_context_ridge,0.0,0.0,0.0,False,0.25595606545728317,FFA(18:0);FFA(16:0);FFA(20:1),CE(22:5);TAG44:1-FA18:1;PI(18:0_20:4),3,0.1
ZUPAQVU:709->715,ZUPAQVU,3,change_prevalence,1.0,0.057692307692307696,0.0,True,0.6660754079622477,SM(26:0);FFA(22:1);FFA(24:1),FFA(18:0);FFA(18:4);FFA(17:0),3,0.1
ZUPAQVU:709->715,ZUPAQVU,3,autoregressive_ridge,0.6666666666666666,0.038461538461538464,0.3333333333333333,True,0.6069708814746784,FFA(20:0);FFA(18:0);FFA(16:0),FFA(18:0);FFA(18:4);FFA(17:0),3,0.1
ZUPAQVU:709->715,ZUPAQVU,3,autoregressive_context_ridge,0.3333333333333333,0.019230769230769232,0.0,True,0.2655667962629684,FFA(20:0);PE(P-18:0_18:2);PC(17:0_18:2),FFA(18:0);FFA(18:4);FFA(17:0),3,0.1
ZUPAQVU:715->720,ZUPAQVU,3,change_prevalence,1.0,0.057692307692307696,0.0,True,0.47296377473463647,SM(26:0);FFA(22:1);FFA(24:1),FFA(18:0);FFA(17:0);FFA(14:0),3,0.1
ZUPAQVU:715->720,ZUPAQVU,3,autoregressive_ridge,1.0,0.057692307692307696,0.6666666666666666,True,0.9721466461879807,FFA(18:0);FFA(16:0);FFA(17:0),FFA(18:0);FFA(17:0);FFA(14:0),3,0.1
ZUPAQVU:715->720,ZUPAQVU,3,autoregressive_context_ridge,1.0,0.057692307692307696,0.6666666666666666,True,0.9906739175769403,FFA(18:0);FFA(17:0);FFA(16:0),FFA(18:0);FFA(17:0);FFA(14:0),3,0.1
ZUPAQVU:720->727,ZUPAQVU,3,change_prevalence,0.0,0.0,0.0,False,0.1464134572822305,SM(26:0);FFA(22:1);FFA(24:1),PE(18:0_18:2);PE(18:0_18:1);TAG51:5-FA18:2,3,0.1
ZUPAQVU:720->727,ZUPAQVU,3,autoregressive_ridge,0.3333333333333333,0.019230769230769232,0.3333333333333333,True,0.5138266093968309,TAG51:5-FA18:2;SM(18:0);SM(18:1),PE(18:0_18:2);PE(18:0_18:1);TAG51:5-FA18:2,3,0.1
ZUPAQVU:720->727,ZUPAQVU,3,autoregressive_context_ridge,0.6666666666666666,0.038461538461538464,0.3333333333333333,True,0.6477598734900724,TAG51:5-FA18:2;SM(18:0);TAG51:4-FA18:2,PE(18:0_18:2);PE(18:0_18:1);TAG51:5-FA18:2,3,0.1
ZUPAQVU:727->735,ZUPAQVU,3,change_prevalence,0.0,0.0,0.0,False,0.18468060746591056,SM(26:0);FFA(22:1);FFA(24:1),FFA(20:0);FFA(22:0);PI(16:0_18:1),3,0.1
ZUPAQVU:727->735,ZUPAQVU,3,autoregressive_ridge,0.0,0.0,0.0,False,0.08923401440344754,PE(18:0_18:1);PE(18:0_18:2);PE(18:0_20:4),FFA(20:0);FFA(22:0);PI(16:0_18:1),3,0.1
ZUPAQVU:727->735,ZUPAQVU,3,autoregressive_context_ridge,0.0,0.0,0.0,False,0.08923401440344754,PE(18:0_18:1);PE(18:0_18:2);PE(18:0_20:4),FFA(20:0);FFA(22:0);PI(16:0_18:1),3,0.1
ZV14SIB:717->720,ZV14SIB,3,change_prevalence,1.0,0.057692307692307696,0.0,True,0.6910161856454886,SM(26:0);FFA(22:1);FFA(24:1),TAG47:1-FA16:1;FFA(24:0);CE(22:5),3,0.1
ZV14SIB:717->720,ZV14SIB,3,autoregressive_ridge,1.0,0.057692307692307696,0.3333333333333333,True,0.8393997727093633,TAG47:1-FA16:1;TAG58:8-FA18:2;PI(18:1_18:1),TAG47:1-FA16:1;FFA(24:0);CE(22:5),3,0.1
ZV14SIB:717->720,ZV14SIB,3,autoregressive_context_ridge,1.0,0.057692307692307696,0.0,True,0.6029415705265242,TAG58:8-FA18:2;TAG58:8-FA22:5;SM(26:0),TAG47:1-FA16:1;FFA(24:0);CE(22:5),3,0.1
ZV14SIB:720->723,ZV14SIB,3,change_prevalence,1.0,0.057692307692307696,0.0,True,0.7412940554444488,SM(26:0);FFA(22:1);FFA(24:1),FFA(22:0);FFA(24:0);FFA(20:3),3,0.1
ZV14SIB:720->723,ZV14SIB,3,autoregressive_ridge,1.0,0.057692307692307696,0.3333333333333333,True,0.6556267126409309,PI(18:0_18:2);PI(18:0_20:4);FFA(24:0),FFA(22:0);FFA(24:0);FFA(20:3),3,0.1
ZV14SIB:720->723,ZV14SIB,3,autoregressive_context_ridge,1.0,0.057692307692307696,0.3333333333333333,True,0.6556267126409309,PI(18:0_18:2);PI(18:0_20:4);FFA(24:0),FFA(22:0);FFA(24:0);FFA(20:3),3,0.1
ZV14SIB:723->727,ZV14SIB,3,change_prevalence,1.0,0.057692307692307696,0.0,True,0.6267582989756163,SM(26:0);FFA(22:1);FFA(24:1),FFA(22:0);FFA(20:3);FFA(24:0),3,0.1
ZV14SIB:723->727,ZV14SIB,3,autoregressive_ridge,0.6666666666666666,0.038461538461538464,0.0,True,0.4209532288959244,SM(26:0);SM(26:1);FFA(17:0),FFA(22:0);FFA(20:3);FFA(24:0),3,0.1
ZV14SIB:723->727,ZV14SIB,3,autoregressive_context_ridge,0.6666666666666666,0.038461538461538464,0.0,True,0.369494299071522,SM(26:0);SM(26:1);FFA(16:0),FFA(22:0);FFA(20:3);FFA(24:0),3,0.1
ZV14SIB:727->729,ZV14SIB,3,change_prevalence,0.6666666666666666,0.038461538461538464,0.0,True,0.6301516658241968,SM(26:0);FFA(22:1);FFA(24:1),FFA(20:0);FFA(22:0);PC(16:0_16:0),3,0.1
ZV14SIB:727->729,ZV14SIB,3,autoregressive_ridge,1.0,0.057692307692307696,0.6666666666666666,True,0.8274385586472769,PC(16:0_16:0);FFA(24:0);FFA(22:0),FFA(20:0);FFA(22:0);PC(16:0_16:0),3,0.1
ZV14SIB:727->729,ZV14SIB,3,autoregressive_context_ridge,1.0,0.057692307692307696,0.3333333333333333,True,0.7186321697025246,FFA(24:0);FFA(22:0);FFA(20:3),FFA(20:0);FFA(22:0);PC(16:0_16:0),3,0.1
ZV14SIB:729->732,ZV14SIB,3,change_prevalence,0.6666666666666666,0.038461538461538464,0.0,True,0.33865426251613256,SM(26:0);FFA(22:1);FFA(24:1),FFA(20:3);FFA(12:0);FFA(22:0),3,0.1
ZV14SIB:729->732,ZV14SIB,3,autoregressive_ridge,0.0,0.0,0.0,False,0.1892073461445762,FFA(18:4);FFA(22:4);PI(18:0_18:2),FFA(20:3);FFA(12:0);FFA(22:0),3,0.1
ZV14SIB:729->732,ZV14SIB,3,autoregressive_context_ridge,0.3333333333333333,0.019230769230769232,0.0,True,0.26139882046271207,FFA(18:4);FFA(22:4);FFA(24:1),FFA(20:3);FFA(12:0);FFA(22:0),3,0.1
ZVGW5FI:612->616,ZVGW5FI,3,change_prevalence,1.0,0.057692307692307696,0.0,True,0.6467887065113079,SM(26:0);FFA(22:1);FFA(24:1),PC(18:0_18:0);PC(16:0_18:0);PC(16:0_16:0),3,0.1
ZVGW5FI:612->616,ZVGW5FI,3,autoregressive_ridge,1.0,0.057692307692307696,1.0,True,0.9887328189414856,PC(16:0_16:0);PC(16:0_18:0);PC(18:0_18:0),PC(18:0_18:0);PC(16:0_18:0);PC(16:0_16:0),3,0.1
ZVGW5FI:612->616,ZVGW5FI,3,autoregressive_context_ridge,1.0,0.057692307692307696,1.0,True,1.0,PC(18:0_18:0);PC(16:0_18:0);PC(16:0_16:0),PC(18:0_18:0);PC(16:0_18:0);PC(16:0_16:0),3,0.1
ZVM4N7A:606->607,ZVM4N7A,3,change_prevalence,0.3333333333333333,0.019230769230769232,0.0,True,0.4500321283156331,SM(26:0);FFA(22:1);FFA(24:1),LPC(20:3);LPC(18:0);FFA(22:5),3,0.1
ZVM4N7A:606->607,ZVM4N7A,3,autoregressive_ridge,1.0,0.057692307692307696,0.0,True,0.7849076497315858,TAG48:4-FA18:1;TAG48:4-FA12:0;TAG48:4-FA18:2,LPC(20:3);LPC(18:0);FFA(22:5),3,0.1
ZVM4N7A:606->607,ZVM4N7A,3,autoregressive_context_ridge,1.0,0.057692307692307696,0.0,True,0.8210385969177108,TAG48:4-FA12:0;TAG48:4-FA18:1;TAG48:4-FA18:2,LPC(20:3);LPC(18:0);FFA(22:5),3,0.1
ZVM4N7A:607->610,ZVM4N7A,3,change_prevalence,1.0,0.057692307692307696,0.3333333333333333,True,0.7250255534320881,SM(26:0);FFA(22:1);FFA(24:1),FFA(24:0);FFA(24:1);PC(16:0_16:0),3,0.1
ZVM4N7A:607->610,ZVM4N7A,3,autoregressive_ridge,0.3333333333333333,0.019230769230769232,0.0,True,0.39287891463883057,SM(26:0);PE(O-18:0_20:4);PI(18:0_18:1),FFA(24:0);FFA(24:1);PC(16:0_16:0),3,0.1
ZVM4N7A:607->610,ZVM4N7A,3,autoregressive_context_ridge,0.3333333333333333,0.019230769230769232,0.0,True,0.3692438470573601,LPC(18:0);PI(18:0_18:1);PI(16:0_18:1),FFA(24:0);FFA(24:1);PC(16:0_16:0),3,0.1
ZVM4N7A:610->612,ZVM4N7A,3,change_prevalence,0.6666666666666666,0.038461538461538464,0.0,True,0.46674775360477183,SM(26:0);FFA(22:1);FFA(24:1),SM(22:1);PE(18:0_18:1);SM(22:0),3,0.1
ZVM4N7A:610->612,ZVM4N7A,3,autoregressive_ridge,1.0,0.057692307692307696,0.0,True,0.5426318292513808,PC(16:0_18:0);PC(16:0_16:0);PC(18:0_18:0),SM(22:1);PE(18:0_18:1);SM(22:0),3,0.1
ZVM4N7A:610->612,ZVM4N7A,3,autoregressive_context_ridge,1.0,0.057692307692307696,0.0,True,0.5325418142272446,PC(18:0_18:0);PC(16:0_18:0);PC(16:0_16:0),SM(22:1);PE(18:0_18:1);SM(22:0),3,0.1
ZVM4N7A:612->615,ZVM4N7A,3,change_prevalence,0.6666666666666666,0.038461538461538464,0.3333333333333333,True,0.6774993754021041,SM(26:0);FFA(22:1);FFA(24:1),SM(20:0);SM(26:0);PE(18:0_18:1),3,0.1
ZVM4N7A:612->615,ZVM4N7A,3,autoregressive_ridge,1.0,0.057692307692307696,0.6666666666666666,True,0.9370015718825108,PE(18:0_18:1);SM(20:0);SM(22:0),SM(20:0);SM(26:0);PE(18:0_18:1),3,0.1
ZVM4N7A:612->615,ZVM4N7A,3,autoregressive_context_ridge,0.6666666666666666,0.038461538461538464,0.3333333333333333,True,0.6950274249286739,PE(18:0_18:1);PE(18:0_22:5);FFA(18:0),SM(20:0);SM(26:0);PE(18:0_18:1),3,0.1
ZVM4N7A:615->617,ZVM4N7A,3,change_prevalence,0.3333333333333333,0.019230769230769232,0.3333333333333333,True,0.565767708450667,SM(26:0);FFA(22:1);FFA(24:1),FFA(14:0);SM(26:0);FFA(14:1),3,0.1
ZVM4N7A:615->617,ZVM4N7A,3,autoregressive_ridge,0.6666666666666666,0.038461538461538464,0.3333333333333333,True,0.6374427645378895,FFA(18:4);SM(26:0);PC(16:0_14:0),FFA(14:0);SM(26:0);FFA(14:1),3,0.1
ZVM4N7A:615->617,ZVM4N7A,3,autoregressive_context_ridge,0.6666666666666666,0.038461538461538464,0.3333333333333333,True,0.6374427645378895,FFA(18:4);SM(26:0);PC(16:0_14:0),FFA(14:0);SM(26:0);FFA(14:1),3,0.1
ZVM4N7A:617->618,ZVM4N7A,3,change_prevalence,1.0,0.057692307692307696,0.3333333333333333,True,0.858603948821057,SM(26:0);FFA(22:1);FFA(24:1),FFA(24:0);FFA(22:1);FFA(22:0),3,0.1
ZVM4N7A:617->618,ZVM4N7A,3,autoregressive_ridge,1.0,0.057692307692307696,0.0,True,0.6098860277986285,TAG47:1-FA16:1;TAG47:2-FA18:1;TAG52:5-FA22:5,FFA(24:0);FFA(22:1);FFA(22:0),3,0.1
ZVM4N7A:617->618,ZVM4N7A,3,autoregressive_context_ridge,1.0,0.057692307692307696,0.0,True,0.5662640868986581,TAG47:2-FA18:1;TAG47:1-FA16:1;TAG47:1-FA18:1,FFA(24:0);FFA(22:1);FFA(22:0),3,0.1
ZVM4N7A:618->627,ZVM4N7A,3,change_prevalence,1.0,0.057692307692307696,0.3333333333333333,True,0.7638767760953326,SM(26:0);FFA(22:1);FFA(24:1),FFA(22:2);FFA(22:1);FFA(20:3),3,0.1
ZVM4N7A:618->627,ZVM4N7A,3,autoregressive_ridge,1.0,0.057692307692307696,0.6666666666666666,True,0.8958189384350226,FFA(22:1);PC(16:0_16:0);FFA(22:2),FFA(22:2);FFA(22:1);FFA(20:3),3,0.1
ZVM4N7A:618->627,ZVM4N7A,3,autoregressive_context_ridge,1.0,0.057692307692307696,0.0,True,0.6233152699471068,SM(26:0);PC(16:0_16:0);PC(16:0_18:0),FFA(22:2);FFA(22:1);FFA(20:3),3,0.1
ZVM4N7A:627->630,ZVM4N7A,3,change_prevalence,0.3333333333333333,0.019230769230769232,0.0,True,0.6171506619395526,SM(26:0);FFA(22:1);FFA(24:1),TAG52:6-FA18:1;TAG54:3-FA18:3;TAG50:5-FA14:0,3,0.1
ZVM4N7A:627->630,ZVM4N7A,3,autoregressive_ridge,0.3333333333333333,0.019230769230769232,0.0,True,0.6782993694601607,FFA(17:0);FFA(14:1);PI(16:0_18:1),TAG52:6-FA18:1;TAG54:3-FA18:3;TAG50:5-FA14:0,3,0.1
ZVM4N7A:627->630,ZVM4N7A,3,autoregressive_context_ridge,0.3333333333333333,0.019230769230769232,0.0,True,0.5821900152417812,PI(16:0_18:1);FFA(14:1);FFA(17:0),TAG52:6-FA18:1;TAG54:3-FA18:3;TAG50:5-FA14:0,3,0.1
ZVM4N7A:630->640,ZVM4N7A,3,change_prevalence,0.6666666666666666,0.038461538461538464,0.3333333333333333,True,0.5383498860082852,SM(26:0);FFA(22:1);FFA(24:1),FFA(22:1);TAG46:3-FA18:2;TAG50:5-FA14:0,3,0.1
ZVM4N7A:630->640,ZVM4N7A,3,autoregressive_ridge,1.0,0.057692307692307696,0.3333333333333333,True,0.9294545085816016,PC(16:0_16:0);FFA(22:1);FFA(22:2),FFA(22:1);TAG46:3-FA18:2;TAG50:5-FA14:0,3,0.1
ZVM4N7A:630->640,ZVM4N7A,3,autoregressive_context_ridge,0.6666666666666666,0.038461538461538464,0.3333333333333333,True,0.8758917672430029,PC(16:0_16:0);FFA(22:1);PC(16:0_18:0),FFA(22:1);TAG46:3-FA18:2;TAG50:5-FA14:0,3,0.1
ZVM4N7A:640->648,ZVM4N7A,3,change_prevalence,0.3333333333333333,0.019230769230769232,0.0,True,0.24065075224247087,SM(26:0);FFA(22:1);FFA(24:1),SM(20:0);SM(22:1);SM(22:0),3,0.1
ZVM4N7A:640->648,ZVM4N7A,3,autoregressive_ridge,0.0,0.0,0.0,False,0.15162279690998864,SM(26:0);PI(16:0_18:1);FFA(24:1),SM(20:0);SM(22:1);SM(22:0),3,0.1
ZVM4N7A:640->648,ZVM4N7A,3,autoregressive_context_ridge,0.0,0.0,0.0,False,0.1900109004319202,SM(26:0);PI(16:0_18:1);PI(18:0_18:1),SM(20:0);SM(22:1);SM(22:0),3,0.1
ZVM4N7A:648->654,ZVM4N7A,3,change_prevalence,1.0,0.057692307692307696,0.3333333333333333,True,0.5498880346438658,SM(26:0);FFA(22:1);FFA(24:1),FFA(22:5);PI(18:0_20:4);FFA(24:1),3,0.1
ZVM4N7A:648->654,ZVM4N7A,3,autoregressive_ridge,1.0,0.057692307692307696,0.0,True,0.6294005148343665,PI(18:0_18:2);PI(18:0_20:3);PI(16:0_18:2),FFA(22:5);PI(18:0_20:4);FFA(24:1),3,0.1
ZVM4N7A:648->654,ZVM4N7A,3,autoregressive_context_ridge,1.0,0.057692307692307696,0.0,True,0.6290694011206502,PI(18:0_18:2);PI(16:0_18:2);PI(18:0_20:3),FFA(22:5);PI(18:0_20:4);FFA(24:1),3,0.1
ZVM4N7A:654->656,ZVM4N7A,3,change_prevalence,0.6666666666666666,0.038461538461538464,0.0,True,0.35733946081935086,SM(26:0);FFA(22:1);FFA(24:1),FFA(22:5);FFA(22:2);TAG58:3-FA18:1,3,0.1
ZVM4N7A:654->656,ZVM4N7A,3,autoregressive_ridge,0.6666666666666666,0.038461538461538464,0.6666666666666666,True,0.865924001540399,FFA(22:5);FFA(22:2);LPE(18:2),FFA(22:5);FFA(22:2);TAG58:3-FA18:1,3,0.1
ZVM4N7A:654->656,ZVM4N7A,3,autoregressive_context_ridge,0.6666666666666666,0.038461538461538464,0.6666666666666666,True,0.865924001540399,FFA(22:5);FFA(22:2);LPE(18:2),FFA(22:5);FFA(22:2);TAG58:3-FA18:1,3,0.1
ZVTCAK9:651->653,ZVTCAK9,3,change_prevalence,0.3333333333333333,0.019230769230769232,0.0,True,0.3759503871827567,SM(26:0);FFA(22:1);FFA(24:1),FFA(22:5);FFA(18:1);FFA(18:2),3,0.1
ZVTCAK9:651->653,ZVTCAK9,3,autoregressive_ridge,1.0,0.057692307692307696,0.3333333333333333,True,0.8738632768319377,FFA(22:5);TAG54:4-FA22:1;TAG58:9-FA18:2,FFA(22:5);FFA(18:1);FFA(18:2),3,0.1
ZVTCAK9:651->653,ZVTCAK9,3,autoregressive_context_ridge,1.0,0.057692307692307696,0.3333333333333333,True,0.9118650899011878,FFA(22:5);FFA(22:1);TAG58:8-FA22:5,FFA(22:5);FFA(18:1);FFA(18:2),3,0.1
ZVTCAK9:653->658,ZVTCAK9,3,change_prevalence,1.0,0.057692307692307696,0.0,True,0.6431481632279379,SM(26:0);FFA(22:1);FFA(24:1),FFA(22:0);PC(16:0_16:0);PC(16:0_18:0),3,0.1
ZVTCAK9:653->658,ZVTCAK9,3,autoregressive_ridge,0.6666666666666666,0.038461538461538464,0.3333333333333333,True,0.734700504756589,FFA(20:0);PE(18:1_18:2);FFA(22:0),FFA(22:0);PC(16:0_16:0);PC(16:0_18:0),3,0.1
ZVTCAK9:653->658,ZVTCAK9,3,autoregressive_context_ridge,0.6666666666666666,0.038461538461538464,0.3333333333333333,True,0.7856699552711116,FFA(20:0);FFA(22:0);PE(18:1_18:2),FFA(22:0);PC(16:0_16:0);PC(16:0_18:0),3,0.1
ZWLGEWL:745->749,ZWLGEWL,3,change_prevalence,1.0,0.057692307692307696,0.3333333333333333,True,0.6847312012396508,SM(26:0);FFA(22:1);FFA(24:1),FFA(24:0);FFA(24:1);PC(16:0_18:0),3,0.1
ZWLGEWL:745->749,ZWLGEWL,3,autoregressive_ridge,0.6666666666666666,0.038461538461538464,0.0,True,0.5509796937842414,PI(18:0_20:4);LPE(18:2);PI(18:1_18:1),FFA(24:0);FFA(24:1);PC(16:0_18:0),3,0.1
ZWLGEWL:745->749,ZWLGEWL,3,autoregressive_context_ridge,1.0,0.057692307692307696,0.0,True,0.6152629124655957,PI(18:0_20:4);PI(18:1_18:1);PI(18:0_18:1),FFA(24:0);FFA(24:1);PC(16:0_18:0),3,0.1
ZWLGEWL:749->753,ZWLGEWL,3,change_prevalence,0.6666666666666666,0.038461538461538464,0.0,True,0.3816626702253567,SM(26:0);FFA(22:1);FFA(24:1),FFA(20:3);FFA(18:4);PC(16:0_18:0),3,0.1
ZWLGEWL:749->753,ZWLGEWL,3,autoregressive_ridge,1.0,0.057692307692307696,0.6666666666666666,True,0.9477711540988745,FFA(20:3);PC(16:0_18:0);FFA(22:1),FFA(20:3);FFA(18:4);PC(16:0_18:0),3,0.1
ZWLGEWL:749->753,ZWLGEWL,3,autoregressive_context_ridge,1.0,0.057692307692307696,0.6666666666666666,True,0.9308532486152772,FFA(20:3);PC(16:0_18:0);FFA(24:0),FFA(20:3);FFA(18:4);PC(16:0_18:0),3,0.1
ZWLGEWL:753->757,ZWLGEWL,3,change_prevalence,0.6666666666666666,0.038461538461538464,0.0,True,0.36280787533697795,SM(26:0);FFA(22:1);FFA(24:1),FFA(22:5);FFA(20:3);FFA(18:4),3,0.1
ZWLGEWL:753->757,ZWLGEWL,3,autoregressive_ridge,0.0,0.0,0.0,False,0.07458646698034797,LPC(17:0);PI(18:1_18:1);PE(O-18:0_20:4),FFA(22:5);FFA(20:3);FFA(18:4),3,0.1
ZWLGEWL:753->757,ZWLGEWL,3,autoregressive_context_ridge,0.0,0.0,0.0,False,0.10315043226421837,PI(18:1_18:1);PE(O-18:0_20:4);LPC(17:0),FFA(22:5);FFA(20:3);FFA(18:4),3,0.1
ZWLGEWL:757->762,ZWLGEWL,3,change_prevalence,0.6666666666666666,0.038461538461538464,0.0,True,0.4428119358093252,SM(26:0);FFA(22:1);FFA(24:1),FFA(22:5);FFA(12:0);FFA(20:3),3,0.1
ZWLGEWL:757->762,ZWLGEWL,3,autoregressive_ridge,1.0,0.057692307692307696,0.3333333333333333,True,0.8590270919208818,FFA(22:5);FFA(18:0);LPC(17:0),FFA(22:5);FFA(12:0);FFA(20:3),3,0.1
ZWLGEWL:757->762,ZWLGEWL,3,autoregressive_context_ridge,1.0,0.057692307692307696,0.3333333333333333,True,0.8975052808981416,FFA(22:5);FFA(18:0);LPC(18:0),FFA(22:5);FFA(12:0);FFA(20:3),3,0.1
ZWLGEWL:762->772,ZWLGEWL,3,change_prevalence,0.6666666666666666,0.038461538461538464,0.0,True,0.5112885058305655,SM(26:0);FFA(22:1);FFA(24:1),LPC(20:3);CE(18:3);PE(18:1_20:4),3,0.1
ZWLGEWL:762->772,ZWLGEWL,3,autoregressive_ridge,0.0,0.0,0.0,False,0.14472454757604508,LPC(17:0);LPC(16:0);TAG58:3-FA18:1,LPC(20:3);CE(18:3);PE(18:1_20:4),3,0.1
ZWLGEWL:762->772,ZWLGEWL,3,autoregressive_context_ridge,0.3333333333333333,0.019230769230769232,0.0,True,0.5635063780431527,PE(O-16:0_20:4);PI(16:0_18:1);PE(O-18:0_20:4),LPC(20:3);CE(18:3);PE(18:1_20:4),3,0.1
ZWLGEWL:772->786,ZWLGEWL,3,change_prevalence,1.0,0.057692307692307696,0.3333333333333333,True,0.8129364784765809,SM(26:0);FFA(22:1);FFA(24:1),FFA(22:1);PC(18:0_18:0);LPC(18:0),3,0.1
ZWLGEWL:772->786,ZWLGEWL,3,autoregressive_ridge,0.6666666666666666,0.038461538461538464,0.3333333333333333,True,0.6628763979087082,LPE(20:4);LPC(20:3);LPC(18:0),FFA(22:1);PC(18:0_18:0);LPC(18:0),3,0.1
ZWLGEWL:772->786,ZWLGEWL,3,autoregressive_context_ridge,0.6666666666666666,0.038461538461538464,0.3333333333333333,True,0.6628763979087082,LPE(20:4);LPC(20:3);LPC(18:0),FFA(22:1);PC(18:0_18:0);LPC(18:0),3,0.1
ZWLGEWL:786->795,ZWLGEWL,3,change_prevalence,0.6666666666666666,0.038461538461538464,0.6666666666666666,True,0.4999779858472349,SM(26:0);FFA(22:1);FFA(24:1),FFA(24:1);FFA(24:0);FFA(22:1),3,0.1
ZWLGEWL:786->795,ZWLGEWL,3,autoregressive_ridge,0.0,0.0,0.0,False,0.08446950189668066,SM(20:0);SM(22:0);SM(26:0),FFA(24:1);FFA(24:0);FFA(22:1),3,0.1
ZWLGEWL:786->795,ZWLGEWL,3,autoregressive_context_ridge,0.0,0.0,0.0,False,0.07912294545471263,SM(20:0);SM(26:0);SM(22:0),FFA(24:1);FFA(24:0);FFA(22:1),3,0.1
ZYHHR4Z:512->516,ZYHHR4Z,3,change_prevalence,0.3333333333333333,0.019230769230769232,0.0,True,0.550390430601204,SM(26:0);FFA(22:1);FFA(24:1),FFA(18:4);PE(P-18:0_18:2);PE(P-18:0_20:4),3,0.1
ZYHHR4Z:512->516,ZYHHR4Z,3,autoregressive_ridge,0.0,0.0,0.0,False,0.2541493147981239,FFA(20:0);TAG56:4-FA20:1;TAG56:6-FA20:5,FFA(18:4);PE(P-18:0_18:2);PE(P-18:0_20:4),3,0.1
ZYHHR4Z:512->516,ZYHHR4Z,3,autoregressive_context_ridge,0.0,0.0,0.0,False,0.21135799622010554,FFA(20:0);TAG56:4-FA20:1;TAG58:3-FA18:1,FFA(18:4);PE(P-18:0_18:2);PE(P-18:0_20:4),3,0.1
ZYHHR4Z:516->518,ZYHHR4Z,3,change_prevalence,1.0,0.057692307692307696,0.0,True,0.51324277206555,SM(26:0);FFA(22:1);FFA(24:1),FFA(22:5);FFA(18:4);SM(20:0),3,0.1
ZYHHR4Z:516->518,ZYHHR4Z,3,autoregressive_ridge,1.0,0.057692307692307696,0.6666666666666666,True,0.8369726634798056,FFA(18:4);SM(26:0);SM(20:0),FFA(22:5);FFA(18:4);SM(20:0),3,0.1
ZYHHR4Z:516->518,ZYHHR4Z,3,autoregressive_context_ridge,1.0,0.057692307692307696,0.6666666666666666,True,0.8369726634798056,FFA(18:4);SM(26:0);SM(20:0),FFA(22:5);FFA(18:4);SM(20:0),3,0.1
ZYHHR4Z:518->519,ZYHHR4Z,3,change_prevalence,0.6666666666666666,0.038461538461538464,0.0,True,0.3169483917834327,SM(26:0);FFA(22:1);FFA(24:1),FFA(22:5);LPC(18:0);SM(18:1),3,0.1
ZYHHR4Z:518->519,ZYHHR4Z,3,autoregressive_ridge,1.0,0.057692307692307696,0.3333333333333333,True,0.89728965101212,FFA(22:5);FFA(22:2);FFA(18:0),FFA(22:5);LPC(18:0);SM(18:1),3,0.1
ZYHHR4Z:518->519,ZYHHR4Z,3,autoregressive_context_ridge,1.0,0.057692307692307696,0.3333333333333333,True,0.89728965101212,FFA(22:5);FFA(22:2);FFA(18:0),FFA(22:5);LPC(18:0);SM(18:1),3,0.1
ZYHHR4Z:519->520,ZYHHR4Z,3,change_prevalence,0.6666666666666666,0.038461538461538464,0.0,True,0.45121431375512056,SM(26:0);FFA(22:1);FFA(24:1),FFA(22:5);FFA(22:2);PE(18:0_18:1),3,0.1
ZYHHR4Z:519->520,ZYHHR4Z,3,autoregressive_ridge,0.6666666666666666,0.038461538461538464,0.3333333333333333,True,0.39072287741374995,FFA(18:4);PE(18:0_18:1);TAG56:7-FA18:0,FFA(22:5);FFA(22:2);PE(18:0_18:1),3,0.1
ZYHHR4Z:519->520,ZYHHR4Z,3,autoregressive_context_ridge,0.6666666666666666,0.038461538461538464,0.3333333333333333,True,0.40878397064113126,FFA(18:4);PE(18:0_18:1);PE(18:0_22:5),FFA(22:5);FFA(22:2);PE(18:0_18:1),3,0.1
ZYHHR4Z:520->523,ZYHHR4Z,3,change_prevalence,0.0,0.0,0.0,False,0.2566807526107267,SM(26:0);FFA(22:1);FFA(24:1),FFA(22:5);FFA(22:2);PC(14:0_18:2),3,0.1
ZYHHR4Z:520->523,ZYHHR4Z,3,autoregressive_ridge,0.6666666666666666,0.038461538461538464,0.6666666666666666,True,0.9241420605311085,FFA(22:5);FFA(22:2);FFA(18:4),FFA(22:5);FFA(22:2);PC(14:0_18:2),3,0.1
ZYHHR4Z:520->523,ZYHHR4Z,3,autoregressive_context_ridge,0.6666666666666666,0.038461538461538464,0.6666666666666666,True,0.8953672094668765,FFA(22:5);FFA(18:4);FFA(22:2),FFA(22:5);FFA(22:2);PC(14:0_18:2),3,0.1
ZYHHR4Z:523->526,ZYHHR4Z,3,change_prevalence,1.0,0.057692307692307696,0.0,True,0.7270891309168844,SM(26:0);FFA(22:1);FFA(24:1),FFA(18:4);SM(20:0);FFA(20:3),3,0.1
ZYHHR4Z:523->526,ZYHHR4Z,3,autoregressive_ridge,1.0,0.057692307692307696,0.3333333333333333,True,0.8965421532688874,FFA(18:4);FFA(20:0);FFA(18:3),FFA(18:4);SM(20:0);FFA(20:3),3,0.1
ZYHHR4Z:523->526,ZYHHR4Z,3,autoregressive_context_ridge,1.0,0.057692307692307696,0.3333333333333333,True,0.9020061565404494,FFA(18:4);FFA(18:3);FFA(20:0),FFA(18:4);SM(20:0);FFA(20:3),3,0.1
ZYHHR4Z:526->530,ZYHHR4Z,3,change_prevalence,1.0,0.057692307692307696,0.3333333333333333,True,0.7627361747967293,SM(26:0);FFA(22:1);FFA(24:1),FFA(16:0);SM(26:0);FFA(18:0),3,0.1
ZYHHR4Z:526->530,ZYHHR4Z,3,autoregressive_ridge,1.0,0.057692307692307696,0.3333333333333333,True,0.7730144469102116,SM(26:0);FFA(22:1);SM(20:0),FFA(16:0);SM(26:0);FFA(18:0),3,0.1
ZYHHR4Z:526->530,ZYHHR4Z,3,autoregressive_context_ridge,1.0,0.057692307692307696,0.3333333333333333,True,0.7627361747967293,SM(26:0);FFA(22:1);FFA(24:1),FFA(16:0);SM(26:0);FFA(18:0),3,0.1
ZYHHR4Z:530->531,ZYHHR4Z,3,change_prevalence,0.0,0.0,0.0,False,0.1456074827472016,SM(26:0);FFA(22:1);FFA(24:1),TAG55:2-FA18:2;TAG50:5-FA18:2;FFA(16:0),3,0.1
ZYHHR4Z:530->531,ZYHHR4Z,3,autoregressive_ridge,0.0,0.0,0.0,False,0.3305507718430328,FFA(20:4);FFA(22:4);FFA(20:2),TAG55:2-FA18:2;TAG50:5-FA18:2;FFA(16:0),3,0.1
ZYHHR4Z:530->531,ZYHHR4Z,3,autoregressive_context_ridge,0.0,0.0,0.0,False,0.3593267244760447,FFA(20:4);FFA(22:4);FFA(22:5),TAG55:2-FA18:2;TAG50:5-FA18:2;FFA(16:0),3,0.1
ZYHHR4Z:531->533,ZYHHR4Z,3,change_prevalence,0.0,0.0,0.0,False,0.3477565010600364,SM(26:0);FFA(22:1);FFA(24:1),PE(P-18:1_18:1);TAG57:3-FA18:2;PC(16:0_22:6),3,0.1
ZYHHR4Z:531->533,ZYHHR4Z,3,autoregressive_ridge,0.3333333333333333,0.019230769230769232,0.0,True,0.45035977729203,TAG56:2-FA20:1;TAG56:3-FA20:1;FFA(22:4),PE(P-18:1_18:1);TAG57:3-FA18:2;PC(16:0_22:6),3,0.1
ZYHHR4Z:531->533,ZYHHR4Z,3,autoregressive_context_ridge,0.3333333333333333,0.019230769230769232,0.0,True,0.5347186438106741,FFA(22:4);TAG56:3-FA20:1;TAG56:2-FA20:1,PE(P-18:1_18:1);TAG57:3-FA18:2;PC(16:0_22:6),3,0.1
ZYHHR4Z:533->535,ZYHHR4Z,3,change_prevalence,0.0,0.0,0.0,False,0.5017838038425345,SM(26:0);FFA(22:1);FFA(24:1),CE(22:5);PC(16:0_14:0);PC(14:0_18:1),3,0.1
ZYHHR4Z:533->535,ZYHHR4Z,3,autoregressive_ridge,0.3333333333333333,0.019230769230769232,0.0,True,0.29028378539030847,CER(24:1);SM(18:0);CER(24:0),CE(22:5);PC(16:0_14:0);PC(14:0_18:1),3,0.1
ZYHHR4Z:533->535,ZYHHR4Z,3,autoregressive_context_ridge,0.0,0.0,0.0,False,0.4681101593394819,TAG56:5-FA20:1;TAG56:4-FA20:1;TAG56:4-FA18:2,CE(22:5);PC(16:0_14:0);PC(14:0_18:1),3,0.1
ZYHHR4Z:535->536,ZYHHR4Z,3,change_prevalence,0.3333333333333333,0.019230769230769232,0.0,True,0.5088300982864781,SM(26:0);FFA(22:1);FFA(24:1),PC(14:0_18:1);TAG52:3-FA14:0;TAG52:5-FA14:0,3,0.1
ZYHHR4Z:535->536,ZYHHR4Z,3,autoregressive_ridge,0.3333333333333333,0.019230769230769232,0.0,True,0.6985313668299005,SM(26:0);CER(24:1);SM(20:0),PC(14:0_18:1);TAG52:3-FA14:0;TAG52:5-FA14:0,3,0.1
ZYHHR4Z:535->536,ZYHHR4Z,3,autoregressive_context_ridge,0.6666666666666666,0.038461538461538464,0.0,True,0.728822219665099,SM(26:0);CER(24:1);TAG48:4-FA18:1,PC(14:0_18:1);TAG52:3-FA14:0;TAG52:5-FA14:0,3,0.1
ZYHHR4Z:536->537,ZYHHR4Z,3,change_prevalence,1.0,0.057692307692307696,0.3333333333333333,True,0.8112492703464294,SM(26:0);FFA(22:1);FFA(24:1),FFA(22:1);FFA(18:3);FFA(22:2),3,0.1
ZYHHR4Z:536->537,ZYHHR4Z,3,autoregressive_ridge,1.0,0.057692307692307696,0.3333333333333333,True,0.9685082799039524,FFA(22:1);TAG47:1-FA16:1;FFA(24:1),FFA(22:1);FFA(18:3);FFA(22:2),3,0.1
ZYHHR4Z:536->537,ZYHHR4Z,3,autoregressive_context_ridge,1.0,0.057692307692307696,0.3333333333333333,True,0.8665487135293999,TAG47:1-FA16:1;PI(16:0_18:1);FFA(22:1),FFA(22:1);FFA(18:3);FFA(22:2),3,0.1
ZYHHR4Z:537->538,ZYHHR4Z,3,change_prevalence,0.3333333333333333,0.019230769230769232,0.0,True,0.39234712545095657,SM(26:0);FFA(22:1);FFA(24:1),LPC(20:3);CE(18:4);PI(18:0_18:1),3,0.1
ZYHHR4Z:537->538,ZYHHR4Z,3,autoregressive_ridge,0.0,0.0,0.0,False,0.11663884960819575,TAG56:4-FA20:1;TAG56:5-FA20:1;TAG58:3-FA18:1,LPC(20:3);CE(18:4);PI(18:0_18:1),3,0.1
ZYHHR4Z:537->538,ZYHHR4Z,3,autoregressive_context_ridge,0.0,0.0,0.0,False,0.17739587596216205,TAG54:7-FA18:2;TAG56:5-FA20:1;TAG54:6-FA18:2,LPC(20:3);CE(18:4);PI(18:0_18:1),3,0.1
ZYHHR4Z:538->541,ZYHHR4Z,3,change_prevalence,1.0,0.057692307692307696,0.0,True,0.670466213834651,SM(26:0);FFA(22:1);FFA(24:1),SM(20:0);FFA(18:0);SM(24:1),3,0.1
ZYHHR4Z:538->541,ZYHHR4Z,3,autoregressive_ridge,1.0,0.057692307692307696,0.0,True,0.598297168363678,FFA(22:4);FFA(18:4);LPC(20:3),SM(20:0);FFA(18:0);SM(24:1),3,0.1
ZYHHR4Z:538->541,ZYHHR4Z,3,autoregressive_context_ridge,1.0,0.057692307692307696,0.0,True,0.5786228736686251,FFA(18:4);FFA(22:4);LPC(20:3),SM(20:0);FFA(18:0);SM(24:1),3,0.1
ZYHHR4Z:541->547,ZYHHR4Z,3,change_prevalence,1.0,0.057692307692307696,0.3333333333333333,True,0.7286526829003034,SM(26:0);FFA(22:1);FFA(24:1),SM(20:0);FFA(22:1);SM(22:0),3,0.1
ZYHHR4Z:541->547,ZYHHR4Z,3,autoregressive_ridge,1.0,0.057692307692307696,0.6666666666666666,True,0.8581486792689016,PE(18:0_22:5);SM(20:0);SM(22:0),SM(20:0);FFA(22:1);SM(22:0),3,0.1
ZYHHR4Z:541->547,ZYHHR4Z,3,autoregressive_context_ridge,1.0,0.057692307692307696,0.3333333333333333,True,0.9519692686586575,SM(20:0);PE(18:0_22:5);SM(18:1),SM(20:0);FFA(22:1);SM(22:0),3,0.1
ZYHHR4Z:547->553,ZYHHR4Z,3,change_prevalence,0.0,0.0,0.0,False,0.17868904151811735,SM(26:0);FFA(22:1);FFA(24:1),TAG47:1-FA16:1;PC(16:0_14:0);TAG54:4-FA22:4,3,0.1
ZYHHR4Z:547->553,ZYHHR4Z,3,autoregressive_ridge,0.0,0.0,0.0,False,0.18506921321569675,SM(26:0);SM(20:0);TAG56:5-FA20:1,TAG47:1-FA16:1;PC(16:0_14:0);TAG54:4-FA22:4,3,0.1
ZYHHR4Z:547->553,ZYHHR4Z,3,autoregressive_context_ridge,0.0,0.0,0.0,False,0.21292235920581556,SM(26:0);TAG56:5-FA20:1;SM(20:0),TAG47:1-FA16:1;PC(16:0_14:0);TAG54:4-FA22:4,3,0.1
ZYHHR4Z:553->559,ZYHHR4Z,3,change_prevalence,0.0,0.0,0.0,False,0.09675677180206345,SM(26:0);FFA(22:1);FFA(24:1),SM(20:0);FFA(17:0);TAG51:4-FA15:0,3,0.1
ZYHHR4Z:553->559,ZYHHR4Z,3,autoregressive_ridge,0.3333333333333333,0.019230769230769232,0.3333333333333333,True,0.39465238473772635,SM(26:0);SM(20:0);FFA(22:0),SM(20:0);FFA(17:0);TAG51:4-FA15:0,3,0.1
ZYHHR4Z:553->559,ZYHHR4Z,3,autoregressive_context_ridge,0.3333333333333333,0.019230769230769232,0.3333333333333333,True,0.39465238473772635,SM(26:0);SM(20:0);FFA(22:0),SM(20:0);FFA(17:0);TAG51:4-FA15:0,3,0.1
ZYHHR4Z:559->565,ZYHHR4Z,3,change_prevalence,0.3333333333333333,0.019230769230769232,0.0,True,0.6915218279857197,SM(26:0);FFA(22:1);FFA(24:1),TAG49:3-FA16:1;TAG58:3-FA18:1;TAG49:3-FA16:0,3,0.1
ZYHHR4Z:559->565,ZYHHR4Z,3,autoregressive_ridge,0.6666666666666666,0.038461538461538464,0.0,True,0.777540327822195,SM(26:0);FFA(17:0);SM(26:1),TAG49:3-FA16:1;TAG58:3-FA18:1;TAG49:3-FA16:0,3,0.1
ZYHHR4Z:559->565,ZYHHR4Z,3,autoregressive_context_ridge,0.6666666666666666,0.038461538461538464,0.0,True,0.65165065250619,SM(26:0);FFA(17:0);PI(16:0_18:1),TAG49:3-FA16:1;TAG58:3-FA18:1;TAG49:3-FA16:0,3,0.1
ZYLJ7R7:479->482,ZYLJ7R7,3,change_prevalence,1.0,0.057692307692307696,0.0,True,0.5899973030725447,SM(26:0);FFA(22:1);FFA(24:1),PC(16:0_16:0);PC(16:0_18:0);FFA(20:3),3,0.1
ZYLJ7R7:479->482,ZYLJ7R7,3,autoregressive_ridge,1.0,0.057692307692307696,0.6666666666666666,True,0.9952016061558328,PC(16:0_16:0);PC(16:0_18:0);FFA(24:0),PC(16:0_16:0);PC(16:0_18:0);FFA(20:3),3,0.1
ZYLJ7R7:479->482,ZYLJ7R7,3,autoregressive_context_ridge,1.0,0.057692307692307696,0.6666666666666666,True,0.9952016061558328,PC(16:0_16:0);PC(16:0_18:0);FFA(24:0),PC(16:0_16:0);PC(16:0_18:0);FFA(20:3),3,0.1
ZYLJ7R7:482->483,ZYLJ7R7,3,change_prevalence,0.3333333333333333,0.019230769230769232,0.0,True,0.18291054425471662,SM(26:0);FFA(22:1);FFA(24:1),PC(16:0_18:3);TAG54:8-FA18:3;CE(18:3),3,0.1
ZYLJ7R7:482->483,ZYLJ7R7,3,autoregressive_ridge,0.3333333333333333,0.019230769230769232,0.0,True,0.2686306413857248,SM(20:1);SM(26:0);SM(20:0),PC(16:0_18:3);TAG54:8-FA18:3;CE(18:3),3,0.1
ZYLJ7R7:482->483,ZYLJ7R7,3,autoregressive_context_ridge,0.3333333333333333,0.019230769230769232,0.0,True,0.2686306413857248,SM(20:1);SM(26:0);SM(20:0),PC(16:0_18:3);TAG54:8-FA18:3;CE(18:3),3,0.1
ZYLJ7R7:483->485,ZYLJ7R7,3,change_prevalence,0.3333333333333333,0.019230769230769232,0.0,True,0.3523001558271415,SM(26:0);FFA(22:1);FFA(24:1),PC(16:0_18:3);TAG54:8-FA18:3;TAG56:8-FA18:3,3,0.1
ZYLJ7R7:483->485,ZYLJ7R7,3,autoregressive_ridge,1.0,0.057692307692307696,0.6666666666666666,True,0.9894609942101102,PC(16:0_18:3);TAG54:8-FA18:3;TAG56:7-FA18:3,PC(16:0_18:3);TAG54:8-FA18:3;TAG56:8-FA18:3,3,0.1
ZYLJ7R7:483->485,ZYLJ7R7,3,autoregressive_context_ridge,0.6666666666666666,0.038461538461538464,0.3333333333333333,True,0.8385519869865855,PC(16:0_18:3);PE(O-18:0_20:4);TAG56:7-FA18:3,PC(16:0_18:3);TAG54:8-FA18:3;TAG56:8-FA18:3,3,0.1
ZYLJ7R7:485->489,ZYLJ7R7,3,change_prevalence,0.3333333333333333,0.019230769230769232,0.3333333333333333,True,0.4862694978502602,SM(26:0);FFA(22:1);FFA(24:1),FFA(18:4);FFA(22:1);FFA(22:2),3,0.1
ZYLJ7R7:485->489,ZYLJ7R7,3,autoregressive_ridge,0.0,0.0,0.0,False,0.44854056276630005,PE(P-16:0_18:2);PE(P-16:0_18:1);PE(18:0_22:5),FFA(18:4);FFA(22:1);FFA(22:2),3,0.1
ZYLJ7R7:485->489,ZYLJ7R7,3,autoregressive_context_ridge,0.3333333333333333,0.019230769230769232,0.3333333333333333,True,0.5973442585983105,PE(P-16:0_18:1);FFA(22:1);PE(18:0_22:5),FFA(18:4);FFA(22:1);FFA(22:2),3,0.1
ZYLJ7R7:489->490,ZYLJ7R7,3,change_prevalence,0.3333333333333333,0.019230769230769232,0.0,True,0.3530214254712161,SM(26:0);FFA(22:1);FFA(24:1),PE(O-18:0_20:4);FFA(18:4);LPE(20:4),3,0.1
ZYLJ7R7:489->490,ZYLJ7R7,3,autoregressive_ridge,1.0,0.057692307692307696,0.3333333333333333,True,0.7269718576871105,FFA(18:4);FFA(22:0);FFA(22:1),PE(O-18:0_20:4);FFA(18:4);LPE(20:4),3,0.1
ZYLJ7R7:489->490,ZYLJ7R7,3,autoregressive_context_ridge,0.6666666666666666,0.038461538461538464,0.3333333333333333,True,0.6097906861566851,FFA(18:4);FFA(22:0);TAG56:6-FA22:5,PE(O-18:0_20:4);FFA(18:4);LPE(20:4),3,0.1
ZYLJ7R7:490->496,ZYLJ7R7,3,change_prevalence,0.6666666666666666,0.038461538461538464,0.0,True,0.4572555765672643,SM(26:0);FFA(22:1);FFA(24:1),FFA(20:0);PE(O-18:0_20:4);TAG56:6-FA18:0,3,0.1
ZYLJ7R7:490->496,ZYLJ7R7,3,autoregressive_ridge,0.6666666666666666,0.038461538461538464,0.6666666666666666,True,0.8405275061670504,PE(O-18:0_20:4);FFA(20:0);PE(P-18:1_18:1),FFA(20:0);PE(O-18:0_20:4);TAG56:6-FA18:0,3,0.1
ZYLJ7R7:490->496,ZYLJ7R7,3,autoregressive_context_ridge,1.0,0.057692307692307696,0.6666666666666666,True,0.9332338264592729,PE(O-18:0_20:4);FFA(20:0);TAG56:4-FA20:4,FFA(20:0);PE(O-18:0_20:4);TAG56:6-FA18:0,3,0.1
ZYLJ7R7:496->503,ZYLJ7R7,3,change_prevalence,0.3333333333333333,0.019230769230769232,0.0,True,0.43568806498560847,SM(26:0);FFA(22:1);FFA(24:1),PC(16:0_18:3);SM(22:0);LPE(18:1),3,0.1
ZYLJ7R7:496->503,ZYLJ7R7,3,autoregressive_ridge,0.3333333333333333,0.019230769230769232,0.0,True,0.3811440078790241,FFA(24:1);FFA(22:1);FFA(22:0),PC(16:0_18:3);SM(22:0);LPE(18:1),3,0.1
ZYLJ7R7:496->503,ZYLJ7R7,3,autoregressive_context_ridge,0.3333333333333333,0.019230769230769232,0.0,True,0.3811440078790241,FFA(24:1);FFA(22:1);FFA(22:0),PC(16:0_18:3);SM(22:0);LPE(18:1),3,0.1
ZJAOHWK:506->508,ZJAOHWK,4,change_prevalence,0.0,0.0,0.0,False,0.259491479766056,FFA(22:1);FFA(24:1);FFA(24:0),PE(18:0_18:0);TAG52:6-FA18:1;TAG58:3-FA18:1,3,0.1
ZJAOHWK:506->508,ZJAOHWK,4,autoregressive_ridge,0.3333333333333333,0.019230769230769232,0.0,True,0.42996409678650893,FFA(18:0);PE(18:0_22:5);TAG51:5-FA18:2,PE(18:0_18:0);TAG52:6-FA18:1;TAG58:3-FA18:1,3,0.1
ZJAOHWK:506->508,ZJAOHWK,4,autoregressive_context_ridge,0.3333333333333333,0.019230769230769232,0.0,True,0.44406609270765257,FFA(18:0);TAG51:5-FA18:2;PE(18:0_22:5),PE(18:0_18:0);TAG52:6-FA18:1;TAG58:3-FA18:1,3,0.1
ZJAOHWK:508->511,ZJAOHWK,4,change_prevalence,0.0,0.0,0.0,False,0.09166151459603852,FFA(22:1);FFA(24:1);FFA(24:0),PC(18:1_18:1);PI(18:1_18:1);FFA(20:0),3,0.1
ZJAOHWK:508->511,ZJAOHWK,4,autoregressive_ridge,1.0,0.057692307692307696,0.3333333333333333,True,0.7237620204774413,FFA(18:0);PC(18:1_18:1);TAG58:8-FA18:1,PC(18:1_18:1);PI(18:1_18:1);FFA(20:0),3,0.1
ZJAOHWK:508->511,ZJAOHWK,4,autoregressive_context_ridge,1.0,0.057692307692307696,0.3333333333333333,True,0.7237620204774413,FFA(18:0);PC(18:1_18:1);TAG58:8-FA18:1,PC(18:1_18:1);PI(18:1_18:1);FFA(20:0),3,0.1
ZJAOHWK:511->515,ZJAOHWK,4,change_prevalence,0.0,0.0,0.0,False,0.1869137809102453,FFA(22:1);FFA(24:1);FFA(24:0),SM(20:0);PE(18:0_22:5);SM(22:0),3,0.1
ZJAOHWK:511->515,ZJAOHWK,4,autoregressive_ridge,0.3333333333333333,0.019230769230769232,0.3333333333333333,True,0.41549720933656975,FFA(22:0);CE(22:5);PE(18:0_22:5),SM(20:0);PE(18:0_22:5);SM(22:0),3,0.1
ZJAOHWK:511->515,ZJAOHWK,4,autoregressive_context_ridge,0.3333333333333333,0.019230769230769232,0.3333333333333333,True,0.43212527016468133,FFA(22:0);PE(18:0_22:5);PC(18:0_18:0),SM(20:0);PE(18:0_22:5);SM(22:0),3,0.1
ZJAOHWK:515->522,ZJAOHWK,4,change_prevalence,0.0,0.0,0.0,False,0.08518006938025345,FFA(22:1);FFA(24:1);FFA(24:0),SM(20:0);PI(16:0_18:2);PE(P-18:1_20:4),3,0.1
ZJAOHWK:515->522,ZJAOHWK,4,autoregressive_ridge,1.0,0.057692307692307696,0.3333333333333333,True,0.9306038218902175,SM(20:0);SM(22:0);LPE(20:4),SM(20:0);PI(16:0_18:2);PE(P-18:1_20:4),3,0.1
ZJAOHWK:515->522,ZJAOHWK,4,autoregressive_context_ridge,1.0,0.057692307692307696,0.3333333333333333,True,0.9306038218902175,SM(20:0);SM(22:0);LPE(20:4),SM(20:0);PI(16:0_18:2);PE(P-18:1_20:4),3,0.1
ZJAOHWK:522->523,ZJAOHWK,4,change_prevalence,1.0,0.057692307692307696,0.0,True,0.6479722555794499,FFA(22:1);FFA(24:1);FFA(24:0),PE(O-16:0_20:4);PE(P-18:0_20:4);PE(P-18:1_20:4),3,0.1
ZJAOHWK:522->523,ZJAOHWK,4,autoregressive_ridge,0.6666666666666666,0.038461538461538464,0.0,True,0.5974822048170184,PE(P-16:0_22:5);FFA(20:0);PI(18:0_20:4),PE(O-16:0_20:4);PE(P-18:0_20:4);PE(P-18:1_20:4),3,0.1
ZJAOHWK:522->523,ZJAOHWK,4,autoregressive_context_ridge,0.6666666666666666,0.038461538461538464,0.0,True,0.577078818915857,PE(P-16:0_22:5);PI(18:0_20:4);FFA(20:0),PE(O-16:0_20:4);PE(P-18:0_20:4);PE(P-18:1_20:4),3,0.1
ZJNQ2VB:605->613,ZJNQ2VB,4,change_prevalence,0.0,0.0,0.0,False,0.1181781523376529,FFA(22:1);FFA(24:1);FFA(24:0),LPC(18:0);TAG47:1-FA16:1;LPC(16:1),3,0.1
ZJNQ2VB:605->613,ZJNQ2VB,4,autoregressive_ridge,0.3333333333333333,0.019230769230769232,0.3333333333333333,True,0.4219958230805581,FFA(22:0);FFA(22:1);LPC(18:0),LPC(18:0);TAG47:1-FA16:1;LPC(16:1),3,0.1
ZJNQ2VB:605->613,ZJNQ2VB,4,autoregressive_context_ridge,0.3333333333333333,0.019230769230769232,0.3333333333333333,True,0.3611269608514452,FFA(22:0);FFA(22:1);LPC(16:1),LPC(18:0);TAG47:1-FA16:1;LPC(16:1),3,0.1
ZJNQ2VB:613->618,ZJNQ2VB,4,change_prevalence,0.0,0.0,0.0,False,0.1013303790163591,FFA(22:1);FFA(24:1);FFA(24:0),CE(22:5);PE(O-18:0_20:4);SM(20:0),3,0.1
ZJNQ2VB:613->618,ZJNQ2VB,4,autoregressive_ridge,0.0,0.0,0.0,False,0.07951891418758471,FFA(22:1);FFA(20:3);FFA(24:1),CE(22:5);PE(O-18:0_20:4);SM(20:0),3,0.1
ZJNQ2VB:613->618,ZJNQ2VB,4,autoregressive_context_ridge,0.0,0.0,0.0,False,0.07951891418758471,FFA(22:1);FFA(20:3);FFA(24:1),CE(22:5);PE(O-18:0_20:4);SM(20:0),3,0.1
ZJNQ2VB:618->625,ZJNQ2VB,4,change_prevalence,0.6666666666666666,0.038461538461538464,0.0,True,0.513007359990137,FFA(22:1);FFA(24:1);FFA(24:0),LPE(20:4);PC(16:0_18:3);PE(16:0_20:4),3,0.1
ZJNQ2VB:618->625,ZJNQ2VB,4,autoregressive_ridge,0.6666666666666666,0.038461538461538464,0.0,True,0.6388928324368126,FFA(18:4);PE(18:0_18:1);SM(20:0),LPE(20:4);PC(16:0_18:3);PE(16:0_20:4),3,0.1
ZJNQ2VB:618->625,ZJNQ2VB,4,autoregressive_context_ridge,0.6666666666666666,0.038461538461538464,0.0,True,0.6388928324368126,FFA(18:4);PE(18:0_18:1);SM(20:0),LPE(20:4);PC(16:0_18:3);PE(16:0_20:4),3,0.1
ZL9BTWF:750->752,ZL9BTWF,4,change_prevalence,0.3333333333333333,0.019230769230769232,0.0,True,0.20050090617999178,FFA(22:1);FFA(24:1);FFA(24:0),PE(18:0_18:1);PE(18:0_18:2);SM(26:0),3,0.1
ZL9BTWF:750->752,ZL9BTWF,4,autoregressive_ridge,0.6666666666666666,0.038461538461538464,0.3333333333333333,True,0.4135762631968879,FFA(24:1);FFA(24:0);SM(26:0),PE(18:0_18:1);PE(18:0_18:2);SM(26:0),3,0.1
ZL9BTWF:750->752,ZL9BTWF,4,autoregressive_context_ridge,0.6666666666666666,0.038461538461538464,0.3333333333333333,True,0.5340977558854195,FFA(24:1);FFA(24:0);PE(18:0_18:1),PE(18:0_18:1);PE(18:0_18:2);SM(26:0),3,0.1
ZL9BTWF:752->761,ZL9BTWF,4,change_prevalence,1.0,0.057692307692307696,0.3333333333333333,True,0.9784182111894192,FFA(22:1);FFA(24:1);FFA(24:0),FFA(22:1);PE(18:0_18:1);PC(16:0_16:0),3,0.1
ZL9BTWF:752->761,ZL9BTWF,4,autoregressive_ridge,1.0,0.057692307692307696,0.3333333333333333,True,0.8816880170538869,PE(18:0_18:1);PE(18:0_18:2);PE(P-16:0_22:5),FFA(22:1);PE(18:0_18:1);PC(16:0_16:0),3,0.1
ZL9BTWF:752->761,ZL9BTWF,4,autoregressive_context_ridge,1.0,0.057692307692307696,0.6666666666666666,True,0.967313040702524,PE(18:0_18:1);PE(18:0_18:2);PC(16:0_16:0),FFA(22:1);PE(18:0_18:1);PC(16:0_16:0),3,0.1
ZL9BTWF:761->762,ZL9BTWF,4,change_prevalence,1.0,0.057692307692307696,0.3333333333333333,True,0.874401583835192,FFA(22:1);FFA(24:1);FFA(24:0),SM(20:0);FFA(22:0);FFA(22:1),3,0.1
ZL9BTWF:761->762,ZL9BTWF,4,autoregressive_ridge,1.0,0.057692307692307696,0.0,True,0.8607273755318949,FFA(24:1);FFA(24:0);PC(16:0_16:0),SM(20:0);FFA(22:0);FFA(22:1),3,0.1
ZL9BTWF:761->762,ZL9BTWF,4,autoregressive_context_ridge,1.0,0.057692307692307696,0.3333333333333333,True,0.8736953901102863,FFA(22:1);FFA(24:0);FFA(24:1),SM(20:0);FFA(22:0);FFA(22:1),3,0.1
ZL9BTWF:762->764,ZL9BTWF,4,change_prevalence,1.0,0.057692307692307696,0.0,True,0.7919303785778987,FFA(22:1);FFA(24:1);FFA(24:0),SM(26:0);FFA(22:0);PC(16:0_22:5),3,0.1
ZL9BTWF:762->764,ZL9BTWF,4,autoregressive_ridge,0.6666666666666666,0.038461538461538464,0.0,True,0.5659558022486256,FFA(20:0);FFA(18:0);FFA(14:0),SM(26:0);FFA(22:0);PC(16:0_22:5),3,0.1
ZL9BTWF:762->764,ZL9BTWF,4,autoregressive_context_ridge,0.6666666666666666,0.038461538461538464,0.0,True,0.5377105150050384,FFA(20:0);LPC(16:0);TAG56:10-FA18:2,SM(26:0);FFA(22:0);PC(16:0_22:5),3,0.1
ZL9BTWF:764->765,ZL9BTWF,4,change_prevalence,0.0,0.0,0.0,False,0.38693278471918247,FFA(22:1);FFA(24:1);FFA(24:0),CE(18:2);CE(20:2);PI(18:0_20:4),3,0.1
ZL9BTWF:764->765,ZL9BTWF,4,autoregressive_ridge,0.0,0.0,0.0,False,0.2977505653253614,CER(24:0);SM(26:1);TAG44:1-FA16:0,CE(18:2);CE(20:2);PI(18:0_20:4),3,0.1
ZL9BTWF:764->765,ZL9BTWF,4,autoregressive_context_ridge,0.0,0.0,0.0,False,0.2575536916906439,TAG44:1-FA16:0;FFA(20:1);SM(26:1),CE(18:2);CE(20:2);PI(18:0_20:4),3,0.1
ZL9BTWF:765->766,ZL9BTWF,4,change_prevalence,0.0,0.0,0.0,False,0.1458417191841961,FFA(22:1);FFA(24:1);FFA(24:0),CE(22:6);HCER(16:0);CE(22:5),3,0.1
ZL9BTWF:765->766,ZL9BTWF,4,autoregressive_ridge,0.3333333333333333,0.019230769230769232,0.0,True,0.4869236937690456,FFA(18:4);LPC(15:0);TAG48:4-FA12:0,CE(22:6);HCER(16:0);CE(22:5),3,0.1
ZL9BTWF:765->766,ZL9BTWF,4,autoregressive_context_ridge,0.3333333333333333,0.019230769230769232,0.0,True,0.5279493179653234,LPC(15:0);FFA(18:4);TAG48:4-FA12:0,CE(22:6);HCER(16:0);CE(22:5),3,0.1
ZL9BTWF:766->769,ZL9BTWF,4,change_prevalence,0.6666666666666666,0.038461538461538464,0.0,True,0.5760499945867722,FFA(22:1);FFA(24:1);FFA(24:0),SM(20:0);PC(17:0_18:2);SM(22:0),3,0.1
ZL9BTWF:766->769,ZL9BTWF,4,autoregressive_ridge,0.3333333333333333,0.019230769230769232,0.0,True,0.34834805629362947,TAG54:8-FA18:2;TAG50:5-FA18:1;TAG54:7-FA18:1,SM(20:0);PC(17:0_18:2);SM(22:0),3,0.1
ZL9BTWF:766->769,ZL9BTWF,4,autoregressive_context_ridge,0.3333333333333333,0.019230769230769232,0.0,True,0.3145482118567858,TAG50:5-FA18:1;TAG52:6-FA18:1;TAG48:3-FA12:0,SM(20:0);PC(17:0_18:2);SM(22:0),3,0.1
ZL9BTWF:769->772,ZL9BTWF,4,change_prevalence,0.6666666666666666,0.038461538461538464,0.0,True,0.39408021252766584,FFA(22:1);FFA(24:1);FFA(24:0),PC(17:0_18:2);SM(26:0);TAG47:1-FA16:1,3,0.1
ZL9BTWF:769->772,ZL9BTWF,4,autoregressive_ridge,0.6666666666666666,0.038461538461538464,0.3333333333333333,True,0.3924974280732352,FFA(22:5);PI(18:0_18:1);TAG47:1-FA16:1,PC(17:0_18:2);SM(26:0);TAG47:1-FA16:1,3,0.1
ZL9BTWF:769->772,ZL9BTWF,4,autoregressive_context_ridge,0.0,0.0,0.0,False,0.16399259967426905,FFA(22:5);SM(22:0);PI(18:1_18:1),PC(17:0_18:2);SM(26:0);TAG47:1-FA16:1,3,0.1
ZL9BTWF:772->775,ZL9BTWF,4,change_prevalence,0.0,0.0,0.0,False,0.06584063042334416,FFA(22:1);FFA(24:1);FFA(24:0),PE(P-16:0_20:4);FFA(20:0);TAG58:7-FA18:2,3,0.1
ZL9BTWF:772->775,ZL9BTWF,4,autoregressive_ridge,0.6666666666666666,0.038461538461538464,0.0,True,0.657977224104228,FFA(18:4);FFA(20:3);TAG50:5-FA18:1,PE(P-16:0_20:4);FFA(20:0);TAG58:7-FA18:2,3,0.1
ZL9BTWF:772->775,ZL9BTWF,4,autoregressive_context_ridge,0.6666666666666666,0.038461538461538464,0.0,True,0.6638808038176551,FFA(18:4);TAG50:5-FA18:1;TAG44:1-FA18:1,PE(P-16:0_20:4);FFA(20:0);TAG58:7-FA18:2,3,0.1
ZL9BTWF:775->780,ZL9BTWF,4,change_prevalence,0.3333333333333333,0.019230769230769232,0.3333333333333333,True,0.7107125254862016,FFA(22:1);FFA(24:1);FFA(24:0),SM(26:0);FFA(22:1);TAG56:6-FA18:3,3,0.1
ZL9BTWF:775->780,ZL9BTWF,4,autoregressive_ridge,0.0,0.0,0.0,False,0.46834122686405466,FFA(20:3);FFA(20:0);FFA(22:0),SM(26:0);FFA(22:1);TAG56:6-FA18:3,3,0.1
ZL9BTWF:775->780,ZL9BTWF,4,autoregressive_context_ridge,0.0,0.0,0.0,False,0.402773870930135,FFA(20:3);FFA(20:0);TAG44:1-FA16:0,SM(26:0);FFA(22:1);TAG56:6-FA18:3,3,0.1
ZL9BTWF:780->787,ZL9BTWF,4,change_prevalence,0.3333333333333333,0.019230769230769232,0.0,True,0.7344465716108114,FFA(22:1);FFA(24:1);FFA(24:0),SM(26:0);TAG56:3-FA20:0;TAG56:3-FA18:2,3,0.1
ZL9BTWF:780->787,ZL9BTWF,4,autoregressive_ridge,0.6666666666666666,0.038461538461538464,0.0,True,0.761782138875668,CE(22:5);TAG54:7-FA18:1;TAG48:4-FA18:1,SM(26:0);TAG56:3-FA20:0;TAG56:3-FA18:2,3,0.1
ZL9BTWF:780->787,ZL9BTWF,4,autoregressive_context_ridge,0.3333333333333333,0.019230769230769232,0.0,True,0.661831895954391,TAG54:7-FA18:1;TAG48:4-FA18:1;TAG48:4-FA12:0,SM(26:0);TAG56:3-FA20:0;TAG56:3-FA18:2,3,0.1
ZL9BTWF:787->789,ZL9BTWF,4,change_prevalence,1.0,0.057692307692307696,0.0,True,0.6485343406652759,FFA(22:1);FFA(24:1);FFA(24:0),FFA(18:4);FFA(20:0);PC(16:0_14:0),3,0.1
ZL9BTWF:787->789,ZL9BTWF,4,autoregressive_ridge,1.0,0.057692307692307696,0.3333333333333333,True,0.8476259356569212,FFA(18:4);FFA(20:3);FFA(22:2),FFA(18:4);FFA(20:0);PC(16:0_14:0),3,0.1
ZL9BTWF:787->789,ZL9BTWF,4,autoregressive_context_ridge,0.6666666666666666,0.038461538461538464,0.3333333333333333,True,0.7534555351735852,FFA(18:4);FFA(20:3);PE(P-18:0_18:2),FFA(18:4);FFA(20:0);PC(16:0_14:0),3,0.1
ZL9BTWF:789->793,ZL9BTWF,4,change_prevalence,1.0,0.057692307692307696,0.0,True,0.6915131146889614,FFA(22:1);FFA(24:1);FFA(24:0),FFA(20:0);FFA(18:4);PE(18:0_22:5),3,0.1
ZL9BTWF:789->793,ZL9BTWF,4,autoregressive_ridge,1.0,0.057692307692307696,0.3333333333333333,True,0.8111751517531943,PI(16:0_20:4);PE(18:0_22:5);PC(16:0_14:0),FFA(20:0);FFA(18:4);PE(18:0_22:5),3,0.1
ZL9BTWF:789->793,ZL9BTWF,4,autoregressive_context_ridge,1.0,0.057692307692307696,0.6666666666666666,True,0.8998728179760426,PI(16:0_20:4);FFA(20:0);PE(18:0_22:5),FFA(20:0);FFA(18:4);PE(18:0_22:5),3,0.1
ZL9BTWF:793->797,ZL9BTWF,4,change_prevalence,0.0,0.0,0.0,False,0.16184379279917224,FFA(22:1);FFA(24:1);FFA(24:0),PE(18:0_18:1);PE(18:0_18:2);TAG48:1-FA16:1,3,0.1
ZL9BTWF:793->797,ZL9BTWF,4,autoregressive_ridge,0.0,0.0,0.0,False,0.4266392332911491,FFA(18:4);FFA(20:0);FFA(24:1),PE(18:0_18:1);PE(18:0_18:2);TAG48:1-FA16:1,3,0.1
ZL9BTWF:793->797,ZL9BTWF,4,autoregressive_context_ridge,0.3333333333333333,0.019230769230769232,0.0,True,0.5685391187717432,FFA(18:4);FFA(24:1);LPC(15:0),PE(18:0_18:1);PE(18:0_18:2);TAG48:1-FA16:1,3,0.1
ZL9BTWF:797->798,ZL9BTWF,4,change_prevalence,0.0,0.0,0.0,False,0.27917857559698883,FFA(22:1);FFA(24:1);FFA(24:0),PE(18:0_18:1);PE(18:0_18:2);TAG47:1-FA16:1,3,0.1
ZL9BTWF:797->798,ZL9BTWF,4,autoregressive_ridge,0.6666666666666666,0.038461538461538464,0.6666666666666666,True,0.739740992975466,PE(18:0_18:1);FFA(20:0);PE(18:0_18:2),PE(18:0_18:1);PE(18:0_18:2);TAG47:1-FA16:1,3,0.1
ZL9BTWF:797->798,ZL9BTWF,4,autoregressive_context_ridge,0.6666666666666666,0.038461538461538464,0.6666666666666666,True,0.7938058573900242,PE(18:0_18:1);PE(18:0_18:2);FFA(20:0),PE(18:0_18:1);PE(18:0_18:2);TAG47:1-FA16:1,3,0.1
ZL9BTWF:798->799,ZL9BTWF,4,change_prevalence,0.0,0.0,0.0,False,0.23722504034379546,FFA(22:1);FFA(24:1);FFA(24:0),FFA(18:4);TAG53:2-FA17:0;TAG47:1-FA16:1,3,0.1
ZL9BTWF:798->799,ZL9BTWF,4,autoregressive_ridge,0.0,0.0,0.0,False,0.2314853300517927,FFA(20:0);FFA(16:0);FFA(18:1),FFA(18:4);TAG53:2-FA17:0;TAG47:1-FA16:1,3,0.1
ZL9BTWF:798->799,ZL9BTWF,4,autoregressive_context_ridge,0.0,0.0,0.0,False,0.18919824114467715,FFA(20:0);FFA(22:5);FFA(22:0),FFA(18:4);TAG53:2-FA17:0;TAG47:1-FA16:1,3,0.1
ZL9BTWF:799->800,ZL9BTWF,4,change_prevalence,0.0,0.0,0.0,False,0.195331014726875,FFA(22:1);FFA(24:1);FFA(24:0),DAG(18:1_18:1);TAG54:3-FA16:1;DAG(16:0_18:1),3,0.1
ZL9BTWF:799->800,ZL9BTWF,4,autoregressive_ridge,0.3333333333333333,0.019230769230769232,0.0,True,0.46114191863615644,FFA(22:0);FFA(20:0);FFA(20:3),DAG(18:1_18:1);TAG54:3-FA16:1;DAG(16:0_18:1),3,0.1
ZL9BTWF:799->800,ZL9BTWF,4,autoregressive_context_ridge,0.3333333333333333,0.019230769230769232,0.0,True,0.4137983541439729,FFA(22:0);FFA(20:3);FFA(20:0),DAG(18:1_18:1);TAG54:3-FA16:1;DAG(16:0_18:1),3,0.1
ZL9BTWF:800->801,ZL9BTWF,4,change_prevalence,0.0,0.0,0.0,False,0.1434781938462344,FFA(22:1);FFA(24:1);FFA(24:0),FFA(18:4);CE(22:5);TAG55:2-FA18:2,3,0.1
ZL9BTWF:800->801,ZL9BTWF,4,autoregressive_ridge,0.6666666666666666,0.038461538461538464,0.3333333333333333,True,0.7312695993162509,FFA(18:4);FFA(20:3);PC(18:0_18:0),FFA(18:4);CE(22:5);TAG55:2-FA18:2,3,0.1
ZL9BTWF:800->801,ZL9BTWF,4,autoregressive_context_ridge,0.6666666666666666,0.038461538461538464,0.3333333333333333,True,0.7312695993162509,FFA(18:4);FFA(20:3);PC(18:0_18:0),FFA(18:4);CE(22:5);TAG55:2-FA18:2,3,0.1
ZL9BTWF:801->804,ZL9BTWF,4,change_prevalence,0.0,0.0,0.0,False,0.14565289746078872,FFA(22:1);FFA(24:1);FFA(24:0),PI(18:0_20:4);CE(22:5);TAG56:7-FA16:1,3,0.1
ZL9BTWF:801->804,ZL9BTWF,4,autoregressive_ridge,0.6666666666666666,0.038461538461538464,0.3333333333333333,True,0.7150448870379073,CE(22:5);TAG47:1-FA16:1;CE(22:4),PI(18:0_20:4);CE(22:5);TAG56:7-FA16:1,3,0.1
ZL9BTWF:801->804,ZL9BTWF,4,autoregressive_context_ridge,0.6666666666666666,0.038461538461538464,0.3333333333333333,True,0.7150448870379073,CE(22:5);TAG47:1-FA16:1;CE(22:4),PI(18:0_20:4);CE(22:5);TAG56:7-FA16:1,3,0.1
ZL9BTWF:804->809,ZL9BTWF,4,change_prevalence,0.0,0.0,0.0,False,0.18127442284168782,FFA(22:1);FFA(24:1);FFA(24:0),TAG52:6-FA18:1;TAG56:7-FA16:1;TAG52:5-FA16:1,3,0.1
ZL9BTWF:804->809,ZL9BTWF,4,autoregressive_ridge,0.3333333333333333,0.019230769230769232,0.3333333333333333,True,0.5063861813052162,FFA(20:3);TAG56:1-FA18:1;TAG52:6-FA18:1,TAG52:6-FA18:1;TAG56:7-FA16:1;TAG52:5-FA16:1,3,0.1
ZL9BTWF:804->809,ZL9BTWF,4,autoregressive_context_ridge,0.3333333333333333,0.019230769230769232,0.3333333333333333,True,0.4865556389650419,TAG56:1-FA18:1;FFA(20:3);TAG52:6-FA18:1,TAG52:6-FA18:1;TAG56:7-FA16:1;TAG52:5-FA16:1,3,0.1
ZL9BTWF:809->810,ZL9BTWF,4,change_prevalence,0.0,0.0,0.0,False,0.21317845219756493,FFA(22:1);FFA(24:1);FFA(24:0),PE(18:0_18:1);PE(18:0_18:2);LPC(18:2),3,0.1
ZL9BTWF:809->810,ZL9BTWF,4,autoregressive_ridge,0.6666666666666666,0.038461538461538464,0.0,True,0.5928139610345492,FFA(12:0);FFA(20:0);FFA(18:0),PE(18:0_18:1);PE(18:0_18:2);LPC(18:2),3,0.1
ZL9BTWF:809->810,ZL9BTWF,4,autoregressive_context_ridge,0.0,0.0,0.0,False,0.35360738382924223,FFA(24:1);FFA(20:0);FFA(20:3),PE(18:0_18:1);PE(18:0_18:2);LPC(18:2),3,0.1
ZL9BTWF:810->817,ZL9BTWF,4,change_prevalence,0.0,0.0,0.0,False,0.06084578071100249,FFA(22:1);FFA(24:1);FFA(24:0),TAG54:8-FA18:2;TAG54:7-FA18:1;FFA(18:0),3,0.1
ZL9BTWF:810->817,ZL9BTWF,4,autoregressive_ridge,0.0,0.0,0.0,False,0.11741940494896737,FFA(20:3);FFA(22:5);FFA(20:1),TAG54:8-FA18:2;TAG54:7-FA18:1;FFA(18:0),3,0.1
ZL9BTWF:810->817,ZL9BTWF,4,autoregressive_context_ridge,0.0,0.0,0.0,False,0.17285847930798937,FFA(22:5);FFA(20:3);FFA(22:6),TAG54:8-FA18:2;TAG54:7-FA18:1;FFA(18:0),3,0.1
ZL9BTWF:817->819,ZL9BTWF,4,change_prevalence,0.3333333333333333,0.019230769230769232,0.0,True,0.29884026217111703,FFA(22:1);FFA(24:1);FFA(24:0),FFA(20:2);FFA(18:0);TAG54:8-FA18:3,3,0.1
ZL9BTWF:817->819,ZL9BTWF,4,autoregressive_ridge,0.6666666666666666,0.038461538461538464,0.3333333333333333,True,0.7508393612865493,FFA(18:0);TAG54:7-FA18:1;FFA(20:3),FFA(20:2);FFA(18:0);TAG54:8-FA18:3,3,0.1
ZL9BTWF:817->819,ZL9BTWF,4,autoregressive_context_ridge,1.0,0.057692307692307696,0.3333333333333333,True,0.7133191953426576,TAG54:8-FA18:2;TAG54:8-FA18:3;TAG54:7-FA18:1,FFA(20:2);FFA(18:0);TAG54:8-FA18:3,3,0.1
ZLPRB8E:592->595,ZLPRB8E,4,change_prevalence,0.0,0.0,0.0,False,0.15965826575382125,FFA(22:1);FFA(24:1);FFA(24:0),TAG44:1-FA18:1;TAG46:2-FA18:2;FFA(18:1),3,0.1
ZLPRB8E:592->595,ZLPRB8E,4,autoregressive_ridge,1.0,0.057692307692307696,0.0,True,0.8773373875389969,PC(16:0_14:0);PI(18:0_20:4);TAG46:2-FA12:0,TAG44:1-FA18:1;TAG46:2-FA18:2;FFA(18:1),3,0.1
ZLPRB8E:592->595,ZLPRB8E,4,autoregressive_context_ridge,1.0,0.057692307692307696,0.0,True,0.8773373875389969,PC(16:0_14:0);PI(18:0_20:4);TAG46:2-FA12:0,TAG44:1-FA18:1;TAG46:2-FA18:2;FFA(18:1),3,0.1
ZLPRB8E:595->598,ZLPRB8E,4,change_prevalence,1.0,0.057692307692307696,0.6666666666666666,True,0.9898114077734336,FFA(22:1);FFA(24:1);FFA(24:0),FFA(24:1);FFA(22:1);PC(16:0_18:0),3,0.1
ZLPRB8E:595->598,ZLPRB8E,4,autoregressive_ridge,0.6666666666666666,0.038461538461538464,0.3333333333333333,True,0.7285463138763095,FFA(22:1);FFA(20:1);LPC(16:1),FFA(24:1);FFA(22:1);PC(16:0_18:0),3,0.1
ZLPRB8E:595->598,ZLPRB8E,4,autoregressive_context_ridge,1.0,0.057692307692307696,1.0,True,0.9903194943527285,FFA(22:1);FFA(24:1);PC(16:0_18:0),FFA(24:1);FFA(22:1);PC(16:0_18:0),3,0.1
ZLPRB8E:598->600,ZLPRB8E,4,change_prevalence,0.6666666666666666,0.038461538461538464,0.0,True,0.3246071360049613,FFA(22:1);FFA(24:1);FFA(24:0),FFA(20:0);TAG56:2-FA20:0;PE(18:0_18:1),3,0.1
ZLPRB8E:598->600,ZLPRB8E,4,autoregressive_ridge,1.0,0.057692307692307696,0.0,True,0.5284506787450398,FFA(18:4);SM(26:0);FFA(14:0),FFA(20:0);TAG56:2-FA20:0;PE(18:0_18:1),3,0.1
ZLPRB8E:598->600,ZLPRB8E,4,autoregressive_context_ridge,1.0,0.057692307692307696,0.0,True,0.5567122132751531,FFA(18:4);SM(26:0);PE(18:0_22:5),FFA(20:0);TAG56:2-FA20:0;PE(18:0_18:1),3,0.1
ZLPRB8E:600->603,ZLPRB8E,4,change_prevalence,1.0,0.057692307692307696,0.0,True,0.6343219483655134,FFA(22:1);FFA(24:1);FFA(24:0),PC(16:0_16:0);PE(18:0_18:1);TAG56:2-FA20:0,3,0.1
ZLPRB8E:600->603,ZLPRB8E,4,autoregressive_ridge,0.3333333333333333,0.019230769230769232,0.0,True,0.4223439208903464,FFA(20:0);FFA(22:0);SM(20:0),PC(16:0_16:0);PE(18:0_18:1);TAG56:2-FA20:0,3,0.1
ZLPRB8E:600->603,ZLPRB8E,4,autoregressive_context_ridge,0.3333333333333333,0.019230769230769232,0.0,True,0.4223439208903464,FFA(20:0);FFA(22:0);SM(20:0),PC(16:0_16:0);PE(18:0_18:1);TAG56:2-FA20:0,3,0.1
ZLPRB8E:603->610,ZLPRB8E,4,change_prevalence,1.0,0.057692307692307696,0.0,True,0.6990744683965282,FFA(22:1);FFA(24:1);FFA(24:0),PC(16:0_16:0);PC(16:0_18:0);FFA(18:0),3,0.1
ZLPRB8E:603->610,ZLPRB8E,4,autoregressive_ridge,1.0,0.057692307692307696,0.6666666666666666,True,0.9539101903570695,FFA(22:0);PC(16:0_16:0);PC(16:0_18:0),PC(16:0_16:0);PC(16:0_18:0);FFA(18:0),3,0.1
ZLPRB8E:603->610,ZLPRB8E,4,autoregressive_context_ridge,1.0,0.057692307692307696,0.6666666666666666,True,0.9539101903570695,FFA(22:0);PC(16:0_16:0);PC(16:0_18:0),PC(16:0_16:0);PC(16:0_18:0);FFA(18:0),3,0.1
ZLPRB8E:610->612,ZLPRB8E,4,change_prevalence,0.0,0.0,0.0,False,0.32985031309105567,FFA(22:1);FFA(24:1);FFA(24:0),FFA(18:0);FFA(18:4);PC(18:1_18:1),3,0.1
ZLPRB8E:610->612,ZLPRB8E,4,autoregressive_ridge,1.0,0.057692307692307696,0.3333333333333333,True,0.9638788626143158,FFA(18:0);FFA(14:0);FFA(17:0),FFA(18:0);FFA(18:4);PC(18:1_18:1),3,0.1
ZLPRB8E:610->612,ZLPRB8E,4,autoregressive_context_ridge,1.0,0.057692307692307696,0.3333333333333333,True,0.9671386944951226,FFA(18:0);FFA(17:0);FFA(14:0),FFA(18:0);FFA(18:4);PC(18:1_18:1),3,0.1
ZLPRB8E:612->616,ZLPRB8E,4,change_prevalence,0.0,0.0,0.0,False,0.1602035524757205,FFA(22:1);FFA(24:1);FFA(24:0),TAG56:3-FA20:0;PC(18:0_20:2);PC(18:0_20:3),3,0.1
ZLPRB8E:612->616,ZLPRB8E,4,autoregressive_ridge,0.3333333333333333,0.019230769230769232,0.3333333333333333,True,0.665541185573794,TAG56:3-FA20:0;LPC(16:1);FFA(18:0),TAG56:3-FA20:0;PC(18:0_20:2);PC(18:0_20:3),3,0.1
ZLPRB8E:612->616,ZLPRB8E,4,autoregressive_context_ridge,0.6666666666666666,0.038461538461538464,0.3333333333333333,True,0.7431838945121588,TAG56:3-FA20:0;TAG55:5-FA18:2;FFA(18:0),TAG56:3-FA20:0;PC(18:0_20:2);PC(18:0_20:3),3,0.1
ZLPRB8E:616->620,ZLPRB8E,4,change_prevalence,1.0,0.057692307692307696,0.6666666666666666,True,0.7595983600730938,FFA(22:1);FFA(24:1);FFA(24:0),TAG47:1-FA16:1;FFA(24:1);FFA(24:0),3,0.1
ZLPRB8E:616->620,ZLPRB8E,4,autoregressive_ridge,0.6666666666666666,0.038461538461538464,0.0,True,0.5208746611323325,PE(P-16:0_22:5);FFA(18:0);LPE(20:4),TAG47:1-FA16:1;FFA(24:1);FFA(24:0),3,0.1
ZLPRB8E:616->620,ZLPRB8E,4,autoregressive_context_ridge,0.6666666666666666,0.038461538461538464,0.0,True,0.46253877921797026,PE(P-16:0_22:5);FFA(18:0);SM(20:0),TAG47:1-FA16:1;FFA(24:1);FFA(24:0),3,0.1
ZLPRB8E:620->622,ZLPRB8E,4,change_prevalence,0.0,0.0,0.0,False,0.11447593673861962,FFA(22:1);FFA(24:1);FFA(24:0),LPE(20:4);FFA(12:0);TAG47:1-FA16:1,3,0.1
ZLPRB8E:620->622,ZLPRB8E,4,autoregressive_ridge,0.6666666666666666,0.038461538461538464,0.3333333333333333,True,0.6069910514976272,TAG47:1-FA16:1;FFA(22:5);FFA(18:4),LPE(20:4);FFA(12:0);TAG47:1-FA16:1,3,0.1
ZLPRB8E:620->622,ZLPRB8E,4,autoregressive_context_ridge,0.6666666666666666,0.038461538461538464,0.3333333333333333,True,0.6607815550660359,TAG47:1-FA16:1;FFA(22:5);PC(16:0_18:0),LPE(20:4);FFA(12:0);TAG47:1-FA16:1,3,0.1
ZLPRB8E:622->628,ZLPRB8E,4,change_prevalence,0.3333333333333333,0.019230769230769232,0.0,True,0.555305923703904,FFA(22:1);FFA(24:1);FFA(24:0),PE(18:0_22:5);PE(18:0_18:2);PI(18:0_20:4),3,0.1
ZLPRB8E:622->628,ZLPRB8E,4,autoregressive_ridge,1.0,0.057692307692307696,0.3333333333333333,True,0.7213731858220959,FFA(12:0);TAG44:1-FA18:1;PE(18:0_18:2),PE(18:0_22:5);PE(18:0_18:2);PI(18:0_20:4),3,0.1
ZLPRB8E:622->628,ZLPRB8E,4,autoregressive_context_ridge,0.6666666666666666,0.038461538461538464,0.0,True,0.5956572579135458,FFA(12:0);TAG44:1-FA18:1;TAG48:2-FA12:0,PE(18:0_22:5);PE(18:0_18:2);PI(18:0_20:4),3,0.1
ZLZNCLZ:638->639,ZLZNCLZ,4,change_prevalence,0.0,0.0,0.0,False,0.20428546846597442,FFA(22:1);FFA(24:1);FFA(24:0),PE(18:0_18:1);PE(18:0_18:2);PC(14:0_18:2),3,0.1
ZLZNCLZ:638->639,ZLZNCLZ,4,autoregressive_ridge,0.0,0.0,0.0,False,0.27779409732840743,TAG51:5-FA18:2;TAG54:8-FA18:2;TAG54:7-FA18:2,PE(18:0_18:1);PE(18:0_18:2);PC(14:0_18:2),3,0.1
ZLZNCLZ:638->639,ZLZNCLZ,4,autoregressive_context_ridge,0.0,0.0,0.0,False,0.26640012031188454,TAG51:5-FA18:2;TAG54:8-FA18:3;TAG54:7-FA18:2,PE(18:0_18:1);PE(18:0_18:2);PC(14:0_18:2),3,0.1
ZLZNCLZ:639->640,ZLZNCLZ,4,change_prevalence,0.0,0.0,0.0,False,0.3367068456057559,FFA(22:1);FFA(24:1);FFA(24:0),TAG54:6-FA18:1;TAG54:7-FA18:1;TAG54:5-FA18:3,3,0.1
ZLZNCLZ:639->640,ZLZNCLZ,4,autoregressive_ridge,1.0,0.057692307692307696,0.6666666666666666,True,0.987317793772734,TAG54:7-FA18:1;TAG54:8-FA18:2;TAG54:6-FA18:1,TAG54:6-FA18:1;TAG54:7-FA18:1;TAG54:5-FA18:3,3,0.1
ZLZNCLZ:639->640,ZLZNCLZ,4,autoregressive_context_ridge,1.0,0.057692307692307696,0.6666666666666666,True,0.987317793772734,TAG54:7-FA18:1;TAG54:8-FA18:2;TAG54:6-FA18:1,TAG54:6-FA18:1;TAG54:7-FA18:1;TAG54:5-FA18:3,3,0.1
ZLZNCLZ:640->644,ZLZNCLZ,4,change_prevalence,1.0,0.057692307692307696,0.6666666666666666,True,0.8645901409350287,FFA(22:1);FFA(24:1);FFA(24:0),FFA(24:0);FFA(24:1);FFA(22:0),3,0.1
ZLZNCLZ:640->644,ZLZNCLZ,4,autoregressive_ridge,0.3333333333333333,0.019230769230769232,0.0,True,0.4562307383661231,TAG55:3-FA18:2;TAG56:10-FA18:2;TAG55:2-FA18:1,FFA(24:0);FFA(24:1);FFA(22:0),3,0.1
ZLZNCLZ:640->644,ZLZNCLZ,4,autoregressive_context_ridge,0.3333333333333333,0.019230769230769232,0.0,True,0.4461452127566519,TAG56:10-FA18:2;TAG55:3-FA18:2;TAG58:9-FA22:5,FFA(24:0);FFA(24:1);FFA(22:0),3,0.1
ZLZNCLZ:644->646,ZLZNCLZ,4,change_prevalence,0.0,0.0,0.0,False,0.3144798837357062,FFA(22:1);FFA(24:1);FFA(24:0),SM(20:0);SM(22:0);PC(14:0_18:2),3,0.1
ZLZNCLZ:644->646,ZLZNCLZ,4,autoregressive_ridge,0.0,0.0,0.0,False,0.19515042320336687,FFA(20:0);FFA(22:0);SM(26:0),SM(20:0);SM(22:0);PC(14:0_18:2),3,0.1
ZLZNCLZ:644->646,ZLZNCLZ,4,autoregressive_context_ridge,0.0,0.0,0.0,False,0.17382957457252832,FFA(20:0);FFA(22:0);FFA(18:0),SM(20:0);SM(22:0);PC(14:0_18:2),3,0.1
ZLZNCLZ:646->647,ZLZNCLZ,4,change_prevalence,0.0,0.0,0.0,False,0.18560451871483083,FFA(22:1);FFA(24:1);FFA(24:0),FFA(16:0);PC(16:0_22:5);FFA(22:4),3,0.1
ZLZNCLZ:646->647,ZLZNCLZ,4,autoregressive_ridge,0.3333333333333333,0.019230769230769232,0.0,True,0.40774208219885183,FFA(20:0);PC(16:0_14:0);PC(14:0_18:1),FFA(16:0);PC(16:0_22:5);FFA(22:4),3,0.1
ZLZNCLZ:646->647,ZLZNCLZ,4,autoregressive_context_ridge,0.3333333333333333,0.019230769230769232,0.0,True,0.3481997376470297,PC(16:0_14:0);PC(14:0_18:1);FFA(20:0),FFA(16:0);PC(16:0_22:5);FFA(22:4),3,0.1
ZLZNCLZ:647->649,ZLZNCLZ,4,change_prevalence,0.0,0.0,0.0,False,0.17776008671664162,FFA(22:1);FFA(24:1);FFA(24:0),FFA(20:1);PC(14:0_18:2);FFA(22:4),3,0.1
ZLZNCLZ:647->649,ZLZNCLZ,4,autoregressive_ridge,1.0,0.057692307692307696,0.0,True,0.7239227296816267,PC(16:0_14:0);LPE(20:4);TAG48:4-FA12:0,FFA(20:1);PC(14:0_18:2);FFA(22:4),3,0.1
ZLZNCLZ:647->649,ZLZNCLZ,4,autoregressive_context_ridge,1.0,0.057692307692307696,0.0,True,0.7269290117481525,LPE(20:4);PC(16:0_14:0);FFA(18:3),FFA(20:1);PC(14:0_18:2);FFA(22:4),3,0.1
ZLZNCLZ:649->650,ZLZNCLZ,4,change_prevalence,0.0,0.0,0.0,False,0.3260714291643791,FFA(22:1);FFA(24:1);FFA(24:0),SM(26:0);SM(20:0);PC(14:0_18:1),3,0.1
ZLZNCLZ:649->650,ZLZNCLZ,4,autoregressive_ridge,0.6666666666666666,0.038461538461538464,0.3333333333333333,True,0.666113799692406,FFA(22:5);SM(26:0);PC(18:1_18:1),SM(26:0);SM(20:0);PC(14:0_18:1),3,0.1
ZLZNCLZ:649->650,ZLZNCLZ,4,autoregressive_context_ridge,0.3333333333333333,0.019230769230769232,0.0,True,0.34213862028541103,PC(18:1_18:1);PI(18:1_18:1);FFA(20:0),SM(26:0);SM(20:0);PC(14:0_18:1),3,0.1
ZLZNCLZ:650->653,ZLZNCLZ,4,change_prevalence,1.0,0.057692307692307696,0.0,True,0.6353071289818089,FFA(22:1);FFA(24:1);FFA(24:0),FFA(18:4);SM(22:0);PE(P-16:0_20:4),3,0.1
ZLZNCLZ:650->653,ZLZNCLZ,4,autoregressive_ridge,0.6666666666666666,0.038461538461538464,0.3333333333333333,True,0.790062769946176,FFA(18:4);SM(26:0);SM(20:0),FFA(18:4);SM(22:0);PE(P-16:0_20:4),3,0.1
ZLZNCLZ:650->653,ZLZNCLZ,4,autoregressive_context_ridge,0.3333333333333333,0.019230769230769232,0.3333333333333333,True,0.4989384469453802,SM(26:0);FFA(18:4);PC(16:0_14:0),FFA(18:4);SM(22:0);PE(P-16:0_20:4),3,0.1
ZLZNCLZ:653->654,ZLZNCLZ,4,change_prevalence,1.0,0.057692307692307696,0.3333333333333333,True,0.8250451802741415,FFA(22:1);FFA(24:1);FFA(24:0),PE(18:0_18:1);FFA(18:4);FFA(22:1),3,0.1
ZLZNCLZ:653->654,ZLZNCLZ,4,autoregressive_ridge,0.6666666666666666,0.038461538461538464,0.0,True,0.5670505303476903,PI(16:0_20:4);CE(22:5);FFA(24:0),PE(18:0_18:1);FFA(18:4);FFA(22:1),3,0.1
ZLZNCLZ:653->654,ZLZNCLZ,4,autoregressive_context_ridge,1.0,0.057692307692307696,0.3333333333333333,True,0.6462123924487789,PI(16:0_20:4);FFA(22:1);PI(16:0_18:1),PE(18:0_18:1);FFA(18:4);FFA(22:1),3,0.1
ZLZNCLZ:654->657,ZLZNCLZ,4,change_prevalence,0.0,0.0,0.0,False,0.358663297546295,FFA(22:1);FFA(24:1);FFA(24:0),FFA(20:1);CE(22:5);FFA(18:0),3,0.1
ZLZNCLZ:654->657,ZLZNCLZ,4,autoregressive_ridge,0.6666666666666666,0.038461538461538464,0.3333333333333333,True,0.6519847617793284,FFA(18:0);FFA(18:4);TAG46:2-FA12:0,FFA(20:1);CE(22:5);FFA(18:0),3,0.1
ZLZNCLZ:654->657,ZLZNCLZ,4,autoregressive_context_ridge,1.0,0.057692307692307696,0.3333333333333333,True,0.763509954646173,FFA(18:0);TAG58:7-FA22:5;TAG58:8-FA22:5,FFA(20:1);CE(22:5);FFA(18:0),3,0.1
ZLZNCLZ:657->661,ZLZNCLZ,4,change_prevalence,0.0,0.0,0.0,False,0.11721225734263555,FFA(22:1);FFA(24:1);FFA(24:0),TAG54:8-FA18:2;TAG54:8-FA18:3;TAG58:9-FA22:5,3,0.1
ZLZNCLZ:657->661,ZLZNCLZ,4,autoregressive_ridge,0.0,0.0,0.0,False,0.23692443352694925,TAG47:1-FA16:1;TAG54:6-FA22:6;TAG44:1-FA16:0,TAG54:8-FA18:2;TAG54:8-FA18:3;TAG58:9-FA22:5,3,0.1
ZLZNCLZ:657->661,ZLZNCLZ,4,autoregressive_context_ridge,0.3333333333333333,0.019230769230769232,0.0,True,0.38544492087603227,TAG47:1-FA16:1;FFA(20:1);TAG54:6-FA22:6,TAG54:8-FA18:2;TAG54:8-FA18:3;TAG58:9-FA22:5,3,0.1
ZLZNCLZ:661->664,ZLZNCLZ,4,change_prevalence,1.0,0.057692307692307696,0.0,True,0.6989504831330201,FFA(22:1);FFA(24:1);FFA(24:0),PC(18:0_18:0);PC(16:0_16:0);PC(16:0_18:0),3,0.1
ZLZNCLZ:661->664,ZLZNCLZ,4,autoregressive_ridge,0.0,0.0,0.0,False,0.07042354471966449,TAG54:8-FA18:2;TAG54:7-FA18:1;TAG54:6-FA18:1,PC(18:0_18:0);PC(16:0_16:0);PC(16:0_18:0),3,0.1
ZLZNCLZ:661->664,ZLZNCLZ,4,autoregressive_context_ridge,0.0,0.0,0.0,False,0.07359767136638808,TAG54:8-FA18:2;TAG54:6-FA18:1;TAG54:7-FA18:1,PC(18:0_18:0);PC(16:0_16:0);PC(16:0_18:0),3,0.1
ZLZNCLZ:664->667,ZLZNCLZ,4,change_prevalence,0.0,0.0,0.0,False,0.08230708690855913,FFA(22:1);FFA(24:1);FFA(24:0),TAG56:10-FA18:2;TAG55:3-FA18:2;TAG54:7-FA18:1,3,0.1
ZLZNCLZ:664->667,ZLZNCLZ,4,autoregressive_ridge,0.0,0.0,0.0,False,0.1404368404121746,PC(16:0_16:0);PC(18:0_18:0);FFA(20:3),TAG56:10-FA18:2;TAG55:3-FA18:2;TAG54:7-FA18:1,3,0.1
ZLZNCLZ:664->667,ZLZNCLZ,4,autoregressive_context_ridge,0.0,0.0,0.0,False,0.07956142188382681,PC(18:0_18:0);PC(16:0_16:0);PC(16:0_18:0),TAG56:10-FA18:2;TAG55:3-FA18:2;TAG54:7-FA18:1,3,0.1
ZLZNCLZ:667->674,ZLZNCLZ,4,change_prevalence,0.0,0.0,0.0,False,0.1239080636828019,FFA(22:1);FFA(24:1);FFA(24:0),LPC(16:1);SM(26:0);FFA(17:0),3,0.1
ZLZNCLZ:667->674,ZLZNCLZ,4,autoregressive_ridge,0.3333333333333333,0.019230769230769232,0.0,True,0.44349012144312244,PC(16:0_16:0);PC(16:0_18:0);PC(18:0_18:0),LPC(16:1);SM(26:0);FFA(17:0),3,0.1
ZLZNCLZ:667->674,ZLZNCLZ,4,autoregressive_context_ridge,0.3333333333333333,0.019230769230769232,0.0,True,0.44759630377348397,PC(16:0_16:0);PC(18:0_18:0);PC(16:0_18:0),LPC(16:1);SM(26:0);FFA(17:0),3,0.1
ZLZNCLZ:674->678,ZLZNCLZ,4,change_prevalence,1.0,0.057692307692307696,0.0,True,0.8420450275610698,FFA(22:1);FFA(24:1);FFA(24:0),PC(18:0_18:0);FFA(22:0);PC(16:0_16:0),3,0.1
ZLZNCLZ:674->678,ZLZNCLZ,4,autoregressive_ridge,1.0,0.057692307692307696,0.0,True,0.7944855240714094,FFA(17:0);PC(16:0_18:0);FFA(22:1),PC(18:0_18:0);FFA(22:0);PC(16:0_16:0),3,0.1
ZLZNCLZ:674->678,ZLZNCLZ,4,autoregressive_context_ridge,1.0,0.057692307692307696,0.0,True,0.7942506827684754,FFA(17:0);FFA(22:1);PC(16:0_18:0),PC(18:0_18:0);FFA(22:0);PC(16:0_16:0),3,0.1
ZLZNCLZ:678->685,ZLZNCLZ,4,change_prevalence,0.3333333333333333,0.019230769230769232,0.0,True,0.3160048618927143,FFA(22:1);FFA(24:1);FFA(24:0),SM(26:0);PC(14:0_18:2);PC(14:0_18:1),3,0.1
ZLZNCLZ:678->685,ZLZNCLZ,4,autoregressive_ridge,0.6666666666666666,0.038461538461538464,0.3333333333333333,True,0.7301260388523564,SM(26:0);FFA(22:0);PC(18:0_18:0),SM(26:0);PC(14:0_18:2);PC(14:0_18:1),3,0.1
ZLZNCLZ:678->685,ZLZNCLZ,4,autoregressive_context_ridge,0.6666666666666666,0.038461538461538464,0.3333333333333333,True,0.7490113205955,SM(26:0);SM(20:0);TAG44:1-FA16:0,SM(26:0);PC(14:0_18:2);PC(14:0_18:1),3,0.1
ZLZNCLZ:685->691,ZLZNCLZ,4,change_prevalence,1.0,0.057692307692307696,0.3333333333333333,True,0.7857567698638276,FFA(22:1);FFA(24:1);FFA(24:0),FFA(20:3);SM(26:0);FFA(22:1),3,0.1
ZLZNCLZ:685->691,ZLZNCLZ,4,autoregressive_ridge,0.3333333333333333,0.019230769230769232,0.0,True,0.2986432543092279,PI(18:0_18:2);PI(18:0_20:4);TAG46:2-FA12:0,FFA(20:3);SM(26:0);FFA(22:1),3,0.1
ZLZNCLZ:685->691,ZLZNCLZ,4,autoregressive_context_ridge,0.3333333333333333,0.019230769230769232,0.0,True,0.2487288859976251,TAG52:6-FA22:6;PI(18:0_18:2);TAG46:2-FA12:0,FFA(20:3);SM(26:0);FFA(22:1),3,0.1
ZLZNCLZ:691->698,ZLZNCLZ,4,change_prevalence,1.0,0.057692307692307696,0.0,True,0.630439882093893,FFA(22:1);FFA(24:1);FFA(24:0),SM(20:0);SM(26:0);SM(22:0),3,0.1
ZLZNCLZ:691->698,ZLZNCLZ,4,autoregressive_ridge,0.6666666666666666,0.038461538461538464,0.0,True,0.5210318275551101,FFA(22:1);FFA(20:3);TAG46:2-FA18:2,SM(20:0);SM(26:0);SM(22:0),3,0.1
ZLZNCLZ:691->698,ZLZNCLZ,4,autoregressive_context_ridge,0.6666666666666666,0.038461538461538464,0.0,True,0.5279946105477108,FFA(22:1);FFA(20:3);TAG52:6-FA22:6,SM(20:0);SM(26:0);SM(22:0),3,0.1
ZM8YXDM:527->529,ZM8YXDM,4,change_prevalence,1.0,0.057692307692307696,0.3333333333333333,True,0.8222386215549652,FFA(22:1);FFA(24:1);FFA(24:0),TAG58:3-FA18:1;FFA(18:4);FFA(22:1),3,0.1
ZM8YXDM:527->529,ZM8YXDM,4,autoregressive_ridge,0.3333333333333333,0.019230769230769232,0.0,True,0.4164942264178495,PE(18:0_18:1);PE(18:0_18:2);PE(18:0_20:4),TAG58:3-FA18:1;FFA(18:4);FFA(22:1),3,0.1
ZM8YXDM:527->529,ZM8YXDM,4,autoregressive_context_ridge,0.3333333333333333,0.019230769230769232,0.0,True,0.4164942264178495,PE(18:0_18:1);PE(18:0_18:2);PE(18:0_20:4),TAG58:3-FA18:1;FFA(18:4);FFA(22:1),3,0.1
ZM8YXDM:529->533,ZM8YXDM,4,change_prevalence,0.3333333333333333,0.019230769230769232,0.0,True,0.597206135415854,FFA(22:1);FFA(24:1);FFA(24:0),TAG56:8-FA16:1;FFA(20:1);PC(18:2_18:2),3,0.1
ZM8YXDM:529->533,ZM8YXDM,4,autoregressive_ridge,0.6666666666666666,0.038461538461538464,0.3333333333333333,True,0.5093941125990887,TAG58:3-FA18:1;TAG56:8-FA16:1;TAG55:2-FA18:2,TAG56:8-FA16:1;FFA(20:1);PC(18:2_18:2),3,0.1
ZM8YXDM:529->533,ZM8YXDM,4,autoregressive_context_ridge,0.6666666666666666,0.038461538461538464,0.3333333333333333,True,0.5299894439936805,TAG58:3-FA18:1;TAG56:8-FA16:1;TAG56:8-FA18:1,TAG56:8-FA16:1;FFA(20:1);PC(18:2_18:2),3,0.1
ZM8YXDM:533->543,ZM8YXDM,4,change_prevalence,0.0,0.0,0.0,False,0.12163041414238009,FFA(22:1);FFA(24:1);FFA(24:0),TAG58:3-FA18:1;FFA(18:1);TAG53:2-FA17:0,3,0.1
ZM8YXDM:533->543,ZM8YXDM,4,autoregressive_ridge,0.6666666666666666,0.038461538461538464,0.6666666666666666,True,0.9094058109586695,TAG58:3-FA18:1;TAG56:2-FA16:0;FFA(18:1),TAG58:3-FA18:1;FFA(18:1);TAG53:2-FA17:0,3,0.1
ZM8YXDM:533->543,ZM8YXDM,4,autoregressive_context_ridge,1.0,0.057692307692307696,0.6666666666666666,True,0.9639185907879669,TAG58:3-FA18:1;FFA(16:1);FFA(18:1),TAG58:3-FA18:1;FFA(18:1);TAG53:2-FA17:0,3,0.1
ZM8YXDM:543->546,ZM8YXDM,4,change_prevalence,0.0,0.0,0.0,False,0.2219604796552062,FFA(22:1);FFA(24:1);FFA(24:0),PE(18:0_22:5);PE(18:1_18:2);TAG47:1-FA16:1,3,0.1
ZM8YXDM:543->546,ZM8YXDM,4,autoregressive_ridge,1.0,0.057692307692307696,0.0,True,0.8470574713890785,PC(14:0_18:1);TAG48:2-FA12:0;TAG44:1-FA18:1,PE(18:0_22:5);PE(18:1_18:2);TAG47:1-FA16:1,3,0.1
ZM8YXDM:543->546,ZM8YXDM,4,autoregressive_context_ridge,1.0,0.057692307692307696,0.0,True,0.8374735042116864,TAG44:1-FA18:1;PC(14:0_18:1);PC(16:0_14:0),PE(18:0_22:5);PE(18:1_18:2);TAG47:1-FA16:1,3,0.1
ZM8YXDM:546->547,ZM8YXDM,4,change_prevalence,0.0,0.0,0.0,False,0.3732891163521568,FFA(22:1);FFA(24:1);FFA(24:0),PI(18:0_18:1);PC(16:0_20:5);PC(18:0_20:5),3,0.1
ZM8YXDM:546->547,ZM8YXDM,4,autoregressive_ridge,0.3333333333333333,0.019230769230769232,0.0,True,0.49066723144137114,FFA(24:1);PE(18:0_22:5);FFA(22:1),PI(18:0_18:1);PC(16:0_20:5);PC(18:0_20:5),3,0.1
ZM8YXDM:546->547,ZM8YXDM,4,autoregressive_context_ridge,0.3333333333333333,0.019230769230769232,0.0,True,0.49561862587800193,FFA(24:1);PE(18:1_18:2);FFA(22:1),PI(18:0_18:1);PC(16:0_20:5);PC(18:0_20:5),3,0.1
ZM8YXDM:547->557,ZM8YXDM,4,change_prevalence,1.0,0.057692307692307696,0.0,True,0.7773154868415518,FFA(22:1);FFA(24:1);FFA(24:0),PC(16:0_14:0);PC(14:0_18:1);FFA(18:4),3,0.1
ZM8YXDM:547->557,ZM8YXDM,4,autoregressive_ridge,0.6666666666666666,0.038461538461538464,0.0,True,0.7365857272659608,PI(18:1_18:1);FFA(18:0);PI(18:0_18:1),PC(16:0_14:0);PC(14:0_18:1);FFA(18:4),3,0.1
ZM8YXDM:547->557,ZM8YXDM,4,autoregressive_context_ridge,0.6666666666666666,0.038461538461538464,0.0,True,0.7365857272659608,PI(18:1_18:1);FFA(18:0);PI(18:0_18:1),PC(16:0_14:0);PC(14:0_18:1);FFA(18:4),3,0.1
ZM8YXDM:557->561,ZM8YXDM,4,change_prevalence,1.0,0.057692307692307696,0.3333333333333333,True,0.8954839082276043,FFA(22:1);FFA(24:1);FFA(24:0),LPE(20:4);FFA(14:1);FFA(24:1),3,0.1
ZM8YXDM:557->561,ZM8YXDM,4,autoregressive_ridge,0.3333333333333333,0.019230769230769232,0.3333333333333333,True,0.7201994766305252,LPE(20:4);FFA(20:0);PI(16:0_18:2),LPE(20:4);FFA(14:1);FFA(24:1),3,0.1
ZM8YXDM:557->561,ZM8YXDM,4,autoregressive_context_ridge,0.6666666666666666,0.038461538461538464,0.3333333333333333,True,0.7990297119877127,LPE(20:4);FFA(20:0);LPC(18:0),LPE(20:4);FFA(14:1);FFA(24:1),3,0.1
ZM8YXDM:561->565,ZM8YXDM,4,change_prevalence,0.0,0.0,0.0,False,0.15841937730166916,FFA(22:1);FFA(24:1);FFA(24:0),PE(P-16:0_18:1);LPC(15:0);PE(P-18:0_18:1),3,0.1
ZM8YXDM:561->565,ZM8YXDM,4,autoregressive_ridge,0.0,0.0,0.0,False,0.20238263678453355,FFA(24:1);FFA(22:1);FFA(24:0),PE(P-16:0_18:1);LPC(15:0);PE(P-18:0_18:1),3,0.1
ZM8YXDM:561->565,ZM8YXDM,4,autoregressive_context_ridge,0.0,0.0,0.0,False,0.20238263678453355,FFA(24:1);FFA(22:1);FFA(24:0),PE(P-16:0_18:1);LPC(15:0);PE(P-18:0_18:1),3,0.1
ZM8YXDM:565->573,ZM8YXDM,4,change_prevalence,0.0,0.0,0.0,False,0.11207317707766111,FFA(22:1);FFA(24:1);FFA(24:0),TAG54:5-FA22:1;LPC(15:0);TAG54:4-FA18:1,3,0.1
ZM8YXDM:565->573,ZM8YXDM,4,autoregressive_ridge,0.6666666666666666,0.038461538461538464,0.3333333333333333,True,0.7630720638729472,LPC(15:0);PC(14:0_18:2);TAG47:1-FA18:1,TAG54:5-FA22:1;LPC(15:0);TAG54:4-FA18:1,3,0.1
ZM8YXDM:565->573,ZM8YXDM,4,autoregressive_context_ridge,1.0,0.057692307692307696,0.3333333333333333,True,0.7839672036748985,LPC(15:0);PC(16:0_14:0);PC(14:0_18:2),TAG54:5-FA22:1;LPC(15:0);TAG54:4-FA18:1,3,0.1
ZM8YXDM:573->578,ZM8YXDM,4,change_prevalence,0.0,0.0,0.0,False,0.10939199716697313,FFA(22:1);FFA(24:1);FFA(24:0),FFA(18:0);PI(16:0_18:1);FFA(17:0),3,0.1
ZM8YXDM:573->578,ZM8YXDM,4,autoregressive_ridge,0.3333333333333333,0.019230769230769232,0.3333333333333333,True,0.2787629426795457,FFA(24:1);FFA(22:1);FFA(17:0),FFA(18:0);PI(16:0_18:1);FFA(17:0),3,0.1
ZM8YXDM:573->578,ZM8YXDM,4,autoregressive_context_ridge,0.3333333333333333,0.019230769230769232,0.3333333333333333,True,0.434360421024195,FFA(17:0);FFA(22:1);FFA(22:2),FFA(18:0);PI(16:0_18:1);FFA(17:0),3,0.1
ZM8YXDM:578->589,ZM8YXDM,4,change_prevalence,0.0,0.0,0.0,False,0.17243301325793378,FFA(22:1);FFA(24:1);FFA(24:0),TAG50:2-FA14:0;TAG58:6-FA16:0;TAG50:2-FA18:1,3,0.1
ZM8YXDM:578->589,ZM8YXDM,4,autoregressive_ridge,0.3333333333333333,0.019230769230769232,0.0,True,0.47018629081899777,FFA(18:0);FFA(17:0);FFA(14:0),TAG50:2-FA14:0;TAG58:6-FA16:0;TAG50:2-FA18:1,3,0.1
ZM8YXDM:578->589,ZM8YXDM,4,autoregressive_context_ridge,0.3333333333333333,0.019230769230769232,0.0,True,0.47018629081899777,FFA(18:0);FFA(17:0);FFA(14:0),TAG50:2-FA14:0;TAG58:6-FA16:0;TAG50:2-FA18:1,3,0.1
ZNED4XZ:696->698,ZNED4XZ,4,change_prevalence,0.0,0.0,0.0,False,0.12599778491453473,FFA(22:1);FFA(24:1);FFA(24:0),FFA(15:0);PI(18:0_18:1);PC(14:0_18:2),3,0.1
ZNED4XZ:696->698,ZNED4XZ,4,autoregressive_ridge,0.3333333333333333,0.019230769230769232,0.0,True,0.6837618817703307,PE(P-16:0_18:2);PE(P-18:0_18:2);PE(P-18:1_18:2),FFA(15:0);PI(18:0_18:1);PC(14:0_18:2),3,0.1
ZNED4XZ:696->698,ZNED4XZ,4,autoregressive_context_ridge,0.3333333333333333,0.019230769230769232,0.0,True,0.6837618817703307,PE(P-16:0_18:2);PE(P-18:0_18:2);PE(P-18:1_18:2),FFA(15:0);PI(18:0_18:1);PC(14:0_18:2),3,0.1
ZNED4XZ:698->699,ZNED4XZ,4,change_prevalence,0.0,0.0,0.0,False,0.08092236429528339,FFA(22:1);FFA(24:1);FFA(24:0),SM(20:1);SM(26:0);FFA(20:5),3,0.1
ZNED4XZ:698->699,ZNED4XZ,4,autoregressive_ridge,0.3333333333333333,0.019230769230769232,0.0,True,0.4057245986283898,PE(P-18:0_18:2);LPC(20:3);PE(P-18:1_18:2),SM(20:1);SM(26:0);FFA(20:5),3,0.1
ZNED4XZ:698->699,ZNED4XZ,4,autoregressive_context_ridge,0.3333333333333333,0.019230769230769232,0.0,True,0.41160552841865794,PE(P-18:0_18:2);LPC(20:3);PE(P-16:0_18:2),SM(20:1);SM(26:0);FFA(20:5),3,0.1
ZNED4XZ:699->701,ZNED4XZ,4,change_prevalence,0.0,0.0,0.0,False,0.15983058106080206,FFA(22:1);FFA(24:1);FFA(24:0),SM(20:1);SM(24:1);PI(18:1_18:1),3,0.1
ZNED4XZ:699->701,ZNED4XZ,4,autoregressive_ridge,1.0,0.057692307692307696,0.0,True,0.6395800511181097,FFA(12:0);LPE(18:1);FFA(14:0),SM(20:1);SM(24:1);PI(18:1_18:1),3,0.1
ZNED4XZ:699->701,ZNED4XZ,4,autoregressive_context_ridge,0.6666666666666666,0.038461538461538464,0.0,True,0.6761514570543621,LPE(18:1);FFA(12:0);FFA(17:0),SM(20:1);SM(24:1);PI(18:1_18:1),3,0.1
ZNED4XZ:701->704,ZNED4XZ,4,change_prevalence,0.0,0.0,0.0,False,0.2738935701123545,FFA(22:1);FFA(24:1);FFA(24:0),PC(16:0_20:2);CE(20:2);CE(20:3),3,0.1
ZNED4XZ:701->704,ZNED4XZ,4,autoregressive_ridge,0.3333333333333333,0.019230769230769232,0.0,True,0.38847805500377025,CE(18:4);FFA(22:1);PI(18:1_18:1),PC(16:0_20:2);CE(20:2);CE(20:3),3,0.1
ZNED4XZ:701->704,ZNED4XZ,4,autoregressive_context_ridge,0.3333333333333333,0.019230769230769232,0.0,True,0.4089471659061724,CE(18:4);PI(18:1_18:1);FFA(22:1),PC(16:0_20:2);CE(20:2);CE(20:3),3,0.1
ZNED4XZ:704->705,ZNED4XZ,4,change_prevalence,0.0,0.0,0.0,False,0.14139382009370843,FFA(22:1);FFA(24:1);FFA(24:0),PC(16:0_20:2);LPC(20:3);PC(18:0_20:2),3,0.1
ZNED4XZ:704->705,ZNED4XZ,4,autoregressive_ridge,0.3333333333333333,0.019230769230769232,0.0,True,0.4237705171806447,FFA(18:4);FFA(20:5);FFA(14:1),PC(16:0_20:2);LPC(20:3);PC(18:0_20:2),3,0.1
ZNED4XZ:704->705,ZNED4XZ,4,autoregressive_context_ridge,0.3333333333333333,0.019230769230769232,0.0,True,0.4237705171806447,FFA(18:4);FFA(20:5);FFA(14:1),PC(16:0_20:2);LPC(20:3);PC(18:0_20:2),3,0.1
ZNED4XZ:705->706,ZNED4XZ,4,change_prevalence,0.0,0.0,0.0,False,0.20244453846030128,FFA(22:1);FFA(24:1);FFA(24:0),FFA(18:0);PC(16:0_18:3);CE(18:3),3,0.1
ZNED4XZ:705->706,ZNED4XZ,4,autoregressive_ridge,0.3333333333333333,0.019230769230769232,0.3333333333333333,True,0.6166113931182742,FFA(18:0);FFA(20:5);FFA(18:4),FFA(18:0);PC(16:0_18:3);CE(18:3),3,0.1
ZNED4XZ:705->706,ZNED4XZ,4,autoregressive_context_ridge,0.3333333333333333,0.019230769230769232,0.3333333333333333,True,0.6166113931182742,FFA(18:0);FFA(20:5);FFA(18:4),FFA(18:0);PC(16:0_18:3);CE(18:3),3,0.1
ZNED4XZ:706->708,ZNED4XZ,4,change_prevalence,1.0,0.057692307692307696,0.0,True,0.2567106143621775,FFA(22:1);FFA(24:1);FFA(24:0),FFA(20:2);FFA(20:1);TAG58:3-FA18:1,3,0.1
ZNED4XZ:706->708,ZNED4XZ,4,autoregressive_ridge,0.3333333333333333,0.019230769230769232,0.0,True,0.0699024387021022,FFA(20:5);FFA(18:4);FFA(14:1),FFA(20:2);FFA(20:1);TAG58:3-FA18:1,3,0.1
ZNED4XZ:706->708,ZNED4XZ,4,autoregressive_context_ridge,0.0,0.0,0.0,False,0.043987796116383544,FFA(20:5);FFA(18:4);PE(O-18:0_20:4),FFA(20:2);FFA(20:1);TAG58:3-FA18:1,3,0.1
ZNED4XZ:708->709,ZNED4XZ,4,change_prevalence,0.0,0.0,0.0,False,0.06507567180007094,FFA(22:1);FFA(24:1);FFA(24:0),TAG58:3-FA18:1;TAG56:2-FA16:0;TAG56:3-FA16:0,3,0.1
ZNED4XZ:708->709,ZNED4XZ,4,autoregressive_ridge,0.0,0.0,0.0,False,0.10902978045601944,FFA(20:2);FFA(20:1);LPE(20:4),TAG58:3-FA18:1;TAG56:2-FA16:0;TAG56:3-FA16:0,3,0.1
ZNED4XZ:708->709,ZNED4XZ,4,autoregressive_context_ridge,0.0,0.0,0.0,False,0.10902978045601944,FFA(20:2);FFA(20:1);LPE(20:4),TAG58:3-FA18:1;TAG56:2-FA16:0;TAG56:3-FA16:0,3,0.1
ZNED4XZ:709->718,ZNED4XZ,4,change_prevalence,0.0,0.0,0.0,False,0.4223473870905533,FFA(22:1);FFA(24:1);FFA(24:0),FFA(14:0);FFA(17:0);SM(20:1),3,0.1
ZNED4XZ:709->718,ZNED4XZ,4,autoregressive_ridge,0.3333333333333333,0.019230769230769232,0.0,True,0.4931369121167904,FFA(20:2);FFA(20:1);LPE(20:4),FFA(14:0);FFA(17:0);SM(20:1),3,0.1
ZNED4XZ:709->718,ZNED4XZ,4,autoregressive_context_ridge,0.3333333333333333,0.019230769230769232,0.0,True,0.4931369121167904,FFA(20:2);FFA(20:1);LPE(20:4),FFA(14:0);FFA(17:0);SM(20:1),3,0.1
ZNED4XZ:718->723,ZNED4XZ,4,change_prevalence,1.0,0.057692307692307696,0.0,True,0.5773984988525285,FFA(22:1);FFA(24:1);FFA(24:0),FFA(20:2);PE(P-18:0_18:2);LPE(20:4),3,0.1
ZNED4XZ:718->723,ZNED4XZ,4,autoregressive_ridge,1.0,0.057692307692307696,0.6666666666666666,True,0.9163547738630143,FFA(20:2);FFA(20:1);LPE(20:4),FFA(20:2);PE(P-18:0_18:2);LPE(20:4),3,0.1
ZNED4XZ:718->723,ZNED4XZ,4,autoregressive_context_ridge,1.0,0.057692307692307696,0.6666666666666666,True,0.9163547738630143,FFA(20:2);FFA(20:1);LPE(20:4),FFA(20:2);PE(P-18:0_18:2);LPE(20:4),3,0.1
ZNED4XZ:723->740,ZNED4XZ,4,change_prevalence,0.0,0.0,0.0,False,0.4343413341822038,FFA(22:1);FFA(24:1);FFA(24:0),PC(18:2_20:3);PE(P-18:0_18:2);FFA(20:2),3,0.1
ZNED4XZ:723->740,ZNED4XZ,4,autoregressive_ridge,0.6666666666666666,0.038461538461538464,0.3333333333333333,True,0.6668240573862579,FFA(20:1);FFA(20:2);FFA(22:1),PC(18:2_20:3);PE(P-18:0_18:2);FFA(20:2),3,0.1
ZNED4XZ:723->740,ZNED4XZ,4,autoregressive_context_ridge,0.6666666666666666,0.038461538461538464,0.3333333333333333,True,0.6393033484509196,FFA(20:1);FFA(20:2);FFA(22:0),PC(18:2_20:3);PE(P-18:0_18:2);FFA(20:2),3,0.1
ZNED4XZ:740->746,ZNED4XZ,4,change_prevalence,0.0,0.0,0.0,False,0.14272386666335904,FFA(22:1);FFA(24:1);FFA(24:0),PC(18:0_22:5);PC(16:0_22:5);PE(18:0_22:5),3,0.1
ZNED4XZ:740->746,ZNED4XZ,4,autoregressive_ridge,0.3333333333333333,0.019230769230769232,0.0,True,0.3703838170858718,FFA(20:2);FFA(20:1);CE(20:2),PC(18:0_22:5);PC(16:0_22:5);PE(18:0_22:5),3,0.1
ZNED4XZ:740->746,ZNED4XZ,4,autoregressive_context_ridge,0.0,0.0,0.0,False,0.32095805152087503,FFA(20:2);FFA(20:1);PC(18:2_20:3),PC(18:0_22:5);PC(16:0_22:5);PE(18:0_22:5),3,0.1
ZNED4XZ:746->754,ZNED4XZ,4,change_prevalence,0.0,0.0,0.0,False,0.14830331798874993,FFA(22:1);FFA(24:1);FFA(24:0),FFA(20:1);FFA(20:2);TAG54:7-FA18:3,3,0.1
ZNED4XZ:746->754,ZNED4XZ,4,autoregressive_ridge,0.6666666666666666,0.038461538461538464,0.6666666666666666,True,0.8152122838151165,FFA(20:2);FFA(20:1);PE(O-18:0_20:4),FFA(20:1);FFA(20:2);TAG54:7-FA18:3,3,0.1
ZNED4XZ:746->754,ZNED4XZ,4,autoregressive_context_ridge,0.6666666666666666,0.038461538461538464,0.6666666666666666,True,0.8152122838151165,FFA(20:2);FFA(20:1);PE(O-18:0_20:4),FFA(20:1);FFA(20:2);TAG54:7-FA18:3,3,0.1
ZPDABJR:645->646,ZPDABJR,4,change_prevalence,0.0,0.0,0.0,False,0.15426802420733857,FFA(22:1);FFA(24:1);FFA(24:0),SM(20:0);TAG56:2-FA20:0;SM(22:0),3,0.1
ZPDABJR:645->646,ZPDABJR,4,autoregressive_ridge,1.0,0.057692307692307696,0.0,True,0.6284137615088299,PI(18:1_18:1);LPE(18:1);TAG46:2-FA18:1,SM(20:0);TAG56:2-FA20:0;SM(22:0),3,0.1
ZPDABJR:645->646,ZPDABJR,4,autoregressive_context_ridge,0.3333333333333333,0.019230769230769232,0.0,True,0.42190536129388834,LPE(18:1);FFA(20:2);FFA(18:0),SM(20:0);TAG56:2-FA20:0;SM(22:0),3,0.1
ZPDABJR:646->647,ZPDABJR,4,change_prevalence,0.0,0.0,0.0,False,0.4482383069698544,FFA(22:1);FFA(24:1);FFA(24:0),PE(18:0_22:5);TAG44:1-FA18:1;TAG48:4-FA12:0,3,0.1
ZPDABJR:646->647,ZPDABJR,4,autoregressive_ridge,1.0,0.057692307692307696,0.0,True,0.6940841292418632,FFA(20:0);FFA(18:0);FFA(16:0),PE(18:0_22:5);TAG44:1-FA18:1;TAG48:4-FA12:0,3,0.1
ZPDABJR:646->647,ZPDABJR,4,autoregressive_context_ridge,1.0,0.057692307692307696,0.0,True,0.6964774703005788,FFA(18:0);FFA(20:0);FFA(16:0),PE(18:0_22:5);TAG44:1-FA18:1;TAG48:4-FA12:0,3,0.1
ZPDABJR:647->651,ZPDABJR,4,change_prevalence,1.0,0.057692307692307696,0.3333333333333333,True,0.9118330255786189,FFA(22:1);FFA(24:1);FFA(24:0),PE(18:0_22:5);FFA(22:1);FFA(20:3),3,0.1
ZPDABJR:647->651,ZPDABJR,4,autoregressive_ridge,0.6666666666666666,0.038461538461538464,0.3333333333333333,True,0.7702339255939233,PE(18:0_22:5);TAG44:1-FA18:1;PE(18:0_20:4),PE(18:0_22:5);FFA(22:1);FFA(20:3),3,0.1
ZPDABJR:647->651,ZPDABJR,4,autoregressive_context_ridge,1.0,0.057692307692307696,0.3333333333333333,True,0.8931520566791432,PE(18:0_22:5);PE(18:0_20:4);PE(18:0_18:2),PE(18:0_22:5);FFA(22:1);FFA(20:3),3,0.1
ZPDABJR:651->655,ZPDABJR,4,change_prevalence,0.0,0.0,0.0,False,0.1022679110241061,FFA(22:1);FFA(24:1);FFA(24:0),TAG58:8-FA22:5;TAG58:7-FA22:5;TAG58:9-FA18:2,3,0.1
ZPDABJR:651->655,ZPDABJR,4,autoregressive_ridge,0.0,0.0,0.0,False,0.2463359273611562,FFA(18:4);FFA(22:0);FFA(20:3),TAG58:8-FA22:5;TAG58:7-FA22:5;TAG58:9-FA18:2,3,0.1
ZPDABJR:651->655,ZPDABJR,4,autoregressive_context_ridge,0.0,0.0,0.0,False,0.28389624985433204,FFA(18:4);FFA(22:0);PE(16:0_18:2),TAG58:8-FA22:5;TAG58:7-FA22:5;TAG58:9-FA18:2,3,0.1
ZPDABJR:655->656,ZPDABJR,4,change_prevalence,0.0,0.0,0.0,False,0.18767616432435774,FFA(22:1);FFA(24:1);FFA(24:0),TAG58:8-FA22:5;TAG56:5-FA20:1;TAG58:6-FA22:5,3,0.1
ZPDABJR:655->656,ZPDABJR,4,autoregressive_ridge,1.0,0.057692307692307696,0.3333333333333333,True,0.8913695260415883,TAG58:8-FA22:5;PC(16:0_14:0);TAG58:7-FA22:5,TAG58:8-FA22:5;TAG56:5-FA20:1;TAG58:6-FA22:5,3,0.1
ZPDABJR:655->656,ZPDABJR,4,autoregressive_context_ridge,1.0,0.057692307692307696,0.3333333333333333,True,0.8913695260415883,TAG58:8-FA22:5;PC(16:0_14:0);TAG58:7-FA22:5,TAG58:8-FA22:5;TAG56:5-FA20:1;TAG58:6-FA22:5,3,0.1
ZPDABJR:656->657,ZPDABJR,4,change_prevalence,1.0,0.057692307692307696,0.0,True,0.7897399072334675,FFA(22:1);FFA(24:1);FFA(24:0),LPE(20:4);TAG55:4-FA18:2;TAG55:4-FA18:1,3,0.1
ZPDABJR:656->657,ZPDABJR,4,autoregressive_ridge,0.3333333333333333,0.019230769230769232,0.0,True,0.5423129002246574,FFA(18:0);PE(16:0_20:4);LPC(15:0),LPE(20:4);TAG55:4-FA18:2;TAG55:4-FA18:1,3,0.1
ZPDABJR:656->657,ZPDABJR,4,autoregressive_context_ridge,0.0,0.0,0.0,False,0.2641067741069568,FFA(22:4);SM(26:0);LPC(15:0),LPE(20:4);TAG55:4-FA18:2;TAG55:4-FA18:1,3,0.1
ZPDABJR:657->658,ZPDABJR,4,change_prevalence,0.0,0.0,0.0,False,0.22217885544498953,FFA(22:1);FFA(24:1);FFA(24:0),PE(18:0_18:2);PE(18:0_18:1);FFA(14:0),3,0.1
ZPDABJR:657->658,ZPDABJR,4,autoregressive_ridge,0.0,0.0,0.0,False,0.11308725072265327,TAG56:6-FA18:3;FFA(24:1);FFA(22:1),PE(18:0_18:2);PE(18:0_18:1);FFA(14:0),3,0.1
ZPDABJR:657->658,ZPDABJR,4,autoregressive_context_ridge,0.3333333333333333,0.019230769230769232,0.0,True,0.12691423274871919,TAG58:3-FA18:1;TAG56:3-FA20:1;PE(16:0_20:4),PE(18:0_18:2);PE(18:0_18:1);FFA(14:0),3,0.1
ZPDABJR:658->659,ZPDABJR,4,change_prevalence,1.0,0.057692307692307696,0.0,True,0.7259820260834082,FFA(22:1);FFA(24:1);FFA(24:0),FFA(14:0);FFA(22:2);FFA(20:3),3,0.1
ZPDABJR:658->659,ZPDABJR,4,autoregressive_ridge,0.6666666666666666,0.038461538461538464,0.3333333333333333,True,0.8398033002958385,FFA(14:0);FFA(20:1);TAG56:7-FA18:3,FFA(14:0);FFA(22:2);FFA(20:3),3,0.1
ZPDABJR:658->659,ZPDABJR,4,autoregressive_context_ridge,1.0,0.057692307692307696,0.3333333333333333,True,0.88922819249303,FFA(14:0);FFA(16:0);FFA(14:1),FFA(14:0);FFA(22:2);FFA(20:3),3,0.1
ZPDABJR:659->660,ZPDABJR,4,change_prevalence,0.0,0.0,0.0,False,0.16917122572394738,FFA(22:1);FFA(24:1);FFA(24:0),PE(18:0_22:5);FFA(18:4);DAG(18:1_18:1),3,0.1
ZPDABJR:659->660,ZPDABJR,4,autoregressive_ridge,0.3333333333333333,0.019230769230769232,0.0,True,0.46825924319824935,TAG58:3-FA18:1;FFA(18:0);TAG56:8-FA16:1,PE(18:0_22:5);FFA(18:4);DAG(18:1_18:1),3,0.1
ZPDABJR:659->660,ZPDABJR,4,autoregressive_context_ridge,0.3333333333333333,0.019230769230769232,0.0,True,0.4881057297644158,FFA(18:0);TAG58:3-FA18:1;CE(22:5),PE(18:0_22:5);FFA(18:4);DAG(18:1_18:1),3,0.1
ZPDABJR:660->662,ZPDABJR,4,change_prevalence,0.0,0.0,0.0,False,0.40812649895115105,FFA(22:1);FFA(24:1);FFA(24:0),TAG47:1-FA16:1;TAG44:1-FA16:0;TAG46:3-FA18:2,3,0.1
ZPDABJR:660->662,ZPDABJR,4,autoregressive_ridge,0.0,0.0,0.0,False,0.6677820042497552,PE(18:0_22:5);FFA(18:4);PE(18:0_20:4),TAG47:1-FA16:1;TAG44:1-FA16:0;TAG46:3-FA18:2,3,0.1
ZPDABJR:660->662,ZPDABJR,4,autoregressive_context_ridge,0.0,0.0,0.0,False,0.6439945461166651,PE(18:0_22:5);PE(18:0_20:4);FFA(18:4),TAG47:1-FA16:1;TAG44:1-FA16:0;TAG46:3-FA18:2,3,0.1
ZPDABJR:662->663,ZPDABJR,4,change_prevalence,0.3333333333333333,0.019230769230769232,0.0,True,0.3426343193874692,FFA(22:1);FFA(24:1);FFA(24:0),SM(26:0);CE(22:4);SM(22:0),3,0.1
ZPDABJR:662->663,ZPDABJR,4,autoregressive_ridge,0.0,0.0,0.0,False,0.17813104102092225,TAG58:8-FA22:5;TAG58:9-FA22:5;TAG58:9-FA18:2,SM(26:0);CE(22:4);SM(22:0),3,0.1
ZPDABJR:662->663,ZPDABJR,4,autoregressive_context_ridge,0.0,0.0,0.0,False,0.20294250156901095,TAG47:1-FA16:1;TAG58:8-FA22:5;FFA(20:1),SM(26:0);CE(22:4);SM(22:0),3,0.1
ZPDABJR:663->664,ZPDABJR,4,change_prevalence,0.0,0.0,0.0,False,0.12699563388017607,FFA(22:1);FFA(24:1);FFA(24:0),PE(18:0_18:2);PE(18:0_18:1);SM(26:0),3,0.1
ZPDABJR:663->664,ZPDABJR,4,autoregressive_ridge,1.0,0.057692307692307696,0.3333333333333333,True,0.6146574981218421,FFA(20:2);FFA(16:0);SM(26:0),PE(18:0_18:2);PE(18:0_18:1);SM(26:0),3,0.1
ZPDABJR:663->664,ZPDABJR,4,autoregressive_context_ridge,1.0,0.057692307692307696,0.0,True,0.4813325202946954,FFA(20:2);FFA(16:0);FFA(20:1),PE(18:0_18:2);PE(18:0_18:1);SM(26:0),3,0.1
ZPDABJR:664->666,ZPDABJR,4,change_prevalence,0.0,0.0,0.0,False,0.06363085846192379,FFA(22:1);FFA(24:1);FFA(24:0),PE(18:0_18:2);PE(18:0_18:1);TAG44:1-FA18:1,3,0.1
ZPDABJR:664->666,ZPDABJR,4,autoregressive_ridge,1.0,0.057692307692307696,0.6666666666666666,True,0.9225177141223561,PE(18:0_18:1);PE(18:0_18:2);TAG58:8-FA22:5,PE(18:0_18:2);PE(18:0_18:1);TAG44:1-FA18:1,3,0.1
ZPDABJR:664->666,ZPDABJR,4,autoregressive_context_ridge,0.6666666666666666,0.038461538461538464,0.6666666666666666,True,0.8314365108715289,PE(18:0_18:1);PE(18:0_18:2);TAG54:5-FA18:3,PE(18:0_18:2);PE(18:0_18:1);TAG44:1-FA18:1,3,0.1
ZPDABJR:666->667,ZPDABJR,4,change_prevalence,0.0,0.0,0.0,False,0.16887324519755242,FFA(22:1);FFA(24:1);FFA(24:0),PE(18:0_18:2);PE(18:0_18:1);FFA(20:1),3,0.1
ZPDABJR:666->667,ZPDABJR,4,autoregressive_ridge,1.0,0.057692307692307696,0.0,True,0.6880508211509272,TAG54:8-FA18:3;TAG54:5-FA18:0;TAG50:5-FA18:3,PE(18:0_18:2);PE(18:0_18:1);FFA(20:1),3,0.1
ZPDABJR:666->667,ZPDABJR,4,autoregressive_context_ridge,1.0,0.057692307692307696,0.0,True,0.6880508211509272,TAG54:8-FA18:3;TAG54:5-FA18:0;TAG50:5-FA18:3,PE(18:0_18:2);PE(18:0_18:1);FFA(20:1),3,0.1
ZPDABJR:667->668,ZPDABJR,4,change_prevalence,0.3333333333333333,0.019230769230769232,0.0,True,0.4373110826234449,FFA(22:1);FFA(24:1);FFA(24:0),PI(18:1_18:1);FFA(20:2);FFA(20:1),3,0.1
ZPDABJR:667->668,ZPDABJR,4,autoregressive_ridge,1.0,0.057692307692307696,0.3333333333333333,True,0.7462642199705989,PE(18:0_18:1);PE(18:0_18:2);FFA(20:1),PI(18:1_18:1);FFA(20:2);FFA(20:1),3,0.1
ZPDABJR:667->668,ZPDABJR,4,autoregressive_context_ridge,1.0,0.057692307692307696,0.3333333333333333,True,0.7920050088249938,PE(18:0_18:2);PE(18:0_18:1);FFA(20:1),PI(18:1_18:1);FFA(20:2);FFA(20:1),3,0.1
ZPDABJR:668->670,ZPDABJR,4,change_prevalence,0.0,0.0,0.0,False,0.3905401061384378,FFA(22:1);FFA(24:1);FFA(24:0),PC(16:0_18:3);FFA(20:0);FFA(20:2),3,0.1
ZPDABJR:668->670,ZPDABJR,4,autoregressive_ridge,0.3333333333333333,0.019230769230769232,0.0,True,0.4622329268231756,TAG54:7-FA18:3;TAG54:8-FA18:3;TAG56:7-FA18:3,PC(16:0_18:3);FFA(20:0);FFA(20:2),3,0.1
ZPDABJR:668->670,ZPDABJR,4,autoregressive_context_ridge,0.0,0.0,0.0,False,0.26608061521683396,TAG54:7-FA18:3;TAG54:6-FA18:2;TAG54:6-FA18:3,PC(16:0_18:3);FFA(20:0);FFA(20:2),3,0.1
ZPDABJR:670->671,ZPDABJR,4,change_prevalence,0.0,0.0,0.0,False,0.1605336655786572,FFA(22:1);FFA(24:1);FFA(24:0),PE(18:0_18:1);PE(18:0_18:2);FFA(20:0),3,0.1
ZPDABJR:670->671,ZPDABJR,4,autoregressive_ridge,1.0,0.057692307692307696,0.6666666666666666,True,0.7715085982121277,TAG58:8-FA22:5;FFA(20:0);PE(18:0_18:1),PE(18:0_18:1);PE(18:0_18:2);FFA(20:0),3,0.1
ZPDABJR:670->671,ZPDABJR,4,autoregressive_context_ridge,1.0,0.057692307692307696,0.6666666666666666,True,0.7715085982121277,TAG58:8-FA22:5;FFA(20:0);PE(18:0_18:1),PE(18:0_18:1);PE(18:0_18:2);FFA(20:0),3,0.1
ZPDABJR:671->673,ZPDABJR,4,change_prevalence,1.0,0.057692307692307696,0.0,True,0.7794527741521039,FFA(22:1);FFA(24:1);FFA(24:0),FFA(20:0);FFA(20:3);FFA(22:0),3,0.1
ZPDABJR:671->673,ZPDABJR,4,autoregressive_ridge,0.0,0.0,0.0,False,0.11447661631907584,PE(18:0_20:4);TAG58:9-FA22:5;TAG54:5-FA22:1,FFA(20:0);FFA(20:3);FFA(22:0),3,0.1
ZPDABJR:671->673,ZPDABJR,4,autoregressive_context_ridge,0.0,0.0,0.0,False,0.11765599760348121,PE(18:0_20:4);PE(18:0_18:2);TAG54:5-FA22:1,FFA(20:0);FFA(20:3);FFA(22:0),3,0.1
ZPDABJR:673->674,ZPDABJR,4,change_prevalence,1.0,0.057692307692307696,0.3333333333333333,True,0.8363703665917683,FFA(22:1);FFA(24:1);FFA(24:0),FFA(20:0);FFA(22:0);FFA(24:0),3,0.1
ZPDABJR:673->674,ZPDABJR,4,autoregressive_ridge,1.0,0.057692307692307696,0.3333333333333333,True,0.7955107175316996,FFA(20:0);FFA(12:0);FFA(14:1),FFA(20:0);FFA(22:0);FFA(24:0),3,0.1
ZPDABJR:673->674,ZPDABJR,4,autoregressive_context_ridge,1.0,0.057692307692307696,0.0,True,0.5337396476592529,FFA(12:0);FFA(14:1);FFA(14:0),FFA(20:0);FFA(22:0);FFA(24:0),3,0.1
ZPDABJR:674->675,ZPDABJR,4,change_prevalence,0.0,0.0,0.0,False,0.27645286799340046,FFA(22:1);FFA(24:1);FFA(24:0),PE(18:1_18:2);FFA(22:6);FFA(20:4),3,0.1
ZPDABJR:674->675,ZPDABJR,4,autoregressive_ridge,0.0,0.0,0.0,False,0.19258572233580368,TAG57:3-FA18:2;TAG58:10-FA18:2;TAG46:1-FA12:0,PE(18:1_18:2);FFA(22:6);FFA(20:4),3,0.1
ZPDABJR:674->675,ZPDABJR,4,autoregressive_context_ridge,0.0,0.0,0.0,False,0.34240912231093434,TAG58:3-FA18:1;TAG58:9-FA18:1;TAG58:10-FA18:2,PE(18:1_18:2);FFA(22:6);FFA(20:4),3,0.1
ZPDABJR:675->680,ZPDABJR,4,change_prevalence,0.3333333333333333,0.019230769230769232,0.0,True,0.596636158795192,FFA(22:1);FFA(24:1);FFA(24:0),CE(22:4);PE(18:0_18:1);CE(22:5),3,0.1
ZPDABJR:675->680,ZPDABJR,4,autoregressive_ridge,0.6666666666666666,0.038461538461538464,0.0,True,0.571302078024628,FFA(20:2);FFA(20:1);LPC(15:0),CE(22:4);PE(18:0_18:1);CE(22:5),3,0.1
ZPDABJR:675->680,ZPDABJR,4,autoregressive_context_ridge,1.0,0.057692307692307696,0.0,True,0.6290921667407988,FFA(20:2);FFA(20:1);FFA(22:6),CE(22:4);PE(18:0_18:1);CE(22:5),3,0.1
ZPEL6L3:622->624,ZPEL6L3,4,change_prevalence,0.3333333333333333,0.019230769230769232,0.0,True,0.5118868065535317,FFA(22:1);FFA(24:1);FFA(24:0),FFA(22:5);SM(20:1);SM(18:1),3,0.1
ZPEL6L3:622->624,ZPEL6L3,4,autoregressive_ridge,1.0,0.057692307692307696,0.3333333333333333,True,0.9127688758074513,FFA(22:5);FFA(22:2);FFA(20:1),FFA(22:5);SM(20:1);SM(18:1),3,0.1
ZPEL6L3:622->624,ZPEL6L3,4,autoregressive_context_ridge,1.0,0.057692307692307696,0.3333333333333333,True,0.9127688758074513,FFA(22:5);FFA(22:2);FFA(20:1),FFA(22:5);SM(20:1);SM(18:1),3,0.1
ZPEL6L3:624->625,ZPEL6L3,4,change_prevalence,1.0,0.057692307692307696,0.0,True,0.7168475515554726,FFA(22:1);FFA(24:1);FFA(24:0),PC(18:0_18:0);PC(16:0_18:0);PC(16:0_16:0),3,0.1
ZPEL6L3:624->625,ZPEL6L3,4,autoregressive_ridge,0.3333333333333333,0.019230769230769232,0.0,True,0.3499959833867128,FFA(22:5);CE(22:5);FFA(22:2),PC(18:0_18:0);PC(16:0_18:0);PC(16:0_16:0),3,0.1
ZPEL6L3:624->625,ZPEL6L3,4,autoregressive_context_ridge,0.3333333333333333,0.019230769230769232,0.0,True,0.3591264710676982,FFA(22:5);FFA(22:2);CE(22:5),PC(18:0_18:0);PC(16:0_18:0);PC(16:0_16:0),3,0.1
ZPEL6L3:625->628,ZPEL6L3,4,change_prevalence,0.0,0.0,0.0,False,0.15147321328226898,FFA(22:1);FFA(24:1);FFA(24:0),SM(26:0);FFA(17:0);SM(20:1),3,0.1
ZPEL6L3:625->628,ZPEL6L3,4,autoregressive_ridge,0.0,0.0,0.0,False,0.06452068644053706,PC(16:0_18:0);PC(16:0_16:0);PC(18:0_18:0),SM(26:0);FFA(17:0);SM(20:1),3,0.1
ZPEL6L3:625->628,ZPEL6L3,4,autoregressive_context_ridge,0.0,0.0,0.0,False,0.06452068644053706,PC(16:0_18:0);PC(16:0_16:0);PC(18:0_18:0),SM(26:0);FFA(17:0);SM(20:1),3,0.1
ZPEL6L3:628->632,ZPEL6L3,4,change_prevalence,1.0,0.057692307692307696,0.0,True,0.821998367653799,FFA(22:1);FFA(24:1);FFA(24:0),PC(18:0_18:0);PC(16:0_18:0);PC(16:0_16:0),3,0.1
ZPEL6L3:628->632,ZPEL6L3,4,autoregressive_ridge,1.0,0.057692307692307696,1.0,True,0.9936733609137279,PC(16:0_18:0);PC(18:0_18:0);PC(16:0_16:0),PC(18:0_18:0);PC(16:0_18:0);PC(16:0_16:0),3,0.1
ZPEL6L3:628->632,ZPEL6L3,4,autoregressive_context_ridge,1.0,0.057692307692307696,1.0,True,0.9936733609137279,PC(16:0_18:0);PC(18:0_18:0);PC(16:0_16:0),PC(18:0_18:0);PC(16:0_18:0);PC(16:0_16:0),3,0.1
ZPEL6L3:632->636,ZPEL6L3,4,change_prevalence,0.0,0.0,0.0,False,0.21364188094693462,FFA(22:1);FFA(24:1);FFA(24:0),SM(26:0);SM(20:0);SM(22:0),3,0.1
ZPEL6L3:632->636,ZPEL6L3,4,autoregressive_ridge,0.6666666666666666,0.038461538461538464,0.3333333333333333,True,0.6751694810624485,SM(26:0);FFA(20:0);FFA(22:0),SM(26:0);SM(20:0);SM(22:0),3,0.1
ZPEL6L3:632->636,ZPEL6L3,4,autoregressive_context_ridge,0.6666666666666666,0.038461538461538464,0.3333333333333333,True,0.6751694810624485,SM(26:0);FFA(20:0);FFA(22:0),SM(26:0);SM(20:0);SM(22:0),3,0.1
ZPEL6L3:636->643,ZPEL6L3,4,change_prevalence,0.0,0.0,0.0,False,0.13117864724108177,FFA(22:1);FFA(24:1);FFA(24:0),FFA(18:0);FFA(17:0);FFA(16:0),3,0.1
ZPEL6L3:636->643,ZPEL6L3,4,autoregressive_ridge,0.3333333333333333,0.019230769230769232,0.3333333333333333,True,0.6039990080315777,FFA(18:0);FFA(22:0);CE(22:6),FFA(18:0);FFA(17:0);FFA(16:0),3,0.1
ZPEL6L3:636->643,ZPEL6L3,4,autoregressive_context_ridge,0.3333333333333333,0.019230769230769232,0.3333333333333333,True,0.6039990080315777,FFA(18:0);FFA(22:0);CE(22:6),FFA(18:0);FFA(17:0);FFA(16:0),3,0.1
ZPEL6L3:643->644,ZPEL6L3,4,change_prevalence,0.6666666666666666,0.038461538461538464,0.0,True,0.2941859887798453,FFA(22:1);FFA(24:1);FFA(24:0),FFA(18:4);FFA(20:0);FFA(18:0),3,0.1
ZPEL6L3:643->644,ZPEL6L3,4,autoregressive_ridge,0.3333333333333333,0.019230769230769232,0.3333333333333333,True,0.47071272808546916,FFA(20:0);TAG50:5-FA18:2;TAG50:4-FA14:0,FFA(18:4);FFA(20:0);FFA(18:0),3,0.1
ZPEL6L3:643->644,ZPEL6L3,4,autoregressive_context_ridge,0.3333333333333333,0.019230769230769232,0.3333333333333333,True,0.47071272808546916,FFA(20:0);TAG50:5-FA18:2;TAG50:4-FA14:0,FFA(18:4);FFA(20:0);FFA(18:0),3,0.1
ZPEL6L3:644->646,ZPEL6L3,4,change_prevalence,0.3333333333333333,0.019230769230769232,0.0,True,0.23385797344621,FFA(22:1);FFA(24:1);FFA(24:0),FFA(12:0);FFA(14:1);FFA(14:0),3,0.1
ZPEL6L3:644->646,ZPEL6L3,4,autoregressive_ridge,1.0,0.057692307692307696,0.0,True,0.5243978407200985,FFA(18:4);TAG56:6-FA20:2;TAG54:6-FA18:2,FFA(12:0);FFA(14:1);FFA(14:0),3,0.1
ZPEL6L3:644->646,ZPEL6L3,4,autoregressive_context_ridge,1.0,0.057692307692307696,0.0,True,0.5605353419694044,FFA(18:4);PI(16:0_20:4);TAG54:6-FA18:2,FFA(12:0);FFA(14:1);FFA(14:0),3,0.1
ZPEL6L3:646->647,ZPEL6L3,4,change_prevalence,1.0,0.057692307692307696,0.6666666666666666,True,0.9886674203218323,FFA(22:1);FFA(24:1);FFA(24:0),FFA(24:0);FFA(24:1);FFA(22:2),3,0.1
ZPEL6L3:646->647,ZPEL6L3,4,autoregressive_ridge,0.3333333333333333,0.019230769230769232,0.0,True,0.3411484273953045,PE(18:0_22:5);SM(26:0);FFA(16:1),FFA(24:0);FFA(24:1);FFA(22:2),3,0.1
ZPEL6L3:646->647,ZPEL6L3,4,autoregressive_context_ridge,0.3333333333333333,0.019230769230769232,0.0,True,0.24452116247886607,FFA(12:0);FFA(14:0);PE(18:0_22:5),FFA(24:0);FFA(24:1);FFA(22:2),3,0.1
ZPEL6L3:647->649,ZPEL6L3,4,change_prevalence,1.0,0.057692307692307696,0.3333333333333333,True,0.9433873276792151,FFA(22:1);FFA(24:1);FFA(24:0),FFA(22:1);FFA(22:2);FFA(20:1),3,0.1
ZPEL6L3:647->649,ZPEL6L3,4,autoregressive_ridge,1.0,0.057692307692307696,1.0,True,0.9919124045620752,FFA(22:2);FFA(20:1);FFA(22:1),FFA(22:1);FFA(22:2);FFA(20:1),3,0.1
ZPEL6L3:647->649,ZPEL6L3,4,autoregressive_context_ridge,1.0,0.057692307692307696,0.6666666666666666,True,0.9776624092179264,FFA(22:2);FFA(22:1);FFA(24:0),FFA(22:1);FFA(22:2);FFA(20:1),3,0.1
ZPEL6L3:649->655,ZPEL6L3,4,change_prevalence,0.0,0.0,0.0,False,0.22659654322666262,FFA(22:1);FFA(24:1);FFA(24:0),FFA(17:0);FFA(18:0);FFA(16:0),3,0.1
ZPEL6L3:649->655,ZPEL6L3,4,autoregressive_ridge,0.6666666666666666,0.038461538461538464,0.0,True,0.5369495423197206,TAG56:6-FA20:2;TAG54:6-FA18:2;FFA(22:4),FFA(17:0);FFA(18:0);FFA(16:0),3,0.1
ZPEL6L3:649->655,ZPEL6L3,4,autoregressive_context_ridge,1.0,0.057692307692307696,0.0,True,0.7007889018192686,TAG54:6-FA18:2;TAG56:6-FA20:2;TAG56:5-FA18:2,FFA(17:0);FFA(18:0);FFA(16:0),3,0.1
ZPEL6L3:655->658,ZPEL6L3,4,change_prevalence,0.3333333333333333,0.019230769230769232,0.0,True,0.3807144507238136,FFA(22:1);FFA(24:1);FFA(24:0),FFA(14:0);FFA(16:0);FFA(20:1),3,0.1
ZPEL6L3:655->658,ZPEL6L3,4,autoregressive_ridge,0.3333333333333333,0.019230769230769232,0.0,True,0.2840308281535315,PI(18:0_20:3);SM(26:0);FFA(20:4),FFA(14:0);FFA(16:0);FFA(20:1),3,0.1
ZPEL6L3:655->658,ZPEL6L3,4,autoregressive_context_ridge,0.0,0.0,0.0,False,0.13702112022250998,LPE(18:1);PI(18:0_20:3);TAG50:5-FA18:3,FFA(14:0);FFA(16:0);FFA(20:1),3,0.1
ZPQA8W2:235->238,ZPQA8W2,4,change_prevalence,0.0,0.0,0.0,False,0.2314337298300537,FFA(22:1);FFA(24:1);FFA(24:0),TAG55:5-FA18:2;FFA(14:0);FFA(12:0),3,0.1
ZPQA8W2:235->238,ZPQA8W2,4,autoregressive_ridge,0.6666666666666666,0.038461538461538464,0.3333333333333333,True,0.6248283196269949,PE(18:0_18:1);FFA(14:0);FFA(18:0),TAG55:5-FA18:2;FFA(14:0);FFA(12:0),3,0.1
ZPQA8W2:235->238,ZPQA8W2,4,autoregressive_context_ridge,0.3333333333333333,0.019230769230769232,0.0,True,0.39553375635649163,PE(18:0_18:1);FFA(18:0);PC(17:0_18:2),TAG55:5-FA18:2;FFA(14:0);FFA(12:0),3,0.1
ZPQA8W2:238->242,ZPQA8W2,4,change_prevalence,0.3333333333333333,0.019230769230769232,0.0,True,0.24081096102187097,FFA(22:1);FFA(24:1);FFA(24:0),FFA(12:0);FFA(14:0);TAG55:5-FA18:2,3,0.1
ZPQA8W2:238->242,ZPQA8W2,4,autoregressive_ridge,1.0,0.057692307692307696,0.3333333333333333,True,0.8019094473539699,FFA(20:3);TAG55:5-FA18:2;TAG56:3-FA20:0,FFA(12:0);FFA(14:0);TAG55:5-FA18:2,3,0.1
ZPQA8W2:238->242,ZPQA8W2,4,autoregressive_context_ridge,1.0,0.057692307692307696,0.3333333333333333,True,0.8019094473539699,FFA(20:3);TAG55:5-FA18:2;TAG56:3-FA20:0,FFA(12:0);FFA(14:0);TAG55:5-FA18:2,3,0.1
ZPXU188:727->734,ZPXU188,4,change_prevalence,0.0,0.0,0.0,False,0.057145668155855714,FFA(22:1);FFA(24:1);FFA(24:0),TAG54:0-FA18:0;TAG54:1-FA18:0;FFA(18:0),3,0.1
ZPXU188:727->734,ZPXU188,4,autoregressive_ridge,0.6666666666666666,0.038461538461538464,0.0,True,0.4938065199970396,TAG47:1-FA16:1;FFA(18:4);CE(18:4),TAG54:0-FA18:0;TAG54:1-FA18:0;FFA(18:0),3,0.1
ZPXU188:727->734,ZPXU188,4,autoregressive_context_ridge,0.6666666666666666,0.038461538461538464,0.0,True,0.46457763363121035,FFA(18:4);TAG47:1-FA16:1;PC(16:0_18:3),TAG54:0-FA18:0;TAG54:1-FA18:0;FFA(18:0),3,0.1
ZQMVU4Q:631->632,ZQMVU4Q,4,change_prevalence,1.0,0.057692307692307696,0.0,True,0.6695703938458031,FFA(22:1);FFA(24:1);FFA(24:0),PC(18:0_18:0);PC(16:0_16:0);FFA(22:0),3,0.1
ZQMVU4Q:631->632,ZQMVU4Q,4,autoregressive_ridge,0.6666666666666666,0.038461538461538464,0.6666666666666666,True,0.556858398143024,FFA(14:1);PC(16:0_16:0);FFA(22:0),PC(18:0_18:0);PC(16:0_16:0);FFA(22:0),3,0.1
ZQMVU4Q:631->632,ZQMVU4Q,4,autoregressive_context_ridge,0.6666666666666666,0.038461538461538464,0.6666666666666666,True,0.556858398143024,FFA(14:1);PC(16:0_16:0);FFA(22:0),PC(18:0_18:0);PC(16:0_16:0);FFA(22:0),3,0.1
ZQMVU4Q:632->638,ZQMVU4Q,4,change_prevalence,0.0,0.0,0.0,False,0.503479542017273,FFA(22:1);FFA(24:1);FFA(24:0),FFA(14:1);TAG54:5-FA18:1;TAG54:5-FA18:2,3,0.1
ZQMVU4Q:632->638,ZQMVU4Q,4,autoregressive_ridge,0.3333333333333333,0.019230769230769232,0.3333333333333333,True,0.729779174634934,FFA(14:1);FFA(18:0);FFA(16:0),FFA(14:1);TAG54:5-FA18:1;TAG54:5-FA18:2,3,0.1
ZQMVU4Q:632->638,ZQMVU4Q,4,autoregressive_context_ridge,0.3333333333333333,0.019230769230769232,0.3333333333333333,True,0.729779174634934,FFA(14:1);FFA(18:0);FFA(16:0),FFA(14:1);TAG54:5-FA18:1;TAG54:5-FA18:2,3,0.1
ZQMVU4Q:638->646,ZQMVU4Q,4,change_prevalence,0.0,0.0,0.0,False,0.14483818016519073,FFA(22:1);FFA(24:1);FFA(24:0),FFA(20:1);TAG56:2-FA16:0;TAG58:3-FA18:1,3,0.1
ZQMVU4Q:638->646,ZQMVU4Q,4,autoregressive_ridge,1.0,0.057692307692307696,1.0,True,0.9253047104713554,TAG58:3-FA18:1;FFA(20:1);TAG56:2-FA16:0,FFA(20:1);TAG56:2-FA16:0;TAG58:3-FA18:1,3,0.1
ZQMVU4Q:638->646,ZQMVU4Q,4,autoregressive_context_ridge,1.0,0.057692307692307696,1.0,True,0.9253047104713554,TAG58:3-FA18:1;FFA(20:1);TAG56:2-FA16:0,FFA(20:1);TAG56:2-FA16:0;TAG58:3-FA18:1,3,0.1
ZQMVU4Q:646->652,ZQMVU4Q,4,change_prevalence,0.0,0.0,0.0,False,0.10780837466059234,FFA(22:1);FFA(24:1);FFA(24:0),FFA(14:1);TAG52:3-FA16:1;FFA(22:4),3,0.1
ZQMVU4Q:646->652,ZQMVU4Q,4,autoregressive_ridge,1.0,0.057692307692307696,0.6666666666666666,True,0.9572152027539366,FFA(14:1);SM(20:0);FFA(22:4),FFA(14:1);TAG52:3-FA16:1;FFA(22:4),3,0.1
ZQMVU4Q:646->652,ZQMVU4Q,4,autoregressive_context_ridge,1.0,0.057692307692307696,0.6666666666666666,True,0.9572152027539366,FFA(14:1);SM(20:0);FFA(22:4),FFA(14:1);TAG52:3-FA16:1;FFA(22:4),3,0.1
ZQMVU4Q:652->659,ZQMVU4Q,4,change_prevalence,0.0,0.0,0.0,False,0.2224435160230423,FFA(22:1);FFA(24:1);FFA(24:0),FFA(20:5);FFA(14:1);TAG56:7-FA16:1,3,0.1
ZQMVU4Q:652->659,ZQMVU4Q,4,autoregressive_ridge,0.0,0.0,0.0,False,0.3076387072361959,PI(16:0_20:4);TAG54:8-FA18:3;FFA(20:1),FFA(20:5);FFA(14:1);TAG56:7-FA16:1,3,0.1
ZQMVU4Q:652->659,ZQMVU4Q,4,autoregressive_context_ridge,0.3333333333333333,0.019230769230769232,0.0,True,0.4570784724268589,FFA(20:1);FFA(18:1);TAG54:8-FA18:3,FFA(20:5);FFA(14:1);TAG56:7-FA16:1,3,0.1
ZS78KHV:544->545,ZS78KHV,4,change_prevalence,0.3333333333333333,0.019230769230769232,0.0,True,0.21893043274639276,FFA(22:1);FFA(24:1);FFA(24:0),LPC(17:0);LPC(16:0);LPC(18:0),3,0.1
ZS78KHV:544->545,ZS78KHV,4,autoregressive_ridge,0.3333333333333333,0.019230769230769232,0.0,True,0.24659837619845262,FFA(22:0);FFA(20:3);FFA(24:0),LPC(17:0);LPC(16:0);LPC(18:0),3,0.1
ZS78KHV:544->545,ZS78KHV,4,autoregressive_context_ridge,0.6666666666666666,0.038461538461538464,0.0,True,0.4446956946748458,FFA(22:0);FFA(20:3);FFA(20:1),LPC(17:0);LPC(16:0);LPC(18:0),3,0.1
ZS78KHV:545->550,ZS78KHV,4,change_prevalence,1.0,0.057692307692307696,0.0,True,0.7957372467797688,FFA(22:1);FFA(24:1);FFA(24:0),FFA(18:4);PE(18:0_18:1);FFA(20:3),3,0.1
ZS78KHV:545->550,ZS78KHV,4,autoregressive_ridge,1.0,0.057692307692307696,0.3333333333333333,True,0.8408943555423035,PC(16:0_18:0);FFA(20:3);PC(16:0_16:0),FFA(18:4);PE(18:0_18:1);FFA(20:3),3,0.1
ZS78KHV:545->550,ZS78KHV,4,autoregressive_context_ridge,1.0,0.057692307692307696,0.3333333333333333,True,0.8408943555423035,PC(16:0_18:0);FFA(20:3);PC(16:0_16:0),FFA(18:4);PE(18:0_18:1);FFA(20:3),3,0.1
ZS78KHV:550->557,ZS78KHV,4,change_prevalence,0.0,0.0,0.0,False,0.30056909126478165,FFA(22:1);FFA(24:1);FFA(24:0),LPE(20:4);PC(16:0_18:3);LPC(20:3),3,0.1
ZS78KHV:550->557,ZS78KHV,4,autoregressive_ridge,0.3333333333333333,0.019230769230769232,0.0,True,0.3792550321464788,PI(18:1_18:1);FFA(18:2);FFA(18:0),LPE(20:4);PC(16:0_18:3);LPC(20:3),3,0.1
ZS78KHV:550->557,ZS78KHV,4,autoregressive_context_ridge,0.6666666666666666,0.038461538461538464,0.3333333333333333,True,0.6774559660755924,PI(18:1_18:1);LPE(20:4);FFA(18:2),LPE(20:4);PC(16:0_18:3);LPC(20:3),3,0.1
ZS78KHV:557->559,ZS78KHV,4,change_prevalence,0.0,0.0,0.0,False,0.07399400731397811,FFA(22:1);FFA(24:1);FFA(24:0),TAG52:0-FA20:0;TAG54:1-FA20:0;PE(18:1_18:2),3,0.1
ZS78KHV:557->559,ZS78KHV,4,autoregressive_ridge,0.0,0.0,0.0,False,0.12588847707727366,FFA(18:1);FFA(18:3);FFA(22:5),TAG52:0-FA20:0;TAG54:1-FA20:0;PE(18:1_18:2),3,0.1
ZS78KHV:557->559,ZS78KHV,4,autoregressive_context_ridge,0.0,0.0,0.0,False,0.12240903212120567,FFA(18:3);FFA(18:1);LPC(15:0),TAG52:0-FA20:0;TAG54:1-FA20:0;PE(18:1_18:2),3,0.1
ZS78KHV:559->562,ZS78KHV,4,change_prevalence,0.0,0.0,0.0,False,0.08508058171231624,FFA(22:1);FFA(24:1);FFA(24:0),TAG56:8-FA16:1;TAG58:9-FA22:5;TAG60:10-FA22:5,3,0.1
ZS78KHV:559->562,ZS78KHV,4,autoregressive_ridge,0.0,0.0,0.0,False,0.5237716340753542,TAG52:0-FA20:0;TAG47:1-FA18:1;TAG47:2-FA18:1,TAG56:8-FA16:1;TAG58:9-FA22:5;TAG60:10-FA22:5,3,0.1
ZS78KHV:559->562,ZS78KHV,4,autoregressive_context_ridge,0.0,0.0,0.0,False,0.5237716340753542,TAG52:0-FA20:0;TAG47:1-FA18:1;TAG47:2-FA18:1,TAG56:8-FA16:1;TAG58:9-FA22:5;TAG60:10-FA22:5,3,0.1
ZS78KHV:562->563,ZS78KHV,4,change_prevalence,0.0,0.0,0.0,False,0.3671071318974266,FFA(22:1);FFA(24:1);FFA(24:0),PE(18:0_22:5);FFA(18:1);PE(18:0_18:1),3,0.1
ZS78KHV:562->563,ZS78KHV,4,autoregressive_ridge,1.0,0.057692307692307696,0.0,True,0.7190840995534733,TAG56:8-FA16:1;TAG55:2-FA18:2;TAG54:8-FA18:2,PE(18:0_22:5);FFA(18:1);PE(18:0_18:1),3,0.1
ZS78KHV:562->563,ZS78KHV,4,autoregressive_context_ridge,0.6666666666666666,0.038461538461538464,0.0,True,0.6808287058811497,TAG55:2-FA18:2;TAG56:8-FA16:1;TAG57:3-FA18:2,PE(18:0_22:5);FFA(18:1);PE(18:0_18:1),3,0.1
ZS78KHV:563->568,ZS78KHV,4,change_prevalence,0.0,0.0,0.0,False,0.3625787354587012,FFA(22:1);FFA(24:1);FFA(24:0),FFA(18:1);TAG54:8-FA18:3;PC(18:2_18:2),3,0.1
ZS78KHV:563->568,ZS78KHV,4,autoregressive_ridge,0.0,0.0,0.0,False,0.2848190254169661,TAG47:1-FA16:1;PE(18:0_22:5);PE(18:0_18:1),FFA(18:1);TAG54:8-FA18:3;PC(18:2_18:2),3,0.1
ZS78KHV:563->568,ZS78KHV,4,autoregressive_context_ridge,0.0,0.0,0.0,False,0.2596072204239262,TAG47:1-FA16:1;PE(18:0_22:5);PC(18:0_18:1),FFA(18:1);TAG54:8-FA18:3;PC(18:2_18:2),3,0.1
ZS78KHV:568->573,ZS78KHV,4,change_prevalence,0.6666666666666666,0.038461538461538464,0.0,True,0.6294258460446185,FFA(22:1);FFA(24:1);FFA(24:0),FFA(20:3);PC(16:0_18:0);PE(18:0_22:5),3,0.1
ZS78KHV:568->573,ZS78KHV,4,autoregressive_ridge,1.0,0.057692307692307696,0.6666666666666666,True,0.9526220538608745,PC(16:0_16:0);FFA(20:3);PC(16:0_18:0),FFA(20:3);PC(16:0_18:0);PE(18:0_22:5),3,0.1
ZS78KHV:568->573,ZS78KHV,4,autoregressive_context_ridge,1.0,0.057692307692307696,0.6666666666666666,True,0.9796719757643568,FFA(20:3);PC(16:0_16:0);PC(16:0_18:0),FFA(20:3);PC(16:0_18:0);PE(18:0_22:5),3,0.1
ZS78KHV:573->582,ZS78KHV,4,change_prevalence,0.0,0.0,0.0,False,0.10692050045279804,FFA(22:1);FFA(24:1);FFA(24:0),SM(26:0);CE(18:3);FFA(18:4),3,0.1
ZS78KHV:573->582,ZS78KHV,4,autoregressive_ridge,0.0,0.0,0.0,False,0.32448980457882026,FFA(16:0);FFA(17:0);FFA(18:0),SM(26:0);CE(18:3);FFA(18:4),3,0.1
ZS78KHV:573->582,ZS78KHV,4,autoregressive_context_ridge,0.0,0.0,0.0,False,0.32448980457882026,FFA(16:0);FFA(17:0);FFA(18:0),SM(26:0);CE(18:3);FFA(18:4),3,0.1
ZSQNUZ5:830->833,ZSQNUZ5,4,change_prevalence,0.0,0.0,0.0,False,0.10258821771149354,FFA(22:1);FFA(24:1);FFA(24:0),SM(26:0);TAG55:2-FA18:2;TAG56:9-FA20:4,3,0.1
ZSQNUZ5:830->833,ZSQNUZ5,4,autoregressive_ridge,0.3333333333333333,0.019230769230769232,0.3333333333333333,True,0.40599200555964143,PE(18:0_22:5);SM(26:0);CE(18:4),SM(26:0);TAG55:2-FA18:2;TAG56:9-FA20:4,3,0.1
ZSQNUZ5:830->833,ZSQNUZ5,4,autoregressive_context_ridge,0.3333333333333333,0.019230769230769232,0.3333333333333333,True,0.3608135022195615,PE(18:0_22:5);CE(18:4);SM(26:0),SM(26:0);TAG55:2-FA18:2;TAG56:9-FA20:4,3,0.1
ZSQNUZ5:833->836,ZSQNUZ5,4,change_prevalence,0.0,0.0,0.0,False,0.19548708974827092,FFA(22:1);FFA(24:1);FFA(24:0),LPC(18:2);PC(18:0_18:1);LPC(16:1),3,0.1
ZSQNUZ5:833->836,ZSQNUZ5,4,autoregressive_ridge,0.6666666666666666,0.038461538461538464,0.0,True,0.6873692312112597,PE(18:0_18:1);SM(20:0);PE(18:0_22:5),LPC(18:2);PC(18:0_18:1);LPC(16:1),3,0.1
ZSQNUZ5:833->836,ZSQNUZ5,4,autoregressive_context_ridge,0.6666666666666666,0.038461538461538464,0.3333333333333333,True,0.7553290102270251,PE(18:0_18:1);SM(20:0);LPC(18:2),LPC(18:2);PC(18:0_18:1);LPC(16:1),3,0.1
ZSQNUZ5:836->843,ZSQNUZ5,4,change_prevalence,1.0,0.057692307692307696,0.3333333333333333,True,0.8359956377185694,FFA(22:1);FFA(24:1);FFA(24:0),SM(26:0);FFA(22:1);FFA(22:2),3,0.1
ZSQNUZ5:836->843,ZSQNUZ5,4,autoregressive_ridge,0.6666666666666666,0.038461538461538464,0.0,True,0.690017705872191,CE(18:4);PC(16:0_18:3);PC(17:0_18:1),SM(26:0);FFA(22:1);FFA(22:2),3,0.1
ZSQNUZ5:836->843,ZSQNUZ5,4,autoregressive_context_ridge,0.6666666666666666,0.038461538461538464,0.3333333333333333,True,0.7763143129870392,CE(18:4);PC(17:0_18:1);FFA(22:2),SM(26:0);FFA(22:1);FFA(22:2),3,0.1
ZSQNUZ5:843->850,ZSQNUZ5,4,change_prevalence,1.0,0.057692307692307696,0.3333333333333333,True,0.9156916151703708,FFA(22:1);FFA(24:1);FFA(24:0),FFA(22:1);FFA(20:3);FFA(22:2),3,0.1
ZSQNUZ5:843->850,ZSQNUZ5,4,autoregressive_ridge,0.6666666666666666,0.038461538461538464,0.3333333333333333,True,0.6953535461327087,FFA(18:3);FFA(22:1);FFA(20:5),FFA(22:1);FFA(20:3);FFA(22:2),3,0.1
ZSQNUZ5:843->850,ZSQNUZ5,4,autoregressive_context_ridge,0.6666666666666666,0.038461538461538464,0.0,True,0.519609099853433,FFA(18:3);FFA(18:4);FFA(14:0),FFA(22:1);FFA(20:3);FFA(22:2),3,0.1
ZSQNUZ5:850->858,ZSQNUZ5,4,change_prevalence,0.0,0.0,0.0,False,0.31582951536175974,FFA(22:1);FFA(24:1);FFA(24:0),SM(26:0);TAG49:3-FA16:0;FFA(20:2),3,0.1
ZSQNUZ5:850->858,ZSQNUZ5,4,autoregressive_ridge,0.0,0.0,0.0,False,0.3864805158127294,FFA(22:1);FFA(24:1);FFA(22:2),SM(26:0);TAG49:3-FA16:0;FFA(20:2),3,0.1
ZSQNUZ5:850->858,ZSQNUZ5,4,autoregressive_context_ridge,0.0,0.0,0.0,False,0.31582951536175974,FFA(22:1);FFA(24:1);FFA(24:0),SM(26:0);TAG49:3-FA16:0;FFA(20:2),3,0.1
ZSQNUZ5:858->865,ZSQNUZ5,4,change_prevalence,0.0,0.0,0.0,False,0.17388663523593653,FFA(22:1);FFA(24:1);FFA(24:0),SM(26:0);LPC(15:0);SM(20:0),3,0.1
ZSQNUZ5:858->865,ZSQNUZ5,4,autoregressive_ridge,1.0,0.057692307692307696,0.6666666666666666,True,0.9225129245682461,LPC(15:0);SM(26:0);FFA(18:3),SM(26:0);LPC(15:0);SM(20:0),3,0.1
ZSQNUZ5:858->865,ZSQNUZ5,4,autoregressive_context_ridge,0.6666666666666666,0.038461538461538464,0.3333333333333333,True,0.7150888287848874,LPC(15:0);FFA(14:0);FFA(18:3),SM(26:0);LPC(15:0);SM(20:0),3,0.1
ZTUO1AO:527->528,ZTUO1AO,4,change_prevalence,1.0,0.057692307692307696,0.0,True,0.7858805430881115,FFA(22:1);FFA(24:1);FFA(24:0),PC(16:0_16:0);HCER(16:0);FFA(12:0),3,0.1
ZTUO1AO:527->528,ZTUO1AO,4,autoregressive_ridge,0.3333333333333333,0.019230769230769232,0.0,True,0.38313027260842125,CE(18:1);FFA(15:0);CE(18:4),PC(16:0_16:0);HCER(16:0);FFA(12:0),3,0.1
ZTUO1AO:527->528,ZTUO1AO,4,autoregressive_context_ridge,0.3333333333333333,0.019230769230769232,0.0,True,0.4761167730771333,FFA(15:0);CE(18:1);CE(18:4),PC(16:0_16:0);HCER(16:0);FFA(12:0),3,0.1
ZTXWLP3:476->479,ZTXWLP3,4,change_prevalence,0.0,0.0,0.0,False,0.1087722997543952,FFA(22:1);FFA(24:1);FFA(24:0),SM(22:0);PC(18:0_22:5);SM(20:0),3,0.1
ZTXWLP3:476->479,ZTXWLP3,4,autoregressive_ridge,0.6666666666666666,0.038461538461538464,0.6666666666666666,True,0.6741749097727882,SM(20:0);FFA(16:1);PC(18:0_22:5),SM(22:0);PC(18:0_22:5);SM(20:0),3,0.1
ZTXWLP3:476->479,ZTXWLP3,4,autoregressive_context_ridge,0.6666666666666666,0.038461538461538464,0.6666666666666666,True,0.6741749097727882,SM(20:0);FFA(16:1);PC(18:0_22:5),SM(22:0);PC(18:0_22:5);SM(20:0),3,0.1
ZTXWLP3:479->483,ZTXWLP3,4,change_prevalence,0.0,0.0,0.0,False,0.14411690634574506,FFA(22:1);FFA(24:1);FFA(24:0),TAG56:7-FA18:3;TAG56:7-FA20:3;TAG54:8-FA18:3,3,0.1
ZTXWLP3:479->483,ZTXWLP3,4,autoregressive_ridge,0.3333333333333333,0.019230769230769232,0.3333333333333333,True,0.6975844166325122,SM(22:0);TAG56:7-FA18:3;PE(O-18:0_20:4),TAG56:7-FA18:3;TAG56:7-FA20:3;TAG54:8-FA18:3,3,0.1
ZTXWLP3:479->483,ZTXWLP3,4,autoregressive_context_ridge,0.6666666666666666,0.038461538461538464,0.3333333333333333,True,0.8053573414595433,TAG56:7-FA18:3;SM(22:0);PC(16:0_18:3),TAG56:7-FA18:3;TAG56:7-FA20:3;TAG54:8-FA18:3,3,0.1
ZTXWLP3:483->486,ZTXWLP3,4,change_prevalence,0.6666666666666666,0.038461538461538464,0.0,True,0.5397873684621374,FFA(22:1);FFA(24:1);FFA(24:0),PE(O-16:0_20:4);PE(P-16:0_18:1);PE(O-18:0_20:4),3,0.1
ZTXWLP3:483->486,ZTXWLP3,4,autoregressive_ridge,0.0,0.0,0.0,False,0.2783407252582374,LPC(18:1);LPC(18:2);LPC(15:0),PE(O-16:0_20:4);PE(P-16:0_18:1);PE(O-18:0_20:4),3,0.1
ZTXWLP3:483->486,ZTXWLP3,4,autoregressive_context_ridge,0.0,0.0,0.0,False,0.20119721742422864,LPC(15:0);LPC(18:1);LPC(18:2),PE(O-16:0_20:4);PE(P-16:0_18:1);PE(O-18:0_20:4),3,0.1
ZTXWLP3:486->489,ZTXWLP3,4,change_prevalence,0.6666666666666666,0.038461538461538464,0.0,True,0.7267986568178171,FFA(22:1);FFA(24:1);FFA(24:0),TAG51:0-FA18:0;TAG47:1-FA18:1;TAG46:2-FA14:0,3,0.1
ZTXWLP3:486->489,ZTXWLP3,4,autoregressive_ridge,0.0,0.0,0.0,False,0.23106591092302264,FFA(20:0);LPC(15:0);LPC(18:2),TAG51:0-FA18:0;TAG47:1-FA18:1;TAG46:2-FA14:0,3,0.1
ZTXWLP3:486->489,ZTXWLP3,4,autoregressive_context_ridge,0.0,0.0,0.0,False,0.3236588030227558,LPC(15:0);FFA(20:0);LPC(18:2),TAG51:0-FA18:0;TAG47:1-FA18:1;TAG46:2-FA14:0,3,0.1
ZTXWLP3:489->504,ZTXWLP3,4,change_prevalence,1.0,0.057692307692307696,0.0,True,0.7147201781123009,FFA(22:1);FFA(24:1);FFA(24:0),FFA(22:0);FFA(20:0);TAG57:3-FA18:2,3,0.1
ZTXWLP3:489->504,ZTXWLP3,4,autoregressive_ridge,0.6666666666666666,0.038461538461538464,0.3333333333333333,True,0.7810557975607856,FFA(20:0);PI(18:0_18:2);SM(20:0),FFA(22:0);FFA(20:0);TAG57:3-FA18:2,3,0.1
ZTXWLP3:489->504,ZTXWLP3,4,autoregressive_context_ridge,0.6666666666666666,0.038461538461538464,0.3333333333333333,True,0.7810557975607856,FFA(20:0);PI(18:0_18:2);SM(20:0),FFA(22:0);FFA(20:0);TAG57:3-FA18:2,3,0.1
ZTXWLP3:504->510,ZTXWLP3,4,change_prevalence,0.3333333333333333,0.019230769230769232,0.0,True,0.544329999565651,FFA(22:1);FFA(24:1);FFA(24:0),TAG58:10-FA18:2;TAG57:3-FA18:2;TAG55:2-FA18:2,3,0.1
ZTXWLP3:504->510,ZTXWLP3,4,autoregressive_ridge,1.0,0.057692307692307696,0.6666666666666666,True,0.8362616151034561,FFA(22:0);TAG57:3-FA18:2;TAG58:10-FA18:2,TAG58:10-FA18:2;TAG57:3-FA18:2;TAG55:2-FA18:2,3,0.1
ZTXWLP3:504->510,ZTXWLP3,4,autoregressive_context_ridge,1.0,0.057692307692307696,0.6666666666666666,True,0.9341473375047308,TAG57:3-FA18:2;TAG58:10-FA18:2;FFA(22:0),TAG58:10-FA18:2;TAG57:3-FA18:2;TAG55:2-FA18:2,3,0.1
ZTXWLP3:510->520,ZTXWLP3,4,change_prevalence,0.0,0.0,0.0,False,0.06344889465184557,FFA(22:1);FFA(24:1);FFA(24:0),TAG47:1-FA18:1;PE(18:0_18:1);TAG47:1-FA16:1,3,0.1
ZTXWLP3:510->520,ZTXWLP3,4,autoregressive_ridge,0.6666666666666666,0.038461538461538464,0.3333333333333333,True,0.7937517249675549,PE(18:0_18:1);PE(18:0_18:2);SM(26:0),TAG47:1-FA18:1;PE(18:0_18:1);TAG47:1-FA16:1,3,0.1
ZTXWLP3:510->520,ZTXWLP3,4,autoregressive_context_ridge,0.6666666666666666,0.038461538461538464,0.3333333333333333,True,0.7937517249675549,PE(18:0_18:1);PE(18:0_18:2);SM(26:0),TAG47:1-FA18:1;PE(18:0_18:1);TAG47:1-FA16:1,3,0.1
ZUC2YGO:340->341,ZUC2YGO,4,change_prevalence,0.0,0.0,0.0,False,0.07005483381377403,FFA(22:1);FFA(24:1);FFA(24:0),TAG54:8-FA18:2;TAG52:2-FA16:1;TAG52:2-FA20:1,3,0.1
ZUC2YGO:340->341,ZUC2YGO,4,autoregressive_ridge,1.0,0.057692307692307696,0.3333333333333333,True,0.9764357777432322,TAG54:8-FA18:2;TAG54:7-FA18:2;TAG54:8-FA18:3,TAG54:8-FA18:2;TAG52:2-FA16:1;TAG52:2-FA20:1,3,0.1
ZUC2YGO:340->341,ZUC2YGO,4,autoregressive_context_ridge,1.0,0.057692307692307696,0.3333333333333333,True,0.9764357777432322,TAG54:8-FA18:2;TAG54:7-FA18:2;TAG54:8-FA18:3,TAG54:8-FA18:2;TAG52:2-FA16:1;TAG52:2-FA20:1,3,0.1
ZUC2YGO:341->342,ZUC2YGO,4,change_prevalence,1.0,0.057692307692307696,0.6666666666666666,True,0.9269032258908818,FFA(22:1);FFA(24:1);FFA(24:0),FFA(22:0);FFA(24:0);FFA(24:1),3,0.1
ZUC2YGO:341->342,ZUC2YGO,4,autoregressive_ridge,0.3333333333333333,0.019230769230769232,0.3333333333333333,True,0.47236682127229196,LPE(20:4);FFA(18:3);FFA(24:0),FFA(22:0);FFA(24:0);FFA(24:1),3,0.1
ZUC2YGO:341->342,ZUC2YGO,4,autoregressive_context_ridge,0.3333333333333333,0.019230769230769232,0.3333333333333333,True,0.43938519081642124,FFA(18:3);FFA(18:2);FFA(24:0),FFA(22:0);FFA(24:0);FFA(24:1),3,0.1
ZUC2YGO:342->345,ZUC2YGO,4,change_prevalence,0.3333333333333333,0.019230769230769232,0.0,True,0.52164442919693,FFA(22:1);FFA(24:1);FFA(24:0),TAG54:8-FA18:2;TAG54:8-FA18:3;TAG54:7-FA18:2,3,0.1
ZUC2YGO:342->345,ZUC2YGO,4,autoregressive_ridge,1.0,0.057692307692307696,0.0,True,0.6499844027917169,FFA(22:0);FFA(20:3);FFA(14:1),TAG54:8-FA18:2;TAG54:8-FA18:3;TAG54:7-FA18:2,3,0.1
ZUC2YGO:342->345,ZUC2YGO,4,autoregressive_context_ridge,1.0,0.057692307692307696,0.0,True,0.6656703470952834,FFA(22:0);FFA(20:2);FFA(14:1),TAG54:8-FA18:2;TAG54:8-FA18:3;TAG54:7-FA18:2,3,0.1
ZUC2YGO:345->349,ZUC2YGO,4,change_prevalence,0.3333333333333333,0.019230769230769232,0.0,True,0.35855344784337856,FFA(22:1);FFA(24:1);FFA(24:0),TAG54:8-FA18:2;TAG54:8-FA18:3;TAG54:7-FA18:1,3,0.1
ZUC2YGO:345->349,ZUC2YGO,4,autoregressive_ridge,1.0,0.057692307692307696,0.6666666666666666,True,0.9870873523640937,TAG54:8-FA18:2;TAG54:7-FA18:2;TAG54:8-FA18:3,TAG54:8-FA18:2;TAG54:8-FA18:3;TAG54:7-FA18:1,3,0.1
ZUC2YGO:345->349,ZUC2YGO,4,autoregressive_context_ridge,1.0,0.057692307692307696,0.6666666666666666,True,0.9870873523640937,TAG54:8-FA18:2;TAG54:7-FA18:2;TAG54:8-FA18:3,TAG54:8-FA18:2;TAG54:8-FA18:3;TAG54:7-FA18:1,3,0.1
ZUC2YGO:349->352,ZUC2YGO,4,change_prevalence,1.0,0.057692307692307696,0.3333333333333333,True,0.9459495875848468,FFA(22:1);FFA(24:1);FFA(24:0),FFA(22:1);FFA(17:0);TAG56:3-FA20:1,3,0.1
ZUC2YGO:349->352,ZUC2YGO,4,autoregressive_ridge,0.0,0.0,0.0,False,0.20709677801286488,FFA(18:3);FFA(18:2);FFA(20:4),FFA(22:1);FFA(17:0);TAG56:3-FA20:1,3,0.1
ZUC2YGO:349->352,ZUC2YGO,4,autoregressive_context_ridge,0.0,0.0,0.0,False,0.20709677801286488,FFA(18:3);FFA(18:2);FFA(20:4),FFA(22:1);FFA(17:0);TAG56:3-FA20:1,3,0.1
ZUC2YGO:352->356,ZUC2YGO,4,change_prevalence,0.0,0.0,0.0,False,0.08679882965523211,FFA(22:1);FFA(24:1);FFA(24:0),FFA(18:3);FFA(18:2);FFA(18:1),3,0.1
ZUC2YGO:352->356,ZUC2YGO,4,autoregressive_ridge,1.0,0.057692307692307696,0.6666666666666666,True,0.9692090948481245,FFA(18:3);FFA(18:2);FFA(17:0),FFA(18:3);FFA(18:2);FFA(18:1),3,0.1
ZUC2YGO:352->356,ZUC2YGO,4,autoregressive_context_ridge,1.0,0.057692307692307696,0.6666666666666666,True,0.9692090948481245,FFA(18:3);FFA(18:2);FFA(17:0),FFA(18:3);FFA(18:2);FFA(18:1),3,0.1
ZUC2YGO:356->359,ZUC2YGO,4,change_prevalence,0.0,0.0,0.0,False,0.26956988265519743,FFA(22:1);FFA(24:1);FFA(24:0),FFA(18:3);FFA(18:2);FFA(18:1),3,0.1
ZUC2YGO:356->359,ZUC2YGO,4,autoregressive_ridge,0.3333333333333333,0.019230769230769232,0.0,True,0.4876225621652101,LPE(18:2);LPE(18:1);LPC(18:2),FFA(18:3);FFA(18:2);FFA(18:1),3,0.1
ZUC2YGO:356->359,ZUC2YGO,4,autoregressive_context_ridge,0.3333333333333333,0.019230769230769232,0.0,True,0.4876225621652101,LPE(18:2);LPE(18:1);LPC(18:2),FFA(18:3);FFA(18:2);FFA(18:1),3,0.1
ZUC2YGO:359->363,ZUC2YGO,4,change_prevalence,0.0,0.0,0.0,False,0.3280879417513857,FFA(22:1);FFA(24:1);FFA(24:0),TAG48:4-FA18:2;TAG48:4-FA12:0;TAG48:4-FA18:1,3,0.1
ZUC2YGO:359->363,ZUC2YGO,4,autoregressive_ridge,0.0,0.0,0.0,False,0.2804908687821552,LPC(20:3);FFA(18:3);LPE(20:4),TAG48:4-FA18:2;TAG48:4-FA12:0;TAG48:4-FA18:1,3,0.1
ZUC2YGO:359->363,ZUC2YGO,4,autoregressive_context_ridge,0.0,0.0,0.0,False,0.38548405514522366,FFA(18:3);FFA(18:2);FFA(14:0),TAG48:4-FA18:2;TAG48:4-FA12:0;TAG48:4-FA18:1,3,0.1
ZV1ZA6Z:602->609,ZV1ZA6Z,4,change_prevalence,0.0,0.0,0.0,False,0.1674121588013533,FFA(22:1);FFA(24:1);FFA(24:0),FFA(14:0);FFA(14:1);FFA(18:3),3,0.1
ZV1ZA6Z:602->609,ZV1ZA6Z,4,autoregressive_ridge,0.3333333333333333,0.019230769230769232,0.0,True,0.3359106876781968,SM(20:1);LPC(15:0);PE(18:0_22:5),FFA(14:0);FFA(14:1);FFA(18:3),3,0.1
ZV1ZA6Z:602->609,ZV1ZA6Z,4,autoregressive_context_ridge,0.3333333333333333,0.019230769230769232,0.0,True,0.3359106876781968,SM(20:1);LPC(15:0);PE(18:0_22:5),FFA(14:0);FFA(14:1);FFA(18:3),3,0.1
ZV1ZA6Z:636->642,ZV1ZA6Z,4,change_prevalence,0.0,0.0,0.0,False,0.22084706795912018,FFA(22:1);FFA(24:1);FFA(24:0),FFA(18:1);FFA(20:4);FFA(14:1),3,0.1
ZV1ZA6Z:636->642,ZV1ZA6Z,4,autoregressive_ridge,1.0,0.057692307692307696,0.3333333333333333,True,0.685939623638137,FFA(18:0);FFA(18:1);TAG56:3-FA20:0,FFA(18:1);FFA(20:4);FFA(14:1),3,0.1
ZV1ZA6Z:636->642,ZV1ZA6Z,4,autoregressive_context_ridge,0.6666666666666666,0.038461538461538464,0.0,True,0.4170188989561319,FFA(18:0);TAG56:3-FA20:0;PC(16:0_18:3),FFA(18:1);FFA(20:4);FFA(14:1),3,0.1
ZV1ZA6Z:642->651,ZV1ZA6Z,4,change_prevalence,0.0,0.0,0.0,False,0.21929003213492915,FFA(22:1);FFA(24:1);FFA(24:0),LPE(20:4);PE(P-16:0_20:4);PE(P-18:0_20:4),3,0.1
ZV1ZA6Z:642->651,ZV1ZA6Z,4,autoregressive_ridge,0.0,0.0,0.0,False,0.08411757750143471,SM(20:0);FFA(20:0);PI(18:1_18:1),LPE(20:4);PE(P-16:0_20:4);PE(P-18:0_20:4),3,0.1
ZV1ZA6Z:642->651,ZV1ZA6Z,4,autoregressive_context_ridge,0.3333333333333333,0.019230769230769232,0.0,True,0.2945262931304395,SM(20:0);FFA(18:3);FFA(20:0),LPE(20:4);PE(P-16:0_20:4);PE(P-18:0_20:4),3,0.1
ZVNCGHM:520->521,ZVNCGHM,4,change_prevalence,0.0,0.0,0.0,False,0.35603362841985176,FFA(22:1);FFA(24:1);FFA(24:0),TAG56:7-FA20:5;TAG56:8-FA20:5;TAG56:8-FA18:1,3,0.1
ZVNCGHM:520->521,ZVNCGHM,4,autoregressive_ridge,0.0,0.0,0.0,False,0.22249150304943824,TAG54:7-FA18:2;TAG54:8-FA18:3;PC(14:0_18:1),TAG56:7-FA20:5;TAG56:8-FA20:5;TAG56:8-FA18:1,3,0.1
ZVNCGHM:520->521,ZVNCGHM,4,autoregressive_context_ridge,0.0,0.0,0.0,False,0.15142611958469296,TAG54:7-FA18:2;TAG54:8-FA18:3;FFA(18:3),TAG56:7-FA20:5;TAG56:8-FA20:5;TAG56:8-FA18:1,3,0.1
ZVNCGHM:521->522,ZVNCGHM,4,change_prevalence,0.3333333333333333,0.019230769230769232,0.0,True,0.5381946184998107,FFA(22:1);FFA(24:1);FFA(24:0),SM(26:1);PE(P-18:1_20:4);SM(26:0),3,0.1
ZVNCGHM:521->522,ZVNCGHM,4,autoregressive_ridge,0.6666666666666666,0.038461538461538464,0.0,True,0.6051386493558089,TAG54:8-FA18:2;TAG54:7-FA18:2;TAG54:8-FA18:3,SM(26:1);PE(P-18:1_20:4);SM(26:0),3,0.1
ZVNCGHM:521->522,ZVNCGHM,4,autoregressive_context_ridge,0.6666666666666666,0.038461538461538464,0.0,True,0.5883798085002251,TAG54:8-FA18:2;TAG54:8-FA18:3;TAG54:7-FA18:2,SM(26:1);PE(P-18:1_20:4);SM(26:0),3,0.1
ZVNCGHM:522->524,ZVNCGHM,4,change_prevalence,0.0,0.0,0.0,False,0.4374632438522822,FFA(22:1);FFA(24:1);FFA(24:0),PC(16:0_16:0);TAG51:3-FA15:0;SM(26:0),3,0.1
ZVNCGHM:522->524,ZVNCGHM,4,autoregressive_ridge,0.3333333333333333,0.019230769230769232,0.0,True,0.6161546760357961,PE(18:0_22:5);LPE(18:1);TAG54:5-FA18:3,PC(16:0_16:0);TAG51:3-FA15:0;SM(26:0),3,0.1
ZVNCGHM:522->524,ZVNCGHM,4,autoregressive_context_ridge,0.6666666666666666,0.038461538461538464,0.3333333333333333,True,0.7751175126406411,PE(18:0_22:5);SM(26:0);FFA(18:3),PC(16:0_16:0);TAG51:3-FA15:0;SM(26:0),3,0.1
ZVNCGHM:524->526,ZVNCGHM,4,change_prevalence,0.6666666666666666,0.038461538461538464,0.0,True,0.5330991483766444,FFA(22:1);FFA(24:1);FFA(24:0),LPE(20:4);SM(20:0);PC(16:0_16:0),3,0.1
ZVNCGHM:524->526,ZVNCGHM,4,autoregressive_ridge,0.6666666666666666,0.038461538461538464,0.3333333333333333,True,0.49900413850364206,LPE(18:1);PC(16:0_16:0);PC(16:0_18:0),LPE(20:4);SM(20:0);PC(16:0_16:0),3,0.1
ZVNCGHM:524->526,ZVNCGHM,4,autoregressive_context_ridge,0.6666666666666666,0.038461538461538464,0.3333333333333333,True,0.49900413850364206,LPE(18:1);PC(16:0_16:0);PC(16:0_18:0),LPE(20:4);SM(20:0);PC(16:0_16:0),3,0.1
ZVNCGHM:526->530,ZVNCGHM,4,change_prevalence,0.0,0.0,0.0,False,0.3646206450085144,FFA(22:1);FFA(24:1);FFA(24:0),TAG54:8-FA18:3;PE(18:0_22:5);TAG54:8-FA18:2,3,0.1
ZVNCGHM:526->530,ZVNCGHM,4,autoregressive_ridge,0.6666666666666666,0.038461538461538464,0.0,True,0.6088514875901571,LPE(18:1);LPE(18:2);LPC(18:2),TAG54:8-FA18:3;PE(18:0_22:5);TAG54:8-FA18:2,3,0.1
ZVNCGHM:526->530,ZVNCGHM,4,autoregressive_context_ridge,0.6666666666666666,0.038461538461538464,0.0,True,0.6088514875901571,LPE(18:1);LPE(18:2);LPC(18:2),TAG54:8-FA18:3;PE(18:0_22:5);TAG54:8-FA18:2,3,0.1
ZVNCGHM:530->539,ZVNCGHM,4,change_prevalence,0.0,0.0,0.0,False,0.12549738912438504,FFA(22:1);FFA(24:1);FFA(24:0),PE(18:0_22:5);FFA(20:0);PE(18:0_18:1),3,0.1
ZVNCGHM:530->539,ZVNCGHM,4,autoregressive_ridge,1.0,0.057692307692307696,0.6666666666666666,True,0.8694114439048093,PE(18:0_22:5);PE(18:0_18:1);SM(20:0),PE(18:0_22:5);FFA(20:0);PE(18:0_18:1),3,0.1
ZVNCGHM:530->539,ZVNCGHM,4,autoregressive_context_ridge,1.0,0.057692307692307696,1.0,True,0.8958725073477884,PE(18:0_18:1);PE(18:0_22:5);FFA(20:0),PE(18:0_22:5);FFA(20:0);PE(18:0_18:1),3,0.1
ZVNCGHM:539->542,ZVNCGHM,4,change_prevalence,1.0,0.057692307692307696,0.0,True,0.5847652442170169,FFA(22:1);FFA(24:1);FFA(24:0),TAG48:2-FA12:0;SM(26:1);TAG48:3-FA18:1,3,0.1
ZVNCGHM:539->542,ZVNCGHM,4,autoregressive_ridge,1.0,0.057692307692307696,0.0,True,0.7997396871379362,TAG48:4-FA18:2;TAG48:4-FA18:1;TAG48:4-FA12:0,TAG48:2-FA12:0;SM(26:1);TAG48:3-FA18:1,3,0.1
ZVNCGHM:539->542,ZVNCGHM,4,autoregressive_context_ridge,0.6666666666666666,0.038461538461538464,0.0,True,0.5848971467646618,TAG48:4-FA18:2;FFA(18:3);TAG48:4-FA12:0,TAG48:2-FA12:0;SM(26:1);TAG48:3-FA18:1,3,0.1
ZVNCGHM:542->548,ZVNCGHM,4,change_prevalence,1.0,0.057692307692307696,0.0,True,0.6066888271133385,FFA(22:1);FFA(24:1);FFA(24:0),SM(20:0);FFA(22:0);PC(16:0_18:0),3,0.1
ZVNCGHM:542->548,ZVNCGHM,4,autoregressive_ridge,1.0,0.057692307692307696,0.3333333333333333,True,0.7779601724305379,SM(20:0);FFA(18:3);TAG58:9-FA22:5,SM(20:0);FFA(22:0);PC(16:0_18:0),3,0.1
ZVNCGHM:542->548,ZVNCGHM,4,autoregressive_context_ridge,1.0,0.057692307692307696,0.3333333333333333,True,0.7728203384443907,FFA(18:3);SM(20:0);SM(26:0),SM(20:0);FFA(22:0);PC(16:0_18:0),3,0.1
ZVNCGHM:548->550,ZVNCGHM,4,change_prevalence,1.0,0.057692307692307696,0.3333333333333333,True,0.9417492503990558,FFA(22:1);FFA(24:1);FFA(24:0),FFA(22:1);FFA(22:0);FFA(20:3),3,0.1
ZVNCGHM:548->550,ZVNCGHM,4,autoregressive_ridge,1.0,0.057692307692307696,0.6666666666666666,True,0.9513933657402706,FFA(22:0);PC(16:0_18:0);FFA(22:1),FFA(22:1);FFA(22:0);FFA(20:3),3,0.1
ZVNCGHM:548->550,ZVNCGHM,4,autoregressive_context_ridge,1.0,0.057692307692307696,0.6666666666666666,True,0.9513933657402706,FFA(22:0);PC(16:0_18:0);FFA(22:1),FFA(22:1);FFA(22:0);FFA(20:3),3,0.1
ZVNCGHM:550->554,ZVNCGHM,4,change_prevalence,0.0,0.0,0.0,False,0.3930056812144698,FFA(22:1);FFA(24:1);FFA(24:0),FFA(18:0);FFA(20:0);TAG55:5-FA18:2,3,0.1
ZVNCGHM:550->554,ZVNCGHM,4,autoregressive_ridge,0.0,0.0,0.0,False,0.3679731575351233,PE(18:0_22:5);FFA(20:3);FFA(22:1),FFA(18:0);FFA(20:0);TAG55:5-FA18:2,3,0.1
ZVNCGHM:550->554,ZVNCGHM,4,autoregressive_context_ridge,0.6666666666666666,0.038461538461538464,0.3333333333333333,True,0.5600315332852032,PE(18:0_22:5);TAG55:5-FA18:2;TAG54:5-FA18:2,FFA(18:0);FFA(20:0);TAG55:5-FA18:2,3,0.1
ZVNCGHM:554->555,ZVNCGHM,4,change_prevalence,1.0,0.057692307692307696,0.0,True,0.6596525515890892,FFA(22:1);FFA(24:1);FFA(24:0),CE(22:5);CER(24:1);PC(17:0_18:1),3,0.1
ZVNCGHM:554->555,ZVNCGHM,4,autoregressive_ridge,0.6666666666666666,0.038461538461538464,0.3333333333333333,True,0.6480365137278643,CER(24:1);LPE(18:1);FFA(20:3),CE(22:5);CER(24:1);PC(17:0_18:1),3,0.1
ZVNCGHM:554->555,ZVNCGHM,4,autoregressive_context_ridge,1.0,0.057692307692307696,0.3333333333333333,True,0.8176779671470225,CER(24:1);FFA(20:3);FFA(24:1),CE(22:5);CER(24:1);PC(17:0_18:1),3,0.1
ZVNCGHM:555->556,ZVNCGHM,4,change_prevalence,0.6666666666666666,0.038461538461538464,0.0,True,0.4262143773302177,FFA(22:1);FFA(24:1);FFA(24:0),CE(22:5);PC(18:0_20:2);CER(24:1),3,0.1
ZVNCGHM:555->556,ZVNCGHM,4,autoregressive_ridge,1.0,0.057692307692307696,0.3333333333333333,True,0.8840223245035957,LPC(20:3);CE(22:5);LPE(18:1),CE(22:5);PC(18:0_20:2);CER(24:1),3,0.1
ZVNCGHM:555->556,ZVNCGHM,4,autoregressive_context_ridge,1.0,0.057692307692307696,0.0,True,0.698631527545581,TAG44:1-FA18:1;TAG44:1-FA16:0;TAG46:2-FA18:1,CE(22:5);PC(18:0_20:2);CER(24:1),3,0.1
ZVNCGHM:556->560,ZVNCGHM,4,change_prevalence,0.0,0.0,0.0,False,0.027945746006767143,FFA(22:1);FFA(24:1);FFA(24:0),TAG54:8-FA18:3;TAG54:8-FA18:2;TAG54:7-FA18:2,3,0.1
ZVNCGHM:556->560,ZVNCGHM,4,autoregressive_ridge,0.0,0.0,0.0,False,0.2215253175500878,FFA(18:1);FFA(20:1);FFA(18:2),TAG54:8-FA18:3;TAG54:8-FA18:2;TAG54:7-FA18:2,3,0.1
ZVNCGHM:556->560,ZVNCGHM,4,autoregressive_context_ridge,0.6666666666666666,0.038461538461538464,0.0,True,0.5160868549787505,FFA(18:4);PC(16:0_14:0);CER(24:1),TAG54:8-FA18:3;TAG54:8-FA18:2;TAG54:7-FA18:2,3,0.1
ZVNCGHM:560->561,ZVNCGHM,4,change_prevalence,0.0,0.0,0.0,False,0.01396541970814938,FFA(22:1);FFA(24:1);FFA(24:0),FFA(18:0);PC(18:1_18:1);FFA(20:0),3,0.1
ZVNCGHM:560->561,ZVNCGHM,4,autoregressive_ridge,1.0,0.057692307692307696,0.3333333333333333,True,0.9093913113213398,FFA(18:0);TAG54:8-FA18:2;TAG54:8-FA18:3,FFA(18:0);PC(18:1_18:1);FFA(20:0),3,0.1
ZVNCGHM:560->561,ZVNCGHM,4,autoregressive_context_ridge,1.0,0.057692307692307696,0.3333333333333333,True,0.9093913113213398,FFA(18:0);TAG54:8-FA18:2;TAG54:8-FA18:3,FFA(18:0);PC(18:1_18:1);FFA(20:0),3,0.1
ZVNCGHM:561->562,ZVNCGHM,4,change_prevalence,0.0,0.0,0.0,False,0.06762758656403031,FFA(22:1);FFA(24:1);FFA(24:0),TAG58:3-FA18:1;TAG56:1-FA18:1;FFA(22:5),3,0.1
ZVNCGHM:561->562,ZVNCGHM,4,autoregressive_ridge,0.6666666666666666,0.038461538461538464,0.3333333333333333,True,0.6626442346841376,FFA(22:5);PC(14:0_18:1);FFA(22:4),TAG58:3-FA18:1;TAG56:1-FA18:1;FFA(22:5),3,0.1
ZVNCGHM:561->562,ZVNCGHM,4,autoregressive_context_ridge,0.6666666666666666,0.038461538461538464,0.3333333333333333,True,0.6626442346841376,FFA(22:5);PC(14:0_18:1);FFA(22:4),TAG58:3-FA18:1;TAG56:1-FA18:1;FFA(22:5),3,0.1
ZVNCGHM:562->563,ZVNCGHM,4,change_prevalence,0.0,0.0,0.0,False,0.3517695429904474,FFA(22:1);FFA(24:1);FFA(24:0),FFA(18:0);FFA(17:0);PE(O-18:0_20:4),3,0.1
ZVNCGHM:562->563,ZVNCGHM,4,autoregressive_ridge,0.6666666666666666,0.038461538461538464,0.0,True,0.48920167104725815,CER(24:1);TAG56:2-FA20:0;TAG58:3-FA18:1,FFA(18:0);FFA(17:0);PE(O-18:0_20:4),3,0.1
ZVNCGHM:562->563,ZVNCGHM,4,autoregressive_context_ridge,0.6666666666666666,0.038461538461538464,0.3333333333333333,True,0.7724275494358535,FFA(18:0);TAG58:3-FA18:1;CER(24:1),FFA(18:0);FFA(17:0);PE(O-18:0_20:4),3,0.1
ZVNCGHM:563->566,ZVNCGHM,4,change_prevalence,0.0,0.0,0.0,False,0.41881567544607706,FFA(22:1);FFA(24:1);FFA(24:0),TAG46:2-FA18:1;TAG55:2-FA18:1;TAG56:7-FA20:5,3,0.1
ZVNCGHM:563->566,ZVNCGHM,4,autoregressive_ridge,0.0,0.0,0.0,False,0.2239339604344674,PE(18:0_18:1);PE(18:0_18:2);CER(24:1),TAG46:2-FA18:1;TAG55:2-FA18:1;TAG56:7-FA20:5,3,0.1
ZVNCGHM:563->566,ZVNCGHM,4,autoregressive_context_ridge,0.0,0.0,0.0,False,0.3216500494081378,PI(16:0_20:4);FFA(18:3);CER(24:1),TAG46:2-FA18:1;TAG55:2-FA18:1;TAG56:7-FA20:5,3,0.1
ZVNCGHM:566->571,ZVNCGHM,4,change_prevalence,0.0,0.0,0.0,False,0.1323318449483631,FFA(22:1);FFA(24:1);FFA(24:0),TAG58:7-FA22:5;TAG56:8-FA20:5;TAG56:7-FA20:5,3,0.1
ZVNCGHM:566->571,ZVNCGHM,4,autoregressive_ridge,0.0,0.0,0.0,False,0.4081713197368111,LPE(18:1);TAG46:2-FA18:1;LPC(18:1),TAG58:7-FA22:5;TAG56:8-FA20:5;TAG56:7-FA20:5,3,0.1
ZVNCGHM:566->571,ZVNCGHM,4,autoregressive_context_ridge,0.0,0.0,0.0,False,0.39664476227969314,LPE(18:1);LPC(18:1);TAG46:2-FA18:1,TAG58:7-FA22:5;TAG56:8-FA20:5;TAG56:7-FA20:5,3,0.1
ZVNCGHM:571->573,ZVNCGHM,4,change_prevalence,0.0,0.0,0.0,False,0.46166894848354945,FFA(22:1);FFA(24:1);FFA(24:0),TAG51:0-FA18:0;TAG58:9-FA22:5;TAG48:0-FA18:0,3,0.1
ZVNCGHM:571->573,ZVNCGHM,4,autoregressive_ridge,1.0,0.057692307692307696,0.6666666666666666,True,0.9306586931710062,TAG58:9-FA22:5;TAG51:0-FA18:0;TAG50:2-FA14:1,TAG51:0-FA18:0;TAG58:9-FA22:5;TAG48:0-FA18:0,3,0.1
ZVNCGHM:571->573,ZVNCGHM,4,autoregressive_context_ridge,0.6666666666666666,0.038461538461538464,0.3333333333333333,True,0.7950990791126696,TAG58:9-FA22:5;TAG58:8-FA22:5;TAG56:8-FA22:5,TAG51:0-FA18:0;TAG58:9-FA22:5;TAG48:0-FA18:0,3,0.1
ZY1ZKJY:710->713,ZY1ZKJY,4,change_prevalence,1.0,0.057692307692307696,0.3333333333333333,True,0.7144434048010524,FFA(22:1);FFA(24:1);FFA(24:0),FFA(22:0);FFA(20:0);FFA(24:0),3,0.1
ZY1ZKJY:710->713,ZY1ZKJY,4,autoregressive_ridge,1.0,0.057692307692307696,0.0,True,0.43023988676832664,TAG56:3-FA20:0;LPC(15:0);TAG58:3-FA18:1,FFA(22:0);FFA(20:0);FFA(24:0),3,0.1
ZY1ZKJY:710->713,ZY1ZKJY,4,autoregressive_context_ridge,0.6666666666666666,0.038461538461538464,0.0,True,0.3972161331226752,TAG56:3-FA20:0;LPC(15:0);PI(18:1_18:1),FFA(22:0);FFA(20:0);FFA(24:0),3,0.1
ZY1ZKJY:713->714,ZY1ZKJY,4,change_prevalence,1.0,0.057692307692307696,0.3333333333333333,True,0.7196911540375309,FFA(22:1);FFA(24:1);FFA(24:0),FFA(22:0);FFA(20:0);FFA(24:0),3,0.1
ZY1ZKJY:713->714,ZY1ZKJY,4,autoregressive_ridge,1.0,0.057692307692307696,0.6666666666666666,True,0.9674697491927923,FFA(22:0);FFA(20:0);PC(16:0_18:0),FFA(22:0);FFA(20:0);FFA(24:0),3,0.1
ZY1ZKJY:713->714,ZY1ZKJY,4,autoregressive_context_ridge,1.0,0.057692307692307696,0.6666666666666666,True,0.9412069519251147,FFA(22:0);FFA(20:0);PC(18:0_18:0),FFA(22:0);FFA(20:0);FFA(24:0),3,0.1
ZY1ZKJY:714->716,ZY1ZKJY,4,change_prevalence,1.0,0.057692307692307696,0.3333333333333333,True,0.6154899463928217,FFA(22:1);FFA(24:1);FFA(24:0),SM(26:0);FFA(22:5);FFA(22:1),3,0.1
ZY1ZKJY:714->716,ZY1ZKJY,4,autoregressive_ridge,0.0,0.0,0.0,False,0.05796940140904563,TAG56:3-FA20:0;PI(18:0_18:1);TAG56:2-FA20:0,SM(26:0);FFA(22:5);FFA(22:1),3,0.1
ZY1ZKJY:714->716,ZY1ZKJY,4,autoregressive_context_ridge,0.0,0.0,0.0,False,0.1734957596121075,FFA(16:0);FFA(18:3);FFA(18:2),SM(26:0);FFA(22:5);FFA(22:1),3,0.1
ZY1ZKJY:716->719,ZY1ZKJY,4,change_prevalence,0.0,0.0,0.0,False,0.19927106368581868,FFA(22:1);FFA(24:1);FFA(24:0),LPC(15:0);SM(26:0);TAG44:1-FA18:1,3,0.1
ZY1ZKJY:716->719,ZY1ZKJY,4,autoregressive_ridge,0.0,0.0,0.0,False,0.28933341414127034,FFA(22:0);FFA(22:1);FFA(20:0),LPC(15:0);SM(26:0);TAG44:1-FA18:1,3,0.1
ZY1ZKJY:716->719,ZY1ZKJY,4,autoregressive_context_ridge,0.3333333333333333,0.019230769230769232,0.0,True,0.43681011588326957,FFA(22:0);TAG58:7-FA16:0;SM(20:0),LPC(15:0);SM(26:0);TAG44:1-FA18:1,3,0.1
ZY1ZKJY:719->722,ZY1ZKJY,4,change_prevalence,0.3333333333333333,0.019230769230769232,0.0,True,0.3358281979162216,FFA(22:1);FFA(24:1);FFA(24:0),FFA(18:4);SM(26:0);SM(18:1),3,0.1
ZY1ZKJY:719->722,ZY1ZKJY,4,autoregressive_ridge,0.3333333333333333,0.019230769230769232,0.0,True,0.41179899283338595,LPC(15:0);FFA(24:0);FFA(24:1),FFA(18:4);SM(26:0);SM(18:1),3,0.1
ZY1ZKJY:719->722,ZY1ZKJY,4,autoregressive_context_ridge,0.3333333333333333,0.019230769230769232,0.0,True,0.41179899283338595,LPC(15:0);FFA(24:0);FFA(24:1),FFA(18:4);SM(26:0);SM(18:1),3,0.1
ZY1ZKJY:722->725,ZY1ZKJY,4,change_prevalence,0.0,0.0,0.0,False,0.22545457146314746,FFA(22:1);FFA(24:1);FFA(24:0),TAG54:1-FA20:0;TAG56:2-FA20:0;PC(17:0_18:1),3,0.1
ZY1ZKJY:722->725,ZY1ZKJY,4,autoregressive_ridge,0.0,0.0,0.0,False,0.22545457146314746,FFA(22:1);FFA(24:1);FFA(24:0),TAG54:1-FA20:0;TAG56:2-FA20:0;PC(17:0_18:1),3,0.1
ZY1ZKJY:722->725,ZY1ZKJY,4,autoregressive_context_ridge,0.0,0.0,0.0,False,0.22545457146314746,FFA(22:1);FFA(24:1);FFA(24:0),TAG54:1-FA20:0;TAG56:2-FA20:0;PC(17:0_18:1),3,0.1
ZY1ZKJY:725->727,ZY1ZKJY,4,change_prevalence,0.0,0.0,0.0,False,0.25324625696536845,FFA(22:1);FFA(24:1);FFA(24:0),TAG56:5-FA20:1;TAG56:5-FA20:2;TAG56:6-FA20:2,3,0.1
ZY1ZKJY:725->727,ZY1ZKJY,4,autoregressive_ridge,1.0,0.057692307692307696,0.0,True,0.7694956180675928,TAG56:2-FA20:0;TAG54:1-FA20:0;TAG56:1-FA18:1,TAG56:5-FA20:1;TAG56:5-FA20:2;TAG56:6-FA20:2,3,0.1
ZY1ZKJY:725->727,ZY1ZKJY,4,autoregressive_context_ridge,1.0,0.057692307692307696,0.0,True,0.7694956180675928,TAG56:2-FA20:0;TAG54:1-FA20:0;TAG56:1-FA18:1,TAG56:5-FA20:1;TAG56:5-FA20:2;TAG56:6-FA20:2,3,0.1
ZY1ZKJY:727->733,ZY1ZKJY,4,change_prevalence,0.0,0.0,0.0,False,0.08068194824534254,FFA(22:1);FFA(24:1);FFA(24:0),FFA(18:4);SM(26:0);TAG58:3-FA18:1,3,0.1
ZY1ZKJY:727->733,ZY1ZKJY,4,autoregressive_ridge,1.0,0.057692307692307696,0.3333333333333333,True,0.7493529517185482,TAG58:3-FA18:1;TAG56:2-FA16:0;TAG56:3-FA18:2,FFA(18:4);SM(26:0);TAG58:3-FA18:1,3,0.1
ZY1ZKJY:727->733,ZY1ZKJY,4,autoregressive_context_ridge,1.0,0.057692307692307696,0.3333333333333333,True,0.7493529517185482,TAG58:3-FA18:1;TAG56:2-FA16:0;TAG56:3-FA18:2,FFA(18:4);SM(26:0);TAG58:3-FA18:1,3,0.1
ZY1ZKJY:733->736,ZY1ZKJY,4,change_prevalence,1.0,0.057692307692307696,0.0,True,0.679986539999684,FFA(22:1);FFA(24:1);FFA(24:0),PC(16:0_16:0);FFA(20:0);PC(16:0_18:0),3,0.1
ZY1ZKJY:733->736,ZY1ZKJY,4,autoregressive_ridge,0.0,0.0,0.0,False,0.20455821769719534,FFA(18:4);SM(26:0);PC(18:0_22:5),PC(16:0_16:0);FFA(20:0);PC(16:0_18:0),3,0.1
ZY1ZKJY:733->736,ZY1ZKJY,4,autoregressive_context_ridge,0.0,0.0,0.0,False,0.20455821769719534,FFA(18:4);SM(26:0);PC(18:0_22:5),PC(16:0_16:0);FFA(20:0);PC(16:0_18:0),3,0.1
ZY1ZKJY:736->738,ZY1ZKJY,4,change_prevalence,1.0,0.057692307692307696,0.0,True,0.5855300823122056,FFA(22:1);FFA(24:1);FFA(24:0),FFA(20:0);PC(16:0_16:0);PC(18:0_18:0),3,0.1
ZY1ZKJY:736->738,ZY1ZKJY,4,autoregressive_ridge,1.0,0.057692307692307696,1.0,True,1.0,FFA(20:0);PC(16:0_16:0);PC(18:0_18:0),FFA(20:0);PC(16:0_16:0);PC(18:0_18:0),3,0.1
ZY1ZKJY:736->738,ZY1ZKJY,4,autoregressive_context_ridge,0.3333333333333333,0.019230769230769232,0.3333333333333333,True,0.65936428169867,FFA(20:0);TAG54:5-FA18:0;TAG52:6-FA16:1,FFA(20:0);PC(16:0_16:0);PC(18:0_18:0),3,0.1
ZY1ZKJY:738->741,ZY1ZKJY,4,change_prevalence,0.0,0.0,0.0,False,0.13061691440697046,FFA(22:1);FFA(24:1);FFA(24:0),SM(26:0);PE(18:0_18:1);SM(20:0),3,0.1
ZY1ZKJY:738->741,ZY1ZKJY,4,autoregressive_ridge,0.0,0.0,0.0,False,0.20734872895926748,TAG56:3-FA20:0;FFA(22:0);FFA(20:0),SM(26:0);PE(18:0_18:1);SM(20:0),3,0.1
ZY1ZKJY:738->741,ZY1ZKJY,4,autoregressive_context_ridge,0.0,0.0,0.0,False,0.2677252536934538,TAG56:3-FA20:0;TAG55:3-FA18:2;TAG54:0-FA18:0,SM(26:0);PE(18:0_18:1);SM(20:0),3,0.1
ZY1ZKJY:741->744,ZY1ZKJY,4,change_prevalence,0.0,0.0,0.0,False,0.04856082045924698,FFA(22:1);FFA(24:1);FFA(24:0),TAG58:7-FA16:0;TAG50:4-FA14:0;TAG50:5-FA14:0,3,0.1
ZY1ZKJY:741->744,ZY1ZKJY,4,autoregressive_ridge,0.0,0.0,0.0,False,0.5545775505243937,PE(18:0_18:1);PE(18:0_18:2);TAG56:2-FA20:0,TAG58:7-FA16:0;TAG50:4-FA14:0;TAG50:5-FA14:0,3,0.1
ZY1ZKJY:741->744,ZY1ZKJY,4,autoregressive_context_ridge,0.0,0.0,0.0,False,0.5545775505243937,PE(18:0_18:1);PE(18:0_18:2);TAG56:2-FA20:0,TAG58:7-FA16:0;TAG50:4-FA14:0;TAG50:5-FA14:0,3,0.1
ZY1ZKJY:744->745,ZY1ZKJY,4,change_prevalence,0.0,0.0,0.0,False,0.14019066294316718,FFA(22:1);FFA(24:1);FFA(24:0),LPC(16:0);SM(26:0);LPC(15:0),3,0.1
ZY1ZKJY:744->745,ZY1ZKJY,4,autoregressive_ridge,0.0,0.0,0.0,False,0.43062394825557637,TAG56:3-FA20:0;TAG56:3-FA18:2;TAG56:6-FA20:2,LPC(16:0);SM(26:0);LPC(15:0),3,0.1
ZY1ZKJY:744->745,ZY1ZKJY,4,autoregressive_context_ridge,0.0,0.0,0.0,False,0.43062394825557637,TAG56:3-FA20:0;TAG56:3-FA18:2;TAG56:6-FA20:2,LPC(16:0);SM(26:0);LPC(15:0),3,0.1
ZY1ZKJY:745->752,ZY1ZKJY,4,change_prevalence,0.6666666666666666,0.038461538461538464,0.0,True,0.4639097168486151,FFA(22:1);FFA(24:1);FFA(24:0),SM(22:0);SM(20:0);LPC(16:1),3,0.1
ZY1ZKJY:745->752,ZY1ZKJY,4,autoregressive_ridge,0.6666666666666666,0.038461538461538464,0.0,True,0.5096497762402304,PE(P-16:0_22:5);TAG56:3-FA20:0;PI(18:0_20:4),SM(22:0);SM(20:0);LPC(16:1),3,0.1
ZY1ZKJY:745->752,ZY1ZKJY,4,autoregressive_context_ridge,0.6666666666666666,0.038461538461538464,0.0,True,0.5358619378907515,PI(18:0_20:4);PE(P-16:0_22:5);TAG56:3-FA20:0,SM(22:0);SM(20:0);LPC(16:1),3,0.1
ZY1ZKJY:752->762,ZY1ZKJY,4,change_prevalence,0.0,0.0,0.0,False,0.12525961146182743,FFA(22:1);FFA(24:1);FFA(24:0),FFA(22:0);TAG58:7-FA16:0;FFA(14:1),3,0.1
ZY1ZKJY:752->762,ZY1ZKJY,4,autoregressive_ridge,0.3333333333333333,0.019230769230769232,0.3333333333333333,True,0.48968458965795864,TAG58:3-FA18:1;TAG58:7-FA16:0;TAG56:3-FA20:0,FFA(22:0);TAG58:7-FA16:0;FFA(14:1),3,0.1
ZY1ZKJY:752->762,ZY1ZKJY,4,autoregressive_context_ridge,0.3333333333333333,0.019230769230769232,0.3333333333333333,True,0.48968458965795864,TAG58:3-FA18:1;TAG58:7-FA16:0;TAG56:3-FA20:0,FFA(22:0);TAG58:7-FA16:0;FFA(14:1),3,0.1
ZYU89T9:707->710,ZYU89T9,4,change_prevalence,1.0,0.057692307692307696,0.0,True,0.5714733944831762,FFA(22:1);FFA(24:1);FFA(24:0),PC(18:0_18:0);PC(16:0_18:0);PC(16:0_16:0),3,0.1
ZYU89T9:707->710,ZYU89T9,4,autoregressive_ridge,0.3333333333333333,0.019230769230769232,0.0,True,0.3114854679586044,FFA(18:4);PE(18:0_18:1);LPC(17:0),PC(18:0_18:0);PC(16:0_18:0);PC(16:0_16:0),3,0.1
ZYU89T9:707->710,ZYU89T9,4,autoregressive_context_ridge,1.0,0.057692307692307696,0.3333333333333333,True,0.6302078170070705,FFA(18:4);SM(18:0);PC(18:0_18:0),PC(18:0_18:0);PC(16:0_18:0);PC(16:0_16:0),3,0.1
ZYU89T9:710->714,ZYU89T9,4,change_prevalence,1.0,0.057692307692307696,0.3333333333333333,True,0.911999876175339,FFA(22:1);FFA(24:1);FFA(24:0),PC(18:0_18:0);FFA(24:0);PC(16:0_18:0),3,0.1
ZYU89T9:710->714,ZYU89T9,4,autoregressive_ridge,1.0,0.057692307692307696,0.6666666666666666,True,0.9792494475278184,PC(18:0_18:0);PC(16:0_18:0);PC(16:0_16:0),PC(18:0_18:0);FFA(24:0);PC(16:0_18:0),3,0.1
ZYU89T9:710->714,ZYU89T9,4,autoregressive_context_ridge,1.0,0.057692307692307696,0.6666666666666666,True,0.995770423684235,PC(18:0_18:0);FFA(22:0);PC(16:0_18:0),PC(18:0_18:0);FFA(24:0);PC(16:0_18:0),3,0.1
ZYU89T9:714->715,ZYU89T9,4,change_prevalence,1.0,0.057692307692307696,1.0,True,1.0,FFA(22:1);FFA(24:1);FFA(24:0),FFA(22:1);FFA(24:1);FFA(24:0),3,0.1
ZYU89T9:714->715,ZYU89T9,4,autoregressive_ridge,0.6666666666666666,0.038461538461538464,0.0,True,0.47858374618567945,PC(18:0_22:5);PI(16:0_20:4);SM(26:0),FFA(22:1);FFA(24:1);FFA(24:0),3,0.1
ZYU89T9:714->715,ZYU89T9,4,autoregressive_context_ridge,0.6666666666666666,0.038461538461538464,0.3333333333333333,True,0.596929899142812,PI(16:0_20:4);PC(18:0_22:5);FFA(24:1),FFA(22:1);FFA(24:1);FFA(24:0),3,0.1
ZYU89T9:715->719,ZYU89T9,4,change_prevalence,0.0,0.0,0.0,False,0.1675028004811144,FFA(22:1);FFA(24:1);FFA(24:0),FFA(18:0);SM(26:1);FFA(16:0),3,0.1
ZYU89T9:715->719,ZYU89T9,4,autoregressive_ridge,1.0,0.057692307692307696,0.3333333333333333,True,0.6882842404899179,LPC(15:0);FFA(18:0);FFA(17:0),FFA(18:0);SM(26:1);FFA(16:0),3,0.1
ZYU89T9:715->719,ZYU89T9,4,autoregressive_context_ridge,1.0,0.057692307692307696,0.6666666666666666,True,0.8865459246163855,FFA(17:0);FFA(18:0);FFA(16:0),FFA(18:0);SM(26:1);FFA(16:0),3,0.1
ZYU89T9:719->720,ZYU89T9,4,change_prevalence,0.0,0.0,0.0,False,0.237731587936659,FFA(22:1);FFA(24:1);FFA(24:0),TAG55:3-FA18:2;TAG51:5-FA18:2;TAG56:10-FA18:2,3,0.1
ZYU89T9:719->720,ZYU89T9,4,autoregressive_ridge,0.3333333333333333,0.019230769230769232,0.0,True,0.6104790468864526,TAG54:5-FA22:1;FFA(18:0);TAG58:8-FA22:5,TAG55:3-FA18:2;TAG51:5-FA18:2;TAG56:10-FA18:2,3,0.1
ZYU89T9:719->720,ZYU89T9,4,autoregressive_context_ridge,0.3333333333333333,0.019230769230769232,0.0,True,0.7425821482831135,TAG54:5-FA22:1;TAG54:5-FA18:2;FFA(18:0),TAG55:3-FA18:2;TAG51:5-FA18:2;TAG56:10-FA18:2,3,0.1
ZYU89T9:720->724,ZYU89T9,4,change_prevalence,0.0,0.0,0.0,False,0.12359959004103752,FFA(22:1);FFA(24:1);FFA(24:0),TAG50:5-FA18:2;TAG48:4-FA12:0;TAG50:5-FA14:0,3,0.1
ZYU89T9:720->724,ZYU89T9,4,autoregressive_ridge,0.0,0.0,0.0,False,0.6132005069500533,FFA(18:4);TAG47:2-FA18:1;PC(16:0_14:0),TAG50:5-FA18:2;TAG48:4-FA12:0;TAG50:5-FA14:0,3,0.1
ZYU89T9:720->724,ZYU89T9,4,autoregressive_context_ridge,0.0,0.0,0.0,False,0.6132005069500533,FFA(18:4);TAG47:2-FA18:1;PC(16:0_14:0),TAG50:5-FA18:2;TAG48:4-FA12:0;TAG50:5-FA14:0,3,0.1
ZYU89T9:724->727,ZYU89T9,4,change_prevalence,0.0,0.0,0.0,False,0.04847618413677356,FFA(22:1);FFA(24:1);FFA(24:0),PC(18:0_22:5);PC(18:0_20:2);PI(18:1_18:1),3,0.1
ZYU89T9:724->727,ZYU89T9,4,autoregressive_ridge,0.3333333333333333,0.019230769230769232,0.0,True,0.39907002793782365,TAG54:5-FA22:1;FFA(14:1);FFA(20:3),PC(18:0_22:5);PC(18:0_20:2);PI(18:1_18:1),3,0.1
ZYU89T9:724->727,ZYU89T9,4,autoregressive_context_ridge,0.6666666666666666,0.038461538461538464,0.0,True,0.6232373864912161,FFA(14:1);FFA(14:0);TAG54:5-FA22:1,PC(18:0_22:5);PC(18:0_20:2);PI(18:1_18:1),3,0.1
ZYU89T9:727->736,ZYU89T9,4,change_prevalence,1.0,0.057692307692307696,0.0,True,0.8041625376383853,FFA(22:1);FFA(24:1);FFA(24:0),PC(18:0_22:5);TAG58:9-FA22:5;SM(26:0),3,0.1
ZYU89T9:727->736,ZYU89T9,4,autoregressive_ridge,0.3333333333333333,0.019230769230769232,0.3333333333333333,True,0.7585264986373762,TAG58:9-FA22:5;PC(14:0_18:1);TAG58:8-FA22:5,PC(18:0_22:5);TAG58:9-FA22:5;SM(26:0),3,0.1
ZYU89T9:727->736,ZYU89T9,4,autoregressive_context_ridge,0.3333333333333333,0.019230769230769232,0.3333333333333333,True,0.7644139165958748,TAG58:9-FA22:5;TAG58:8-FA22:5;PC(14:0_18:1),PC(18:0_22:5);TAG58:9-FA22:5;SM(26:0),3,0.1
