candidate_id,ensemble_role,draw_id,tissue,scenario,baseline_capacity_fraction,treated_capacity_fraction,completion_capacity,reference_endpoint_capacity,baseline_endpoint_capacity,treated_endpoint_capacity,desired_normalized_gain,status,error
bcat2_activation,positive,0,skeletal_muscle,fed,0.23351826916,0.8895446537,4.970649643910124,9.021155722755688,2.1016644224400003,8.0059018833,0.6544879217600331,pass,
bcat2_activation,positive,1,liver,fed,0.4227655114,0.855570966775,4.32695656492072,4.784417501158147,3.8048896026,4.784417501158147,0.2047329478083875,pass,
bcat2_activation,positive,2,adipose_subcutaneous,fed,0.47969004156,0.9024585621,31.50871719785548,18.94660050261112,18.946600502611144,18.946600502611076,-3.750238654486736e-15,pass,
bcat2_activation,positive,3,skeletal_muscle,fed,0.369903141,0.8808638883,9.076142226262784,10.450117609782076,3.329128269,7.927774994699999,0.4400569349951936,pass,
bcat2_activation,positive,4,adipose_subcutaneous,exercise,0.2529935552,0.8417097106,8.402333238035688,6.138856428679666,6.138856428679675,6.138856428679675,0.0,pass,
bcat2_activation,positive,5,liver,caloric_restriction,0.2150738696,0.824071557775,0.7107072404533608,1.370603965289784,0.3871329652799999,1.370603965289591,0.7175457133612317,pass,
bcat2_activation,positive,6,adipose_subcutaneous,fasted,0.4273677134,0.920704834775,0.9532945844110624,1.4945864437011092,1.4945864437012,1.4945864437012,0.0,pass,
bcat2_activation,positive,7,adipose_subcutaneous,fasted,0.17086676396,0.868071216525,2.1100212556155142,2.8945025259644743,2.8945025259644743,2.894502525964401,-2.51617090543538e-14,pass,
bcat2_activation,positive,8,skeletal_muscle,exercise,0.10905437188,0.839391750075,2.2010918032530404,2.6884265795997395,0.49074467346,2.6884265795996334,0.8174602657242105,pass,
bcat2_activation,positive,9,adipose_subcutaneous,fasted,0.3997125355600001,0.753435177475,0.8055452027468663,1.2934177291820554,1.2934177291821152,1.2934177291821152,0.0,pass,
bcat2_activation,positive,10,adipose_subcutaneous,fed,0.3853051362,0.977578705475,6.225847436113274,8.448659738939732,8.448659738939732,8.448659738939732,0.0,pass,
bcat2_activation,positive,11,adipose_subcutaneous,fed,0.12101843248,0.803886121775,7.033647713122121,7.908977328865713,7.908977328865713,7.908977328865713,0.0,pass,
bcat2_activation,positive,12,skeletal_muscle,fed,0.18754536712,0.96513823315,4.876141650525735,8.098944775714417,1.68790830408,7.720168514177381,0.7448205139249475,pass,
bcat2_activation,positive,13,skeletal_muscle,exercise,0.1613280636,0.97291066685,4.6501249154739295,3.0008396639766683,0.7259762862241992,3.00083966397672,0.7580756163219682,pass,
bcat2_activation,positive,14,liver,exercise,0.34643547888,0.975186274275,5.202420493933151,4.845094013021715,1.5589596549599998,4.3883382342375,0.5839677355430541,pass,
bcat2_activation,positive,15,adipose_subcutaneous,caloric_restriction,0.1377597214,0.978245464075,3.065528705181792,3.2644816133543566,3.264481613354345,3.2644816133544694,3.8090267762375046e-14,pass,
bcat2_activation,positive,16,adipose_subcutaneous,fed,0.37473247888,0.869788403925,7.601020120246503,10.63920080423912,10.639200804239142,10.639200804239142,0.0,pass,
bcat2_activation,positive,17,skeletal_muscle,exercise,0.22230278148,0.791056662925,1.9435427073272835,3.743868300549957,1.0003625166266548,3.550632679117046,0.6811858638605872,pass,
bcat2_activation,positive,18,adipose_subcutaneous,exercise,0.17475546868,0.93724007765,5.191206586871352,6.77368394768456,6.77368394768456,6.77368394768456,0.0,pass,
bcat2_activation,positive,19,adipose_subcutaneous,caloric_restriction,0.2594699268,0.818070658025,2.8452036979968414,2.659266187617569,2.659266187617569,2.659266187617569,0.0,pass,
bcat2_activation,positive,20,liver,fed,0.39246380352,0.919895954825,26.70560515949922,13.863443065296188,3.532174231679999,8.279063593424999,0.3424033509848431,pass,
bcat2_activation,positive,21,skeletal_muscle,exercise,0.4275674426,0.836189419325,7.73381931271953,7.16812349305116,1.9240534917,3.7628523869625,0.2565244442349587,pass,
bcat2_activation,positive,22,liver,fed,0.20174492808,0.900032638075,4.501762499336466,6.183406676718413,1.81570435272,6.183406676718413,0.7063585742214824,pass,
bcat2_activation,positive,23,skeletal_muscle,fasted,0.2538060322,0.869202687875,1.1186437447191453,1.7550986982866077,0.5710635724309645,1.7550986982866492,0.6746259495329714,pass,
bcat2_activation,positive,24,liver,caloric_restriction,0.3856227706,0.92792006085,1.1532703163613325,0.9465130524846932,0.69412098708,0.9465130524850492,0.2666546063390191,pass,
bcat2_activation,positive,25,skeletal_muscle,exercise,0.39813272816,0.82743592675,2.018084588314132,3.968480573872692,1.79159727672,3.555390973365207,0.444450631371993,pass,
bcat2_activation,positive,26,liver,caloric_restriction,0.22974623312,0.8198738554,1.6473663601921074,1.0323016911433678,0.413543219616,1.0323016911433651,0.5993969368024903,pass,
bcat2_activation,positive,27,adipose_subcutaneous,fasted,0.331941664,0.9742928282,1.3166537422678175,1.7083287568556862,1.7083287568557035,1.7083287568556862,-1.0268236554984902e-14,pass,
bcat2_activation,positive,28,liver,caloric_restriction,0.23545559408,0.834371785625,0.975951982748594,1.403306030814619,0.4238200693439999,1.36133600775202,0.6680766118163065,pass,
bcat2_activation,positive,29,liver,exercise,0.2397526434,0.8858506262,1.424039252102257,2.6402691287445403,1.0788868953,2.640269128744388,0.5913723780828478,pass,
bcat2_activation,positive,30,skeletal_muscle,exercise,0.28255117444,0.821295520875,2.499706483380974,3.1815535809024764,1.2714802850223823,3.1815535809024764,0.6003586761340302,pass,
bcat2_activation,positive,31,liver,caloric_restriction,0.12396219144,0.928476617425,1.629424937795654,2.6941436264528784,0.2231319445845622,1.6712579113092914,0.5375088219150878,pass,
bcat2_activation,positive,32,liver,exercise,0.33780159448,0.8887693168499999,5.514487292954565,7.291029752643214,1.5201071751599995,3.999461925825,0.3400554976155679,pass,
bcat2_activation,positive,33,adipose_subcutaneous,caloric_restriction,0.22894743428,0.8574430518,3.744440043491855,2.112082659235945,2.112082659235945,2.112082659235945,0.0,pass,
bcat2_activation,positive,34,adipose_subcutaneous,caloric_restriction,0.11930764272,0.894519080825,0.9746427397828578,1.488473422296981,1.488473422296981,1.488473422296981,0.0,pass,
bcat2_activation,positive,35,adipose_subcutaneous,fasted,0.17449778548,0.992390458425,1.9302260894753425,1.4065112732961984,1.4065112732961984,1.4065112732962577,4.1993168509513985e-14,pass,
bcat2_activation,positive,36,skeletal_muscle,caloric_restriction,0.178940542,0.89607731505,0.5910449295766761,0.9570555098969292,0.3220929756,0.9570555098969168,0.6634542382659699,pass,
bcat2_activation,positive,37,skeletal_muscle,exercise,0.24868221924,0.9611234081,3.047912123011752,2.3893199885444414,1.11906998658,2.3893199885444414,0.5316366196468602,pass,
bcat2_activation,positive,38,skeletal_muscle,fasted,0.21436485772,0.9239991034,4.223710393583463,4.779799954826982,0.4823209298860774,2.0789979827193,0.3340468362532169,pass,
bcat2_activation,positive,39,skeletal_muscle,exercise,0.49138784224,0.8026262718,3.373649541128928,5.709575091154565,2.21124529008,3.6118182231,0.2453024805978657,pass,
bcat2_activation,positive,40,liver,exercise,0.3077082824,0.99534009295,3.720729417745362,2.847572582248299,1.3846872708000002,2.847572582248241,0.5137306492441436,pass,
bcat2_activation,positive,41,skeletal_muscle,fed,0.10927029292,0.964592326225,8.405683904413513,10.938709302062485,0.9834326363127812,8.681330936314378,0.7037300368289489,pass,
bcat2_activation,positive,42,skeletal_muscle,fasted,0.13215924272,0.84496944695,1.3227274775850832,2.258915026084889,0.297358296110088,1.9011812555741272,0.7099970299652025,pass,
bcat2_activation,positive,43,liver,fasted,0.14756060916,0.966818972575,6.185546324567879,3.253703925738185,0.3320113706100001,2.17534268829375,0.5665332063874078,pass,
bcat2_activation,positive,44,adipose_subcutaneous,caloric_restriction,0.42912305124,0.98557897055,1.674023484007817,1.05624218958234,1.0562421895823095,1.0562421895823138,3.994204676906358e-15,pass,
bcat2_activation,positive,45,adipose_subcutaneous,fed,0.35428425828,0.7893190416,15.921974741634664,12.178474423318557,12.178474423318557,12.178474423318557,0.0,pass,
bcat2_activation,positive,46,adipose_subcutaneous,fed,0.12023457904,0.9376692542,6.384753396251349,11.82721096673751,11.827210966737567,11.827210966737567,0.0,pass,
bcat2_activation,positive,47,liver,caloric_restriction,0.30248302424,0.990867042875,0.6007488145235388,0.9299191548177224,0.5444694436501492,0.9299191548177224,0.4144980874634494,pass,
bcat2_activation,positive,48,liver,caloric_restriction,0.173567219,0.8337738046500001,0.9621535193431872,1.3244009693483016,0.3124209941895859,1.324400969348532,0.7641039221353871,pass,
bcat2_activation,positive,49,adipose_subcutaneous,fed,0.35391718192,0.9336165381,7.225049544571256,7.686277938245826,7.686277938245826,7.686277938245826,0.0,pass,
bcat2_activation,positive,50,adipose_subcutaneous,fasted,0.16215463132,0.7575124636,2.141912154528573,1.7060051827683311,1.7060051827683036,1.7060051827683036,0.0,pass,
bcat2_activation,positive,51,liver,fasted,0.146074738,0.844047778725,5.249556233831385,2.7193218381421485,0.3286681605,1.8991075021312505,0.5775113925846235,pass,
bcat2_activation,positive,52,adipose_subcutaneous,caloric_restriction,0.19786403312,0.895860213925,2.4509178252564623,1.7232559733147277,1.7232559733147372,1.7232559733147372,0.0,pass,
bcat2_activation,positive,53,liver,fasted,0.39889676756,0.8103929939,5.534179050660618,4.319666606918926,0.89751772701,1.8233842362750003,0.2143374925699162,pass,
bcat2_activation,positive,54,skeletal_muscle,caloric_restriction,0.36322660512,0.770638347375,2.6688672673402856,1.9576224785409748,0.6538078892160001,1.387149025275,0.3746080483329771,pass,
bcat2_activation,positive,55,liver,exercise,0.13852833984,0.967850701475,7.487759377716178,9.413213840488968,0.6233775292592209,4.355328156492322,0.3964587111769306,pass,
bcat2_activation,positive,56,adipose_subcutaneous,fed,0.49206350572,0.89731980015,11.545075961631598,14.944970368563176,14.94497036856318,14.944970368563231,3.5657953055634555e-15,pass,
bcat2_activation,positive,57,adipose_subcutaneous,fasted,0.287124101,0.94297926425,1.7658524026317273,2.519099664476363,2.519099664476363,2.519099664476363,0.0,pass,
bcat2_activation,positive,58,liver,fasted,0.48103552268,0.902790063475,2.7639425007362366,2.3226525125208752,1.08232992603,2.03127764281875,0.4085620693036066,pass,
bcat2_activation,positive,59,liver,caloric_restriction,0.4467442142,0.867860176075,3.3875937862919523,1.992966184710365,0.80413958556,1.562148316935,0.3803419933515632,pass,
bcat2_activation,positive,60,skeletal_muscle,fed,0.2749318217199999,0.8896671593250001,5.153071861840526,5.651572931288313,2.47438639548,5.651572931288313,0.5621773928137299,pass,
bcat2_activation,positive,61,liver,fasted,0.49366950188,0.947926562275,3.625233904932937,3.550090438858237,1.11075637923,2.13283476511875,0.2879020699589461,pass,
bcat2_activation,positive,62,adipose_subcutaneous,fed,0.1204456936,0.780066590775,4.465242012584787,5.226541707506443,5.226541707506459,5.226541707506466,1.3594892675200645e-15,pass,
bcat2_activation,positive,63,skeletal_muscle,caloric_restriction,0.12362318512,0.846036680925,1.2392043579812675,1.1118271398919806,0.222521733216,1.111827139892218,0.799859415882417,pass,
bcat2_activation,positive,64,skeletal_muscle,fasted,0.2158419632,0.898224731025,2.398023385396215,1.5752551448820724,0.4856444172,1.5752551448819605,0.6917042811902903,pass,
bcat2_activation,positive,65,adipose_subcutaneous,fasted,0.42140612588,0.8781964359,2.2506922305622163,1.9605755641689917,1.9605755641689384,1.9605755641689384,0.0,pass,
bcat2_activation,positive,66,liver,fasted,0.12963956816,0.935317938025,2.046496084949841,2.2530779788865702,0.29168902836,2.0758811109026123,0.7918909595061274,pass,
bcat2_activation,positive,67,liver,fed,0.17443387776,0.805934387925,10.827046592495712,5.5482772231798085,1.56990489984,5.5482772231798085,0.7170464205931906,pass,
bcat2_activation,positive,68,liver,fasted,0.28744110952,0.966418751,3.038354178542644,3.08789175891554,0.6467424964199999,2.17444218975,0.4947387449443903,pass,
bcat2_activation,positive,69,liver,fasted,0.2567957618399999,0.843851846825,4.254511843287527,3.3297168278501883,0.5777904641399999,1.89866665535625,0.3966932503593904,pass,
bcat2_activation,positive,70,skeletal_muscle,exercise,0.21343978788,0.88653638275,6.543393548210597,8.124137827747374,0.9604790454920158,3.989413722507981,0.3728315227088921,pass,
bcat2_activation,positive,71,skeletal_muscle,exercise,0.41764989512,0.98643252085,2.9409443219163736,2.513405470615829,1.87942452804,2.5134054706159543,0.2522398196342819,pass,
bcat2_activation,positive,72,skeletal_muscle,fasted,0.35495409672,0.8403388554,4.20720331135692,2.3668682947847075,0.7986467176200001,1.89076242465,0.4614180304989635,pass,
bcat2_activation,positive,73,adipose_subcutaneous,fasted,0.26680615304,0.8759530368,1.2835115874962937,1.6646928999539332,1.6646928999539623,1.6646928999539623,0.0,pass,
bcat2_activation,positive,74,liver,exercise,0.40811942424,0.94713041795,4.737880233699474,7.064204946368072,1.83653740908,4.262086880775,0.3433577437390248,pass,
bcat2_activation,positive,75,skeletal_muscle,caloric_restriction,0.31506185576,0.8370033844,2.1079920769054707,2.6187587444450724,0.5671113403679999,1.5066060919200002,0.3587557477544896,pass,
bcat2_activation,positive,76,skeletal_muscle,caloric_restriction,0.171646736,0.831724499325,2.436654669607793,3.457038249604798,0.3089641248,1.497104098785,0.3436872513981659,pass,
bcat2_activation,positive,77,skeletal_muscle,exercise,0.14868189436,0.84685449805,6.041909086819391,5.588123930039811,0.66906852462,3.810845241225001,0.5622238797740152,pass,
bcat2_activation,positive,78,skeletal_muscle,caloric_restriction,0.227349223,0.7533110145,1.7355639843217627,3.094003461218642,0.4092286014,1.3559598261,0.305989064513557,pass,
bcat2_activation,positive,79,skeletal_muscle,fed,0.37486966888,0.810296740475,9.649293665902588,13.006328064350903,3.373827019807539,7.29267066403191,0.3013028446487941,pass,
bcat2_activation,positive,80,adipose_subcutaneous,fasted,0.40151850828,0.8299603739,2.655929367115064,2.896754716372397,2.896754716372397,2.896754716372397,0.0,pass,
bcat2_activation,positive,81,skeletal_muscle,fed,0.11730937768,0.967180555575,10.164040837763862,15.020753233589708,1.0557843991200002,8.704625000175,0.509218178483254,pass,
bcat2_activation,positive,82,adipose_subcutaneous,exercise,0.28281040468,0.9556018938,7.465735349133383,3.8373732668761646,3.8373732668761646,3.8373732668761646,0.0,pass,
bcat2_activation,positive,83,liver,exercise,0.18287024164,0.876938958375,3.086039561908421,5.370999725827963,0.8229160873800001,3.946225312687501,0.5815135700506908,pass,
bcat2_activation,positive,84,adipose_subcutaneous,caloric_restriction,0.22566679268,0.8612361911249999,0.9688629937257196,1.5406281086790004,1.5406281086790004,1.5406281086790004,0.0,pass,
bcat2_activation,positive,85,adipose_subcutaneous,fasted,0.36624612536,0.8163115170999999,1.59676414096358,1.225683298259408,1.225683298259408,1.225683298259408,0.0,pass,
bcat2_activation,positive,86,adipose_subcutaneous,fed,0.14556998256,0.8433860336,4.599863255878868,5.928322532355244,5.928322532355244,5.928322532355232,-1.947653723812228e-15,pass,
bcat2_activation,positive,87,adipose_subcutaneous,fed,0.39339958324,0.874375441,5.798975609960618,7.64150607616298,7.64150607616298,7.64150607616298,0.0,pass,
bcat2_activation,positive,88,adipose_subcutaneous,fed,0.17549405092,0.984911332625,7.048802560803352,7.194587783425972,7.194587783425902,7.194587783425932,4.0738800793597556e-15,pass,
bcat2_activation,positive,89,skeletal_muscle,fed,0.48506553116,0.99169899665,15.703770039370664,9.133531546377217,4.365589780440001,8.481003912719785,0.4505830095821095,pass,
bcat2_activation,positive,90,adipose_subcutaneous,fasted,0.14791138332,0.833448904375,3.5439324813747346,3.981440131831949,3.98144013183206,3.981440131831949,-2.7661881227921503e-14,pass,
bcat2_activation,positive,91,liver,fed,0.10478157364,0.917824982225,2.8263104052217374,5.210362226400925,0.94303416276,5.210362226400925,0.8190079457467194,pass,
bcat2_activation,positive,92,adipose_subcutaneous,exercise,0.3991567556400001,0.791464028675,2.6735562953791225,3.6534295042324985,3.653429504232556,3.653429504232545,-3.0388516415575094e-15,pass,
bcat2_activation,positive,93,adipose_subcutaneous,exercise,0.4120306656,0.768902563925,3.3683057663882368,2.7367253078569216,2.7367253078568883,2.7367253078568883,0.0,pass,
bcat2_activation,positive,94,liver,caloric_restriction,0.22504761772,0.98674768635,2.0450154880611104,1.700823410842417,0.4050857118959999,1.69739136837645,0.7598117760152254,pass,
bcat2_activation,positive,95,adipose_subcutaneous,fed,0.23936112524,0.991813363175,12.385431092700458,7.802796049568792,7.802796049568792,7.802796049568831,5.008441873726175e-15,pass,
bcat2_activation,positive,96,skeletal_muscle,fasted,0.32003593352,0.78286202915,2.080604595996816,2.7065411030000943,0.7200808504200001,1.7614395655875,0.3847562906076671,pass,
bcat2_activation,positive,97,skeletal_muscle,fasted,0.29054321408,0.939183590575,1.7320301600481305,2.826553142143335,0.65372223168,2.1131630787937503,0.5163323573697529,pass,
bcat2_activation,positive,98,liver,exercise,0.24172765396,0.91491649475,9.831971141625264,5.632068639695907,1.08777444282,4.117124226375,0.5378751534034152,pass,
bcat2_activation,positive,99,adipose_subcutaneous,fasted,0.3019350269199999,0.891264612125,0.6414936922817879,1.133526528577539,1.133526528577539,1.133526528577539,0.0,pass,
bcat2_activation,positive,100,liver,exercise,0.12551344636,0.9332852708,2.608350942768497,3.6730823864774713,0.5648105086199999,3.6730823864774713,0.8462298284679479,pass,
bcat2_activation,positive,101,skeletal_muscle,fasted,0.17823230388,0.81102384935,1.453364127742785,2.145926873668919,0.40102268373,1.8248036610375,0.6634806594659226,pass,
bcat2_activation,positive,102,liver,exercise,0.430048494,0.78729439115,2.4617782891859576,2.583144569087106,1.935218223,2.583144569087078,0.2508285265334791,pass,
bcat2_activation,positive,103,liver,fasted,0.36175337728,0.754848645575,4.689795412218974,2.491090283869757,0.8139450988800001,1.69840945254375,0.3550511032822898,pass,
bcat2_activation,positive,104,liver,caloric_restriction,0.24868375852,0.807361083175,0.6767565379005227,1.0545040629751896,0.4476307653360001,1.0545040629752702,0.5755058884524645,pass,
bcat2_activation,positive,105,skeletal_muscle,caloric_restriction,0.31220254812,0.9965845847,2.393210755745905,3.32939233375558,0.5619645866347323,1.793852252519795,0.3700037551583727,pass,
bcat2_activation,positive,106,adipose_subcutaneous,fasted,0.23717668532,0.84726547075,3.1424170965285243,4.543983657475151,4.543983657475151,4.543983657475151,0.0,pass,
bcat2_activation,positive,107,skeletal_muscle,caloric_restriction,0.33384306548,0.7670221001749999,1.587841842122541,1.5772953328800745,0.6009175178840305,1.380639780361021,0.4943413235448118,pass,
bcat2_activation,positive,108,liver,caloric_restriction,0.10165896088,0.827239516475,0.8719781002394446,1.499705454662312,0.182986129584,1.4217709863664325,0.8260187711735495,pass,
bcat2_activation,positive,109,liver,fasted,0.33174924616,0.750247318775,2.4297319375925746,1.9519991550937623,0.74643580386,1.68805646724375,0.4823878437275861,pass,
bcat2_activation,positive,110,liver,fasted,0.42529143476,0.8598318119,2.38823117974779,3.179909680202422,0.9569057282099998,1.934621576775,0.3074665468180098,pass,
bcat2_activation,positive,111,skeletal_muscle,caloric_restriction,0.37491910712,0.899257087075,1.0440155642822972,1.0615272487114864,0.674854392816,1.061527248711415,0.3642608857801531,pass,
bcat2_activation,positive,112,liver,fed,0.4537158316,0.79806106655,8.091754996023676,5.937343715340222,4.0834424844,5.937343715340258,0.3122442155656852,pass,
bcat2_activation,positive,113,adipose_subcutaneous,fasted,0.28982852108,0.764988354775,1.4778017167896729,1.6643572392096688,1.664357239209704,1.664357239209704,0.0,pass,
bcat2_activation,positive,114,liver,fasted,0.170087964,0.908557282225,1.979240410773376,2.0003868186207465,0.382697919,1.8929157749104315,0.7549629110992225,pass,
bcat2_activation,positive,115,adipose_subcutaneous,fed,0.17922023152,0.9670340542,7.986880582335153,14.027954173550103,14.027954173550228,14.027954173550128,-7.217897819820863e-15,pass,
bcat2_activation,positive,116,skeletal_muscle,exercise,0.3806239202,0.9780704646,5.697726712976844,4.096860132175761,1.7128076409,4.025642109632262,0.5645383035090245,pass,
bcat2_activation,positive,117,skeletal_muscle,caloric_restriction,0.22359517888,0.84509263695,0.7502192273523528,1.0362968562693715,0.402471321984,1.0362968562694352,0.6116254531227494,pass,
bcat2_activation,positive,118,skeletal_muscle,fed,0.41267113988,0.90091912305,6.622852939201552,5.138136089340932,3.714040258920001,5.138136089340932,0.2771619524393718,pass,
bcat2_activation,positive,119,liver,exercise,0.49755856348,0.81172778185,4.604226907696749,9.504622884822794,2.23901353566,3.652775018325,0.1487446161512128,pass,
bcat2_activation,positive,120,adipose_subcutaneous,fasted,0.41811915008,0.8730331448499999,2.0417824550287302,1.8112212783235035,1.8112212783235035,1.8112212783234776,-1.4220887574347016e-14,pass,
bcat2_activation,positive,121,skeletal_muscle,exercise,0.38754279156,0.808553427625,6.508009133764172,3.3490304941904725,1.7439425620200004,3.349030494190433,0.4792694288555334,pass,
bcat2_activation,positive,122,liver,exercise,0.38306523556,0.87136699645,2.072435813125852,3.6322755571499887,1.7237935599625405,3.6322755571499887,0.5254232414803106,pass,
bcat2_activation,positive,123,skeletal_muscle,caloric_restriction,0.39309603632,0.916810054925,0.8242043556930946,1.126265900773352,0.7075728653524143,1.126265900773352,0.3717532734795944,pass,
bcat2_activation,positive,124,liver,exercise,0.40973100624,0.993894034175,4.708125549631267,7.147897571172631,1.84378952814146,4.472523153936584,0.3677631918505337,pass,
bcat2_activation,positive,125,liver,caloric_restriction,0.13238425424,0.9513850349,0.7113622107969492,0.9635414368056132,0.238291657639943,0.9635414368055392,0.7526918422626276,pass,
bcat2_activation,positive,126,skeletal_muscle,caloric_restriction,0.18346184016,0.9583724581,2.8472393394130604,1.4229107556036058,0.3302313122769922,1.4229107556036875,0.7679184650362526,pass,
bcat2_activation,positive,127,liver,fasted,0.3491560381199999,0.76303453455,1.0695215033536922,1.5026728181862463,0.78560108577,1.502672818186369,0.477197513482601,pass,
bcat2_activation,positive,128,skeletal_muscle,caloric_restriction,0.3748320875200001,0.984699821025,1.916361099066577,3.723475182935408,0.6746977575360001,1.772459677845,0.2948218710681932,pass,
bcat2_activation,positive,129,adipose_subcutaneous,fed,0.23502290776,0.973547644675,26.75342490018681,16.66955909132397,16.669559091323947,16.66955909132397,1.2787550022182364e-15,pass,
bcat2_activation,positive,130,liver,caloric_restriction,0.15984122716,0.876315370675,3.657119420727136,1.6969242725407754,0.287714208888,1.5026936169404563,0.715989173891236,pass,
bcat2_activation,positive,131,liver,fed,0.3729720428799999,0.973244974575,7.31453086089864,9.346514410032922,3.35674838592,8.485218103219532,0.5487039865679154,pass,
bcat2_activation,positive,132,adipose_subcutaneous,exercise,0.3134215168399999,0.958591469375,4.091959038930255,5.119802927327833,5.119802927327833,5.119802927327833,0.0,pass,
bcat2_activation,positive,133,skeletal_muscle,fed,0.11094232396,0.986772575475,13.827785230973484,9.07319540470368,0.99848091564,8.619516432876924,0.8399505551578956,pass,
bcat2_activation,positive,134,adipose_subcutaneous,caloric_restriction,0.38431959812,0.91280758145,1.5380928917901202,2.9319076314563306,2.9319076314563324,2.9319076314563324,0.0,pass,
bcat2_activation,positive,135,skeletal_muscle,fed,0.35609244708,0.9655269583,7.703880502223711,8.807844099630088,3.20483202372,8.543150394881135,0.6060868370030906,pass,
bcat2_activation,positive,136,liver,fasted,0.37247270708,0.910226916275,1.195915054768089,1.403184435011591,0.8380635909020645,1.403184435011591,0.4027416710226395,pass,
bcat2_activation,positive,137,adipose_subcutaneous,exercise,0.23029792964,0.861121803775,11.555611905641191,5.772636226121991,5.772636226121991,5.77263622612203,6.769844649133388e-15,pass,
bcat2_activation,positive,138,skeletal_muscle,fed,0.2387656432,0.867129607875,5.127336563846895,5.01716708509077,2.1488907888,5.017167085090633,0.5716924008399334,pass,
bcat2_activation,positive,139,liver,fed,0.21972330152,0.8232142853,7.389243655907288,6.980828539198554,1.97750971368,6.980828539198525,0.7167227783097706,pass,
bcat2_activation,positive,140,liver,exercise,0.40817973108,0.79876920665,9.145832144248203,9.502185938799062,1.83680878986,3.594461429925,0.1849735051898112,pass,
bcat2_activation,positive,141,adipose_subcutaneous,caloric_restriction,0.3031905188,0.974675349175,2.9291244094434554,1.5659614849243173,1.5659614849243173,1.5659614849243173,0.0,pass,
bcat2_activation,positive,142,adipose_subcutaneous,fed,0.3468862045599999,0.884906485225,9.574293557384784,6.58884605363521,6.58884605363521,6.588846053635194,-2.426405386385035e-15,pass,
bcat2_activation,positive,143,skeletal_muscle,exercise,0.4141580638000001,0.841132908725,1.3282064599989225,2.463727895335638,1.8637112870378767,2.4637278953355826,0.243540128531915,pass,
bcat2_activation,positive,144,skeletal_muscle,caloric_restriction,0.47476098148,0.9520600159,5.186248861320007,3.2834583823180363,0.854569766664,1.71370802862,0.2616565102766646,pass,
bcat2_activation,positive,145,skeletal_muscle,fed,0.46532327516,0.791577129775,3.5868675553736837,5.69725586150422,4.187909476440001,5.697255861504191,0.2649251537503679,pass,
bcat2_activation,positive,146,liver,exercise,0.36507310948,0.78041033,2.6364598883886226,4.714172118851804,1.6428289927147612,3.511846485117061,0.396467809252905,pass,
bcat2_activation,positive,147,liver,exercise,0.28356419272,0.772444469175,5.184593612343031,5.997147660118185,1.276038867282535,3.476000111403367,0.3668345968452405,pass,
bcat2_activation,positive,148,skeletal_muscle,fed,0.444415966,0.905295968975,13.227616879214668,15.633007296133838,3.999743694,8.147663720775,0.2653309083915551,pass,
bcat2_activation,positive,149,liver,caloric_restriction,0.47022648964,0.757087259825,1.0894668218586816,1.7186601061522435,0.8464076813520001,1.362757067685,0.300437174566767,pass,
bcat2_activation,positive,150,adipose_subcutaneous,exercise,0.36444303164,0.7966219535,4.084505768201635,5.209959092174653,5.209959092174653,5.209959092174653,0.0,pass,
bcat2_activation,positive,151,adipose_subcutaneous,caloric_restriction,0.3545990934399999,0.90530465005,2.549697386255781,2.240939029569386,2.240939029569386,2.240939029569386,0.0,pass,
bcat2_activation,positive,152,skeletal_muscle,caloric_restriction,0.30897472,0.95700536115,4.690137360953461,3.52093704889252,0.5561544960185385,1.7226096501274202,0.3312911131074553,pass,
bcat2_activation,positive,153,liver,exercise,0.11598559648,0.973772933125,5.527061475663666,5.66443734554231,0.5219351841773979,4.381978199208566,0.6814521513012888,pass,
bcat2_activation,positive,154,liver,caloric_restriction,0.43389398304,0.9421360449,2.3349558314075542,2.114946945679593,0.781009169472,1.69584488082,0.432557286232084,pass,
bcat2_activation,positive,155,skeletal_muscle,fed,0.41951761496,0.8468955816,7.550906076347695,7.431575347405753,3.77565853464,7.163562272249346,0.455879618954817,pass,
bcat2_activation,positive,156,liver,caloric_restriction,0.21997068632,0.95433855695,3.107089921709289,1.7954824743134266,0.3959472353760001,1.6543636551380194,0.700879255445378,pass,
bcat2_activation,positive,157,adipose_subcutaneous,fasted,0.35556272612,0.860590357825,3.884479291383803,2.0488297172609142,2.0488297172608783,2.0488297172608783,0.0,pass,
bcat2_activation,positive,158,liver,fasted,0.23467090664,0.798529189225,1.8852069822399264,3.1461638701696564,0.52800953994,1.7966906757562502,0.4032469979854662,pass,
bcat2_activation,positive,159,adipose_subcutaneous,caloric_restriction,0.43370780008,0.942451075925,0.9563044791214718,0.9961780543954885,0.9961780543954885,0.9961780543954885,0.0,pass,
bcat2_activation,positive,160,adipose_subcutaneous,fasted,0.1398843976,0.79198314235,1.2164717060613313,1.9965910057112877,1.9965910057112877,1.9965910057111929,-4.737625353789731e-14,pass,
bcat2_activation,positive,161,skeletal_muscle,fasted,0.36763489996,0.899807277025,3.06406783330134,2.847637446310203,0.8271785249375725,2.024566373373736,0.4204846547399024,pass,
bcat2_activation,positive,162,skeletal_muscle,exercise,0.44753799884,0.8492744934,2.474668680770155,4.617256263006055,2.01392099478,3.8217352203,0.3915343057747083,pass,
bcat2_activation,positive,163,adipose_subcutaneous,exercise,0.20230885488,0.8502749645,4.933265385212084,6.684107511837744,6.684107511837707,6.684107511837707,0.0,pass,
bcat2_activation,positive,164,adipose_subcutaneous,fasted,0.4518816827999999,0.82151572635,2.424748193463269,1.5124756342811685,1.5124756342811685,1.5124756342811925,1.6002149977332542e-14,pass,
bcat2_activation,positive,165,adipose_subcutaneous,caloric_restriction,0.309963966,0.764916272125,2.3305156638083684,2.073733795160086,2.073733795160086,2.073733795160086,0.0,pass,
bcat2_activation,positive,166,adipose_subcutaneous,fasted,0.21920485268,0.990695504325,0.9167465511809602,1.390846844837205,1.3908468448372755,1.390846844837205,-5.0448469877733117e-14,pass,
bcat2_activation,positive,167,liver,exercise,0.47987949068,0.8657825981,2.6676808863443684,5.071778823547311,2.15945770806,3.89602169145,0.3423974198810605,pass,
bcat2_activation,positive,168,liver,fasted,0.37962796968,0.920625067,3.04003629848364,2.917747756632593,0.854162931808472,2.071406400819047,0.4171859840329069,pass,
bcat2_activation,positive,169,skeletal_muscle,exercise,0.20580914932,0.84372245425,3.059672470382336,2.936856677658512,0.9261411719708714,2.936856677658545,0.6846488359420966,pass,
bcat2_activation,positive,170,adipose_subcutaneous,fed,0.37612173112,0.7585080019,12.07030399998832,16.14639164874321,16.14639164874321,16.14639164874321,0.0,pass,
bcat2_activation,positive,171,liver,fed,0.11636324072,0.95226052505,8.161877956696234,8.835032680933882,1.04726916648,8.148122987991409,0.803715625957462,pass,
bcat2_activation,positive,172,skeletal_muscle,caloric_restriction,0.36127345048,0.9562154634,3.506832569305964,1.792699378546109,0.6502922108856765,1.6490131951113254,0.5571045520390698,pass,
bcat2_activation,positive,173,skeletal_muscle,caloric_restriction,0.4250651652,0.842216378775,0.9758735927926976,1.1132334170996516,0.7651172973855039,1.1132334170995215,0.312707213390142,pass,
bcat2_activation,positive,174,skeletal_muscle,fasted,0.39583742864,0.9592820293,1.9633616412529904,2.279837899197484,0.89063421444,2.058721414927441,0.5123553744319344,pass,
bcat2_activation,positive,175,liver,fed,0.34400929228,0.945158309675,17.602373355688815,9.853857214339875,3.09608363052,8.443640892068068,0.542686700773988,pass,
bcat2_activation,positive,176,adipose_subcutaneous,fasted,0.3591645950000001,0.769481962625,1.671885077729712,3.3459775444345,3.34597754443446,3.345977544434527,2.0041219582868652e-14,pass,
bcat2_activation,positive,177,adipose_subcutaneous,fed,0.26658526768,0.810066526225,3.757749935208767,7.0208309378475775,7.0208309378475775,7.020830937847547,-4.301209719637869e-15,pass,
bcat2_activation,positive,178,liver,exercise,0.46387158544,0.90062084445,4.16934301384801,3.0034193967668763,2.08742213448,3.0034193967668763,0.3049847994166015,pass,
bcat2_activation,positive,179,liver,fed,0.21001502544,0.89271059675,3.896828000759609,6.935200937711555,1.89013522896,6.93520093771158,0.727457755595518,pass,
bcat2_activation,positive,180,liver,caloric_restriction,0.46211481708,0.944514574625,2.15002781381961,1.3255174749022671,0.831806670744,1.3255174749022671,0.3724664619715174,pass,
bcat2_activation,positive,181,adipose_subcutaneous,caloric_restriction,0.27121697548,0.86785965455,0.9835877900774558,1.213619182454412,1.2136191824543965,1.2136191824543965,0.0,pass,
bcat2_activation,positive,182,adipose_subcutaneous,exercise,0.26119273152,0.8682454712,5.12209391526546,5.403533903487841,5.4035339034878245,5.4035339034878245,0.0,pass,
bcat2_activation,positive,183,adipose_subcutaneous,fasted,0.11865125624,0.80384747265,1.6144965770202722,3.0458165995037354,3.045816599503789,3.0458165995038176,9.33139225619653e-15,pass,
bcat2_activation,positive,184,skeletal_muscle,exercise,0.48712086328,0.95497954425,7.198040358758775,5.114027053241271,2.1920438847600003,4.297407949125001,0.4116841859549062,pass,
bcat2_activation,positive,185,adipose_subcutaneous,fed,0.38655751956,0.980376061875,10.127362640699902,10.521495465393752,10.521495465393752,10.521495465393752,0.0,pass,
bcat2_activation,positive,186,liver,exercise,0.16299024572,0.871540413125,3.455769500672436,4.410494856678906,0.73345610574,3.911459140063807,0.7205547535128147,pass,
bcat2_activation,positive,187,skeletal_muscle,fasted,0.1400243508,0.821452728875,2.821486295778864,2.0760990985307712,0.3150547892894982,1.8415572833755085,0.7352743879934712,pass,
bcat2_activation,positive,188,liver,fed,0.3375985099599999,0.787236238725,22.918659554236587,16.51162468816932,3.038386589538721,7.085126148288831,0.2450842745747257,pass,
bcat2_activation,positive,189,skeletal_muscle,fed,0.31140818884,0.7662534641,5.649207453028184,5.485755988412657,2.80267369956,5.485755988412445,0.489099824075262,pass,
bcat2_activation,positive,190,skeletal_muscle,exercise,0.30913723528,0.914188656775,6.460619525026096,5.2908063592995465,1.3911175587600002,4.1138489554875,0.514615582545713,pass,
bcat2_activation,positive,191,adipose_subcutaneous,exercise,0.19384639616,0.7940076565,1.907564598320729,3.52414231839166,3.524142318391624,3.524142318391624,0.0,pass,
bcat2_activation,positive,192,liver,fasted,0.38121161144,0.888284265825,4.979804709399478,2.746879171465081,0.8577261257114093,1.9986395980396288,0.4153489837413195,pass,
bcat2_activation,positive,193,adipose_subcutaneous,fed,0.10515512888,0.834863617475,13.800697350344334,9.32841864544523,9.328418645445206,9.328418645445206,0.0,pass,
bcat2_activation,positive,194,skeletal_muscle,fed,0.13500900852,0.859918727225,15.891322559279258,9.42612273531894,1.2150810766394975,7.739268544767023,0.6921390322748406,pass,
bcat2_activation,positive,195,skeletal_muscle,exercise,0.13074185336,0.7911557206,2.09835061144752,3.0268202904810195,0.58833834012,3.026820290481344,0.8056249517125519,pass,
bcat2_activation,positive,196,skeletal_muscle,fed,0.29556172272,0.9915848522,12.071739824320794,8.313010006340535,2.660055504568669,8.193545607418246,0.6656421799840309,pass,
bcat2_activation,positive,197,liver,caloric_restriction,0.33582159312,0.87870537485,1.8947053505670248,1.0647503978467223,0.6044788676160001,1.0647503978467223,0.4322811535563111,pass,
bcat2_activation,positive,198,skeletal_muscle,exercise,0.19683922692,0.99716633325,1.7311119925549316,3.122209340996438,0.88577652114,3.122209340996186,0.7162981644089375,pass,
bcat2_activation,positive,199,liver,fed,0.1817644272,0.75827112475,6.17754687816476,6.614782848907003,1.6358798447999998,6.359291834694981,0.7140690930882874,pass,
bcat2_activation,positive,200,skeletal_muscle,fed,0.20905540176,0.9112722224,5.66901025129365,10.124821536714292,1.88149861584,8.201450001600001,0.6242037316749538,pass,
bcat2_activation,positive,201,adipose_subcutaneous,exercise,0.40269517212,0.914485610375,7.242173303258912,6.540884365233618,6.540884365233621,6.540884365233618,-5.431549436470752e-16,pass,
bcat2_activation,positive,202,skeletal_muscle,exercise,0.44310961788,0.844670160625,2.0610975188214504,2.724647623602353,1.9939932803935336,2.724647623602346,0.2681647112380675,pass,
bcat2_activation,positive,203,adipose_subcutaneous,exercise,0.23406220416,0.8143824954,2.350121508534816,4.284719644717289,4.284719644717289,4.284719644717289,0.0,pass,
bcat2_activation,positive,204,liver,fed,0.32935995556,0.809397134475,5.055588516060773,8.7024613118822,2.964239600040001,7.284574210275,0.4964497347820535,pass,
bcat2_activation,positive,205,liver,fed,0.4870563372399999,0.78988515915,9.58341466546838,7.853247427457593,4.383507035013883,7.085081523019222,0.3440073056350837,pass,
bcat2_activation,positive,206,liver,caloric_restriction,0.4422652087199999,0.99664661715,1.657348640567798,1.3229605259054886,0.796077375696,1.3229605259056132,0.398260673612308,pass,
bcat2_activation,positive,207,adipose_subcutaneous,caloric_restriction,0.44875955148,0.9690081232,0.9271176472765146,0.8329596832055786,0.832959683205571,0.832959683205571,0.0,pass,
bcat2_activation,positive,208,liver,fed,0.34867734244,0.9009688861,13.285061819451425,7.627598589143464,3.13809608196,7.516356474971371,0.5740024651065211,pass,
bcat2_activation,positive,209,skeletal_muscle,exercise,0.37533781624,0.775407091525,8.998905374573143,6.826284719854303,1.6890201730800003,3.4893319118625,0.2637322954822378,pass,
bcat2_activation,positive,210,adipose_subcutaneous,exercise,0.36801447192,0.80731855845,5.973735230375669,5.830629389794137,5.830629389794113,5.830629389794113,0.0,pass,
bcat2_activation,positive,211,adipose_subcutaneous,fasted,0.17312381696,0.8942217487249999,1.5054504650269278,1.310533227216768,1.3105332272167498,1.310533227216768,1.3893320082025621e-14,pass,
bcat2_activation,positive,212,skeletal_muscle,fasted,0.19664888224,0.902280512175,2.952506813359818,3.0135439284439363,0.44245998504,2.03013115239375,0.5268452045341694,pass,
bcat2_activation,positive,213,liver,exercise,0.4663190246800001,0.942004697225,7.442370342004767,5.328043376166893,2.09843561106,4.2390211375125,0.4017582769741792,pass,
bcat2_activation,positive,214,liver,fasted,0.3409301958,0.808492628375,2.9581737505445447,3.031116951402554,0.76709294055,1.8191084138437497,0.3470718847740147,pass,
bcat2_activation,positive,215,adipose_subcutaneous,fasted,0.22892531644,0.903100900925,1.4644517928324976,2.134569287918919,2.1345692879189198,2.134569287918919,-2.0804628472989215e-16,pass,
bcat2_activation,positive,216,adipose_subcutaneous,fed,0.2275260188,0.832989908825,7.265064287282709,9.09705244788918,9.097052447889222,9.097052447889222,0.0,pass,
bcat2_activation,positive,217,skeletal_muscle,fed,0.20581259036,0.8980618567750001,9.028387951706817,12.706951697171624,1.85231331324,8.082556710975,0.4903019659012128,pass,
bcat2_activation,positive,218,skeletal_muscle,fed,0.34781657192,0.86818625855,4.778552487587906,4.925869640690959,3.13034914728,4.925869640690937,0.3645083253074228,pass,
bcat2_activation,positive,219,adipose_subcutaneous,caloric_restriction,0.43923732196,0.94213715785,0.7354611037401513,0.919329901104093,0.919329901104093,0.919329901104093,0.0,pass,
bcat2_activation,positive,220,liver,exercise,0.30348777936,0.7814591297,1.9905630451365068,3.031087091739172,1.365695007074477,3.031087091739172,0.5494372264008848,pass,
bcat2_activation,positive,221,liver,caloric_restriction,0.233357042,0.84813704085,2.112441561524432,2.6011910892102086,0.4200426756,1.52664667353,0.4254220316685748,pass,
bcat2_activation,positive,222,skeletal_muscle,exercise,0.3613150036,0.9955410027,4.771748101337255,2.823968438451855,1.6259175162,2.8239684384517885,0.4242437365583941,pass,
bcat2_activation,positive,223,liver,caloric_restriction,0.28546278544,0.807946798075,0.5714537336409687,0.9957269611148843,0.5138330138091278,0.9957269611148843,0.4839619354749569,pass,
bcat2_activation,positive,224,adipose_subcutaneous,caloric_restriction,0.14875681736,0.95839897485,1.8885727896743263,1.9782331940690965,1.9782331940691524,1.9782331940690965,-2.8285462304882072e-14,pass,
bcat2_activation,positive,225,liver,caloric_restriction,0.1056468396,0.896570599125,1.2604045693295018,2.1058346291122647,0.19016431128,1.613827078425,0.6760562997034383,pass,
bcat2_activation,positive,226,adipose_subcutaneous,exercise,0.33546032396,0.85453141525,14.381205226167324,8.967634943327301,8.967634943327257,8.967634943327257,0.0,pass,
bcat2_activation,positive,227,adipose_subcutaneous,fasted,0.47227196632,0.968761266975,1.1681531899681188,1.9090845718028688,1.909084571802848,1.9090845718028688,1.0700470767416731e-14,pass,
bcat2_activation,positive,228,adipose_subcutaneous,fasted,0.48299559236,0.803350967075,4.492016996745558,3.3966063518231357,3.396606351823132,3.396606351823132,0.0,pass,
bcat2_activation,positive,229,adipose_subcutaneous,fasted,0.26697554792,0.973324124025,3.842748635559512,1.9580458292632037,1.958045829263162,1.958045829263162,0.0,pass,
bcat2_activation,positive,230,adipose_subcutaneous,exercise,0.25647252572,0.8816046263,4.2991848619046005,4.496045085392462,4.496045085392421,4.496045085392421,0.0,pass,
bcat2_activation,positive,231,adipose_subcutaneous,fed,0.33867822116,0.8173287664,9.494434138071306,5.916740508196448,5.916740508196414,5.916740508196414,0.0,pass,
bcat2_activation,positive,232,adipose_subcutaneous,exercise,0.38027904144,0.84295598025,14.189660227776148,9.091231858487848,9.091231858487806,9.091231858487806,0.0,pass,
bcat2_activation,positive,233,skeletal_muscle,fasted,0.11602072488,0.928706697,2.5978295848291606,2.223070915695306,0.26104663098,2.044541362230723,0.8022662339104473,pass,
bcat2_activation,positive,234,adipose_subcutaneous,fed,0.37017977776,0.9353909385,2.686968546970917,4.97041731813275,4.970417318132672,4.97041731813275,1.5724977588596825e-14,pass,
bcat2_activation,positive,235,liver,fasted,0.32469019052,0.815593062775,1.523613482874882,1.3213391590203731,0.7305529286700001,1.3213391590203196,0.4471117247356251,pass,
bcat2_activation,positive,236,liver,fed,0.13759173616,0.9195716318,6.554563756115517,5.801054041745919,1.23832562544,5.801054041745643,0.7865343752137185,pass,
bcat2_activation,positive,237,skeletal_muscle,exercise,0.12191888328,0.975266691125,4.215278076254758,8.169814183710594,0.54863497476,4.3887001100625,0.470030902656149,pass,
bcat2_activation,positive,238,liver,fasted,0.10162131792,0.8941109996250001,0.8137894388686129,1.5901196866065006,0.22864796532,1.5901196866065006,0.8562070721808613,pass,
bcat2_activation,positive,239,adipose_subcutaneous,caloric_restriction,0.34366949428,0.9023196153,0.7061111725742496,1.00462982661612,1.00462982661612,1.00462982661612,0.0,pass,
bcat2_activation,positive,240,adipose_subcutaneous,caloric_restriction,0.1868997204,0.864966300375,2.3491310035196875,2.391184088767022,2.391184088767081,2.391184088767022,-2.470067661771441e-14,pass,
bcat2_activation,positive,241,adipose_subcutaneous,caloric_restriction,0.29550719736,0.94822691195,1.7300863170638237,1.4901913717231243,1.4901913717231243,1.490191371723209,5.6770557179252896e-14,pass,
bcat2_activation,positive,242,skeletal_muscle,caloric_restriction,0.35756953636,0.884386157575,1.9052228941617375,1.012106630206673,0.6436251654265458,1.0121066302064867,0.3640737584188108,pass,
bcat2_activation,positive,243,liver,fed,0.23703234308,0.79772404895,16.667608439494643,15.718193509255933,2.13329108772,7.17951644055,0.3210435951089698,pass,
bcat2_activation,positive,244,adipose_subcutaneous,caloric_restriction,0.19734122988,0.98902205525,0.6252025695057107,1.085503167435102,1.0855031674351363,1.0855031674351363,0.0,pass,
bcat2_activation,positive,245,skeletal_muscle,fed,0.47499291428,0.9696882472,10.343374996918412,9.716629018599708,4.27493622852,8.7271942248,0.4582101454894928,pass,
bcat2_activation,positive,246,skeletal_muscle,caloric_restriction,0.38712968548,0.86825789845,1.6421480231864876,1.1040281856344123,0.6968334338640001,1.104028185634433,0.368826409568923,pass,
bcat2_activation,positive,247,adipose_subcutaneous,caloric_restriction,0.3552604892000001,0.9247074982,2.3955672363331435,2.176188360189854,2.176188360189854,2.176188360189848,-2.856944303000717e-15,pass,
bcat2_activation,positive,248,skeletal_muscle,exercise,0.28578729848,0.752353338425,7.430068179424945,3.8290650851635375,1.28604284316,3.3855900229125,0.5483184884706209,pass,
bcat2_activation,positive,249,liver,caloric_restriction,0.35079288756,0.77518224655,1.155248411401811,1.0748835820898557,0.6314271976080001,1.0748835820897398,0.4125622456894765,pass,
bcat2_activation,positive,250,liver,exercise,0.26661822856,0.819183457275,8.64288359816625,5.280976684007371,1.19978202852,3.6863255577375,0.4708491777188898,pass,
bcat2_activation,positive,251,liver,fasted,0.43372704932,0.7810043923,2.4242307144626207,2.2860370707030686,0.97588586097,1.757259882675,0.3418028656309975,pass,
bcat2_activation,positive,252,skeletal_muscle,fasted,0.41959752444,0.857983167525,2.216188468729618,1.120694381707135,0.94409442999,1.120694381707135,0.1575808307775428,pass,
bcat2_activation,positive,253,liver,fasted,0.2295538004,0.9328393794,1.8660173867566967,1.9535193121389711,0.5164960509000001,1.907288426651458,0.7119419639771233,pass,
bcat2_activation,positive,254,skeletal_muscle,caloric_restriction,0.24312001312,0.836256162325,2.814133041814011,2.6383196045073016,0.4376160236014128,1.5052610921348246,0.4046685878046952,pass,
bcat2_activation,positive,255,adipose_subcutaneous,caloric_restriction,0.32319778516,0.8462591585,4.37422423389708,3.4864530626190278,3.4864530626190278,3.4864530626190278,0.0,pass,
bcat2_activation,positive,256,adipose_subcutaneous,caloric_restriction,0.4595476994799999,0.75759443385,2.3527733583391286,1.4089396915970365,1.4089396915970922,1.4089396915970922,0.0,pass,
bcat2_activation,positive,257,liver,exercise,0.21132434524,0.762609461325,3.196510340784738,5.799915566985868,0.9509595535483014,3.431742575848108,0.4277274373476842,pass,
bcat2_activation,positive,258,adipose_subcutaneous,fasted,0.31303640256,0.7565365765,0.9349751371766124,1.3514535468368123,1.3514535468368123,1.3514535468368123,0.0,pass,
bcat2_activation,positive,259,liver,exercise,0.3663361624,0.977015233125,5.081966908085695,3.794273904376514,1.6485127307450496,3.794273904376514,0.5655261659303066,pass,
bcat2_activation,positive,260,adipose_subcutaneous,fasted,0.47237150284,0.878391111925,1.1847174733130703,2.1229186000257,2.1229186000257,2.1229186000257,0.0,pass,
bcat2_activation,positive,261,skeletal_muscle,exercise,0.328266708,0.82639279995,2.097359217616389,2.7758316108640413,1.4772001859507602,2.7758316108640653,0.4678350876294964,pass,
bcat2_activation,positive,262,liver,caloric_restriction,0.4361389077600001,0.9990371885,0.5300730148693197,0.9942400219897516,0.7799456090235983,0.9942400219897516,0.2155358949816668,pass,
bcat2_activation,positive,263,liver,fed,0.36418435116,0.8440357844,7.831300278083233,8.07113697412367,3.277659160330745,7.592113086635916,0.5345534266284232,pass,
bcat2_activation,positive,264,liver,fasted,0.2358112792,0.94866741155,2.320994247082111,1.4947737409840722,0.5305753782176859,1.494773740983791,0.6450463614187743,pass,
bcat2_activation,positive,265,liver,fasted,0.16901326304,0.790478507,1.4081383631451545,1.3803990450129646,0.380279841852676,1.380399045013175,0.7245145574199566,pass,
bcat2_activation,positive,266,liver,fed,0.19321726148,0.8567738293,11.861355918224596,12.508149216509228,1.7389553533199995,7.710964463700001,0.4774494617075465,pass,
bcat2_activation,positive,267,liver,exercise,0.49749320656,0.995726874775,9.242627198138369,9.268183271687194,2.23871942952,4.480770936487501,0.241908413034581,pass,
bcat2_activation,positive,268,liver,fasted,0.34400039228,0.90312453485,3.885075396136044,2.146028846526706,0.7740008826042,2.0320302033447657,0.586212679655567,pass,
bcat2_activation,positive,269,skeletal_muscle,fasted,0.41889425088,0.947174339425,0.735577761522403,1.2458647770884297,0.94251206448,1.2458647770884297,0.2434876707224687,pass,
bcat2_activation,positive,270,skeletal_muscle,caloric_restriction,0.20448159268,0.844345496525,4.5568408633389765,3.3208733552314462,0.3680668668239999,1.519821893745,0.3468229299098728,pass,
bcat2_activation,positive,271,adipose_subcutaneous,exercise,0.20045620836,0.9920422045,6.570655672315651,6.236171338019426,6.236171338019426,6.236171338019426,0.0,pass,
bcat2_activation,positive,272,liver,fasted,0.19985615152,0.998053186925,3.018768319714483,1.684729332863531,0.4496763409200001,1.68472933286368,0.7330868928627621,pass,
bcat2_activation,positive,273,adipose_subcutaneous,fed,0.10957398744,0.80067596915,14.011489376574248,13.013265982582247,13.013265982582247,13.013265982582272,1.9110495232242e-15,pass,
bcat2_activation,positive,274,skeletal_muscle,fasted,0.1249531068,0.800988376325,1.638055412138682,1.932129893186844,0.2811444903,1.7597758617595622,0.7652856967192389,pass,
bcat2_activation,positive,275,adipose_subcutaneous,caloric_restriction,0.13811067688,0.788523235525,1.6706504495198633,3.3090123782749368,3.3090123782749368,3.3090123782749563,5.9050625986444215e-15,pass,
bcat2_activation,positive,276,adipose_subcutaneous,fasted,0.40962129296,0.892921029775,2.0252667977864864,2.4828196932258084,2.4828196932258084,2.4828196932258084,0.0,pass,
bcat2_activation,positive,277,adipose_subcutaneous,exercise,0.3414532232,0.8799178626499999,13.795463036619456,9.187921996954136,9.18792199695404,9.187921996954165,1.3533525730762498e-14,pass,
bcat2_activation,positive,278,skeletal_muscle,fed,0.2432478454,0.87477569405,12.292785149279258,11.223509282635549,2.1892306086,7.872981246449999,0.5064147491412168,pass,
bcat2_activation,positive,279,skeletal_muscle,exercise,0.19075287244,0.995153703475,13.734473731869503,9.15156258604296,0.858387925951387,4.478191665488227,0.3955394180505741,pass,
bcat2_activation,positive,280,liver,fed,0.30539880896,0.952234549975,7.63412937687692,7.307687777503209,2.74858928064,7.180150026763337,0.6064244780361226,pass,
bcat2_activation,positive,281,adipose_subcutaneous,fasted,0.33230432952,0.7813457336,0.9486524100095106,1.6789565305803746,1.6789565305803746,1.678956530580428,3.1740372196286833e-14,pass,
bcat2_activation,positive,282,skeletal_muscle,exercise,0.17333128112,0.9114002364,6.0428283863480505,5.000261146771251,0.7799907650659997,4.10130106393671,0.6642273676076565,pass,
bcat2_activation,positive,283,adipose_subcutaneous,exercise,0.18615211192,0.850220512925,2.899465509438057,2.9885419202222288,2.988541920222187,2.9885419202222288,1.3968144613745875e-14,pass,
bcat2_activation,positive,284,skeletal_muscle,fasted,0.28229353908,0.8713007819,3.156845310612377,3.62923812671103,0.63516046293,1.960426759275,0.3651637754467252,pass,
bcat2_activation,positive,285,adipose_subcutaneous,fed,0.18288047936,0.99639012025,4.130865330067134,4.423062651662798,4.423062651662812,4.423062651662812,0.0,pass,
bcat2_activation,positive,286,adipose_subcutaneous,exercise,0.3136330102,0.977154227275,5.855031981945621,7.886392911817995,7.886392911817987,7.886392911817987,0.0,pass,
bcat2_activation,positive,287,skeletal_muscle,fed,0.2506187624,0.907922071125,20.38438347419844,16.256675793504815,2.2555688616,8.171298640124999,0.3638954146387397,pass,
bcat2_activation,positive,288,adipose_subcutaneous,caloric_restriction,0.13955665628,0.771960068725,2.33341502041769,1.1992037880862347,1.199203788086238,1.1992037880862485,8.702521235469956e-15,pass,
bcat2_activation,positive,289,skeletal_muscle,caloric_restriction,0.18713894192,0.964428846925,4.807163472440043,3.0056943076972567,0.336850095456,1.7359719244649998,0.4654903944908837,pass,
bcat2_activation,positive,290,adipose_subcutaneous,fed,0.42865371552,0.7684666281,3.343386149882569,5.136983753621714,5.136983753621714,5.136983753621748,6.5701550885399505e-15,pass,
bcat2_activation,positive,291,adipose_subcutaneous,caloric_restriction,0.25554088988,0.9495362783,0.8186514229513122,1.2356520129862414,1.2356520129862414,1.2356520129862414,0.0,pass,
bcat2_activation,positive,292,adipose_subcutaneous,exercise,0.48198944652,0.777699190125,15.40331595521772,9.085700688784664,9.0857006887847,9.0857006887847,0.0,pass,
bcat2_activation,positive,293,skeletal_muscle,exercise,0.25875213096,0.815250626225,5.310911738670198,5.33317278454628,1.1643845893200004,3.6686278180125,0.4695597404886157,pass,
bcat2_activation,positive,294,skeletal_muscle,caloric_restriction,0.48303475528,0.793735340075,3.083908805579919,1.576648846265783,0.869462559475018,1.359478706249834,0.3107959948947386,pass,
bcat2_activation,positive,295,liver,caloric_restriction,0.41328970864,0.984904222825,1.705369742750355,1.5200032210695846,0.743921475552,1.5137654861498084,0.5064752494774913,pass,
bcat2_activation,positive,296,skeletal_muscle,fed,0.4612261375200001,0.949777926375,11.164552214447507,7.214394257608001,4.15103523768,7.2143942576079265,0.4246176339333596,pass,
bcat2_activation,positive,297,skeletal_muscle,caloric_restriction,0.25909896672,0.767372539775,1.02158261852932,1.7136089736666662,0.4663781400959999,1.3812705715949998,0.5338980161508924,pass,
bcat2_activation,positive,298,liver,fasted,0.44115973572,0.945809803775,3.3180236068599167,2.716784893148432,0.99260940537,2.1280720584937503,0.4179435243428063,pass,
bcat2_activation,positive,299,liver,fasted,0.36124979196,0.84617220495,2.2712046562845414,3.5449053708932743,0.8128120319100001,1.9038874611375,0.3077868983996494,pass,
bcat2_activation,positive,300,skeletal_muscle,exercise,0.16015613368,0.925688448825,3.61062850461634,2.568838140092824,0.72070260156,2.568838140092806,0.7194441368991915,pass,
bcat2_activation,positive,301,skeletal_muscle,caloric_restriction,0.3483723563999999,0.9408772275,0.7247654602364539,1.0339434068715645,0.62707024152,1.0339434068715645,0.3935158952100227,pass,
bcat2_activation,positive,302,adipose_subcutaneous,caloric_restriction,0.25587470044,0.838496863725,2.035328332374689,1.2299702323878017,1.2299702323878017,1.2299702323878017,0.0,pass,
bcat2_activation,positive,303,skeletal_muscle,caloric_restriction,0.14510004272,0.89756617845,1.1100277982791529,2.187868277028427,0.261180076896,1.6156191212099995,0.6190679112334886,pass,
bcat2_activation,positive,304,liver,exercise,0.28764840436,0.83091726135,4.698232897759853,7.197173668536568,1.294417819576853,3.739127675950363,0.3396763742218553,pass,
bcat2_activation,positive,305,skeletal_muscle,fasted,0.4818563168399999,0.847704902425,2.802426666601053,2.158943628847163,1.084176712926139,1.814342521542692,0.3382051290549204,pass,
bcat2_activation,positive,306,liver,exercise,0.4007616918,0.921231190225,1.9903702515318693,2.658641430486146,1.8034276131,2.658641430485709,0.3216732454324723,pass,
bcat2_activation,positive,307,skeletal_muscle,caloric_restriction,0.2799515216,0.851368686975,3.219209193191003,2.647623793780252,0.50391273888,1.532463636555,0.3884807577614509,pass,
bcat2_activation,positive,308,skeletal_muscle,exercise,0.132765657,0.927229642075,4.203871755695967,3.748757029982455,0.5974454564800852,3.6705135535202897,0.819756541291391,pass,
bcat2_activation,positive,309,liver,fed,0.22871171396,0.8569202609,11.589797296887587,10.41206688674945,2.05840542564,7.7122823481,0.5430119671681332,pass,
bcat2_activation,positive,310,adipose_subcutaneous,caloric_restriction,0.15219395412,0.801870225475,1.0562398516837035,1.908120872745196,1.908120872745139,1.908120872745196,2.9673892814988364e-14,pass,
bcat2_activation,positive,311,adipose_subcutaneous,fed,0.35964349236,0.953220688,6.358640393522324,6.256143626000084,6.256143626000231,6.256143626000083,-2.3708822072672623e-14,pass,
bcat2_activation,positive,312,liver,exercise,0.22444372512,0.94895512445,3.1552714618232343,6.103786159904649,1.00999676304,4.2702980600250005,0.5341440888610572,pass,
bcat2_activation,positive,313,adipose_subcutaneous,caloric_restriction,0.4140393250399999,0.952137516925,3.626019888411776,2.1978903344448533,2.197890334444893,2.1978903344448533,-1.7982671408689093e-14,pass,
bcat2_activation,positive,314,skeletal_muscle,fed,0.46101773684,0.961600456,19.75596372171582,15.427450963685372,4.14915963156,8.654404104,0.2920277940305809,pass,
bcat2_activation,positive,315,adipose_subcutaneous,caloric_restriction,0.31351464864,0.9544670499,0.9712527851306352,1.6459877590869838,1.6459877590869838,1.6459877590869838,0.0,pass,
bcat2_activation,positive,316,adipose_subcutaneous,fasted,0.3408337052,0.8784817193,2.7692822201147687,2.1021795822930445,2.102179582293108,2.1021795822930445,-3.020900666311693e-14,pass,
bcat2_activation,positive,317,liver,fed,0.46705210684,0.800753780725,18.19216712368048,9.470522290693353,4.20346896156,7.206784026525,0.3171224324044248,pass,
bcat2_activation,positive,318,adipose_subcutaneous,caloric_restriction,0.22170824544,0.9247480077,1.9546288277221864,1.0055240137066073,1.0055240137065835,1.00552401370661,2.6057322375195633e-14,pass,
bcat2_activation,positive,319,skeletal_muscle,fasted,0.117053964,0.763325070725,5.451684558545134,3.098328486033948,0.2633714189912209,1.7174814090740005,0.4693207955958635,pass,
bcat2_activation,positive,320,liver,caloric_restriction,0.23992036908,0.996537855775,3.08817548566974,2.887489961682782,0.431856664344,1.7937681403949997,0.4716592937546698,pass,
bcat2_activation,positive,321,adipose_subcutaneous,exercise,0.26792910708,0.8001594584,6.528078611856455,3.722925360604777,3.722925360604777,3.722925360604692,-2.2902723002042936e-14,pass,
bcat2_activation,positive,322,liver,fasted,0.15994781288,0.8543459369749999,0.8912239237656079,1.264299291508043,0.35988257898,1.2642992915079272,0.7153501695386922,pass,
bcat2_activation,positive,323,adipose_subcutaneous,exercise,0.3592367638,0.815258009875,1.423749199390531,2.62491849341421,2.6249184934141865,2.62491849341421,8.966651033586681e-15,pass,
bcat2_activation,positive,324,adipose_subcutaneous,fasted,0.12518590188,0.763071655975,2.901845744106545,1.414982534030615,1.414982534030691,1.414982534030691,0.0,pass,
bcat2_activation,positive,325,liver,fasted,0.14376137588,0.840325401275,0.735687339987204,1.320989593179398,0.32346309573,1.3209895931793063,0.7551357729082705,pass,
bcat2_activation,positive,326,adipose_subcutaneous,fasted,0.1630159763999999,0.921440023,3.078153819011925,2.304782426168841,2.3047824261688565,2.304782426168841,-6.5511750538642906e-15,pass,
bcat2_activation,positive,327,skeletal_muscle,fasted,0.43921647192,0.77705923085,1.861299360454316,3.4501657389395004,0.98823706182,1.7483832694125,0.2203216497727297,pass,
bcat2_activation,positive,328,skeletal_muscle,fed,0.17219525304,0.78051607045,2.134468681697301,4.227896399417426,1.5497572773600004,4.227896399417426,0.6334448314359014,pass,
bcat2_activation,positive,329,adipose_subcutaneous,exercise,0.41186289716,0.912274179575,1.657457613179022,3.0530896440427653,3.0530896440427653,3.0530896440427653,0.0,pass,
bcat2_activation,positive,330,skeletal_muscle,fasted,0.28118420308,0.85910051415,0.9711140806461503,1.804400559900139,0.6326644569300001,1.8044005599002548,0.6493769338195629,pass,
bcat2_activation,positive,331,adipose_subcutaneous,exercise,0.37323562732,0.851105295575,1.833809250530392,2.58778651251295,2.58778651251295,2.5877865125128907,-2.2995696836722963e-14,pass,
bcat2_activation,positive,332,liver,exercise,0.38921268836,0.828475212175,3.053259570527149,3.920965627670956,1.75145709762,3.68942254355,0.4942571881409596,pass,
bcat2_activation,positive,333,liver,fasted,0.29163516432,0.9486096374,3.706955887436964,3.923423127648687,0.6561791197200001,2.13437168415,0.3767609346065824,pass,
bcat2_activation,positive,334,adipose_subcutaneous,exercise,0.38225337512,0.88953027695,7.152672753918273,9.656628057338542,9.656628057338542,9.656628057338525,-1.8395208232653325e-15,pass,
bcat2_activation,positive,335,skeletal_muscle,fasted,0.42563832532,0.9615592413,7.678038788118629,4.357535368219638,0.9576862320019228,2.163508292997117,0.2767211184995747,pass,
bcat2_activation,positive,336,skeletal_muscle,fasted,0.36748486444,0.7551760589,2.249393983657036,2.4828706738897424,0.82684094499,1.699146132525,0.3513292885965822,pass,
bcat2_activation,positive,337,adipose_subcutaneous,fed,0.41690114656,0.914273231375,6.695871802896759,7.210501939480085,7.210501939480085,7.210501939480104,2.709925799536181e-15,pass,
bcat2_activation,positive,338,adipose_subcutaneous,caloric_restriction,0.16773890936,0.9664464066,3.287231725910715,2.263275849542649,2.2632758495426493,2.2632758495426493,0.0,pass,
bcat2_activation,positive,339,adipose_subcutaneous,fed,0.4582803522799999,0.87010936125,8.81359112276879,5.5967864383504144,5.59678643835057,5.5967864383504144,-2.7771512306146423e-14,pass,
bcat2_activation,positive,340,adipose_subcutaneous,fed,0.42361455304,0.844908381775,20.68597402204064,15.51837968670652,15.51837968670652,15.51837968670652,0.0,pass,
bcat2_activation,positive,341,liver,exercise,0.31740750452,0.971098673675,4.564799970313097,3.432500363605958,1.4283337702923888,3.432500363606069,0.5838794992022186,pass,
bcat2_activation,positive,342,adipose_subcutaneous,caloric_restriction,0.23600679068,0.826507484675,1.3233502970614208,1.56689466974882,1.5668946697488688,1.5668946697487915,-4.9315071399341644e-14,pass,
bcat2_activation,positive,343,skeletal_muscle,fasted,0.39385985412,0.80561354665,3.210799198000444,2.063394269047436,0.88618467177,1.7991841715778196,0.4424745738143902,pass,
bcat2_activation,positive,344,liver,caloric_restriction,0.45692368464,0.8400326607,1.0608362958266326,1.6189757605083406,0.8224626323245845,1.5033177578465842,0.4205468309841888,pass,
bcat2_activation,positive,345,skeletal_muscle,exercise,0.12838512176,0.78773438955,4.67957949270354,4.400228294717062,0.57773304792,3.544804752975,0.6742994922825442,pass,
bcat2_activation,positive,346,adipose_subcutaneous,exercise,0.49451092876,0.805079793525,3.7642048814641447,6.608357757887244,6.608357757887244,6.608357757887244,0.0,pass,
bcat2_activation,positive,347,skeletal_muscle,caloric_restriction,0.34382450292,0.9597629804,1.2099752435024893,1.6296469963070177,0.6188841052353705,1.5429252613449669,0.567019212261053,pass,
bcat2_activation,positive,348,liver,fed,0.49132495624,0.771564751975,11.156625683537795,9.797780782425686,4.4219246060126025,6.94408276754353,0.2574213709756531,pass,
bcat2_activation,positive,349,skeletal_muscle,caloric_restriction,0.3379741647199999,0.923387306775,2.946885894335582,2.5883542782517406,0.6083534965162783,1.6620971522504036,0.407109515334917,pass,
bcat2_activation,positive,350,adipose_subcutaneous,fasted,0.38546172056,0.982425614775,0.830573499061387,1.4142852254039129,1.4142852254038742,1.4142852254038742,0.0,pass,
bcat2_activation,positive,351,skeletal_muscle,fasted,0.3143653158,0.774035352925,1.4841217074034,1.523025245797378,0.7073219605500001,1.5086148735658078,0.5261192585132046,pass,
bcat2_activation,positive,352,adipose_subcutaneous,fasted,0.25957292752,0.99495326895,2.5665141061301493,2.792938342873388,2.792938342873388,2.7929383428733905,9.540258079450079e-16,pass,
bcat2_activation,positive,353,liver,exercise,0.19748912992,0.8973972777,2.683111919446826,3.7721091357903385,0.8887010846400001,3.5730412995272265,0.7116284599026584,pass,
bcat2_activation,positive,354,liver,exercise,0.18594974256,0.943818019825,3.174525305895654,2.952446714766162,0.83677384152,2.9524467147662543,0.7165829149989651,pass,
bcat2_activation,positive,355,skeletal_muscle,fasted,0.4351895756,0.878869325,2.7831511394473547,2.914508130413306,0.9791765451000002,1.97745598125,0.3425207244175482,pass,
bcat2_activation,positive,356,adipose_subcutaneous,exercise,0.49907608372,0.981546680025,3.472384478798168,4.8995832075206165,4.899583207520637,4.8995832075206165,-4.169355389606764e-15,pass,
bcat2_activation,positive,357,liver,fasted,0.4486125854,0.7853377971,2.635845549000791,1.5244101685515936,1.009378317116354,1.5244101685515634,0.3378564785647966,pass,
bcat2_activation,positive,358,liver,caloric_restriction,0.4402782028399999,0.874807793575,0.8104811501166099,1.2511546209410165,0.7925007651119998,1.2511546209409967,0.3665844717769853,pass,
bcat2_activation,positive,359,liver,exercise,0.26498712484,0.768585346775,4.304477491869839,7.001568172106493,1.1924420617799998,3.4586340604874994,0.3236692042413825,pass,
bcat2_activation,positive,360,liver,exercise,0.28794045848,0.765757918575,4.025268666330375,2.936458865612883,1.2957320631600002,2.93645886561289,0.5587433291392098,pass,
bcat2_activation,positive,361,liver,exercise,0.15693877076,0.81963289295,1.8730696663325732,2.34864927765572,0.7062244684200001,2.348649277655719,0.6993061181425472,pass,
bcat2_activation,positive,362,skeletal_muscle,fed,0.3447970794,0.92647399855,6.846516762557555,7.503094238233525,3.1031737146000005,7.503094238233524,0.5864141358125085,pass,
bcat2_activation,positive,363,adipose_subcutaneous,exercise,0.4291252914,0.9842059153,7.873987409109727,6.550771021275319,6.550771021275319,6.550771021275319,0.0,pass,
bcat2_activation,positive,364,skeletal_muscle,fasted,0.49582182996,0.84259761215,2.919329129156141,3.3016589895772874,1.11559911741,1.8958446273375,0.236319229935795,pass,
bcat2_activation,positive,365,skeletal_muscle,fasted,0.4842887934000001,0.95425071545,2.377528921565897,2.960866108494276,1.0896497851500002,2.1470641097625,0.3571300713595046,pass,
bcat2_activation,positive,366,adipose_subcutaneous,fasted,0.2734583692,0.761998116725,1.570898567675536,2.9297628977785983,2.929762897778578,2.929762897778493,-2.879992436776645e-14,pass,
bcat2_activation,positive,367,adipose_subcutaneous,caloric_restriction,0.25315873952,0.9476512617,1.2437827845843976,1.3529732277574056,1.352973227757365,1.3529732277574056,3.0033234854641653e-14,pass,
bcat2_activation,positive,368,skeletal_muscle,exercise,0.24722317056,0.797820620475,2.539329525156414,3.64078953237887,1.11250426752,3.5723863781574208,0.6756452381443067,pass,
bcat2_activation,positive,369,skeletal_muscle,fasted,0.4796983611199999,0.862848648975,1.2461160839233416,1.3184020897232165,1.07932131252,1.318402089723284,0.1813413214882543,pass,
bcat2_activation,positive,370,liver,fasted,0.31723761632,0.85489841645,1.6540299083215937,1.4443083486826849,0.7137846367437929,1.4443083486826849,0.5057948412506119,pass,
bcat2_activation,positive,371,liver,caloric_restriction,0.19244636784,0.80190267275,6.066230039482648,3.1741140651062083,0.346403462112,1.44342481095,0.3456149736072238,pass,
bcat2_activation,positive,372,skeletal_muscle,fed,0.39093149288,0.9587000662,17.150932760969813,10.101705779426874,3.5183834359200006,8.6283005958,0.5058469600537023,pass,
bcat2_activation,positive,373,adipose_subcutaneous,fed,0.41085799132,0.78271123775,9.663966714846875,5.512199710744481,5.512199710744449,5.512199710744481,5.800664850164877e-15,pass,
bcat2_activation,positive,374,skeletal_muscle,caloric_restriction,0.40600871076,0.9339171614,4.12690079443002,2.1369086080932664,0.730815679368,1.68105089052,0.4446775157127012,pass,
bcat2_activation,positive,375,liver,fed,0.2957943744,0.92848176705,10.01998298441437,5.977703366126574,2.6621493696,5.977703366126574,0.5546534836965293,pass,
bcat2_activation,positive,376,skeletal_muscle,fasted,0.4131828389199999,0.77004521415,3.1697116081766503,1.6276378499349478,0.9296613875699996,1.6200876699418068,0.4241891292951939,pass,
bcat2_activation,positive,377,skeletal_muscle,exercise,0.47261335932,0.912678310025,6.1371295709836655,6.065744927760703,2.126760116869108,4.107052394975598,0.3264714065115753,pass,
bcat2_activation,positive,378,skeletal_muscle,fasted,0.1036530658,0.963526627375,4.302463548158342,2.281077165162204,0.23321939805,2.1679349115937505,0.8481587309240265,pass,
bcat2_activation,positive,379,skeletal_muscle,caloric_restriction,0.3686473827199999,0.8109591957,1.762013293400083,1.10061758839587,0.663565288896,1.100617588396058,0.3970973243640907,pass,
bcat2_activation,positive,380,adipose_subcutaneous,fed,0.30354795232,0.762492353775,5.857749750998006,5.515762368079741,5.515762368079741,5.515762368079741,0.0,pass,
bcat2_activation,positive,381,adipose_subcutaneous,fed,0.19334824132,0.999783485375,4.941243731676347,7.266903256077285,7.26690325607732,7.26690325607732,0.0,pass,
bcat2_activation,positive,382,skeletal_muscle,caloric_restriction,0.19946714288,0.823636818125,2.0831982632244417,1.2054665075433642,0.359040857184,1.2054665075433533,0.7021560906609468,pass,
bcat2_activation,positive,383,skeletal_muscle,fed,0.26674617432,0.75658660505,10.30761990902556,13.68408117036554,2.4007155688800004,6.8092794454500005,0.322167328714569,pass,
bcat2_activation,positive,384,skeletal_muscle,fasted,0.1243516908,0.75027937265,0.9563432169084912,1.4372849390154727,0.2797913043,1.4372849390154003,0.8053334473178806,pass,
bcat2_activation,positive,385,adipose_subcutaneous,fed,0.35645894308,0.92720363345,7.198721914177498,5.352674688026043,5.352674688026043,5.352674688026043,0.0,pass,
bcat2_activation,positive,386,liver,exercise,0.19582148068,0.88708880245,5.060147801802399,2.7316759613979724,0.8811966630600001,2.731675961397751,0.6774153759403962,pass,
bcat2_activation,positive,387,skeletal_muscle,caloric_restriction,0.31851187804,0.952528098375,3.927479869121925,2.959654033490537,0.5733213804720001,1.7145505770749998,0.3855954728793299,pass,
bcat2_activation,positive,388,skeletal_muscle,caloric_restriction,0.16254239508,0.882428370975,2.135580493977952,1.6500536708686615,0.2925763111439999,1.5130481942521683,0.7396558697788645,pass,
bcat2_activation,positive,389,liver,caloric_restriction,0.36810466448,0.9512316733,5.139819428207948,2.7589560628196845,0.6625883960419138,1.712217011882926,0.3804441215958618,pass,
bcat2_activation,positive,390,liver,fed,0.1524246038,0.864159408125,4.710525507929893,5.770603382418623,1.3718214341542727,5.770603382418665,0.7622741777170516,pass,
bcat2_activation,positive,391,liver,fasted,0.3297781088,0.98779699325,1.1834007544308538,2.034660142728938,0.7420007448,2.034660142728938,0.6353195655541718,pass,
bcat2_activation,positive,392,skeletal_muscle,fed,0.27681986428,0.8149612006,6.451783899046312,5.086069878054047,2.491378778520001,5.086069878054026,0.5101564000781613,pass,
bcat2_activation,positive,393,liver,exercise,0.29517285284,0.804461340175,7.75755755519943,4.940458158131968,1.3282778377357245,3.620076030666831,0.4638837370090502,pass,
bcat2_activation,positive,394,liver,caloric_restriction,0.11748366808,0.7971369582,0.5573917897668531,1.1431954249527718,0.211470602544,1.143195424952567,0.815017976866955,pass,
bcat2_activation,positive,395,liver,caloric_restriction,0.4901958255599999,0.760346168025,2.303114112438053,3.0480770001271384,0.8823524860079999,1.368623102445,0.1595335735995899,pass,
bcat2_activation,positive,396,skeletal_muscle,caloric_restriction,0.38753258956,0.97242142125,1.7534322810682037,0.9080984373986948,0.697558661208,0.9080984373987032,0.2318468654057016,pass,
bcat2_activation,positive,397,adipose_subcutaneous,fed,0.22450099332,0.966733368075,4.193897991617533,6.665319597644755,6.665319597644755,6.665319597644755,0.0,pass,
bcat2_activation,positive,398,liver,fed,0.2467069512,0.818309026425,5.8527461711912006,9.903041675409453,2.2203625608,7.364781237824999,0.5194786456164538,pass,
bcat2_activation,positive,399,skeletal_muscle,exercise,0.10007218616,0.926032663575,6.3222080586395935,4.53789001791589,0.45032483772,4.1671469860875,0.8190639556475015,pass,
bcat2_activation,positive,400,skeletal_muscle,fasted,0.1375806976,0.77069048675,3.4194870696892705,4.247750564239519,0.3095565696,1.7340535951874998,0.335353266168662,pass,
bcat2_activation,positive,401,skeletal_muscle,fasted,0.27447905364,0.9030425909,1.3426410910779532,2.6964169577501256,0.6175778706900001,2.031845829525,0.5244989855037319,pass,
bcat2_activation,positive,402,adipose_subcutaneous,exercise,0.20626182368,0.88770156795,4.27287079813047,4.260064653398341,4.260064653398398,4.260064653398398,0.0,pass,
bcat2_activation,positive,403,skeletal_muscle,exercise,0.16164535384,0.967887955625,9.938428287946842,5.119956870424163,0.72740409228,4.3554958003125,0.7086176309395221,pass,
bcat2_activation,positive,404,liver,exercise,0.19617585788,0.8082518019,4.274388309540813,2.627858685693629,0.8827913604600002,2.6278586856935897,0.6640643710158164,pass,
bcat2_activation,positive,405,skeletal_muscle,fed,0.29847654368,0.975593007625,7.358417534787415,6.088074252143636,2.686288893209543,6.088074252143565,0.5587621336478017,pass,
bcat2_activation,positive,406,skeletal_muscle,fed,0.20376979732,0.9642570328,5.18391032265873,5.533628939077582,1.83392817588,5.533628939077572,0.6685849022277027,pass,
bcat2_activation,positive,407,liver,fed,0.49696740044,0.830674396475,21.583091006147548,14.726441003565512,4.47270660396,7.476069568274999,0.2039435708592345,pass,
bcat2_activation,positive,408,liver,exercise,0.14439739448,0.7857331637,12.689968807695603,6.376052738169555,0.6497882751816596,3.5357992367678603,0.4526328561100829,pass,
bcat2_activation,positive,409,skeletal_muscle,exercise,0.42223351636,0.970932988525,7.027327551376151,7.834423225243544,1.9000508236200004,4.3691984483625,0.3151664843413846,pass,
bcat2_activation,positive,410,adipose_subcutaneous,exercise,0.34523946896,0.8196761647999999,4.958164601430934,4.753583663461536,4.75358366346152,4.753583663461536,3.363191370226236e-15,pass,
bcat2_activation,positive,411,skeletal_muscle,fed,0.13326313636,0.91880344025,8.567108888988429,4.763750939420207,1.19936822724,4.763750939420331,0.748230282713762,pass,
bcat2_activation,positive,412,skeletal_muscle,fasted,0.29073320784,0.76685800955,1.8652002179568803,1.6159256926240224,0.65414971764,1.5634156875931011,0.562690459161268,pass,
bcat2_activation,positive,413,adipose_subcutaneous,caloric_restriction,0.3476064105599999,0.9938553053,2.32214234133998,1.486341282200514,1.486341282200514,1.4863412822005722,3.9140194238721314e-14,pass,
bcat2_activation,positive,414,liver,caloric_restriction,0.34918115112,0.8412980811,0.9895879572820664,1.2670663631111094,0.628526072016,1.267066363110986,0.5039517342462924,pass,
bcat2_activation,positive,415,adipose_subcutaneous,caloric_restriction,0.17462830772,0.8517444833,5.95445914044638,3.5995485288948434,3.5995485288948434,3.5995485288948434,0.0,pass,
bcat2_activation,positive,416,liver,exercise,0.35680055476,0.79540719865,2.5576677301138284,3.073175942001892,1.6056024964200004,3.07317594200172,0.4775429305963296,pass,
bcat2_activation,positive,417,liver,fasted,0.13487228508,0.85543387545,3.1164420141650315,1.8463330456492089,0.30346264143,1.8396433821284224,0.8320171403086538,pass,
bcat2_activation,positive,418,adipose_subcutaneous,caloric_restriction,0.2967398734,0.9849909966,1.2319518086783323,1.2243612940779427,1.2243612940779427,1.2243612940779427,0.0,pass,
bcat2_activation,positive,419,skeletal_muscle,exercise,0.19826703036,0.753694997825,4.728883250635564,2.5200768672691254,0.8922016366497401,2.5200768672691254,0.6459625306522606,pass,
bcat2_activation,positive,420,skeletal_muscle,fasted,0.15970881196,0.99579801845,1.4798258061752907,1.5681238137312845,0.3593448269219781,1.5681238137312132,0.7708440980390423,pass,
bcat2_activation,positive,421,liver,caloric_restriction,0.43629880204,0.91171173275,2.8521170722645075,1.4524312637131211,0.785337843672,1.4356348001155403,0.4477299357912916,pass,
bcat2_activation,positive,422,skeletal_muscle,exercise,0.33671406404,0.923964819075,3.2690608104023737,3.604481963662552,1.5152132881294929,3.604481963662639,0.5796307754055781,pass,
bcat2_activation,positive,423,liver,fasted,0.18402882316,0.779771934225,2.5098885967950486,1.4121820828196725,0.41406485211,1.4121820828199616,0.7067907480578164,pass,
bcat2_activation,positive,424,adipose_subcutaneous,exercise,0.31651237264,0.884252210575,7.627274332244169,8.703501439341217,8.703501439341263,8.7035014393412,-7.347484993723332e-15,pass,
bcat2_activation,positive,425,skeletal_muscle,exercise,0.35748213212,0.854026626625,7.809411027600856,4.584827005477875,1.6086695945400002,3.8431198198124994,0.4873575867972369,pass,
bcat2_activation,positive,426,liver,exercise,0.31575257416,0.9892092786,5.988095237994652,5.148252698379055,1.42088658372,4.4514417537,0.5886570352178285,pass,
bcat2_activation,positive,427,skeletal_muscle,fasted,0.1804225146,0.8309188723,1.8774404775175797,2.333954591722082,0.40595065785,1.8695674626750003,0.6270973779935827,pass,
bcat2_activation,positive,428,liver,exercise,0.29642256392,0.84368501255,4.131992112884707,2.6536496497180555,1.33390153764,2.653649649718127,0.4973332151131357,pass,
bcat2_activation,positive,429,skeletal_muscle,fasted,0.40056352756,0.864622208075,2.839213473796676,2.5386904547423663,0.9012679370400424,1.9453999682335965,0.4112876499941446,pass,
bcat2_activation,positive,430,adipose_subcutaneous,exercise,0.26390198788,0.907263877675,4.270836527223248,3.2801175759754893,3.2801175759754875,3.2801175759754875,0.0,pass,
bcat2_activation,positive,431,liver,caloric_restriction,0.3622260458,0.948195259775,1.286435581837268,2.173484795825157,0.6520068824400002,1.7067514675949995,0.4852781060079,pass,
bcat2_activation,positive,432,skeletal_muscle,fed,0.11813422444,0.941458622625,9.627560375553395,4.630627417062465,1.06320801996,4.630627417062504,0.7703965523025325,pass,
bcat2_activation,positive,433,liver,caloric_restriction,0.4659308696000001,0.86345397295,4.071190568388679,2.1504383538566096,0.8386755652800001,1.55421715131,0.3327421986995085,pass,
bcat2_activation,positive,434,liver,fed,0.35606890992,0.967437641525,5.48142426664425,6.704140462381812,3.204620189386821,6.704140462381812,0.5219938771616518,pass,
bcat2_activation,positive,435,liver,exercise,0.22184250588,0.77967827565,2.961905974021022,2.564153836409361,0.99829127646,2.564153836409249,0.6106741872172382,pass,
bcat2_activation,positive,436,skeletal_muscle,fasted,0.31566313652,0.752890329425,2.137890392779415,1.347625193754721,0.71024205717,1.3476251937546635,0.4729676615860838,pass,
bcat2_activation,positive,437,adipose_subcutaneous,exercise,0.37356483924,0.89249472415,9.116149039187611,4.874439949972549,4.874439949972527,4.874439949972527,0.0,pass,
bcat2_activation,positive,438,liver,fasted,0.43090738312,0.932324706275,2.092809826775995,1.6749570975061236,0.969541611987682,1.6749570975061236,0.4211543606512361,pass,
bcat2_activation,positive,439,liver,fasted,0.18973297848,0.949828908825,0.8208806337354181,1.3842539958803224,0.42689920158,1.3842539958803826,0.6916034175444432,pass,
bcat2_activation,positive,440,adipose_subcutaneous,exercise,0.1995805254,0.811405337125,5.192723099786184,7.577872069672681,7.57787206967275,7.57787206967275,0.0,pass,
bcat2_activation,positive,441,adipose_subcutaneous,fed,0.21611152792,0.96123995375,23.077168640820556,18.29161980947997,18.29161980947998,18.29161980947996,-1.165357813841913e-15,pass,
bcat2_activation,positive,442,liver,exercise,0.19039342648,0.914120333275,6.928457317376906,6.757012450359943,0.8567704191885591,4.113541499874618,0.4819838803926685,pass,
bcat2_activation,positive,443,skeletal_muscle,exercise,0.3103994122,0.9626544637,2.6634287171515263,2.212975306451151,1.3967973549,2.212975306451151,0.3688147577480287,pass,
bcat2_activation,positive,444,skeletal_muscle,exercise,0.161517311,0.753611528625,8.011281509464888,7.755782909380883,0.7268278995242277,3.3912518789255417,0.3435402989656405,pass,
bcat2_activation,positive,445,skeletal_muscle,fed,0.38971141276,0.866390515725,9.194190959758762,10.635147229788709,3.507402714956913,7.797514641784918,0.4033899892623525,pass,
bcat2_activation,positive,446,skeletal_muscle,exercise,0.42077133548,0.778875724975,4.489505651847964,6.41096574918611,1.89347100966,3.5049407623875,0.2513614665516003,pass,
bcat2_activation,positive,447,liver,exercise,0.4195026941200001,0.795615869125,14.198689877263137,8.785143319544204,1.8877621234770747,3.580271410943157,0.1926558538550848,pass,
bcat2_activation,positive,448,liver,caloric_restriction,0.17464649788,0.902596834925,0.934264462647875,0.9997280667722984,0.3143636961839999,0.999728066772333,0.6855507946286697,pass,
bcat2_activation,positive,449,adipose_subcutaneous,fasted,0.3075114166,0.820174842125,1.364103887074668,1.3568816487512658,1.3568816487511892,1.3568816487511892,0.0,pass,
bcat2_activation,positive,450,liver,fed,0.34968946124,0.7881763138,32.986717562290195,16.616913916877678,3.14720515116,7.093586824199999,0.2374918527459956,pass,
bcat2_activation,positive,451,skeletal_muscle,caloric_restriction,0.26119929552,0.904306116375,2.2735669746823746,2.886872170911018,0.4701587319359999,1.6277510094749998,0.4009849446065689,pass,
bcat2_activation,positive,452,liver,fasted,0.12763299592,0.9297342172,2.993615595855494,1.8994978372826985,0.28717424082,1.8994978372826985,0.848815705296715,pass,
bcat2_activation,positive,453,skeletal_muscle,caloric_restriction,0.46928913464,0.80619663645,3.488762736778084,3.691378937115157,0.8447204423519998,1.4511539456099998,0.1642837307111939,pass,
bcat2_activation,positive,454,skeletal_muscle,caloric_restriction,0.29342692696,0.823153106175,1.413368323439709,1.5187318849723277,0.5281684685279999,1.4483485570487442,0.6058871204495128,pass,
bcat2_activation,positive,455,adipose_subcutaneous,caloric_restriction,0.14457760112,0.919137945,0.8872696417033064,1.015668269832494,1.015668269832494,1.015668269832494,0.0,pass,
bcat2_activation,positive,456,adipose_subcutaneous,fed,0.27537102896,0.832605548825,20.71346771715483,11.739524433344492,11.739524433344462,11.739524433344467,6.052568311386635e-16,pass,
bcat2_activation,positive,457,adipose_subcutaneous,fasted,0.21691895232,0.99715170975,1.383679711382662,1.1078729561790444,1.1078729561790444,1.1078729561790444,0.0,pass,
bcat2_activation,positive,458,adipose_subcutaneous,fed,0.34757161004,0.793530269425,9.594844017118168,5.714637049097162,5.714637049097162,5.714637049097162,0.0,pass,
bcat2_activation,positive,459,adipose_subcutaneous,fed,0.46141144556,0.79887986685,11.174418036121,8.603013188021013,8.603013188021013,8.603013188021041,3.3036924167428803e-15,pass,
bcat2_activation,positive,460,liver,fed,0.11750460964,0.8246633952,7.609834394845604,5.797535165380919,1.05754148676,5.797535165380746,0.8175877408945931,pass,
bcat2_activation,positive,461,adipose_subcutaneous,caloric_restriction,0.29997288696,0.823861648275,1.6753160263030928,1.4918609091334143,1.4918609091334143,1.4918609091334143,0.0,pass,
bcat2_activation,positive,462,liver,fasted,0.24894513072,0.88868681045,1.771300842736583,1.8357636689903143,0.5601265441386709,1.8357636689903147,0.6948809078203705,pass,
bcat2_activation,positive,463,liver,fasted,0.12746729048,0.9962544861,2.4541142909628424,1.3009915584510263,0.28680140358,1.300991558450876,0.7795516798574627,pass,
bcat2_activation,positive,464,skeletal_muscle,fasted,0.12612848624,0.976231138475,1.083300341124206,1.7309894027146018,0.28378909404,1.7309894027145103,0.8360538235560293,pass,
bcat2_activation,positive,465,adipose_subcutaneous,fasted,0.4940853814,0.950279269175,0.9524856634495922,1.547923236223549,1.547923236223549,1.547923236223549,0.0,pass,
bcat2_activation,positive,466,liver,caloric_restriction,0.47024443736,0.8240960900250001,0.5473055821015367,1.035594885555422,0.846439987248,1.0355948855554546,0.1826533724198579,pass,
bcat2_activation,positive,467,skeletal_muscle,caloric_restriction,0.2750880734399999,0.8604326807,1.2834090046555855,0.9700276558475766,0.4951585321754946,0.9700276558474132,0.4895418401828909,pass,
bcat2_activation,positive,468,adipose_subcutaneous,exercise,0.36222181312,0.8149567072,1.9520608863350437,2.6218969697144345,2.6218969697144345,2.6218969697145136,3.014911732474396e-14,pass,
bcat2_activation,positive,469,adipose_subcutaneous,exercise,0.4265669012400001,0.921371897075,3.3719936843971565,2.5788077031330348,2.5788077031330614,2.5788077031330348,-1.0332430975226222e-14,pass,
bcat2_activation,positive,470,liver,fasted,0.41403985656,0.817223722975,3.271779196827168,2.731485273927908,0.9315896772289468,1.8387533766324584,0.3321137068035513,pass,
bcat2_activation,positive,471,liver,caloric_restriction,0.1771632384,0.854919678075,5.661715553126784,3.118874756746737,0.3188938291199999,1.5388554205349998,0.3911544023292322,pass,
bcat2_activation,positive,472,adipose_subcutaneous,fed,0.15381575928,0.961767932825,3.65813434533723,4.337279591601842,4.337279591601842,4.337279591601842,0.0,pass,
bcat2_activation,positive,473,skeletal_muscle,fed,0.16612674272,0.8821505718,7.705933062325514,5.329718472119384,1.49514068448,5.329718472119384,0.7194709828856212,pass,
bcat2_activation,positive,474,adipose_subcutaneous,fasted,0.3439342614,0.83533367085,2.144067293272145,4.151292218001746,4.15129221800174,4.15129221800174,0.0,pass,
bcat2_activation,positive,475,adipose_subcutaneous,exercise,0.39205171424,0.8649333615,2.350592838572484,4.071396362710415,4.071396362710415,4.071396362710415,0.0,pass,
bcat2_activation,positive,476,liver,exercise,0.21591630684,0.990738027425,1.7778184114656796,2.56664969737262,0.97162338078,2.5666496973725086,0.6214429332624843,pass,
bcat2_activation,positive,477,liver,caloric_restriction,0.37699170612,0.7887858226,0.8796136224988349,0.8363545306357969,0.678585071016,0.8363545306357969,0.1886394511426399,pass,
bcat2_activation,positive,478,skeletal_muscle,caloric_restriction,0.21090397616,0.889090303625,0.858505410727789,0.9163856658174752,0.3796271570879999,0.9163856658175352,0.5857342915231134,pass,
bcat2_activation,positive,479,skeletal_muscle,fasted,0.49278917724,0.99491197285,6.474824425923013,4.056475169286307,1.10877564879,2.2385519389125,0.2785118219573058,pass,
bcat2_activation,positive,480,liver,caloric_restriction,0.32174770056,0.9469054368,0.6537694229035053,1.31717055018062,0.579145861008,1.3171705501806334,0.5603106515488294,pass,
bcat2_activation,positive,481,adipose_subcutaneous,caloric_restriction,0.43012768816,0.857553591075,2.315494398154613,2.514679665180044,2.514679665180044,2.514679665180044,0.0,pass,
bcat2_activation,positive,482,liver,caloric_restriction,0.32668638352,0.9547261188,1.4047541109289263,2.6412548115464425,0.588035490336,1.71850701384,0.4280054762463884,pass,
bcat2_activation,positive,483,liver,exercise,0.22197161336,0.937094091075,2.837604891233027,2.7087593107718093,0.99887226012,2.7087593107714487,0.6312436265015546,pass,
bcat2_activation,positive,484,liver,caloric_restriction,0.22418230848,0.985742369575,2.5467779813539617,3.053568777610796,0.403528155264,1.774336265235,0.4489200046915471,pass,
bcat2_activation,positive,485,liver,fasted,0.22636964376,0.9972222759,0.7276398504465013,1.4038318723232737,0.50933169846,1.4038318723232737,0.6371846882083673,pass,
bcat2_activation,positive,486,liver,caloric_restriction,0.18908642328,0.7870486993,1.044330906437586,1.754121547219942,0.340355561904,1.3964560387605878,0.6020680143461962,pass,
bcat2_activation,positive,487,adipose_subcutaneous,fasted,0.33432795084,0.750286563725,1.0142864666293017,1.8132646849118368,1.8132646849118368,1.8132646849118368,0.0,pass,
bcat2_activation,positive,488,liver,caloric_restriction,0.24618892576,0.8043113709,0.6142866269297768,1.0546696995970168,0.443140066368,1.0546696995970168,0.5798304753257619,pass,
bcat2_activation,positive,489,adipose_subcutaneous,exercise,0.36933920496,0.87820675375,12.551771099290187,9.979766091736288,9.979766091736227,9.979766091736227,0.0,pass,
bcat2_activation,positive,490,liver,fed,0.22547041912,0.9100932461,10.500471994577415,6.389535259699692,2.0292337720800004,6.389535259699683,0.682412931519626,pass,
bcat2_activation,positive,491,adipose_subcutaneous,fed,0.32601431704,0.7553526049,10.825721128331423,8.172834838963373,8.172834838963364,8.172834838963364,0.0,pass,
bcat2_activation,positive,492,adipose_subcutaneous,fed,0.27691728676,0.83072422505,16.594291299481718,16.658599930765547,16.658599930765547,16.658599930765583,2.132660423784627e-15,pass,
bcat2_activation,positive,493,adipose_subcutaneous,fasted,0.40599240172,0.7864574476,2.239837167477658,4.401858072105249,4.40185807210516,4.401858072105249,2.017735249867658e-14,pass,
bcat2_activation,positive,494,adipose_subcutaneous,fed,0.4725288214799999,0.9654627939,20.29716040871556,18.663965933105224,18.663965933105228,18.663965933105224,-1.90351487542038e-16,pass,
bcat2_activation,positive,495,adipose_subcutaneous,caloric_restriction,0.1365931196,0.7961452363,0.7386718479510409,1.4286522473919638,1.4286522473919638,1.4286522473919638,0.0,pass,
bcat2_activation,positive,496,adipose_subcutaneous,caloric_restriction,0.20221033648,0.885616038975,4.130864783714714,2.5470085601502217,2.5470085601502404,2.5470085601502217,-7.323001227998447e-15,pass,
bcat2_activation,positive,497,skeletal_muscle,fed,0.12995362548,0.869451731475,3.2801230417396567,5.540322119095171,1.16958262932,5.540322119095151,0.7888962763935768,pass,
bcat2_activation,positive,498,adipose_subcutaneous,fed,0.2727855582,0.96504000115,13.032258838381916,12.787229985622464,12.787229985622464,12.787229985622464,0.0,pass,
bcat2_activation,positive,499,adipose_subcutaneous,fasted,0.2018705148,0.7635875756,1.8095448470178008,3.5760050335165365,3.576005033516508,3.576005033516508,0.0,pass,
bcat2_activation,positive,500,adipose_subcutaneous,fed,0.46110495912,0.985184937775,3.445025082122012,4.872379680571068,4.872379680571068,4.872379680571068,0.0,pass,
bcat2_activation,positive,501,adipose_subcutaneous,caloric_restriction,0.1193431926,0.784853726625,1.476538857346225,1.2525283897235868,1.2525283897235868,1.2525283897235868,0.0,pass,
bcat2_activation,positive,502,liver,exercise,0.45803785076,0.918929779875,3.9839007816031815,6.858021440707989,2.0611703284200003,4.1351840094375,0.3024215801814975,pass,
bcat2_activation,positive,503,skeletal_muscle,fed,0.3342165529199999,0.95855647595,9.125634193934252,10.59964607231722,3.00794897628,8.627008283550001,0.5301176349600136,pass,
bcat2_activation,positive,504,liver,fed,0.27154826364,0.826815764925,6.591952236322839,6.172904736847457,2.443934372841465,6.172904736847446,0.604086815360509,pass,
bcat2_activation,positive,505,liver,fed,0.15141091564,0.826068416525,8.62539944171295,9.221958051834372,1.36269824076,7.434615748724999,0.6584195540509113,pass,
bcat2_activation,positive,506,adipose_subcutaneous,caloric_restriction,0.31519095248,0.819278705525,2.3821229825285197,1.3984269697431857,1.3984269697431375,1.3984269697431857,3.429684617182025e-14,pass,
bcat2_activation,positive,507,skeletal_muscle,fasted,0.4835867766,0.819495323725,4.967964679420314,3.6099306979543617,1.08807024735,1.84386447838125,0.2093653020706285,pass,
bcat2_activation,positive,508,adipose_subcutaneous,fed,0.46008475876,0.80204706105,15.393090245907567,10.225734285204735,10.225734285204735,10.225734285204728,-6.948574214256282e-16,pass,
bcat2_activation,positive,509,skeletal_muscle,exercise,0.14126631104,0.830382800075,5.171316567741661,6.803199890297288,0.6356983996800001,3.7367226003375,0.4558184752266614,pass,
bcat2_activation,positive,510,adipose_subcutaneous,caloric_restriction,0.15051508632,0.87978262165,3.552825720241966,3.386077067968404,3.3860770679684142,3.3860770679684142,0.0,pass,
bcat2_activation,positive,511,liver,fed,0.45626455312,0.81307931485,8.534597630155277,5.598971515706162,4.106380978080001,5.598971515706389,0.2665829846498402,pass,
bcat2_activation,positive,512,liver,fed,0.22970533164,0.951929999275,10.582204221309569,12.364693672727787,2.06734798476,8.567369993475,0.5256921182812467,pass,
bcat2_activation,positive,513,liver,fed,0.48997045072,0.80078616335,3.726761531726637,4.800806880541038,4.40973405648,4.800806880541069,0.0814598116092094,pass,
bcat2_activation,positive,514,liver,fed,0.13782502108,0.84325890215,5.582374318829451,5.789998694984622,1.2404251897199998,5.789998694984622,0.7857641676509403,pass,
bcat2_activation,positive,515,skeletal_muscle,exercise,0.40491082528,0.884787685425,2.4816021333583165,3.842430099623285,1.82209871376,3.6669192689114425,0.4801181823274574,pass,
bcat2_activation,positive,516,liver,fasted,0.3119272899199999,0.99465541805,4.791916292325573,3.193123256299442,0.7018364023433945,2.237974690687099,0.4810770412050921,pass,
bcat2_activation,positive,517,skeletal_muscle,fasted,0.13291725648,0.969286264875,0.5828904068806136,1.118156728051301,0.29906382708,1.118156728051301,0.7325385434998885,pass,
bcat2_activation,positive,518,skeletal_muscle,fasted,0.2727344948,0.8414105506,0.9208125500743488,1.364537283935629,0.6136526133,1.364537283935494,0.5502851988549377,pass,
bcat2_activation,positive,519,liver,fasted,0.19577960696,0.754064471775,3.245608999360052,3.2810038445168117,0.44050411566,1.6966450614937498,0.3828526284518084,pass,
bcat2_activation,positive,520,liver,fasted,0.21867509032,0.9956222996,3.3583707000626126,2.6750812462259503,0.49201895322,2.204502045215447,0.6401611518945255,pass,
bcat2_activation,positive,521,adipose_subcutaneous,exercise,0.186475779,0.966010794825,3.022430699377466,6.088449098988903,6.088449098988892,6.088449098988892,0.0,pass,
bcat2_activation,positive,522,liver,caloric_restriction,0.1930190572,0.87918898555,0.9299719656293294,0.9618520297560952,0.34743430296,0.9618520297562884,0.6387861207218031,pass,
bcat2_activation,positive,523,adipose_subcutaneous,exercise,0.4493636911199999,0.898238545775,3.3832877755683577,4.440816332292205,4.440816332292205,4.440816332292205,0.0,pass,
bcat2_activation,positive,524,liver,fed,0.12636296028,0.919839273725,15.450292649271166,9.108312769960436,1.1372666425199998,8.278553463525,0.7840405793438756,pass,
bcat2_activation,positive,525,adipose_subcutaneous,fasted,0.2584498608,0.90651469275,1.249198061352844,1.1491498669650797,1.1491498669651403,1.1491498669650797,-5.3136904166947255e-14,pass,
bcat2_activation,positive,526,skeletal_muscle,fasted,0.42216303964,0.8009143226,1.9109394705509504,1.7011270873900104,0.94986683919,1.5953818286747197,0.3794631184640734,pass,
bcat2_activation,positive,527,skeletal_muscle,fasted,0.1858908296,0.961215881825,4.117014304603793,4.325797047821675,0.4182543666,2.1627357341062505,0.4032739743036979,pass,
bcat2_activation,positive,528,liver,caloric_restriction,0.4970359279599999,0.9311161669,1.4030888694995802,1.4691388642109802,0.8946646703279999,1.4691388642108714,0.3910278380603594,pass,
bcat2_activation,positive,529,adipose_subcutaneous,caloric_restriction,0.22383023036,0.950949985675,0.5347985200015761,1.0544930663978458,1.0544930663978458,1.0544930663978458,0.0,pass,
bcat2_activation,positive,530,adipose_subcutaneous,exercise,0.12169392824,0.9453791938,5.618889880071836,7.706535298889234,7.706535298889234,7.706535298889239,6.915001763462819e-16,pass,
bcat2_activation,positive,531,adipose_subcutaneous,fasted,0.31506546824,0.94926038925,6.981316726940302,3.5574398149841038,3.557439814984125,3.557439814984113,-3.4953501738601637e-15,pass,
bcat2_activation,positive,532,adipose_subcutaneous,fed,0.1415875718,0.800941396625,4.5588380493225005,8.406125871244171,8.406125871244267,8.406125871244267,0.0,pass,
bcat2_activation,positive,533,skeletal_muscle,fed,0.3117480034,0.8095476197,11.368613110919004,13.28886499555468,2.8057320306000006,7.2859285773,0.3371391422968546,pass,
bcat2_activation,positive,534,adipose_subcutaneous,fasted,0.14234377068,0.87173892565,4.420151782612217,3.5123129730683256,3.5123129730683296,3.5123129730682927,-1.0494339399758886e-14,pass,
bcat2_activation,positive,535,adipose_subcutaneous,fasted,0.12245654612,0.9526765733,1.2006378314440502,2.1229614886371477,2.122961488637109,2.122961488637109,0.0,pass,
bcat2_activation,positive,536,skeletal_muscle,fed,0.46184582724,0.940480784625,5.202813450849362,5.733724739215635,4.156612445298554,5.733724739215635,0.2750589478302767,pass,
bcat2_activation,positive,537,skeletal_muscle,fed,0.38291861736,0.97158978605,6.803372050253444,9.720158261057634,3.44626755624,8.612940214488514,0.5315420304366874,pass,
bcat2_activation,positive,538,skeletal_muscle,fed,0.4515514513199999,0.855415089675,12.00522168059364,7.276939727993357,4.06396306188,7.147730783601608,0.4237726073034231,pass,
bcat2_activation,positive,539,skeletal_muscle,caloric_restriction,0.47913205084,0.938993597025,1.2630673262219934,1.5442620400454854,0.8624376914832521,1.5359036445574228,0.4361085978998318,pass,
bcat2_activation,positive,540,liver,caloric_restriction,0.4180043237600001,0.9043605008,1.5415889616472758,1.8354947213862585,0.752407782768,1.624944357016428,0.4753686099350066,pass,
bcat2_activation,positive,541,skeletal_muscle,fed,0.1626539562,0.89690708605,6.338313036405707,5.995940358316492,1.4638856057999998,5.995940358316544,0.7558538747355101,pass,
bcat2_activation,positive,542,liver,caloric_restriction,0.44996229096,0.934306629625,2.0634595508122726,3.413690841061833,0.8099321237549978,1.6817519333810584,0.2553892107449542,pass,
bcat2_activation,positive,543,liver,fasted,0.16502207756,0.92643823345,3.672408917884947,2.77544204713559,0.3712996745100001,2.0809411912830384,0.6159889083389376,pass,
bcat2_activation,positive,544,liver,exercise,0.10091268684,0.89836248925,7.228859214786261,7.168230692138981,0.45410709078,4.042631201625,0.5006150422558727,pass,
bcat2_activation,positive,545,adipose_subcutaneous,caloric_restriction,0.39594991872,0.944844689925,3.98105130706758,3.180930416694008,3.180930416694008,3.180930416694008,0.0,pass,
bcat2_activation,positive,546,adipose_subcutaneous,fasted,0.26651301504,0.753652795625,0.889078084325229,1.2273048080870788,1.2273048080870788,1.2273048080870277,-4.1611716010757866e-14,pass,
bcat2_activation,positive,547,liver,caloric_restriction,0.3863451614000001,0.83065785805,0.6332483309278027,1.1743047237043571,0.69542129052,1.174304723704357,0.4078016749125507,pass,
bcat2_activation,positive,548,skeletal_muscle,exercise,0.22220312496,0.95536144835,9.269441411066412,8.230025673134499,0.99991406232,4.299126517574999,0.4008751110005294,pass,
bcat2_activation,positive,549,liver,fasted,0.32130912016,0.988059448175,3.9067236905985303,2.100305668772881,0.7229455203359019,2.082613693544737,0.6473668063769169,pass,
bcat2_activation,positive,550,adipose_subcutaneous,exercise,0.26235501552,0.89943549145,6.320594572985038,3.1752587601984303,3.1752587601985147,3.1752587601985147,0.0,pass,
bcat2_activation,positive,551,adipose_subcutaneous,fasted,0.39029440532,0.75529436135,2.392235569279925,2.47420419318729,2.47420419318729,2.47420419318729,0.0,pass,
bcat2_activation,positive,552,skeletal_muscle,exercise,0.43917943092,0.9879632213,5.37912366345538,5.550356347347424,1.97630743914,4.44583449585,0.4449312624567273,pass,
bcat2_activation,positive,553,skeletal_muscle,caloric_restriction,0.33719648808,0.8366352540249999,1.8416897759353872,1.63378848481313,0.606953678544,1.455542997624578,0.5193997429707912,pass,
bcat2_activation,positive,554,adipose_subcutaneous,fed,0.252260231,0.973327930075,3.477255471615957,6.052614712476129,6.052614712476129,6.052614712476129,0.0,pass,
bcat2_activation,positive,555,adipose_subcutaneous,fed,0.20393630432,0.874496653075,30.47016950009799,16.908902685672896,16.908902685673006,16.908902685672896,-6.513380914784815e-15,pass,
bcat2_activation,positive,556,liver,fed,0.154028767,0.84406903885,11.023646787597787,6.119465534960492,1.386258903,6.119465534960492,0.7734673240530066,pass,
bcat2_activation,positive,557,skeletal_muscle,fed,0.33164503796,0.92975650105,9.04220536826718,6.244380979510799,2.98480534164,6.244380979511037,0.5220014039128024,pass,
bcat2_activation,positive,558,adipose_subcutaneous,caloric_restriction,0.19207962108,0.8951453163,4.29931125220618,2.897097964630106,2.897097964630106,2.897097964630154,1.6555061392247526e-14,pass,
bcat2_activation,positive,559,liver,fasted,0.13194526524,0.956387774525,2.784504436316833,1.9169053920092725,0.2968768467998959,1.9169053920091983,0.8451270218981501,pass,
bcat2_activation,positive,560,adipose_subcutaneous,fed,0.10670765548,0.775005560675,11.901154838120124,6.77081164549247,6.77081164549247,6.77081164549247,0.0,pass,
bcat2_activation,positive,561,liver,fed,0.3289211654,0.974339123775,2.847372703363833,4.447839553387713,2.9602904886,4.447839553387713,0.3344430586878332,pass,
bcat2_activation,positive,562,skeletal_muscle,exercise,0.48596279096,0.95501501995,3.025507826111877,3.3484188275002325,2.1868325593200004,3.34841882750025,0.3469059063460809,pass,
bcat2_activation,positive,563,skeletal_muscle,fasted,0.24656251844,0.759528882775,4.281457499302071,3.529333420063381,0.55476566649,1.7089399862437498,0.3270233164122597,pass,
bcat2_activation,positive,564,liver,fasted,0.1956823324,0.85981231565,1.6549243951905548,1.6572895090081017,0.4402852479146762,1.6572895090081152,0.7343341368411992,pass,
bcat2_activation,positive,565,adipose_subcutaneous,exercise,0.31404635216,0.93197987115,6.980167561215549,6.483002446308607,6.483002446308607,6.483002446308607,0.0,pass,
bcat2_activation,positive,566,skeletal_muscle,fasted,0.26222453764,0.88162663205,2.911237078204408,2.4210219799598525,0.5900052097096669,1.9836599221786224,0.5756472778871946,pass,
bcat2_activation,positive,567,adipose_subcutaneous,caloric_restriction,0.26831450448,0.954813062475,2.2273187412463447,3.440458270679548,3.440458270679548,3.440458270679548,0.0,pass,
bcat2_activation,positive,568,skeletal_muscle,fasted,0.10960739388,0.86633818335,3.764212353038925,2.3635059260618334,0.24661663623,1.9492609125375,0.7203892562878034,pass,
bcat2_activation,positive,569,liver,fed,0.3673389614,0.9111163426,6.452910898115985,5.991139151321188,3.3060506526,5.991139151321188,0.4481766206563676,pass,
bcat2_activation,positive,570,adipose_subcutaneous,caloric_restriction,0.26367197196,0.9068260425,2.3110341513327364,2.129378139304337,2.129378139304329,2.129378139304329,0.0,pass,
bcat2_activation,positive,571,liver,caloric_restriction,0.32586349476,0.941363739675,3.0278354083645262,2.048926013756246,0.586554290568,1.694454731415,0.5407225216570476,pass,
bcat2_activation,positive,572,liver,caloric_restriction,0.30414056004,0.917692789325,1.1450237490851227,1.3114281073662473,0.5474530080719999,1.3114281073661127,0.5825520247758078,pass,
bcat2_activation,positive,573,liver,fasted,0.40813006184,0.8830142347000001,2.9712263775364343,3.1812758790610944,0.91829263914,1.986782028075,0.3358681955147973,pass,
bcat2_activation,positive,574,skeletal_muscle,fasted,0.48522738984,0.86714624875,6.817882680988836,4.562828211464822,1.09176162714,1.9510790596875,0.1883299990098969,pass,
bcat2_activation,positive,575,adipose_subcutaneous,fed,0.10566901816,0.864963311675,9.69975199178979,5.253645551888461,5.253645551888435,5.253645551888461,4.902724006960277e-15,pass,
bcat2_activation,positive,576,liver,caloric_restriction,0.16626031672,0.791632675525,1.2364701935313605,2.0179285194317496,0.299268570096,1.424938815945,0.5578345491474543,pass,
bcat2_activation,positive,577,liver,fasted,0.34941505268,0.925057199225,3.687660659417329,2.040441490103179,0.7861838685037938,1.9203245437011904,0.5558310202465283,pass,
bcat2_activation,positive,578,adipose_subcutaneous,caloric_restriction,0.12216280032,0.788915125225,1.4640013531314375,2.365167812738186,2.365167812738181,2.3651678127381888,3.191958104110545e-15,pass,
bcat2_activation,positive,579,skeletal_muscle,fed,0.37645757856,0.827641488825,9.10549744954913,8.834169584692967,3.38811820704,7.448773399425001,0.459653298870437,pass,
bcat2_activation,positive,580,adipose_subcutaneous,fasted,0.34853501104,0.86205690525,1.6816098495334544,1.1005426037443249,1.100542603744267,1.100542603744267,0.0,pass,
bcat2_activation,positive,581,skeletal_muscle,fasted,0.290555282,0.935851908,2.062412074662058,2.194170647042336,0.6537493845,2.0678655288309185,0.6444877686414668,pass,
bcat2_activation,positive,582,adipose_subcutaneous,fed,0.2201503434,0.941745519375,11.752583554299983,11.461364126857426,11.461364126857369,11.461364126857369,0.0,pass,
bcat2_activation,positive,583,skeletal_muscle,exercise,0.42035337068,0.958424058875,2.2818696279517208,2.788217751199211,1.89159016806,2.788217751199129,0.3215773168194952,pass,
bcat2_activation,positive,584,adipose_subcutaneous,exercise,0.43211035288,0.920147884675,8.078869028005773,4.587635701325773,4.587635701325773,4.587635701325773,0.0,pass,
bcat2_activation,positive,585,liver,caloric_restriction,0.14049888332,0.960860265075,1.330317890761337,1.1501928551467606,0.252897989976,1.1501928551467606,0.780125577337436,pass,
bcat2_activation,positive,586,adipose_subcutaneous,exercise,0.16778393036,0.8408619483249999,6.272731770016414,6.045826038183906,6.045826038183906,6.045826038183908,2.938154072216485e-16,pass,
bcat2_activation,positive,587,skeletal_muscle,exercise,0.49397242892,0.960564190875,1.650965568403849,2.968926892602912,2.2111845771088903,2.9689268926028376,0.2552243092889434,pass,
bcat2_activation,positive,588,skeletal_muscle,fed,0.23684974168,0.98506513095,27.01206227761836,17.165897207738354,2.13164767512,8.86558617855,0.392285845705423,pass,
bcat2_activation,positive,589,adipose_subcutaneous,fasted,0.2585710382,0.8397847909,2.090770522686093,3.192698613373977,3.192698613373909,3.192698613373964,1.7247810924193072e-14,pass,
bcat2_activation,positive,590,liver,fed,0.218323667,0.76981868245,6.637714981851326,10.415231318947663,1.964913003,6.928368142049999,0.4765573597986585,pass,
bcat2_activation,positive,591,liver,exercise,0.16738264384,0.98822625685,2.497174772118085,4.778830188064859,0.75322189728,4.389769612999915,0.7609702736042395,pass,
bcat2_activation,positive,592,skeletal_muscle,caloric_restriction,0.10231152132,0.9561637181,1.1279263502495227,1.1704860228597929,0.184160738376,1.170486022859765,0.8426630179435408,pass,
bcat2_activation,positive,593,adipose_subcutaneous,caloric_restriction,0.3374091928,0.908351688325,0.5605986911358459,0.9559675780160886,0.9559675780160886,0.9559675780160886,0.0,pass,
bcat2_activation,positive,594,liver,caloric_restriction,0.17797708776,0.9905700003,1.4024649844942425,1.5822774556599564,0.320358757968,1.56156826317552,0.7844449156294276,pass,
bcat2_activation,positive,595,liver,fasted,0.20765625528,0.83284400455,1.6252806295614015,1.6905358513732276,0.46722657438,1.6905358513732276,0.7236222029834679,pass,
bcat2_activation,positive,596,liver,fasted,0.3300013015599999,0.88714776535,1.441481702548982,2.219564849261447,0.74250292853475,1.930348969879326,0.5351706852538362,pass,
bcat2_activation,positive,597,adipose_subcutaneous,fed,0.13295733612,0.85253754865,4.520774694824842,5.432023098305729,5.432023098305729,5.432023098305729,0.0,pass,
bcat2_activation,positive,598,adipose_subcutaneous,exercise,0.12066675108,0.789993533975,2.8783969331366226,5.046518975859622,5.046518975859626,5.046518975859626,0.0,pass,
bcat2_activation,positive,599,liver,caloric_restriction,0.2856906006,0.926906281175,1.3425529941997068,1.887336445603968,0.5142430810799999,1.6684313061149998,0.6115434414056723,pass,
bcat2_activation,positive,600,skeletal_muscle,caloric_restriction,0.14805838352,0.827456434525,7.000908454869624,3.3431100978475223,0.266505090336,1.489421582145,0.3658020394232247,pass,
bcat2_activation,positive,601,skeletal_muscle,exercise,0.3334657812,0.753167206775,7.258798388606106,7.15742716609003,1.5005960154000002,3.3892524304875,0.263873647787217,pass,
bcat2_activation,positive,602,skeletal_muscle,caloric_restriction,0.23085644,0.9211073899,1.130143279736366,1.2349949003861689,0.4155415919999999,1.2349949003863152,0.6635276859281617,pass,
bcat2_activation,positive,603,skeletal_muscle,caloric_restriction,0.32274290244,0.869862058825,2.1897720296882697,1.7739025375908697,0.580937224392,1.5359724071497496,0.5383808650811106,pass,
bcat2_activation,positive,604,liver,caloric_restriction,0.4028376104,0.94307401695,0.6598231797199018,0.9550508417530804,0.72510769872,0.9550508417530804,0.2407653425141215,pass,
bcat2_activation,positive,605,adipose_subcutaneous,exercise,0.36107822268,0.92470956925,3.5517940695187558,3.605803695761633,3.6058036957616864,3.6058036957616864,0.0,pass,
bcat2_activation,positive,606,adipose_subcutaneous,fed,0.43077356,0.7712621723749999,8.318186035289175,9.448516122130275,9.448516122130275,9.448516122130275,0.0,pass,
bcat2_activation,positive,607,liver,fasted,0.2529090405999999,0.901257571775,1.365699729167449,2.52076095388816,0.5690453413499998,2.02782953649375,0.5787078671199033,pass,
bcat2_activation,positive,608,adipose_subcutaneous,exercise,0.33875417392,0.99809981235,4.207395015209188,2.8203782676604288,2.820378267660409,2.820378267660409,0.0,pass,
bcat2_activation,positive,609,adipose_subcutaneous,exercise,0.30322576548,0.862152332825,6.54895083390935,5.447394933067271,5.447394933067261,5.447394933067257,-6.521858103649685e-16,pass,
bcat2_activation,positive,610,adipose_subcutaneous,fed,0.45484619532,0.929217499625,6.481296755876584,6.113349197066931,6.113349197066931,6.113349197066931,0.0,pass,
bcat2_activation,positive,611,adipose_subcutaneous,caloric_restriction,0.3922540294,0.84547899005,4.740722115610836,2.6144454035222813,2.6144454035223195,2.6144454035222813,-1.4607944000533382e-14,pass,
bcat2_activation,positive,612,liver,fed,0.45691419432,0.8421206543499999,6.752632346212172,8.294000068582957,4.112227749017075,7.579085889402635,0.4179959141208301,pass,
bcat2_activation,positive,613,adipose_subcutaneous,fasted,0.4901833284,0.96033703815,1.0355794472290532,1.508769534654867,1.508769534654799,1.5087695346547596,-2.5901802474918792e-14,pass,
bcat2_activation,positive,614,adipose_subcutaneous,exercise,0.22637227516,0.85042792035,9.929322872944784,5.727706683291691,5.72770668329171,5.72770668329171,0.0,pass,
bcat2_activation,positive,615,liver,caloric_restriction,0.22100799172,0.9439045399,3.4005578016448466,2.32503904288554,0.397814385096,1.6990281718199998,0.5596524457108042,pass,
bcat2_activation,positive,616,liver,fed,0.46090623288,0.79884810215,4.693002595176777,5.319153124999236,4.148156095919999,5.319153124999216,0.2201472681009508,pass,
bcat2_activation,positive,617,adipose_subcutaneous,fasted,0.23319553172,0.958733013375,1.3118466956956696,1.403043451799661,1.4030434517995989,1.403043451799661,4.431259010493304e-14,pass,
bcat2_activation,positive,618,adipose_subcutaneous,fed,0.36917495828,0.990313374675,9.815882764446505,10.660932715452434,10.660932715452434,10.660932715452434,0.0,pass,
bcat2_activation,positive,619,skeletal_muscle,caloric_restriction,0.29438486504,0.871808897075,1.2493767505617528,1.3842517499024622,0.529892757072,1.3792470221935769,0.6135836672638662,pass,
bcat2_activation,positive,620,skeletal_muscle,fed,0.28089384548,0.8999284023,13.998828752481051,9.074739754756123,2.52804460932,7.922277965709563,0.5944229258544207,pass,
bcat2_activation,positive,621,liver,fasted,0.14503691264,0.794441395525,2.299081125611328,1.2664297471154125,0.3263330534400001,1.2664297471154111,0.7423204451859249,pass,
bcat2_activation,positive,622,adipose_subcutaneous,fed,0.43903308348,0.92129878195,29.320472023996658,17.553826341042708,17.553826341042708,17.553826341042733,1.4167279126749224e-15,pass,
bcat2_activation,positive,623,adipose_subcutaneous,fasted,0.46972734864,0.945410649075,1.192648897935792,1.1207866066029388,1.120786606603014,1.1207866066029388,-6.696285985441735e-14,pass,
bcat2_activation,positive,624,skeletal_muscle,fed,0.25514576744,0.782297071775,3.9185144591590086,5.1207984517017335,2.2963119068834565,5.120798451701666,0.5515715120323827,pass,
bcat2_activation,positive,625,adipose_subcutaneous,exercise,0.1885477972,0.8441936667,2.1457938232428417,2.3199295424706525,2.319929542470616,2.3199295424706383,9.571178816429084e-15,pass,
bcat2_activation,positive,626,skeletal_muscle,fed,0.45818469872,0.8740471344,20.292749945787563,11.139076117381896,4.12366228848,7.8664242096,0.3360029038027339,pass,
bcat2_activation,positive,627,liver,fed,0.1968806014,0.85497241205,3.2449693570265805,4.511590639161084,1.7719254126000004,4.511590639161233,0.6072504013951641,pass,
bcat2_activation,positive,628,adipose_subcutaneous,fed,0.4073836628,0.972699268225,9.697978775082555,5.477907700760012,5.477907700760108,5.477907700760063,-8.269051228888324e-15,pass,
bcat2_activation,positive,629,skeletal_muscle,fed,0.17671735376,0.8387273132,33.60157879417599,17.503334461202453,1.59045618384,7.548545818800001,0.3403974053153464,pass,
bcat2_activation,positive,630,liver,exercise,0.39491672548,0.862201213025,6.941834124511164,6.83082725667797,1.7771252646007625,3.8799054584831696,0.3078368277907602,pass,
bcat2_activation,positive,631,adipose_subcutaneous,exercise,0.477474169,0.857604292175,6.46046949340233,4.017860937850774,4.017860937850774,4.017860937850774,0.0,pass,
bcat2_activation,positive,632,liver,exercise,0.15635355056,0.955091239975,2.3140930377985054,3.318307962636442,0.70359097752,3.318307962636442,0.7879669441648246,pass,
bcat2_activation,positive,633,skeletal_muscle,fasted,0.39059308204,0.88347076185,2.302277641381182,3.4112469318585124,0.8788344345899999,1.9878092141625,0.3250936685982768,pass,
bcat2_activation,positive,634,skeletal_muscle,exercise,0.2714511082,0.8262786615,4.734740682309974,2.36604415861065,1.2215299869000005,2.3660441586106504,0.48372477223025,pass,
bcat2_activation,positive,635,adipose_subcutaneous,fasted,0.45976937664,0.87616316065,2.078775136491744,2.2766010036797955,2.2766010036797955,2.2766010036796867,-4.779135924011406e-14,pass,
bcat2_activation,positive,636,liver,fasted,0.38586976632,0.922267428575,1.4988182569347863,1.408237485011402,0.86820697422,1.4082374850114017,0.3834797159848569,pass,
bcat2_activation,positive,637,skeletal_muscle,exercise,0.21334106704,0.86317965015,1.419814917531328,2.5116647562617143,0.96003480168,2.511664756261544,0.6177695294378948,pass,
bcat2_activation,positive,638,adipose_subcutaneous,fed,0.3692120991199999,0.9062997657,26.78163254515356,17.163863898849634,17.163863898849677,17.163863898849677,0.0,pass,
bcat2_activation,positive,639,skeletal_muscle,exercise,0.14907401244,0.82864644105,5.21526806252538,3.881454376906576,0.6708330559800001,3.723653212138687,0.7865145019665822,pass,
bcat2_activation,positive,640,liver,exercise,0.4172546797599999,0.99893466115,12.385117223269296,8.1065411667295,1.87764605892,4.495205975175001,0.3228947910605662,pass,
bcat2_activation,positive,641,skeletal_muscle,caloric_restriction,0.4038235787600001,0.85481692545,2.7130336513840967,1.7697110169265666,0.7268824417680001,1.53867046581,0.4587121944077746,pass,
bcat2_activation,positive,642,liver,exercise,0.24500942036,0.93233361445,4.049974336387284,4.5102395248571225,1.10254239162,4.195501265024999,0.6857637729346491,pass,
bcat2_activation,positive,643,skeletal_muscle,fed,0.3295485220399999,0.778827529825,8.336618303993781,7.37487223530618,2.965936698458864,7.009447768658649,0.5482821859397151,pass,
bcat2_activation,positive,644,adipose_subcutaneous,fasted,0.42454539924,0.785767679775,4.785727811704554,2.615155435333913,2.615155435333913,2.615155435333913,0.0,pass,
bcat2_activation,positive,645,liver,exercise,0.1909034022,0.784726035925,1.8644645012063237,2.6951610184286787,0.8590653098713645,2.6951610184286787,0.6812564058335138,pass,
bcat2_activation,positive,646,skeletal_muscle,caloric_restriction,0.42365463092,0.9445124979,1.629855699222429,1.762378265579446,0.7625783356305809,1.651614239459053,0.5044523761964173,pass,
bcat2_activation,positive,647,skeletal_muscle,caloric_restriction,0.38427988852,0.97779320905,0.6540230849290363,1.1095622981950313,0.6917037993360001,1.1095622981950313,0.3765976002778555,pass,
bcat2_activation,positive,648,skeletal_muscle,fed,0.45596524868,0.8975074629249999,7.059145954450322,5.985965664190605,4.103687238256789,5.985965664190459,0.3144485838256446,pass,
bcat2_activation,positive,649,adipose_subcutaneous,caloric_restriction,0.12058068888,0.820874859775,1.0570407853626125,0.9917975722163094,0.9917975722163092,0.9917975722163092,0.0,pass,
bcat2_activation,positive,650,liver,fed,0.46932433792,0.895795785425,6.309311495595229,7.504237669515665,4.223919041420798,7.281634077351596,0.4074651111267572,pass,
bcat2_activation,positive,651,adipose_subcutaneous,fed,0.10290571516,0.96675390935,22.776528274072515,12.372508716238292,12.372508716238292,12.372508716238292,0.0,pass,
bcat2_activation,positive,652,skeletal_muscle,fasted,0.32305731356,0.88772833205,2.875532194608,4.572296618862234,0.72687895551,1.9973887471125,0.2778712532256169,pass,
bcat2_activation,positive,653,skeletal_muscle,fasted,0.33930306576,0.7708349854,3.802809986675889,3.291561906532022,0.76343189796,1.7343787171499998,0.2949805735882349,pass,
bcat2_activation,positive,654,adipose_subcutaneous,fed,0.46891376804,0.8084563149,13.007601072913866,9.543144832807432,9.543144832807432,9.543144832807444,1.302976963427656e-15,pass,
bcat2_activation,positive,655,skeletal_muscle,fed,0.3766243098,0.908705146975,6.485035213802623,10.264888205503407,3.389618788087013,8.178346322502389,0.4665153130306817,pass,
bcat2_activation,positive,656,skeletal_muscle,caloric_restriction,0.16194895788,0.93090914615,1.0653280868792936,1.2732104177111487,0.291508124184,1.2732104177111487,0.7710448170004417,pass,
bcat2_activation,positive,657,liver,exercise,0.12021068372,0.7976483276,11.89144782553308,5.8559723387671685,0.5409480767219684,3.589417474080353,0.5205744189017404,pass,
bcat2_activation,positive,658,skeletal_muscle,caloric_restriction,0.2989891961599999,0.82333952415,1.0841487100653495,1.6258818164072222,0.538180553088,1.48201114347,0.5805038108290191,pass,
bcat2_activation,positive,659,skeletal_muscle,fasted,0.13451263488,0.801995234375,7.71608150614199,4.133403026168365,0.30265342848,1.80448927734375,0.3633412564310094,pass,
bcat2_activation,positive,660,adipose_subcutaneous,fed,0.17769186624,0.888948905275,23.850781040383804,12.33848269663839,12.33848269663839,12.33848269663839,0.0,pass,
bcat2_activation,positive,661,adipose_subcutaneous,exercise,0.14500331476,0.789135010775,2.6892946678129914,3.3110996155854773,3.3110996155854773,3.311099615585424,-1.6094564153602038e-14,pass,
bcat2_activation,positive,662,adipose_subcutaneous,fasted,0.14857454724,0.870799418575,2.710465201683255,1.568621096854466,1.568621096854525,1.568621096854466,-3.7653366404734884e-14,pass,
bcat2_activation,positive,663,adipose_subcutaneous,exercise,0.18581827816,0.963432351425,2.4164757300497146,3.650364420298127,3.650364420298127,3.650364420298127,0.0,pass,
bcat2_activation,positive,664,liver,exercise,0.1759920836,0.965782507425,8.77383206365467,7.531264618706,0.7919643762000002,4.3460212834125,0.4719070550761164,pass,
bcat2_activation,positive,665,liver,fed,0.40179327508,0.9706602333,5.132443111585875,5.993833508719973,3.61613947572,5.993833508719977,0.3966900364417614,pass,
bcat2_activation,positive,666,liver,caloric_restriction,0.41552645288,0.88043127365,2.964509910312863,2.249780105118486,0.747947615184,1.58477629257,0.3719602086808959,pass,
bcat2_activation,positive,667,skeletal_muscle,fasted,0.33088142352,0.870339626575,4.355546898233103,2.463918313036544,0.74448320292,1.95826415979375,0.4926222393216765,pass,
bcat2_activation,positive,668,adipose_subcutaneous,fasted,0.11944699312,0.98388571585,3.4205242891109946,3.870637847285121,3.8706378472851792,3.8706378472851,-2.0422442623702347e-14,pass,
bcat2_activation,positive,669,adipose_subcutaneous,fasted,0.21720884916,0.959112309225,3.663759083915292,3.0634330751113863,3.063433075111396,3.0634330751114054,3.0442556367947507e-15,pass,
bcat2_activation,positive,670,liver,fasted,0.3095623106,0.8093480697,7.5644410887315505,5.045826573915377,0.6965151988500001,1.821033156825,0.2228610003737038,pass,
bcat2_activation,positive,671,liver,fasted,0.1272477516,0.7592811227,1.881273610886449,2.4235569216073016,0.2863074411,1.708382526075,0.5867718939449875,pass,
bcat2_activation,positive,672,liver,fasted,0.44926462176,0.791656869125,2.6349064328509746,3.1935449744674287,1.01084539896,1.78122795553125,0.2412311593324977,pass,
bcat2_activation,positive,673,skeletal_muscle,fed,0.3526582299599999,0.77183329165,9.73262950583438,5.5173011810389525,3.17392406964,5.517301181038898,0.4247324977386175,pass,
bcat2_activation,positive,674,adipose_subcutaneous,caloric_restriction,0.42873978384,0.86532259575,0.9875603658934242,1.6153290885584184,1.6153290885583536,1.6153290885583536,0.0,pass,
bcat2_activation,positive,675,skeletal_muscle,caloric_restriction,0.1722635405599999,0.899759025875,2.117001770368265,2.3482475348240706,0.310074373008,1.6195662465749998,0.5576464380979778,pass,
bcat2_activation,positive,676,adipose_subcutaneous,fasted,0.34013336088,0.9611825239,1.1072672943419275,1.37478111085552,1.37478111085552,1.37478111085552,0.0,pass,
bcat2_activation,positive,677,skeletal_muscle,exercise,0.12114817552,0.882782134125,1.889751324991829,2.7644028939173744,0.5451667898218279,2.7644028939172216,0.8027903996839488,pass,
bcat2_activation,positive,678,liver,fasted,0.10197935164,0.86038272275,2.7763712711842503,3.727237178472337,0.22945354119,1.9358611261875005,0.4578210356060294,pass,
bcat2_activation,positive,679,adipose_subcutaneous,exercise,0.456616653,0.92492162665,5.131653328333193,2.9435108545756155,2.94351085457562,2.94351085457562,0.0,pass,
bcat2_activation,positive,680,skeletal_muscle,exercise,0.23087400032,0.930278546,3.0400542372974986,4.327369369128348,1.0389330014400002,4.069655352105871,0.7003613724973845,pass,
bcat2_activation,positive,681,skeletal_muscle,caloric_restriction,0.37675819676,0.940902392325,5.055014915326575,3.2077785432285943,0.6781647541453943,1.6936243061285456,0.3165616136833131,pass,
bcat2_activation,positive,682,skeletal_muscle,fed,0.48354902148,0.963907998,7.777515098839502,12.104042026343915,4.35194119332,8.675171982000002,0.3571724866181627,pass,
bcat2_activation,positive,683,skeletal_muscle,fed,0.20502521156,0.8714979995,6.27759438265782,5.536386601037199,1.8452269039784928,5.536386601037178,0.6667091666552286,pass,
bcat2_activation,positive,684,adipose_subcutaneous,fasted,0.13170272484,0.992181908575,1.0714751075866755,1.919424476615736,1.9194244766157935,1.919424476615794,1.1568290788733342e-16,pass,
bcat2_activation,positive,685,liver,caloric_restriction,0.36984033804,0.796650206625,1.1951011024233429,1.434049344008975,0.6657126084720001,1.3748711820880957,0.4945147644875303,pass,
bcat2_activation,positive,686,adipose_subcutaneous,caloric_restriction,0.4739489800399999,0.83944171105,4.418137823811912,3.199489223914461,3.199489223914461,3.199489223914461,0.0,pass,
bcat2_activation,positive,687,skeletal_muscle,caloric_restriction,0.26692587516,0.824513158525,0.4343455729677602,0.8148273382775119,0.4804665752879999,0.8148273382775119,0.4103455385975724,pass,
bcat2_activation,positive,688,skeletal_muscle,exercise,0.18050701936,0.8484034494,2.527128412522011,3.039322848282623,0.8122815871200001,3.039322848282575,0.7327425786375311,pass,
bcat2_activation,positive,689,skeletal_muscle,caloric_restriction,0.4675636617599999,0.967204784025,1.3472791675117313,2.528301199259525,0.841614591168,1.740968611245,0.3557147464631183,pass,
bcat2_activation,positive,690,skeletal_muscle,fasted,0.3268345552,0.94959307795,2.6216231021326517,2.4482110308196003,0.7353777492000001,2.1365844253875004,0.5723390094024743,pass,
bcat2_activation,positive,691,skeletal_muscle,exercise,0.1722262957999999,0.849569544425,5.879462557951963,3.692189908407972,0.7750183310999998,3.531912887792857,0.7466827614730136,pass,
bcat2_activation,positive,692,skeletal_muscle,exercise,0.10207579976,0.9477458221,1.5496872902126158,2.9674176072231666,0.4593410989199999,2.9674176072230165,0.8452051043297577,pass,
bcat2_activation,positive,693,adipose_subcutaneous,caloric_restriction,0.22301439636,0.773930206575,1.6910342589194152,3.045716461479665,3.04571646147964,3.045716461479665,8.311044472326227e-15,pass,
bcat2_activation,positive,694,liver,exercise,0.3897172949599999,0.8286773978,4.0958592625890775,4.045840734917503,1.7537278273199997,3.639708684858899,0.4661530151847056,pass,
bcat2_activation,positive,695,liver,fed,0.45832344272,0.937798154925,9.157935296092436,10.56722360682675,4.1249109844800005,8.440183394325,0.4083638778171781,pass,
bcat2_activation,positive,696,skeletal_muscle,caloric_restriction,0.3698287396800001,0.928334287675,1.1121459203769648,1.033680380000304,0.6656917314240001,1.033680380000304,0.3559984843440636,pass,
bcat2_activation,positive,697,adipose_subcutaneous,caloric_restriction,0.32466582308,0.843561501275,1.937055366788592,3.495879327551017,3.4958793275511564,3.4958793275511564,0.0,pass,
bcat2_activation,positive,698,liver,exercise,0.25562646672,0.964402677175,5.581383058457588,2.8530620114232823,1.15031910024,2.85306201142325,0.5968124437413883,pass,
bcat2_activation,positive,699,adipose_subcutaneous,fasted,0.46976640104,0.942143078425,5.138213750962284,3.095987465492951,3.095987465492964,3.095987465492951,-4.303207439950216e-15,pass,
bcat2_activation,positive,700,adipose_subcutaneous,fasted,0.22431291844,0.76303186775,1.987904049060473,1.1863479102530918,1.1863479102530845,1.1863479102530918,6.176495022411101e-15,pass,
bcat2_activation,positive,701,adipose_subcutaneous,exercise,0.30603341656,0.764389656725,13.979461848244624,8.479709513003526,8.479709513003515,8.479709513003515,0.0,pass,
bcat2_activation,positive,702,skeletal_muscle,fed,0.46132721076,0.850903916875,8.552807760950113,10.65664075885868,4.151944896840001,7.658135251875,0.3290145960977772,pass,
bcat2_activation,positive,703,skeletal_muscle,fed,0.10849907412,0.77782311185,3.4295559694016493,5.486951082095756,0.97649166708,5.486951082095611,0.8220338303604536,pass,
bcat2_activation,positive,704,liver,fasted,0.14016802668,0.9535102656,3.5097946114324112,1.764491917249547,0.31537806003,1.7644919172495943,0.8212640948100475,pass,
bcat2_activation,positive,705,adipose_subcutaneous,fed,0.47287294692,0.880055603225,5.118948283038345,5.0164720099879725,5.0164720099879725,5.016472009987931,-8.321462901176633e-15,pass,
bcat2_activation,positive,706,liver,fed,0.45191293848,0.841746952925,14.392872271439694,9.85704423967785,4.067216446320001,7.575722576325001,0.3559389655452805,pass,
bcat2_activation,positive,707,liver,caloric_restriction,0.44978948796,0.9326132107,0.6621529572077608,1.140283888295094,0.8096210783549875,1.140283888295094,0.2899828835032477,pass,
bcat2_activation,positive,708,adipose_subcutaneous,caloric_restriction,0.1342184388,0.892608733425,5.450745433405082,3.746802251538909,3.7468022515388433,3.7468022515388433,0.0,pass,
bcat2_activation,positive,709,skeletal_muscle,fed,0.23133633784,0.806285961,6.160333016327041,6.339575414073317,2.082027040629401,6.339575414073225,0.6715825738096638,pass,
bcat2_activation,positive,710,adipose_subcutaneous,caloric_restriction,0.15796922736,0.824786504125,6.597143297960188,3.966344455439785,3.966344455439813,3.966344455439785,-6.941790184899861e-15,pass,
bcat2_activation,positive,711,liver,fasted,0.37225399808,0.8144049695,3.928802393857408,2.1169008357619425,0.83757149568,1.832411181375,0.4699510099333133,pass,
bcat2_activation,positive,712,liver,fasted,0.32000114268,0.8381430761499999,1.2537849752381058,2.415275435692322,0.7200025710540001,1.8858219214003609,0.4826858805079457,pass,
bcat2_activation,positive,713,liver,fasted,0.39617101576,0.9613927343,3.425866071151967,2.7601503054116896,0.891384785489713,2.1631336522471045,0.4607534829766106,pass,
bcat2_activation,positive,714,liver,fed,0.17796785452,0.986230453375,24.111932492114438,16.04246170053394,1.60171069062661,8.876074080079132,0.4534443357412167,pass,
bcat2_activation,positive,715,adipose_subcutaneous,fasted,0.46123877904,0.843918578675,3.919674499410556,2.6386589781285537,2.638658978128504,2.638658978128504,0.0,pass,
bcat2_activation,positive,716,adipose_subcutaneous,fed,0.44192300868,0.945970536075,3.895586235576823,4.48775519780032,4.48775519780032,4.48775519780038,1.3260071349051371e-14,pass,
bcat2_activation,positive,717,adipose_subcutaneous,exercise,0.3582343155599999,0.958737789175,1.5501797362720584,2.4215840081668905,2.4215840081668905,2.4215840081668905,0.0,pass,
bcat2_activation,positive,718,skeletal_muscle,fed,0.22097006508,0.919910103275,5.542740531224501,5.433721354324819,1.98873058572,5.433721354324748,0.6340021035239143,pass,
bcat2_activation,positive,719,liver,exercise,0.21807855664,0.842891640375,6.365526214666399,5.121258393394346,0.98135350488,3.793012381687499,0.5490171869543075,pass,
bcat2_activation,positive,720,skeletal_muscle,fasted,0.12360073484,0.812466643875,1.3831078490206723,2.1065049467817984,0.27810165339,1.8280499487187496,0.7357914339088901,pass,
bcat2_activation,positive,721,skeletal_muscle,exercise,0.10268286672,0.939119721175,12.269536731535132,7.851632177178509,0.46207290024,4.2260387452875,0.4793864205697018,pass,
bcat2_activation,positive,722,liver,fasted,0.21657425416,0.91016494775,0.9313568663964708,1.334986219012141,0.487292071843757,1.3349862190120585,0.6349834440954569,pass,
bcat2_activation,positive,723,liver,fed,0.4478577528799999,0.799368430325,10.251769918294167,9.913727207080912,4.030719775919999,7.194315872925001,0.3191126839505321,pass,
bcat2_activation,positive,724,skeletal_muscle,caloric_restriction,0.29940373536,0.856906939475,1.825083251954058,0.947386547042838,0.5389267236659642,0.9473865470428572,0.431143786717106,pass,
bcat2_activation,positive,725,liver,exercise,0.2035308546,0.862024564275,7.765234411222575,4.0124338714941565,0.9158888457,3.7516426394658646,0.7067415649917944,pass,
bcat2_activation,positive,726,liver,caloric_restriction,0.20895453892,0.8860177380750001,4.274536129163743,3.3902433266490077,0.376118170056,1.594831928535,0.3594767811794808,pass,
bcat2_activation,positive,727,liver,fed,0.26103736936,0.786388638475,4.693883813907267,6.208709675271677,2.3493363242400003,6.208709675271641,0.6216063486432493,pass,
bcat2_activation,positive,728,adipose_subcutaneous,fed,0.2151644972,0.82941011285,12.16536537701954,8.743401404460897,8.743401404460824,8.743401404460824,0.0,pass,
bcat2_activation,positive,729,liver,exercise,0.16400465004,0.9897154608,7.427401551859226,4.530992992038737,0.7380209251800001,4.431652412231895,0.8151924961132928,pass,
bcat2_activation,positive,730,skeletal_muscle,exercise,0.29889412956,0.752917052575,6.561726526930062,9.355911446766784,1.34502358302,3.3881267365875,0.2183756403844069,pass,
bcat2_activation,positive,731,skeletal_muscle,fasted,0.16504174092,0.92210224485,1.1361231244387002,1.8208251920802443,0.37134391707,1.8208251920802927,0.7960573487860738,pass,
bcat2_activation,positive,732,liver,fasted,0.16307919764,0.96265917485,2.8926476225674307,2.401325787699851,0.36692819469,2.1659831434125003,0.749192366124446,pass,
bcat2_activation,positive,733,liver,fed,0.20082578244,0.856756418125,4.824049661188004,6.72943355683301,1.80743204196,6.729433556833016,0.731413940460896,pass,
bcat2_activation,positive,734,adipose_subcutaneous,exercise,0.47640966288,0.917659800075,6.294231490113707,3.8355114989136982,3.8355114989136982,3.8355114989136982,0.0,pass,
bcat2_activation,positive,735,skeletal_muscle,fasted,0.46499157624,0.868599479175,5.704586649236412,3.516515165191388,1.0462310465399998,1.95434882814375,0.2582436699243768,pass,
bcat2_activation,positive,736,liver,caloric_restriction,0.45927952284,0.75059022565,0.7878229299902328,1.2155365359317505,0.826703141112,1.1982116748341785,0.3056333748433192,pass,
bcat2_activation,positive,737,skeletal_muscle,exercise,0.13377215932,0.942525039775,9.683018343574814,4.882734023587335,0.6019747169199342,4.138241149639977,0.7242390053681348,pass,
bcat2_activation,positive,738,liver,caloric_restriction,0.30798352396,0.989629519025,2.59120552245115,2.2461435391477598,0.5543703431279999,1.7813331342449998,0.5462530642999507,pass,
bcat2_activation,positive,739,liver,fasted,0.30139782968,0.796923148725,3.3131243088527484,4.064390609265205,0.67814511678,1.79307708463125,0.2743171301768205,pass,
bcat2_activation,positive,740,liver,exercise,0.2580977441199999,0.781070608575,1.933234292855767,2.141105918661478,1.16143984854,2.141105918661478,0.4575514277845351,pass,
bcat2_activation,positive,741,adipose_subcutaneous,exercise,0.2125539138,0.780467532575,6.739369631348299,8.589799187719215,8.589799187719201,8.589799187719215,1.6543873034330277e-15,pass,
bcat2_activation,positive,742,skeletal_muscle,fasted,0.30664070136,0.9326320077,2.333760095521338,4.16383947237161,0.68994157806,2.098422017325,0.3382648271170665,pass,
bcat2_activation,positive,743,adipose_subcutaneous,exercise,0.11768185816,0.8333938167,1.8602906179612304,3.716643384868432,3.716643384868432,3.716643384868432,0.0,pass,
bcat2_activation,positive,744,adipose_subcutaneous,fed,0.36189216464,0.961098629175,9.131424440359082,12.980966445965056,12.980966445965056,12.98096644596503,-2.0526478287975294e-15,pass,
bcat2_activation,positive,745,skeletal_muscle,caloric_restriction,0.436312767,0.7534601063,1.882858802735199,3.027945104641769,0.7853629806,1.35622819134,0.188532219380357,pass,
bcat2_activation,positive,746,skeletal_muscle,fasted,0.41210429892,0.908757514125,3.406493367743938,3.1056838746110738,0.9272346725699998,2.04470440678125,0.3598143852780867,pass,
bcat2_activation,positive,747,adipose_subcutaneous,exercise,0.40559708108,0.783863973575,2.3480960441354246,2.236881323889164,2.2368813238891545,2.236881323889164,4.169140895967088e-15,pass,
bcat2_activation,positive,748,skeletal_muscle,fed,0.42327783112,0.908895027625,4.16073819515968,4.617354646596694,3.809500479953017,4.617354646596694,0.1749603893300941,pass,
bcat2_activation,positive,749,skeletal_muscle,fasted,0.3477770920399999,0.843643855125,2.305009774537897,1.6636714970162412,0.78249845709,1.6636714970161952,0.529655669106888,pass,
bcat2_activation,positive,750,adipose_subcutaneous,caloric_restriction,0.3684635714000001,0.868833868425,0.6129511283938497,1.0950037574069855,1.0950037574069855,1.0950037574069966,9.936208499495256e-15,pass,
bcat2_activation,positive,751,skeletal_muscle,fasted,0.29022840132,0.908829469075,3.2877411211627776,4.0114872328803575,0.6530139029700002,2.04486630541875,0.3469666788517639,pass,
bcat2_activation,positive,752,skeletal_muscle,exercise,0.13913553848,0.951093309625,4.603003078084189,3.4438079651357025,0.6261099231808704,3.44380796513585,0.8181925561705786,pass,
bcat2_activation,positive,753,liver,fasted,0.18168699024,0.801694289875,1.2898452619777616,2.290234207442535,0.4087957280263735,1.803812152158623,0.6091151811456175,pass,
bcat2_activation,positive,754,skeletal_muscle,fed,0.45966224796,0.780469480275,4.688916134068282,7.194320709272597,4.13696023164,6.744829349914964,0.3624899728078205,pass,
bcat2_activation,positive,755,liver,exercise,0.18402527892,0.813809550875,3.153937557484087,5.841066555544021,0.8281137551400001,3.6621429789375,0.4851903666647308,pass,
bcat2_activation,positive,756,skeletal_muscle,caloric_restriction,0.23768959176,0.8595723943,1.717490434148236,2.9709950870961928,0.4278412651537385,1.5472303096884257,0.3767724320368236,pass,
bcat2_activation,positive,757,adipose_subcutaneous,exercise,0.22126426712,0.936172178275,10.748461824554264,7.847491701597456,7.847491701597447,7.847491701597447,0.0,pass,
bcat2_activation,positive,758,adipose_subcutaneous,exercise,0.29624940364,0.750459282375,8.76791863512839,4.914699748689462,4.91469974868946,4.914699748689462,5.421562649500395e-16,pass,
bcat2_activation,positive,759,skeletal_muscle,fed,0.2953682952,0.7700813129,4.65732902233673,9.084582503990244,2.6583146568,6.930731816100001,0.4702931760951497,pass,
bcat2_activation,positive,760,adipose_subcutaneous,fed,0.37016639188,0.948667157575,20.198213967584945,14.872722161381647,14.872722161381724,14.872722161381647,-5.016363947719956e-15,pass,
bcat2_activation,positive,761,adipose_subcutaneous,fed,0.3302776135199999,0.89198607645,10.028764140147082,8.656397945292971,8.656397945292971,8.656397945292971,0.0,pass,
bcat2_activation,positive,762,adipose_subcutaneous,fed,0.11494455748,0.98142149415,15.976735559469006,12.21072457996492,12.210724579964928,12.210724579964928,0.0,pass,
bcat2_activation,positive,763,adipose_subcutaneous,exercise,0.18926535344,0.7939279471,5.139712342732593,5.579018111728516,5.579018111728544,5.579018111728516,-5.094392751773711e-15,pass,
bcat2_activation,positive,764,liver,exercise,0.13005828016,0.851654144525,2.003304852809684,3.256337458736257,0.5852622607004914,3.256337458736282,0.8202697760545986,pass,
bcat2_activation,positive,765,liver,fed,0.10574651232,0.883304474125,9.910818733231356,12.86625832063226,0.9517186108800002,7.949740267125001,0.5439049552598375,pass,
bcat2_activation,positive,766,skeletal_muscle,caloric_restriction,0.3966200430000001,0.857636661775,2.238080467008481,2.508717299317105,0.7139160774237973,1.543745991246458,0.3307785672178159,pass,
bcat2_activation,positive,767,adipose_subcutaneous,fed,0.35718679572,0.8035555811,6.360300068721685,9.691533043076136,9.691533043076136,9.691533043076136,0.0,pass,
bcat2_activation,positive,768,skeletal_muscle,caloric_restriction,0.2111590538,0.928421028975,2.52716354542555,1.5454822400103585,0.3800862968399999,1.5237243331478556,0.7399878217301225,pass,
bcat2_activation,positive,769,liver,caloric_restriction,0.32182477832,0.781565243825,1.4699188641647596,1.1800925832158076,0.5792846009566904,1.1800925832158295,0.5091193613147785,pass,
bcat2_activation,positive,770,liver,fasted,0.4666571812,0.9841554338,4.644407881302901,2.758060119573277,1.0499786577,2.2029756834451257,0.4180463716372925,pass,
bcat2_activation,positive,771,skeletal_muscle,exercise,0.31469273312,0.795256485425,2.614166590175759,4.368452051373175,1.41611729904,3.5786541844125006,0.4950350513044389,pass,
bcat2_activation,positive,772,liver,exercise,0.18223139628,0.775986328225,1.99157319482354,2.786577686939668,0.8200412832600001,2.786577686939668,0.7057174156301371,pass,
bcat2_activation,positive,773,liver,fasted,0.49688055872,0.96617068255,2.171421441042913,1.6716149693372744,1.11798125712,1.6716149693373894,0.3311969097984819,pass,
bcat2_activation,positive,774,liver,fed,0.3808204412,0.92898469145,13.67981850160761,17.828464570939623,3.4273839708,8.360862223049999,0.2767191887231592,pass,
bcat2_activation,positive,775,skeletal_muscle,caloric_restriction,0.30021927364,0.8576798178,1.5235223760259586,2.4718729336551477,0.540394692552,1.5438236720400005,0.405938738122851,pass,
bcat2_activation,positive,776,adipose_subcutaneous,caloric_restriction,0.20954785204,0.98939527425,2.131933723281402,1.4704999621403925,1.4704999621403925,1.4704999621403925,0.0,pass,
bcat2_activation,positive,777,liver,fed,0.3085532119999999,0.855586695575,12.536917619369875,14.432103765137173,2.776978908,7.700280260175,0.3411353903973407,pass,
bcat2_activation,positive,778,liver,fed,0.42490216512,0.796060573,10.012016878549176,13.305062219133012,3.82411948608,7.164545157,0.2510642653077101,pass,
bcat2_activation,positive,779,skeletal_muscle,fed,0.22776651432,0.7903725558,6.979501268154118,10.428488471003073,2.04989862888,7.1133530022,0.4855405831246959,pass,
bcat2_activation,positive,780,skeletal_muscle,fed,0.22221597248,0.923251970875,19.572840765111145,17.74648427333346,1.999943752386665,8.309267738151975,0.3555252910147357,pass,
bcat2_activation,positive,781,liver,exercise,0.49404588752,0.841793871175,2.5024682131093368,2.8500176381337967,2.2232064937658933,2.850017638133804,0.2199323737443074,pass,
bcat2_activation,positive,782,skeletal_muscle,fed,0.266147071,0.773037831,13.165559172830978,13.90112768238038,2.395323639,6.957340479000001,0.3281760260199853,pass,
bcat2_activation,positive,783,liver,fed,0.1365609168,0.8771503449,5.2388427683564,7.275006069754266,1.2290482511590315,7.245656480260969,0.8270244961191029,pass,
bcat2_activation,positive,784,liver,fed,0.16047904848,0.8564999766,18.948155903819814,16.304105257818037,1.4443114363199998,7.7084997894,0.3842092684035046,pass,
bcat2_activation,positive,785,adipose_subcutaneous,fasted,0.16579334804,0.816629656525,1.6724758313944896,2.8551118372828483,2.8551118372828066,2.8551118372828066,0.0,pass,
bcat2_activation,positive,786,liver,caloric_restriction,0.2741483314,0.778692740475,3.256301362337224,3.451741507907624,0.49346699652,1.4016469328550003,0.2631077484378373,pass,
bcat2_activation,positive,787,skeletal_muscle,exercise,0.26734051272,0.957831277375,1.4977858764104168,3.003223817375283,1.20303230724,3.0032238173753214,0.5994196968338604,pass,
bcat2_activation,positive,788,liver,fed,0.38708000688,0.893534154675,14.727649911927625,17.410178869614512,3.483720062036124,8.041807392343062,0.261805887489303,pass,
bcat2_activation,positive,789,adipose_subcutaneous,caloric_restriction,0.15801864172,0.961206955275,2.3558728585029183,3.1538626751933867,3.1538626751933942,3.1538626751933867,-2.393736616001566e-15,pass,
bcat2_activation,positive,790,skeletal_muscle,fed,0.39204928272,0.886025276,3.699098213679528,5.162790889236579,3.5284435444800013,5.162790889236587,0.3165627622385179,pass,
bcat2_activation,positive,791,adipose_subcutaneous,exercise,0.46045337284,0.899926528175,7.148251064159632,4.428302813772351,4.428302813772351,4.4283028137723885,8.423880478857186e-15,pass,
bcat2_activation,positive,792,adipose_subcutaneous,fed,0.26889872344,0.7830093988,6.390583267027865,4.973788460574759,4.973788460574788,4.973788460574776,-2.5000053730401017e-15,pass,
bcat2_activation,positive,793,liver,caloric_restriction,0.40186979792,0.8457550579499999,4.022555284733125,3.4747724333401595,0.7233656362801122,1.5223591043607452,0.2299412359826374,pass,
bcat2_activation,positive,794,liver,exercise,0.1640940948799999,0.8272351335,9.373174117833596,5.663226178901837,0.7384234269353859,3.722558100625915,0.5269319252704094,pass,
bcat2_activation,positive,795,adipose_subcutaneous,exercise,0.46559845716,0.877949724925,5.781432698972119,3.133583948877384,3.133583948877384,3.1335839488773773,-1.984069691232694e-15,pass,
bcat2_activation,positive,796,skeletal_muscle,caloric_restriction,0.30665114188,0.77210787275,1.90040986777424,1.4283510482901485,0.5519720553840001,1.3653735492537526,0.5694688955095878,pass,
bcat2_activation,positive,797,adipose_subcutaneous,fasted,0.35766700228,0.8299942742249999,1.6903139690000764,2.773960632585068,2.7739606325850685,2.773960632585068,-3.201842193673914e-16,pass,
bcat2_activation,positive,798,skeletal_muscle,caloric_restriction,0.16090779888,0.89444480615,1.18745497591805,1.6405460106304326,0.289634037984,1.505732756515689,0.74127681311685,pass,
bcat2_activation,positive,799,adipose_subcutaneous,fed,0.4491415040000001,0.895122617925,6.990985721744663,8.557189607711196,8.557189607711196,8.557189607711281,9.964150871961103e-15,pass,
bcat2_activation,positive,800,adipose_subcutaneous,fed,0.12759833584,0.938787622575,7.502378922471339,5.351462097352657,5.351462097352657,5.351462097352657,0.0,pass,
bcat2_activation,positive,801,adipose_subcutaneous,fed,0.23606319252,0.8961475635,16.91019662982407,11.256359622384783,11.256359622384728,11.256359622384783,5.049893639482451e-15,pass,
bcat2_activation,positive,802,adipose_subcutaneous,caloric_restriction,0.11618495344,0.9365080947,1.1938349507499564,1.6230832667796535,1.6230832667796535,1.6230832667796535,0.0,pass,
bcat2_activation,positive,803,liver,exercise,0.13196798724,0.8833865975,6.226769041120279,3.789235242886675,0.59385594258,3.742554524972306,0.8309588559599688,pass,
bcat2_activation,positive,804,skeletal_muscle,fed,0.22363953816,0.803075380375,6.820401786463172,10.494900037731757,2.012755843507092,7.227678423615923,0.4969006432991164,pass,
bcat2_activation,positive,805,skeletal_muscle,exercise,0.42635556444,0.9015995987,2.397476271614204,2.2812482272855297,1.9186000399160463,2.2812482272856176,0.1589691919678062,pass,
bcat2_activation,positive,806,adipose_subcutaneous,caloric_restriction,0.23904278092,0.944200461575,1.2176907119158196,1.897830402109285,1.8978304021093384,1.897830402109285,-2.807980371838242e-14,pass,
bcat2_activation,positive,807,adipose_subcutaneous,fasted,0.3779341282,0.95098633105,5.488728964794607,3.76544283749217,3.765442837492184,3.76544283749217,-3.7740195054100466e-15,pass,
bcat2_activation,positive,808,adipose_subcutaneous,fasted,0.11899563152,0.935915379125,3.93700297866629,2.253215097494347,2.253215097494347,2.25321509749438,1.4584760045966755e-14,pass,
bcat2_activation,positive,809,adipose_subcutaneous,fasted,0.34451075576,0.92795087165,0.7341599773593773,1.0803011747223903,1.0803011747223903,1.080301174722425,3.2064168010560763e-14,pass,
bcat2_activation,positive,810,adipose_subcutaneous,exercise,0.17359305104,0.970446494075,8.940640198255359,5.714131256394301,5.714131256394301,5.714131256394277,-4.1967564719602916e-15,pass,
bcat2_activation,positive,811,skeletal_muscle,caloric_restriction,0.350297277,0.86957439,1.2710615057126906,1.497068077481219,0.6305350986210179,1.424845487678743,0.5305773337937533,pass,
bcat2_activation,positive,812,skeletal_muscle,fasted,0.34060147388,0.76696312955,2.0236094214500846,1.413744169454647,0.7663533162300002,1.413744169454465,0.4579264531815514,pass,
bcat2_activation,positive,813,adipose_subcutaneous,caloric_restriction,0.16527923412,0.9900722778,1.1319666540837532,1.7093750901249978,1.7093750901250968,1.709375090125023,-4.312617474127327e-14,pass,
bcat2_activation,positive,814,liver,exercise,0.22093756968,0.76356763365,4.89683188627122,7.694503252008003,0.99421906356,3.436054351425,0.3173480090774884,pass,
bcat2_activation,positive,815,liver,caloric_restriction,0.30399711604,0.906378182075,1.6584809224041386,2.950917794692278,0.547194808872,1.631480727735,0.3674402319214959,pass,
bcat2_activation,positive,816,skeletal_muscle,exercise,0.13895358944,0.868351925625,4.121877999548978,6.738089601620374,0.6252911524591571,3.9075836651822473,0.4871250913513772,pass,
bcat2_activation,positive,817,adipose_subcutaneous,fed,0.38459892324,0.799427246875,7.793489156940659,5.98826986628177,5.98826986628174,5.98826986628174,0.0,pass,
bcat2_activation,positive,818,adipose_subcutaneous,caloric_restriction,0.26970885,0.828621231925,2.62629680255948,1.558647587463305,1.5586475874633614,1.5586475874633614,0.0,pass,
bcat2_activation,positive,819,skeletal_muscle,caloric_restriction,0.40222932604,0.921035735425,2.0193946626363606,1.4509998090227507,0.7240127868720001,1.4209177246661615,0.4802929217913044,pass,
bcat2_activation,positive,820,adipose_subcutaneous,exercise,0.21124848736,0.81695757685,6.607822363562433,8.54002228770373,8.54002228770373,8.540022287703769,4.576082959768649e-15,pass,
bcat2_activation,positive,821,liver,caloric_restriction,0.35726879604,0.99458865975,2.4699928772664568,1.8058522878618333,0.6430838328720001,1.66713320791288,0.5670726127070868,pass,
bcat2_activation,positive,822,adipose_subcutaneous,caloric_restriction,0.18279500048,0.9470789372,2.5640934397668205,2.860309805494629,2.860309805494629,2.8603098054946217,-2.6394051976287718e-15,pass,
bcat2_activation,positive,823,liver,caloric_restriction,0.49257365236,0.8438594731,1.093238353792653,1.0449014881343586,0.8807008320216733,1.0449014881344594,0.1571446284433584,pass,
bcat2_activation,positive,824,adipose_subcutaneous,caloric_restriction,0.38191319272,0.790202886075,1.1339252062272902,1.808008881867518,1.8080088818674431,1.8080088818674431,0.0,pass,
bcat2_activation,positive,825,liver,fasted,0.46389373792,0.8811491144,2.1533008113372074,1.178709395382895,1.0273458795123218,1.178709395382895,0.1284146172614531,pass,
bcat2_activation,positive,826,skeletal_muscle,fasted,0.16525463556,0.808218629975,1.7533435894933758,3.0673080715038408,0.37182293001,1.81849191744375,0.4716412416717166,pass,
bcat2_activation,positive,827,liver,exercise,0.2789052508,0.886406001175,3.189858662370657,3.62026163880548,1.2550736286,3.603064828726687,0.6485694776749384,pass,
bcat2_activation,positive,828,adipose_subcutaneous,fed,0.26389552684,0.8069936007,4.978957915032514,9.555001793296858,9.555001793296858,9.555001793296794,-6.692708970841973e-15,pass,
bcat2_activation,positive,829,skeletal_muscle,fed,0.17426689716,0.9295284427,11.044534850088928,17.235935556644986,1.56840207449228,8.365755984578858,0.3943710445973434,pass,
bcat2_activation,positive,830,adipose_subcutaneous,exercise,0.39541034872,0.8378986485,1.9448311068566893,3.585057389782633,3.5850573897826417,3.5850573897826417,0.0,pass,
bcat2_activation,positive,831,liver,caloric_restriction,0.18837490232,0.754777664475,4.563404785221897,2.86746243640116,0.339074824176,1.358599796055,0.3555495475499815,pass,
bcat2_activation,positive,832,adipose_subcutaneous,exercise,0.19506763572,0.974342630825,9.037576159040931,4.593108741679629,4.593108741679622,4.593108741679629,1.5469756448663257e-15,pass,
bcat2_activation,positive,833,adipose_subcutaneous,caloric_restriction,0.37574137428,0.82171880985,0.9579342847824048,1.041600216111867,1.0416002161118612,1.041600216111867,5.542586914585262e-15,pass,
bcat2_activation,positive,834,liver,fed,0.29065394892,0.924822262925,12.310406051327986,8.760223721441633,2.6158855402800003,7.898291068045552,0.6029989296775914,pass,
bcat2_activation,positive,835,adipose_subcutaneous,caloric_restriction,0.3266415144,0.86689574315,1.2159604179443262,0.8859741000815673,0.8859741000815189,0.8859741000815189,0.0,pass,
bcat2_activation,positive,836,skeletal_muscle,fasted,0.254253725,0.844841862875,3.0600151720300603,3.159243066977809,0.572070881230931,1.9008941914053867,0.4206144579580048,pass,
bcat2_activation,positive,837,adipose_subcutaneous,fasted,0.44758438716,0.958700702375,1.887674766626304,3.597759997775102,3.5977599977751358,3.5977599977751664,8.640444251069691e-15,pass,
bcat2_activation,positive,838,liver,exercise,0.24315048068,0.824464900475,6.316644021740526,8.650631794537354,1.09417716306,3.7100920521375,0.3023958193122242,pass,
bcat2_activation,positive,839,adipose_subcutaneous,exercise,0.491996557,0.7639326358,4.147297289597782,5.244593958944501,5.24459395894444,5.244593958944458,3.556375757534599e-15,pass,
bcat2_activation,positive,840,adipose_subcutaneous,exercise,0.17652110968,0.94432928815,4.178492582109183,3.609368702511775,3.609368702511808,3.609368702511808,0.0,pass,
bcat2_activation,positive,841,skeletal_muscle,exercise,0.3111931462,0.759037848925,1.2357880649132655,2.1865879813994886,1.4003691579000002,2.186587981399384,0.3595642298354613,pass,
bcat2_activation,positive,842,adipose_subcutaneous,caloric_restriction,0.33122230068,0.992762729325,0.6490891813423141,1.0349491616069038,1.0349491616069038,1.0349491616069106,6.650938044134026e-15,pass,
bcat2_activation,positive,843,skeletal_muscle,exercise,0.3147136208,0.801627514,4.3296402465886095,5.033763225937141,1.4162112936,3.607323813,0.4352831909355605,pass,
bcat2_activation,positive,844,skeletal_muscle,caloric_restriction,0.41490972016,0.819175583675,1.2414779952241872,1.1246958807365246,0.746837496288,1.1246958807367404,0.3359649403190611,pass,
bcat2_activation,positive,845,skeletal_muscle,exercise,0.18466856804,0.81907787445,2.730765793229526,2.566915279185377,0.8310085561800001,2.5669152791853724,0.6762617905941449,pass,
bcat2_activation,positive,846,adipose_subcutaneous,fasted,0.11239089752,0.90202759535,2.508572580817294,3.863222567705863,3.86322256770591,3.863222567705877,-8.506525563299288e-15,pass,
bcat2_activation,positive,847,skeletal_muscle,fasted,0.41133690596,0.961320177475,3.721497435877971,2.2781891201419766,0.92550803841,2.16297039931875,0.5431780662843441,pass,
bcat2_activation,positive,848,adipose_subcutaneous,caloric_restriction,0.15601121084,0.876549769275,1.827594763669464,1.0155106898314368,1.0155106898314368,1.0155106898314217,-1.486841378046783e-14,pass,
bcat2_activation,positive,849,skeletal_muscle,fed,0.20044235428,0.76778301795,8.711477217103965,9.04419935443811,1.8039811885200003,6.91004716155,0.5645680477536559,pass,
bcat2_activation,positive,850,skeletal_muscle,fasted,0.43521233628,0.779706045875,1.972930721126024,3.299258120027697,0.97922775663,1.7543386032187502,0.2349348909330692,pass,
bcat2_activation,positive,851,skeletal_muscle,caloric_restriction,0.4955047972800001,0.934206696475,4.491096723474352,2.7977564973910125,0.891908635104,1.681572053655,0.2822488015977744,pass,
bcat2_activation,positive,852,liver,exercise,0.43243994296,0.870691678225,1.6137748257016389,2.3030170952157047,1.94597974332,2.3030170952157047,0.1550302655752817,pass,
bcat2_activation,positive,853,adipose_subcutaneous,caloric_restriction,0.3869516782,0.9903769487,1.8443391173974375,1.509298150423445,1.509298150423424,1.509298150423424,0.0,pass,
bcat2_activation,positive,854,skeletal_muscle,caloric_restriction,0.47564116716,0.84834488355,3.293389304304851,1.985241323875689,0.8561541008594615,1.527020790339099,0.3379270224790293,pass,
bcat2_activation,positive,855,adipose_subcutaneous,caloric_restriction,0.44060750272,0.92619654305,2.525026564589378,1.4413360502918586,1.4413360502918586,1.4413360502918402,-1.2786540796676623e-14,pass,
bcat2_activation,positive,856,liver,fed,0.35936145376,0.9734985431,11.15806829600838,11.504911241143343,3.234253083947809,8.761486888192051,0.4804238545081511,pass,
bcat2_activation,positive,857,skeletal_muscle,fed,0.37032182556,0.768749950675,13.483042423945522,7.439818067307961,3.332896430151097,6.801254700713783,0.4661885867617303,pass,
bcat2_activation,positive,858,skeletal_muscle,fed,0.18479938756,0.8891409951,28.604717982681358,15.27300826581217,1.66319448804,8.0022689559,0.4150508110474664,pass,
bcat2_activation,positive,859,skeletal_muscle,exercise,0.19641395236,0.794859112075,5.635451246770444,8.055313562598705,0.8838627856494621,3.5768660044567286,0.3343138908100411,pass,
bcat2_activation,positive,860,liver,fed,0.32372931772,0.948213992025,14.28599712508263,10.429671203392576,2.91356385948,8.533925928224999,0.5388819991676057,pass,
bcat2_activation,positive,861,liver,exercise,0.48671021628,0.9360256822,3.5401479418315955,5.175594297804095,2.19019597326,4.178997627483476,0.3842653693059533,pass,
bcat2_activation,positive,862,adipose_subcutaneous,fasted,0.13398857388,0.9399297048,1.610349422941329,2.919782791603524,2.919782791603524,2.919782791603544,6.6922530297781385e-15,pass,
bcat2_activation,positive,863,skeletal_muscle,caloric_restriction,0.22493101152,0.973176761575,2.083711921520246,3.4343341520021413,0.4048758207359999,1.7517181708349998,0.3921698618970494,pass,
bcat2_activation,positive,864,skeletal_muscle,exercise,0.12701628352,0.936250409275,1.395435505681127,2.608358639036977,0.57157327584,2.608358639036977,0.7808686017000221,pass,
bcat2_activation,positive,865,skeletal_muscle,fasted,0.12015888008,0.977164297375,4.361292070692049,2.4522411338318197,0.27035748018,2.19861966909375,0.7863265004044235,pass,
bcat2_activation,positive,866,skeletal_muscle,fasted,0.48779334472,0.917707073175,7.331687566292842,4.445996502758828,1.0975350255834155,2.064840914574922,0.2175678474760999,pass,
bcat2_activation,positive,867,liver,fed,0.44360964756,0.7546165442,4.158586192015998,6.456182676483915,3.99248682804,6.253737900534869,0.3502458319110579,pass,
bcat2_activation,positive,868,skeletal_muscle,exercise,0.40618176992,0.819175155325,3.329019415945617,4.8423491308754905,1.82781796464,3.6862881989625,0.3837951754599097,pass,
bcat2_activation,positive,869,adipose_subcutaneous,caloric_restriction,0.2204268988,0.8244396405,5.130025179978824,2.811113429992289,2.811113429992262,2.811113429992317,1.974703355581425e-14,pass,
bcat2_activation,positive,870,adipose_subcutaneous,fasted,0.20997060804,0.841410853625,4.629196492416142,3.5595080885637067,3.5595080885636685,3.5595080885637067,1.0729480337412595e-14,pass,
bcat2_activation,positive,871,adipose_subcutaneous,fasted,0.29998114864,0.87889275395,1.368559935550112,1.5296320479161265,1.5296320479161265,1.5296320479161265,0.0,pass,
bcat2_activation,positive,872,skeletal_muscle,caloric_restriction,0.19356810268,0.8549205366,2.5038400260541387,3.3458731923346026,0.348422584824,1.5388569658799998,0.3557918404628381,pass,
bcat2_activation,positive,873,adipose_subcutaneous,exercise,0.3880488294000001,0.850923150775,1.9561351970319236,3.509997568957165,3.509997568957165,3.509997568957134,-8.85648610256452e-15,pass,
bcat2_activation,positive,874,liver,fasted,0.44400346836,0.979892607,5.183992740549441,2.949506244378968,0.99900780381,2.20475836575,0.4087974264295468,pass,
bcat2_activation,positive,875,adipose_subcutaneous,fed,0.35085668208,0.79011364655,16.177343570922037,8.09616144833457,8.096161448334602,8.09616144833457,-3.94933121248241e-15,pass,
bcat2_activation,positive,876,skeletal_muscle,exercise,0.16367724428,0.8538932738,1.86786856387146,3.497051599447385,0.7365475992354484,3.333998083187054,0.7427544061294556,pass,
bcat2_activation,positive,877,liver,fed,0.29590571332,0.776462855075,26.56092493834997,14.45615946044131,2.66315141988,6.988165695675,0.2991814172796187,pass,
bcat2_activation,positive,878,liver,caloric_restriction,0.23502611884,0.798869085325,3.2142746249669205,2.0728494933280768,0.423047013912,1.437964353585,0.4896242312525513,pass,
bcat2_activation,positive,879,adipose_subcutaneous,caloric_restriction,0.2083359984,0.75679831,1.3126562403464843,1.6471595002963042,1.6471595002962762,1.6471595002963042,1.698537404272088e-14,pass,
bcat2_activation,positive,880,liver,fed,0.31725995736,0.8727872597,9.197134948864628,8.27668192259083,2.85533961624,7.560081164123439,0.5684332914911299,pass,
bcat2_activation,positive,881,skeletal_muscle,fed,0.3963585696,0.959418864425,5.1915630711026415,8.299705053531437,3.5672271264000006,8.299705053531394,0.5701983259173498,pass,
bcat2_activation,positive,882,skeletal_muscle,fasted,0.3182754372399999,0.880824903975,1.3718795599125888,2.5078509383026333,0.7161197337661293,1.9818560338776885,0.5047095426525774,pass,
bcat2_activation,positive,883,skeletal_muscle,fasted,0.15545974712,0.978924207025,2.167686214572682,1.5711853779845804,0.34978443102,1.5711853779846257,0.7773754542773071,pass,
bcat2_activation,positive,884,adipose_subcutaneous,fed,0.4062993623600001,0.951602001975,16.43372304279677,13.507511187934824,13.507511187934824,13.507511187934824,0.0,pass,
bcat2_activation,positive,885,skeletal_muscle,exercise,0.19896030252,0.767434390175,4.706779692902871,8.868083249656838,0.8953213613400001,3.4534547557875,0.2884651984459539,pass,
bcat2_activation,positive,886,liver,fasted,0.3181889374,0.8440976342,0.9115970234077632,1.7346299466123218,0.7159251091738641,1.654393718204532,0.5410194899860157,pass,
bcat2_activation,positive,887,adipose_subcutaneous,caloric_restriction,0.22930341984,0.775423149225,1.1805512068136927,1.4116928062471907,1.4116928062471907,1.4116928062471097,-5.756799570198503e-14,pass,
bcat2_activation,positive,888,liver,fasted,0.19430401828,0.8132823489,0.7681915023496115,1.1773452723875468,0.4371840411154273,1.1773452723874682,0.6286696423140704,pass,
bcat2_activation,positive,889,liver,fed,0.37349988296,0.82489307635,11.302949967773907,7.4408132991384175,3.3614989465279503,7.33526839801385,0.5340504178415589,pass,
bcat2_activation,positive,890,skeletal_muscle,fed,0.11690109212,0.970084374,13.843467980337458,19.718393754225435,1.0521098290800002,8.730759366000001,0.3894155696771473,pass,
bcat2_activation,positive,891,liver,caloric_restriction,0.39993974148,0.94594889925,3.849573610509447,3.176134550635743,0.719891534664,1.70270801865,0.3094379247218216,pass,
bcat2_activation,positive,892,adipose_subcutaneous,fasted,0.32141711128,0.9238426546,5.700145051243264,3.0071025786744894,3.007102578674502,3.007102578674502,0.0,pass,
bcat2_activation,positive,893,liver,fasted,0.10074106604,0.9478080061,1.671104713917554,3.022912619425636,0.22666739859,2.1325680137250003,0.6304848518900054,pass,
bcat2_activation,positive,894,skeletal_muscle,exercise,0.44551863148,0.872680212875,2.5301271889613584,4.334026859091177,2.004833841726828,3.927060958068401,0.4435198901246898,pass,
bcat2_activation,positive,895,adipose_subcutaneous,caloric_restriction,0.13769661984,0.886858634675,2.35246916984103,1.528420913258624,1.528420913258619,1.5284209132586644,2.9636534682145954e-14,pass,
bcat2_activation,positive,896,liver,fed,0.37535613024,0.855021622175,10.20076582622181,14.089787448736304,3.3782051721599995,7.695194599575,0.3063913805032017,pass,
bcat2_activation,positive,897,liver,caloric_restriction,0.45629334436,0.7729563936,1.0810401835469965,1.6641820749772718,0.821328019848,1.39132150848,0.3425066867396613,pass,
bcat2_activation,positive,898,liver,caloric_restriction,0.13396270848,0.9345826537,3.3524685425961587,1.9858218792126832,0.241132875264,1.68224877666,0.7257024995451041,pass,
bcat2_activation,positive,899,adipose_subcutaneous,caloric_restriction,0.4700533786799999,0.800473119,0.9094133459003716,1.586817401893588,1.586817401893588,1.586817401893588,0.0,pass,
bcat2_activation,positive,900,liver,fed,0.3219691124,0.756577608175,10.172150658032146,12.988919126948336,2.897722011600001,6.809198473575,0.30113948849368,pass,
bcat2_activation,positive,901,liver,exercise,0.30297686652,0.9700664985,5.2771004622134825,5.30645883840946,1.36339589934,4.36529924325,0.5657074586504812,pass,
bcat2_activation,positive,902,adipose_subcutaneous,exercise,0.18693809184,0.901936267725,3.4823490108988837,5.746834104495019,5.746834104495004,5.746834104494974,-5.254730817126624e-15,pass,
bcat2_activation,positive,903,skeletal_muscle,fasted,0.13835816316,0.8962512069249999,1.7741910119035291,1.4479260522252837,0.3113058671099999,1.4479260522253852,0.7849987804063201,pass,
bcat2_activation,positive,904,adipose_subcutaneous,caloric_restriction,0.4907588938,0.9700812681,4.424707606732233,2.957227599153294,2.9572275991531445,2.957227599153277,4.4750895931449276e-14,pass,
bcat2_activation,positive,905,liver,fed,0.11748532676,0.950925026225,9.847796765516478,12.531277893145283,1.05736794084,8.558325236025,0.5985788009128813,pass,
bcat2_activation,positive,906,adipose_subcutaneous,fasted,0.14007043228,0.770947746775,7.743458387699947,4.305250667601323,4.305250667601323,4.305250667601323,0.0,pass,
bcat2_activation,positive,907,skeletal_muscle,fasted,0.23369221584,0.930287944225,1.7500372064843774,1.51658617518431,0.525807485657527,1.5165861751845893,0.65329534565133,pass,
bcat2_activation,positive,908,skeletal_muscle,fed,0.13477630112,0.99323767575,16.740318835852428,17.030470680354767,1.21298671008,8.93913908175,0.4536664028071979,pass,
bcat2_activation,positive,909,skeletal_muscle,fed,0.18737734968,0.9240124935,12.782647061080514,7.724644971546646,1.6863961471762137,7.724644971546619,0.7816862582826785,pass,
bcat2_activation,positive,910,skeletal_muscle,exercise,0.3853711403600001,0.874495592975,3.616357613902567,2.4851046122361264,1.73417013162,2.4851046122359204,0.3021741929568995,pass,
bcat2_activation,positive,911,liver,caloric_restriction,0.26291534672,0.786647588875,1.438505638021905,1.3885813953396045,0.4732476240959999,1.3357688280776792,0.6211527872089435,pass,
bcat2_activation,positive,912,adipose_subcutaneous,fed,0.27237077024,0.90587334095,7.049979942112873,8.137135157001014,8.137135157001026,8.137135157001014,-1.528117406911127e-15,pass,
bcat2_activation,positive,913,liver,fasted,0.29824475096,0.831299705775,2.313059634115893,3.2479012953532846,0.67105068966,1.8704243379937504,0.3692765078943972,pass,
bcat2_activation,positive,914,liver,fasted,0.21840224512,0.8049025182,6.611011964304699,4.251524199508996,0.4914050515199999,1.81103066595,0.310388828218925,pass,
bcat2_activation,positive,915,skeletal_muscle,fasted,0.44967775052,0.87599516415,1.451023672237062,2.943985631046213,1.01177493867,1.9709891193375,0.3258216244508711,pass,
bcat2_activation,positive,916,skeletal_muscle,fasted,0.47620021684,0.8332480966,2.5845069393058577,1.444395825003307,1.071450487925715,1.4443958250032845,0.258201616635603,pass,
bcat2_activation,positive,917,skeletal_muscle,fasted,0.15027259992,0.82021450955,1.9979178656840837,1.2264391466465825,0.3381133498200001,1.2264391466465163,0.7243129830415477,pass,
bcat2_activation,positive,918,skeletal_muscle,caloric_restriction,0.13340845216,0.9207168794,1.523963905976785,1.0705921393959863,0.240135213888,1.0705921393958606,0.7756986950944673,pass,
bcat2_activation,positive,919,skeletal_muscle,fasted,0.47281277648,0.841075288425,2.286867382805413,1.8527595579655087,1.063828747044539,1.8325156939343648,0.4148875894797226,pass,
bcat2_activation,positive,920,liver,exercise,0.15263118116,0.9291870596,7.099703303998746,6.631274169314699,0.68684031522,4.181341768199999,0.5269728507306062,pass,
bcat2_activation,positive,921,liver,caloric_restriction,0.3827564448,0.825569953,4.011184172099123,3.1810441857496423,0.68896160064,1.4860259154000002,0.2505668793695692,pass,
bcat2_activation,positive,922,skeletal_muscle,exercise,0.38438133176,0.961285841675,10.2617160489095,7.414605217773226,1.72971599292,4.3257862875375,0.350129267623659,pass,
bcat2_activation,positive,923,liver,fasted,0.27265806544,0.818046543875,0.9338452865235132,1.8493705308505648,0.6134806472400001,1.7491115471244516,0.6140634777835197,pass,
bcat2_activation,positive,924,liver,fed,0.18337045164,0.9758954801,12.19899754229087,7.0958989469946605,1.65033406476,7.095898946994597,0.767424243624688,pass,
bcat2_activation,positive,925,adipose_subcutaneous,exercise,0.4313227426,0.92695001015,1.7553577450580362,2.9665807267363657,2.966580726736315,2.9665807267363657,1.7065495459684547e-14,pass,
bcat2_activation,positive,926,liver,fed,0.48104712084,0.929400207225,10.21231768638858,6.589318998131786,4.32942408756,6.589318998131846,0.3429633489003303,pass,
bcat2_activation,positive,927,adipose_subcutaneous,fasted,0.3877924151199999,0.7991542419,3.403954319065756,3.2167498917205144,3.2167498917205144,3.2167498917205144,0.0,pass,
bcat2_activation,positive,928,liver,fed,0.22446841724,0.9008762039,5.786112394017644,7.04050606734587,2.0202157552273405,7.04050606734587,0.7130581614584246,pass,
bcat2_activation,positive,929,liver,exercise,0.46280654816,0.94052247705,8.076590376544411,5.8604244152601,2.0826294667894207,4.232351146866078,0.3668201358384463,pass,
bcat2_activation,positive,930,skeletal_muscle,fed,0.11018917392,0.8990852137500001,11.813802777153136,12.353904451712689,0.99170256528,8.091766923749999,0.5747222982193034,pass,
bcat2_activation,positive,931,skeletal_muscle,fasted,0.12740119092,0.871281577375,4.426012869119639,3.7842974241952927,0.28665267957,1.9603835490937505,0.4422831194035069,pass,
bcat2_activation,positive,932,skeletal_muscle,exercise,0.36058644452,0.991401309075,4.867452903076324,7.1050881987454,1.622639000394088,4.46130589098621,0.3995259187765421,pass,
bcat2_activation,positive,933,liver,fed,0.20724054368,0.91544554105,7.821228045675559,11.065998607057448,1.86516489312,8.23900986945,0.5759846176254729,pass,
bcat2_activation,positive,934,skeletal_muscle,caloric_restriction,0.27521468484,0.9825341139,1.7967811015750688,1.3305338064850307,0.495386432712,1.3305338064849992,0.6276784322972369,pass,
bcat2_activation,positive,935,skeletal_muscle,caloric_restriction,0.4389203916800001,0.78141280255,0.922874678104354,1.382922147940632,0.7900567050240002,1.3580918510575566,0.4107499087200546,pass,
bcat2_activation,positive,936,skeletal_muscle,fed,0.2748642674,0.878481104375,5.162056019299659,6.192001875088471,2.4737784066,6.192001875088407,0.6004881044121585,pass,
bcat2_activation,positive,937,skeletal_muscle,caloric_restriction,0.30973133984,0.917280512625,1.24876171788893,1.4539676554795316,0.557516411712,1.4441475878585872,0.6098011691010887,pass,
bcat2_activation,positive,938,skeletal_muscle,caloric_restriction,0.14026516888,0.9280284747,1.3427660469062566,2.043994582074092,0.252477303984,1.67045125446,0.6937268635209134,pass,
bcat2_activation,positive,939,liver,caloric_restriction,0.3665201208400001,0.969870563875,4.466076435882202,2.5383586082808027,0.6597362175120002,1.7457670149749998,0.4278476626273678,pass,
bcat2_activation,positive,940,skeletal_muscle,exercise,0.42479593732,0.888222596675,3.9224546581295434,4.381800448794737,1.91158171794,3.8889121528444592,0.4512598092978757,pass,
bcat2_activation,positive,941,adipose_subcutaneous,fasted,0.1539965288,0.99498335045,3.811933105934715,2.94935931029406,2.9493593102940143,2.9493593102942017,6.354113786768203e-14,pass,
bcat2_activation,positive,942,liver,caloric_restriction,0.35116468444,0.97506512605,0.8784420915177421,1.0497552130187902,0.6320964319919999,1.0497552130187846,0.3978630216331288,pass,
bcat2_activation,positive,943,adipose_subcutaneous,exercise,0.35682449076,0.922614461675,6.043137758009986,4.080922391279967,4.080922391279967,4.080922391279967,0.0,pass,
bcat2_activation,positive,944,liver,caloric_restriction,0.2888399758,0.93720334995,0.9666918712323463,1.4735994926223814,0.51991195644,1.461424147580912,0.6389200022493358,pass,
bcat2_activation,positive,945,skeletal_muscle,fed,0.15576311736,0.90254560695,4.120375380560482,6.179592925876197,1.401868056193271,6.179592925876047,0.7731455658958877,pass,
bcat2_activation,positive,946,skeletal_muscle,fed,0.25719805312,0.917256996075,6.476444107498054,5.7721134633465,2.31478247808,5.772113463346178,0.5989714178732933,pass,
bcat2_activation,positive,947,liver,fed,0.2858218498,0.82241231235,10.66876959093676,7.179430371602616,2.5723966482,6.973073715877743,0.6129562987453848,pass,
bcat2_activation,positive,948,skeletal_muscle,exercise,0.2954777738,0.9512020234,3.9044598598611824,6.154537779326764,1.3296499820556784,4.28040910515732,0.4794444731517142,pass,
bcat2_activation,positive,949,skeletal_muscle,caloric_restriction,0.4024580726,0.9027118493,1.539999106874226,1.677428748302865,0.7244245306799999,1.6074704840151963,0.5264282934393586,pass,
bcat2_activation,positive,950,liver,fed,0.34326248088,0.812201718175,14.669441873150165,7.762784075748611,3.08936232792,7.103295681990353,0.5170739408571359,pass,
bcat2_activation,positive,951,skeletal_muscle,caloric_restriction,0.21761426632,0.897731063075,4.253062230650482,2.7113077105450207,0.3917056793629432,1.6159159134811365,0.451520212684419,pass,
bcat2_activation,positive,952,liver,caloric_restriction,0.16095930976,0.91560872465,1.3092224841266216,1.0819341366505189,0.289726757568,1.081934136650415,0.7322140528211376,pass,
bcat2_activation,positive,953,liver,exercise,0.2331095872,0.948042449325,2.602878941873464,4.60485159918169,1.0489931424349663,4.248246101450504,0.6947570166178785,pass,
bcat2_activation,positive,954,adipose_subcutaneous,fed,0.31356882484,0.80324634495,10.799986651843811,8.67504099183262,8.67504099183262,8.67504099183262,0.0,pass,
bcat2_activation,positive,955,liver,exercise,0.42375891416,0.857086831525,2.4643930290399894,2.515203221265884,1.90691511372,2.5152032212658995,0.2418445167383938,pass,
bcat2_activation,positive,956,skeletal_muscle,fasted,0.40718427596,0.7528827444,2.7700711479383155,3.54152154395086,0.91616462091,1.6939861749,0.2196292029674555,pass,
bcat2_activation,positive,957,skeletal_muscle,caloric_restriction,0.45440435804,0.91395327675,1.0674256140241225,0.895195345825385,0.8008955854267863,0.895195345825385,0.1053398689329117,pass,
bcat2_activation,positive,958,liver,fed,0.24756845688,0.972507201275,2.9077330177375464,5.871062855699615,2.2281161119199995,5.871062855699615,0.6204918654963898,pass,
bcat2_activation,positive,959,adipose_subcutaneous,fasted,0.41035902432,0.833431656175,1.16162716729635,1.8894639262577828,1.8894639262577828,1.8894639262577824,-2.3503450035672963e-16,pass,
bcat2_activation,positive,960,liver,fed,0.12031917636,0.8994855283250001,2.8405140120745034,4.924500177870993,1.08287258724,4.924500177870992,0.7801050770378571,pass,
bcat2_activation,positive,961,liver,fasted,0.46523782792,0.757613850475,2.3983152951600384,1.431845831793608,1.04678511282,1.4318458317936196,0.2689261025338681,pass,
bcat2_activation,positive,962,skeletal_muscle,caloric_restriction,0.4014739238,0.990191266125,1.3644928040060516,1.980778930214618,0.72265306284,1.7823442790249997,0.5349871204810229,pass,
bcat2_activation,positive,963,adipose_subcutaneous,fasted,0.3175504570399999,0.93481876565,5.858444181751717,3.403589106636347,3.4035891066363217,3.4035891066363217,0.0,pass,
bcat2_activation,positive,964,adipose_subcutaneous,fed,0.11396982072,0.994266275075,3.795519859712982,5.600409697620379,5.600409697620379,5.600409697620328,-9.198317823872024e-15,pass,
bcat2_activation,positive,965,liver,exercise,0.13874714072,0.819789993925,8.809502412811343,5.4154721506069805,0.62436213324,3.6890549726625,0.5659142461066854,pass,
bcat2_activation,positive,966,liver,fasted,0.12021597456,0.773586829425,1.2266421544083643,1.941204942255708,0.27048594276,1.7403944017072517,0.7572144635275846,pass,
bcat2_activation,positive,967,liver,exercise,0.15316191432,0.77704517265,7.730577218473223,5.982426308427395,0.6892286144399999,3.4967032769250004,0.4692869611331666,pass,
bcat2_activation,positive,968,adipose_subcutaneous,exercise,0.32398824232,0.793710943475,3.4905888259411784,5.382669978602719,5.382669978602719,5.382669978602719,0.0,pass,
bcat2_activation,positive,969,skeletal_muscle,exercise,0.38452881144,0.900798940475,16.515676444543736,8.548620044241225,1.730379651422321,4.0535952320023805,0.271764982951265,pass,
bcat2_activation,positive,970,adipose_subcutaneous,exercise,0.24664661644,0.99202001985,4.373678092718111,3.635361205435066,3.6353612054350046,3.6353612054350046,0.0,pass,
bcat2_activation,positive,971,skeletal_muscle,exercise,0.41534886524,0.756500420275,2.605309843038408,3.3284400395033256,1.8690698935176977,3.2815676791143407,0.4243723091996627,pass,
bcat2_activation,positive,972,liver,fasted,0.22452862416,0.8833633695,1.7860722367507704,3.0313282622252284,0.50518940436,1.987567581375,0.4890193501929811,pass,
bcat2_activation,positive,973,liver,exercise,0.30500046752,0.9425455817,11.20760471167852,8.11598717101649,1.37250210384,4.24145511765,0.3534940301600645,pass,
bcat2_activation,positive,974,liver,caloric_restriction,0.2144784938,0.949597415875,2.370736752267217,3.2852919438140065,0.3860612888399999,1.709275348575,0.402769093999858,pass,
bcat2_activation,positive,975,adipose_subcutaneous,fed,0.39496806744,0.9899542372,8.763422320338888,5.2551336895853344,5.2551336895853344,5.2551336895853344,0.0,pass,
bcat2_activation,positive,976,adipose_subcutaneous,exercise,0.1406293618,0.797355764325,3.3403702777496496,4.950458263198467,4.950458263198467,4.950458263198559,1.865899089292248e-14,pass,
bcat2_activation,positive,977,skeletal_muscle,caloric_restriction,0.4197795214000001,0.8462426064999999,1.3128301563590208,1.735914259423125,0.7556031385200002,1.5232366916999998,0.4422070669752421,pass,
bcat2_activation,positive,978,liver,fasted,0.3019354754,0.929030602025,2.670473239691466,2.6212990448635445,0.6793548196726451,2.0903188546259277,0.5382690073908496,pass,
bcat2_activation,positive,979,liver,fed,0.25111021424,0.7513702167,5.90648589839477,6.22275746567265,2.25999192816,6.222757465672386,0.6368182529003691,pass,
bcat2_activation,positive,980,skeletal_muscle,fasted,0.3311724694,0.9052144089,2.5650336671048923,1.48192682478423,0.745138056174838,1.4819268247843629,0.497182962267251,pass,
bcat2_activation,positive,981,skeletal_muscle,fasted,0.3643644581199999,0.78247739095,1.4081877237323766,2.6133872081544305,0.8198200307700001,1.7605741296375002,0.3599750147747371,pass,
bcat2_activation,positive,982,skeletal_muscle,fed,0.4420958878,0.90765254735,3.2711139273060383,5.616801457250613,3.978862990067372,5.616801457250562,0.2916140938307173,pass,
bcat2_activation,positive,983,skeletal_muscle,caloric_restriction,0.28515202612,0.828480950425,1.8883028616435071,1.1214151365332377,0.5132736469988909,1.1214151365332532,0.5422982709279113,pass,
bcat2_activation,positive,984,liver,caloric_restriction,0.19104998604,0.98779424175,1.9405384318686183,2.730778976954301,0.343889974883463,1.7780296352092675,0.5251760294146298,pass,
bcat2_activation,positive,985,adipose_subcutaneous,exercise,0.16552793756,0.9773759348,2.852703533753648,4.121174949812836,4.121174949812836,4.121174949812836,0.0,pass,
bcat2_activation,positive,986,liver,fed,0.22864986828,0.9475732609,15.03268397055452,12.186611787377911,2.05784881452,8.5281593481,0.5309359686243161,pass,
bcat2_activation,positive,987,liver,fed,0.17596920276,0.81742029885,17.417289037377202,9.836621559611016,1.583722824892791,7.356782689895225,0.5868945785925637,pass,
bcat2_activation,positive,988,adipose_subcutaneous,caloric_restriction,0.33797094376,0.898142872575,0.9220589841997272,1.742722790725855,1.742722790725855,1.742722790725855,0.0,pass,
bcat2_activation,positive,989,liver,fasted,0.16008757048,0.809113967775,1.2853565212921243,1.937726676877544,0.3601970335920065,1.808864883258773,0.7476120687986565,pass,
bcat2_activation,positive,990,liver,caloric_restriction,0.20087760996,0.9092036905,1.7925393520645123,1.928724925832614,0.3615796979159473,1.606345742010128,0.6453828783058974,pass,
bcat2_activation,positive,991,adipose_subcutaneous,exercise,0.29079038404,0.816068751825,3.5173876036056924,2.498379394788841,2.498379394788776,2.498379394788776,0.0,pass,
bcat2_activation,positive,992,adipose_subcutaneous,fed,0.4032603330000001,0.99081376445,6.716052116015908,6.94039958670993,6.940399586709885,6.940399586709885,0.0,pass,
bcat2_activation,positive,993,liver,exercise,0.30791509388,0.792100788475,5.9572516442758765,3.0648792855419527,1.3856179224138128,3.064879285541857,0.5479045687214092,pass,
bcat2_activation,positive,994,adipose_subcutaneous,caloric_restriction,0.2446451328,0.9610163015,2.718100491795008,2.2013510452165157,2.201351045216546,2.2013510452165157,-1.3919704240829292e-14,pass,
bcat2_activation,positive,995,adipose_subcutaneous,fasted,0.29367386724,0.996850611575,1.6392199558511131,1.1325312209374014,1.1325312209373803,1.1325312209373803,0.0,pass,
bcat2_activation,positive,996,liver,fed,0.38239208648,0.966036602075,3.7384025570966526,5.501848025824152,3.4415287783200004,5.501848025824311,0.3744776732897277,pass,
bcat2_activation,positive,997,skeletal_muscle,fed,0.27969215952,0.99745334005,9.890287814210136,8.819601472741287,2.517229435763908,8.764206809191244,0.7083060830735775,pass,
bcat2_activation,positive,998,liver,fed,0.20367060168,0.7842082857,8.990747194845955,5.015857329567798,1.833035415058899,5.015857329567886,0.634551923107279,pass,
bcat2_activation,positive,999,adipose_subcutaneous,fasted,0.3470882981199999,0.940074723875,2.24996857842975,2.419065897623983,2.419065897623983,2.419065897623983,0.0,pass,
bckdh_complex_inhibition_negative,harmful_control,0,skeletal_muscle,fed,0.833448918225,0.16163572296,4.970649643910124,9.021155722755688,7.501040264025001,1.45472150664,-0.6702377104668841,pass,
bckdh_complex_inhibition_negative,harmful_control,1,liver,fed,0.951728444625,0.13445677342,4.32695656492072,4.784417501158147,4.784417501158147,1.21011096078,-0.7470724575171225,pass,
bckdh_complex_inhibition_negative,harmful_control,2,adipose_subcutaneous,fed,0.987306275975,0.17196684968,31.50871719785548,18.94660050261112,8.885756483775,1.5477016471200002,-0.3873019244609981,pass,
bckdh_complex_inhibition_negative,harmful_control,3,skeletal_muscle,fed,0.918689463125,0.15469111064,9.076142226262784,10.450117609782076,8.268205168125,1.3922199957600003,-0.657981606439393,pass,
bckdh_complex_inhibition_negative,harmful_control,4,adipose_subcutaneous,exercise,0.845620972,0.12336776848,8.402333238035688,6.138856428679666,3.8052943741268432,0.5551549581785052,-0.5294372744676441,pass,
bckdh_complex_inhibition_negative,harmful_control,5,liver,caloric_restriction,0.8219211685,0.10925724622,0.7107072404533608,1.370603965289784,1.370603965289591,0.196663043196,-0.8565135895002223,pass,
bckdh_complex_inhibition_negative,harmful_control,6,adipose_subcutaneous,fasted,0.954604820875,0.18656386782,0.9532945844110624,1.4945864437011092,1.4945864437012,0.4197687026089923,-0.7191405660221232,pass,
bckdh_complex_inhibition_negative,harmful_control,7,adipose_subcutaneous,fasted,0.794291727475,0.14445697322,2.1100212556155142,2.8945025259644743,1.787156386759178,0.3250281897341657,-0.505139720525142,pass,
bckdh_complex_inhibition_negative,harmful_control,8,skeletal_muscle,exercise,0.755658982425,0.12151340006,2.2010918032530404,2.6884265795997395,2.6884265795996334,0.54681030027,-0.7966058272078544,pass,
bckdh_complex_inhibition_negative,harmful_control,9,adipose_subcutaneous,fasted,0.937320334725,0.05274814198,0.8055452027468663,1.2934177291820554,1.2934177291819866,0.118683319455,-0.908240534533168,pass,
bckdh_complex_inhibition_negative,harmful_control,10,adipose_subcutaneous,fed,0.928315710125,0.23206296438,6.225847436113274,8.448659738939732,8.181690416292263,2.08856667942,-0.7211941213337255,pass,
bckdh_complex_inhibition_negative,harmful_control,11,adipose_subcutaneous,fed,0.7631365203,0.09310889742,7.033647713122121,7.908977328865713,6.868228682700001,0.83798007678,-0.7624561754540831,pass,
bckdh_complex_inhibition_negative,harmful_control,12,skeletal_muscle,fed,0.80471585445,0.22211058652,4.876141650525735,8.098944775714417,7.173029664048256,1.99899527868,-0.6388529035144396,pass,
bckdh_complex_inhibition_negative,harmful_control,13,skeletal_muscle,exercise,0.78833003975,0.2283285334799999,4.6501249154739295,3.0008396639766683,3.0008396639767323,1.027478400694249,-0.6576030325683626,pass,
bckdh_complex_inhibition_negative,harmful_control,14,liver,exercise,0.9040221743,0.23014901942,5.202420493933151,4.845094013021715,4.06809978435,1.0356705873899998,-0.625876234560159,pass,
bckdh_complex_inhibition_negative,harmful_control,15,adipose_subcutaneous,caloric_restriction,0.773599825875,0.23259637126,3.065528705181792,3.2644816133543566,1.392479686528584,0.4186734682540441,-0.2983034777377482,pass,
bckdh_complex_inhibition_negative,harmful_control,16,adipose_subcutaneous,fed,0.9217077993,0.14583072314,7.601020120246503,10.63920080423912,8.2953701937,1.31247650826,-0.6563362994951382,pass,
bckdh_complex_inhibition_negative,harmful_control,17,skeletal_muscle,exercise,0.826439238425,0.08284533034,1.9435427073272835,3.743868300549957,3.6137241555648223,0.3728039865175732,-0.8656608376344789,pass,
bckdh_complex_inhibition_negative,harmful_control,18,adipose_subcutaneous,exercise,0.7967221679250001,0.19979206212,5.191206586871352,6.77368394768456,3.585249755782008,0.8990642795699688,-0.3965619738030817,pass,
bckdh_complex_inhibition_negative,harmful_control,19,adipose_subcutaneous,caloric_restriction,0.84966870425,0.10445652642,2.8452036979968414,2.659266187617569,1.5294036675990197,0.1880217475497326,-0.504418070780281,pass,
bckdh_complex_inhibition_negative,harmful_control,20,liver,fed,0.9327898772,0.18591676386,26.70560515949922,13.863443065296188,8.3951088948,1.67325087474,-0.4848620929447579,pass,
bckdh_complex_inhibition_negative,harmful_control,21,skeletal_muscle,exercise,0.954729651625,0.11895153546,7.73381931271953,7.16812349305116,4.2962834323125,0.53528190957,-0.5246842533319142,pass,
bckdh_complex_inhibition_negative,harmful_control,22,liver,fed,0.81359058005,0.17002611046,4.501762499336466,6.183406676718413,6.183406676718306,1.5302349941399995,-0.7525255778660486,pass,
bckdh_complex_inhibition_negative,harmful_control,23,skeletal_muscle,fasted,0.846128770125,0.1453621503,1.1186437447191453,1.7550986982866077,1.7515086723794266,0.3270648381640978,-0.8116032651644742,pass,
bckdh_complex_inhibition_negative,harmful_control,24,liver,caloric_restriction,0.928514231625,0.19233604868,1.1532703163613325,0.9465130524846932,0.946513052484904,0.346204887624,-0.6342312589192867,pass,
bckdh_complex_inhibition_negative,harmful_control,25,skeletal_muscle,exercise,0.9363329551,0.1119487414,2.018084588314132,3.968480573872692,3.765254390314204,0.5037693363,-0.821847302337036,pass,
bckdh_complex_inhibition_negative,harmful_control,26,liver,caloric_restriction,0.8310913957,0.10589908432,1.6473663601921074,1.0323016911433678,1.0323016911433678,0.190618351776,-0.8153462757918444,pass,
bckdh_complex_inhibition_negative,harmful_control,27,adipose_subcutaneous,fasted,0.89496354,0.22943426256,1.3166537422678175,1.7083287568556862,1.708328756855731,0.51622709076,-0.6978174788147267,pass,
bckdh_complex_inhibition_negative,harmful_control,28,liver,caloric_restriction,0.8346597463000001,0.1174974285,0.975951982748594,1.403306030814619,1.3615238355421482,0.2114953712999999,-0.8195136620160869,pass,
bckdh_complex_inhibition_negative,harmful_control,29,liver,exercise,0.837345402125,0.15868050096,1.424039252102257,2.6402691287445403,2.640269128744499,0.71406225432,-0.7295494438252281,pass,
bckdh_complex_inhibition_negative,harmful_control,30,skeletal_muscle,exercise,0.864094484025,0.1070364167,2.499706483380974,3.1815535809024764,3.1815535809024764,0.4816638751660554,-0.8486073350902275,pass,
bckdh_complex_inhibition_negative,harmful_control,31,liver,caloric_restriction,0.76497636965,0.19278129394,1.629424937795654,2.6941436264528784,1.3769574653241017,0.3470063290804332,-0.3822925868283076,pass,
bckdh_complex_inhibition_negative,harmful_control,32,liver,exercise,0.89862599655,0.16101545348,5.514487292954565,7.291029752643214,4.043816984475,0.72456954066,-0.4552508433546954,pass,
bckdh_complex_inhibition_negative,harmful_control,33,adipose_subcutaneous,caloric_restriction,0.830592146425,0.13595444144,3.744440043491855,2.112082659235945,1.4950658635649998,0.244717994592,-0.5919976017535784,pass,
bckdh_complex_inhibition_negative,harmful_control,34,adipose_subcutaneous,caloric_restriction,0.7620672767,0.16561526466,0.9746427397828578,1.488473422296981,1.3386650652995669,0.298107476388,-0.6990770364618267,pass,
bckdh_complex_inhibition_negative,harmful_control,35,adipose_subcutaneous,fasted,0.796561115925,0.24391236674,1.9302260894753425,1.4065112732961984,1.4065112732961955,0.5488028251649999,-0.6098127078079738,pass,
bckdh_complex_inhibition_negative,harmful_control,36,skeletal_muscle,caloric_restriction,0.79933783875,0.1668618520399999,0.5910449295766761,0.9570555098969292,0.9570555098966568,0.3003513336719999,-0.6861714596840689,pass,
bckdh_complex_inhibition_negative,harmful_control,37,skeletal_muscle,exercise,0.842926387025,0.21889872648,3.047912123011752,2.3893199885444414,2.3893199885444885,0.98504426916,-0.5877302856533521,pass,
bckdh_complex_inhibition_negative,harmful_control,38,skeletal_muscle,fasted,0.821478036075,0.18919928272,4.223710393583463,4.779799954826982,1.8483255812303607,0.4256983861341901,-0.2976332081972387,pass,
bckdh_complex_inhibition_negative,harmful_control,39,skeletal_muscle,exercise,0.9946174014,0.09210101744,3.373649541128928,5.709575091154565,4.4757783063,0.41445457848,-0.711318033825655,pass,
bckdh_complex_inhibition_negative,harmful_control,40,liver,exercise,0.8798176765,0.24627207436,3.720729417745362,2.847572582248299,2.847572582248299,1.1082243346200005,-0.6108178799274003,pass,
bckdh_complex_inhibition_negative,harmful_control,41,skeletal_muscle,fed,0.755793933075,0.22167386098,8.405683904413513,10.938709302062485,6.802145397901738,1.9950647488865023,-0.4394559281421679,pass,
bckdh_complex_inhibition_negative,harmful_control,42,skeletal_muscle,fasted,0.7700995267,0.12597555756,1.3227274775850832,2.258915026084889,1.7327239350172423,0.2834450045005518,-0.641581871730941,pass,
bckdh_complex_inhibition_negative,harmful_control,43,liver,fasted,0.779725380725,0.2234551780599999,6.185546324567879,3.253703925738185,1.75438210663125,0.5027741506349999,-0.3846717416712374,pass,
bckdh_complex_inhibition_negative,harmful_control,44,adipose_subcutaneous,caloric_restriction,0.955701907025,0.2384631764399999,1.674023484007817,1.05624218958234,1.0562421895823095,0.4292337175919999,-0.5936218777989182,pass,
bckdh_complex_inhibition_negative,harmful_control,45,adipose_subcutaneous,fed,0.908927661425,0.08145523328,15.921974741634664,12.178474423318557,8.18034895309768,0.7330970995444367,-0.6115094218446382,pass,
bckdh_complex_inhibition_negative,harmful_control,46,adipose_subcutaneous,fed,0.7626466119,0.20013540336,6.384753396251349,11.82721096673751,6.8638195073287935,1.8012186303000406,-0.4280468904517437,pass,
bckdh_complex_inhibition_negative,harmful_control,47,liver,caloric_restriction,0.87655189015,0.2426936343,0.6007488145235388,0.9299191548177224,0.9299191548177224,0.4368485417545616,-0.5302295479221628,pass,
bckdh_complex_inhibition_negative,harmful_control,48,liver,caloric_restriction,0.795979511875,0.11701904372,0.9621535193431872,1.3244009693483016,1.324400969348617,0.2106342786889788,-0.8409588307744064,pass,
bckdh_complex_inhibition_negative,harmful_control,49,adipose_subcutaneous,fed,0.9086982387,0.19689323048,7.225049544571256,7.686277938245826,7.353348183852287,1.7720390743200003,-0.7261393816844023,pass,
bckdh_complex_inhibition_negative,harmful_control,50,adipose_subcutaneous,fasted,0.788846644575,0.05600997088,2.141912154528573,1.7060051827683311,1.6806815411693017,0.12602243448,-0.9112862741522036,pass,
bckdh_complex_inhibition_negative,harmful_control,51,liver,fasted,0.77879671125,0.12523822298,5.249556233831385,2.7193218381421485,1.7522926003125003,0.281786001705,-0.5407622510810108,pass,
bckdh_complex_inhibition_negative,harmful_control,52,adipose_subcutaneous,caloric_restriction,0.8111650207,0.16668817114,2.4509178252564623,1.7232559733147277,1.4600970372599995,0.300038708052,-0.6731781854651562,pass,
bckdh_complex_inhibition_negative,harmful_control,53,liver,fasted,0.936810479725,0.09831439512,5.534179050660618,4.319666606918926,2.10782357938125,0.22120738902,-0.4367504166500734,pass,
bckdh_complex_inhibition_negative,harmful_control,54,skeletal_muscle,caloric_restriction,0.9145166282,0.0665106779,2.6688672673402856,1.9576224785409748,1.64612993076,0.11971922022,-0.7797267998667654,pass,
bckdh_complex_inhibition_negative,harmful_control,55,liver,exercise,0.7740802124,0.22428056118,7.487759377716178,9.413213840488968,3.483360955683888,1.0092625252763578,-0.2628324897672794,pass,
bckdh_complex_inhibition_negative,harmful_control,56,adipose_subcutaneous,fed,0.995039691075,0.16785584012,11.545075961631598,14.944970368563176,8.955357219675,1.5107025610800005,-0.4981377998751251,pass,
bckdh_complex_inhibition_negative,harmful_control,57,adipose_subcutaneous,fasted,0.866952563125,0.2043834114,1.7658524026317273,2.519099664476363,1.95064326703125,0.4598626756499999,-0.5917910324882417,pass,
bckdh_complex_inhibition_negative,harmful_control,58,liver,fasted,0.988147201675,0.1722320507799999,2.7639425007362366,2.3226525125208752,2.174548470262213,0.387522114255,-0.7693903183424006,pass,
bckdh_complex_inhibition_negative,harmful_control,59,liver,caloric_restriction,0.966715133875,0.14428814086,3.3875937862919523,1.992966184710365,1.7161399965037778,0.259718653548,-0.730780759919134,pass,
bckdh_complex_inhibition_negative,harmful_control,60,skeletal_muscle,fed,0.8593323885749999,0.16173372746,5.153071861840526,5.651572931288313,5.651572931288313,1.4556035471400004,-0.7424427562313727,pass,
bckdh_complex_inhibition_negative,harmful_control,61,liver,fasted,0.996043438675,0.20834124982,3.625233904932937,3.550090438858237,2.24109773701875,0.468767812095,-0.4992351477935188,pass,
bckdh_complex_inhibition_negative,harmful_control,62,adipose_subcutaneous,fed,0.7627785585,0.07405327262,4.465242012584787,5.226541707506443,5.226541707506623,0.6664794536022159,-0.8724817497113192,pass,
bckdh_complex_inhibition_negative,harmful_control,63,skeletal_muscle,caloric_restriction,0.7647644907,0.12682934474,1.2392043579812675,1.1118271398919806,1.1118271398921546,0.228292820532,-0.7946687822767073,pass,
bckdh_complex_inhibition_negative,harmful_control,64,skeletal_muscle,fasted,0.822401227,0.16857978482,2.398023385396215,1.5752551448820724,1.5752551448822183,0.379304515845,-0.7592107430487078,pass,
bckdh_complex_inhibition_negative,harmful_control,65,adipose_subcutaneous,fasted,0.950878828675,0.1525571487199999,2.2506922305622163,1.9605755641689917,1.8769081873772653,0.3432535846199999,-0.7822471272140534,pass,
bckdh_complex_inhibition_negative,harmful_control,66,liver,fasted,0.7685247301,0.19825435042,2.046496084949841,2.2530779788865702,1.7291806427249998,0.446072288445,-0.5694913208969751,pass,
bckdh_complex_inhibition_negative,harmful_control,67,liver,fed,0.7965211736,0.09474751034,10.827046592495712,5.5482772231798085,5.5482772231798085,0.85272759306,-0.8463076809685282,pass,
bckdh_complex_inhibition_negative,harmful_control,68,liver,fasted,0.86715069345,0.2231350007999999,3.038354178542644,3.08789175891554,1.9510890602625,0.5020537518,-0.4692636340891034,pass,
bckdh_complex_inhibition_negative,harmful_control,69,liver,fasted,0.84799735115,0.12508147746,4.254511843287527,3.3297168278501883,1.9079940400875,0.281433324285,-0.4884982116790631,pass,
bckdh_complex_inhibition_negative,harmful_control,70,skeletal_muscle,exercise,0.820899867425,0.1592291062,6.543393548210597,8.124137827747374,3.694049403535635,0.7165309779238844,-0.3665026971160266,pass,
bckdh_complex_inhibition_negative,harmful_control,71,skeletal_muscle,exercise,0.94853118445,0.23914601668,2.9409443219163736,2.513405470615829,2.5134054706159543,1.07615707506,-0.571833081593398,pass,
bckdh_complex_inhibition_negative,harmful_control,72,skeletal_muscle,fasted,0.90934631045,0.12227108432,4.20720331135692,2.3668682947847075,2.0460291985125,0.27510993972,-0.7482119992458577,pass,
bckdh_complex_inhibition_negative,harmful_control,73,adipose_subcutaneous,fasted,0.85425384565,0.15076242944,1.2835115874962937,1.6646928999539332,1.664692899953951,0.33921546624,-0.7962294028830367,pass,
bckdh_complex_inhibition_negative,harmful_control,74,liver,exercise,0.94257464015,0.20770433436,4.737880233699474,7.064204946368072,4.241585880675,0.93466950462,-0.4681229382727902,pass,
bckdh_complex_inhibition_negative,harmful_control,75,skeletal_muscle,caloric_restriction,0.88441365985,0.11960270752,2.1079920769054707,2.6187587444450724,1.59194458773,0.2152848735359999,-0.5256916915749414,pass,
bckdh_complex_inhibition_negative,harmful_control,76,skeletal_muscle,caloric_restriction,0.79477921,0.11537959946,2.436654669607793,3.457038249604798,1.4306025779999998,0.207683279028,-0.3537476911375804,pass,
bckdh_complex_inhibition_negative,harmful_control,77,skeletal_muscle,exercise,0.780426183975,0.12748359844,6.041909086819391,5.588123930039811,3.5119178278874994,0.57367619298,-0.5258010866782202,pass,
bckdh_complex_inhibition_negative,harmful_control,78,skeletal_muscle,caloric_restriction,0.829593264375,0.0526488116,1.7355639843217627,3.094003461218642,1.493267875875,0.09476786088,-0.4520033776704858,pass,
bckdh_complex_inhibition_negative,harmful_control,79,skeletal_muscle,fed,0.92179354305,0.09823739238,9.649293665902588,13.006328064350903,8.296141887173462,0.8841365313905288,-0.5698768567970024,pass,
bckdh_complex_inhibition_negative,harmful_control,80,adipose_subcutaneous,fasted,0.938449067675,0.11396829912,2.655929367115064,2.896754716372397,2.11151040226875,0.25642867302,-0.6404000030668344,pass,
bckdh_complex_inhibition_negative,harmful_control,81,skeletal_muscle,fed,0.76081836105,0.22374444446,10.164040837763862,15.020753233589708,6.84736524945,2.01370000014,-0.3217991251264857,pass,
bckdh_complex_inhibition_negative,harmful_control,82,adipose_subcutaneous,exercise,0.864256502925,0.21448151504,7.465735349133383,3.8373732668761646,3.710392271607332,0.96516681768,-0.7153918222196034,pass,
bckdh_complex_inhibition_negative,harmful_control,83,liver,exercise,0.801793901025,0.1515511667,3.086039561908421,5.370999725827963,3.6080725546125,0.6819802501500001,-0.5447947223664082,pass,
bckdh_complex_inhibition_negative,harmful_control,84,adipose_subcutaneous,caloric_restriction,0.828541745425,0.1389889529,0.9688629937257196,1.5406281086790004,1.491375141765,0.25018011522,-0.8056422049895304,pass,
bckdh_complex_inhibition_negative,harmful_control,85,adipose_subcutaneous,fasted,0.91640382835,0.10304921368,1.59676414096358,1.225683298259408,1.225683298259408,0.2318607307722713,-0.8108314512390463,pass,
bckdh_complex_inhibition_negative,harmful_control,86,adipose_subcutaneous,fed,0.7784812391,0.12470882688,4.599863255878868,5.928322532355244,5.928322532355233,1.1223794419200002,-0.8106750373660753,pass,
bckdh_complex_inhibition_negative,harmful_control,87,adipose_subcutaneous,fed,0.933374739525,0.1495003528,5.798975609960618,7.64150607616298,7.641506076162905,1.3455031752000002,-0.8239217293306543,pass,
bckdh_complex_inhibition_negative,harmful_control,88,adipose_subcutaneous,fed,0.797183781825,0.2379290661,7.048802560803352,7.194587783425972,6.794066468953926,2.1413615949,-0.6466951289095768,pass,
bckdh_complex_inhibition_negative,harmful_control,89,skeletal_muscle,fed,0.990665956975,0.24335919732,15.703770039370664,9.133531546377217,8.476977931643512,2.19023277588,-0.6883148236628281,pass,
bckdh_complex_inhibition_negative,harmful_control,90,adipose_subcutaneous,fasted,0.779944614575,0.1167591235,3.5439324813747346,3.981440131831949,1.7548753827937498,0.262708027875,-0.3747808093329712,pass,
bckdh_complex_inhibition_negative,harmful_control,91,liver,fed,0.752988483525,0.18425998578,2.8263104052217374,5.210362226400925,5.210362226401029,1.65833987202,-0.6817227286776568,pass,
bckdh_complex_inhibition_negative,harmful_control,92,adipose_subcutaneous,exercise,0.936972972275,0.08317122294,2.6735562953791225,3.6534295042324985,3.653429504232487,0.37427050323,-0.8975563911124003,pass,
bckdh_complex_inhibition_negative,harmful_control,93,adipose_subcutaneous,exercise,0.945019166,0.06512205114,3.3683057663882368,2.7367253078569216,2.7367253078569296,0.29304923013,-0.8929197500060855,pass,
bckdh_complex_inhibition_negative,harmful_control,94,liver,caloric_restriction,0.828154761075,0.23939814908,2.0450154880611104,1.700823410842417,1.4906785699349998,0.430916668344,-0.6230875556129019,pass,
bckdh_complex_inhibition_negative,harmful_control,95,adipose_subcutaneous,fed,0.837100703275,0.24345069054,12.385431092700458,7.802796049568792,7.19279651289107,2.19105621486,-0.6410189714374865,pass,
bckdh_complex_inhibition_negative,harmful_control,96,skeletal_muscle,fasted,0.88752245845,0.07628962332,2.080604595996816,2.7065411030000943,1.9969255315125,0.17165165247,-0.6743935560480702,pass,
bckdh_complex_inhibition_negative,harmful_control,97,skeletal_muscle,fasted,0.8690895088,0.20134687246,1.7320301600481305,2.826553142143335,1.9554513948,0.4530304630349999,-0.5315381866925507,pass,
bckdh_complex_inhibition_negative,harmful_control,98,liver,exercise,0.838579783725,0.1819331958,9.831971141625264,5.632068639695907,3.7736090267625,0.8186993811000001,-0.5246579604580325,pass,
bckdh_complex_inhibition_negative,harmful_control,99,adipose_subcutaneous,fasted,0.876209391825,0.1630116897,0.6414936922817879,1.133526528577539,1.1335265285775256,0.366776301825,-0.6764290093101918,pass,
bckdh_complex_inhibition_negative,harmful_control,100,liver,exercise,0.765945903975,0.19662821664,2.608350942768497,3.6730823864774713,3.40611984314658,0.8848269748800002,-0.686424262507362,pass,
bckdh_complex_inhibition_negative,harmful_control,101,skeletal_muscle,fasted,0.798895189925,0.09881907948,1.453364127742785,2.145926873668919,1.7975141773312495,0.22234292883,-0.7340283901697726,pass,
bckdh_complex_inhibition_negative,harmful_control,102,liver,exercise,0.95628030875,0.07983551292,2.4617782891859576,2.583144569087106,2.583144569087078,0.35925980814,-0.8609215247031287,pass,
bckdh_complex_inhibition_negative,harmful_control,103,liver,fasted,0.9135958608,0.05387891646,4.689795412218974,2.491090283869757,2.011195352375431,0.1212275620349999,-0.758691004729255,pass,
bckdh_complex_inhibition_negative,harmful_control,104,liver,caloric_restriction,0.842927349075,0.09588886654,0.6767565379005227,1.0545040629751896,1.0545040629752032,0.172599959772,-0.8363211998586226,pass,
bckdh_complex_inhibition_negative,harmful_control,105,skeletal_muscle,caloric_restriction,0.882626592575,0.24726766776,2.393210755745905,3.32939233375558,1.5887278666879574,0.4450818019828361,-0.343499939346313,pass,
bckdh_complex_inhibition_negative,harmful_control,106,adipose_subcutaneous,fasted,0.835735428325,0.1278123766,3.1424170965285243,4.543983657475151,1.88040471373125,0.28757784735,-0.3505353422125419,pass,
bckdh_complex_inhibition_negative,harmful_control,107,skeletal_muscle,caloric_restriction,0.896151915925,0.06361768014,1.587841842122541,1.5772953328800745,1.5066040016114453,0.114511824255817,-0.8825818147916071,pass,
bckdh_complex_inhibition_negative,harmful_control,108,liver,caloric_restriction,0.75103685055,0.11179161318,0.8719781002394446,1.499705454662312,1.347544848000393,0.201224903724,-0.7643633892993406,pass,
bckdh_complex_inhibition_negative,harmful_control,109,liver,fasted,0.89484327885,0.05019785502,2.4297319375925746,1.9519991550937623,1.8897544060391789,0.1129451737949999,-0.9102510252668788,pass,
bckdh_complex_inhibition_negative,harmful_control,110,liver,fasted,0.953307146725,0.13786544952,2.38823117974779,3.179909680202422,2.1449410801312503,0.31019726142,-0.5769798526461472,pass,
bckdh_complex_inhibition_negative,harmful_control,111,skeletal_muscle,caloric_restriction,0.92182444195,0.1694056696599999,1.0440155642822972,1.0615272487114864,1.0615272487114218,0.304930205388,-0.712743873736451,pass,
bckdh_complex_inhibition_negative,harmful_control,112,liver,fed,0.97107239475,0.08844885324,8.091754996023676,5.937343715340222,5.937343715340305,0.7960396791600002,-0.8659266302701658,pass,
bckdh_complex_inhibition_negative,harmful_control,113,adipose_subcutaneous,fasted,0.868642825675,0.06199068382,1.4778017167896729,1.6643572392096688,1.6643572392097463,0.139479038595,-0.9161964539168556,pass,
bckdh_complex_inhibition_negative,harmful_control,114,liver,fasted,0.7938049775,0.17684582578,1.979240410773376,2.0003868186207465,1.7251623217746876,0.397903108005,-0.6635012795599323,pass,
bckdh_complex_inhibition_negative,harmful_control,115,adipose_subcutaneous,fed,0.7995126447,0.22362724336,7.986880582335153,14.027954173550103,7.1956138023000005,2.01264519024,-0.3694743045163746,pass,
bckdh_complex_inhibition_negative,harmful_control,116,skeletal_muscle,exercise,0.925389950125,0.23245637168,5.697726712976844,4.096860132175761,3.902201098355661,1.0460536725599998,-0.6971552197655374,pass,
bckdh_complex_inhibition_negative,harmful_control,117,skeletal_muscle,caloric_restriction,0.8272469868,0.12607410956,0.7502192273523528,1.0362968562693715,1.0362968562693802,0.226933397208,-0.7810150674151971,pass,
bckdh_complex_inhibition_negative,harmful_control,118,skeletal_muscle,fed,0.945419462425,0.17073529844,6.622852939201552,5.138136089340932,5.138136089341068,1.53661768596,-0.7009386946469598,pass,
bckdh_complex_inhibition_negative,harmful_control,119,liver,exercise,0.998474102175,0.09938222548,4.604226907696749,9.504622884822794,4.493133459787501,0.44722001466,-0.4256784823717846,pass,
bckdh_complex_inhibition_negative,harmful_control,120,adipose_subcutaneous,fasted,0.9488244688,0.14842651588,2.0417824550287302,1.8112212783235035,1.805957030882437,0.333959660741132,-0.8127098481880747,pass,
bckdh_complex_inhibition_negative,harmful_control,121,skeletal_muscle,exercise,0.929714244725,0.0968427421,6.508009133764172,3.3490304941904725,3.349030494190269,0.43579233945,-0.869875075725298,pass,
bckdh_complex_inhibition_negative,harmful_control,122,liver,exercise,0.926915772225,0.14709359716,2.072435813125852,3.6322755571499887,3.63227555714998,0.661921187197936,-0.8177668029907645,pass,
bckdh_complex_inhibition_negative,harmful_control,123,skeletal_muscle,caloric_restriction,0.9331850227,0.18344804394,0.8242043556930946,1.126265900773352,1.126265900773352,0.3302064790809932,-0.7068130369087295,pass,
bckdh_complex_inhibition_negative,harmful_control,124,liver,exercise,0.9435818789,0.24511522734,4.708125549631267,7.147897571172631,4.246118455191538,1.1030185230667673,-0.4397236950905463,pass,
bckdh_complex_inhibition_negative,harmful_control,125,liver,caloric_restriction,0.7702401589,0.21110802792,0.7113622107969492,0.9635414368056132,0.9635414368055308,0.3799944502686665,-0.6056272872617416,pass,
bckdh_complex_inhibition_negative,harmful_control,126,skeletal_muscle,caloric_restriction,0.8021636501,0.21669796648,2.8472393394130604,1.4229107556036058,1.3988469672597177,0.3900563396509981,-0.7089626834543009,pass,
bckdh_complex_inhibition_negative,harmful_control,127,liver,fasted,0.905722523825,0.06042762764,1.0695215033536922,1.5026728181862463,1.5026728181863884,0.13596216219,-0.909519783319188,pass,
bckdh_complex_inhibition_negative,harmful_control,128,skeletal_muscle,caloric_restriction,0.9217700547,0.23775985682,1.916361099066577,3.723475182935408,1.65918609846,0.427967742276,-0.330663773946082,pass,
bckdh_complex_inhibition_negative,harmful_control,129,adipose_subcutaneous,fed,0.83438931735,0.22883811574,26.75342490018681,16.66955909132397,7.509503856149999,2.05954304166,-0.3269409097524691,pass,
bckdh_complex_inhibition_negative,harmful_control,130,liver,caloric_restriction,0.787400766975,0.15105229654,3.657119420727136,1.6969242725407754,1.417321380555,0.271894133772,-0.6750019817136398,pass,
bckdh_complex_inhibition_negative,harmful_control,131,liver,fed,0.9206075268,0.22859597966,7.31453086089864,9.346514410032922,8.182514714148233,2.05736381694,-0.6553406573292446,pass,
bckdh_complex_inhibition_negative,harmful_control,132,adipose_subcutaneous,exercise,0.883388448025,0.2168731755,4.091959038930255,5.119802927327833,3.975248016245008,0.9759292897825312,-0.5858269876860093,pass,
bckdh_complex_inhibition_negative,harmful_control,133,skeletal_muscle,fed,0.756838952475,0.23941806038,13.827785230973484,9.07319540470368,6.811550572274999,2.1547625434200004,-0.5132467472750394,pass,
bckdh_complex_inhibition_negative,harmful_control,134,adipose_subcutaneous,caloric_restriction,0.927699748825,0.18024606516,1.5380928917901202,2.9319076314563306,1.669859547940662,0.3244429172988148,-0.4588877958524071,pass,
bckdh_complex_inhibition_negative,harmful_control,135,skeletal_muscle,fed,0.910057779425,0.22242156664,7.703880502223711,8.807844099630088,8.190520014825,2.00179409976,-0.7026379946171973,pass,
bckdh_complex_inhibition_negative,harmful_control,136,liver,fasted,0.920295441925,0.17818153302,1.195915054768089,1.403184435011591,1.4031844350116218,0.4009084492816364,-0.714286704385875,pass,
bckdh_complex_inhibition_negative,harmful_control,137,adipose_subcutaneous,exercise,0.831436206025,0.13889744302,11.555611905641191,5.772636226121991,3.741462927112501,0.62503849359,-0.5398615660935365,pass,
bckdh_complex_inhibition_negative,harmful_control,138,skeletal_muscle,fed,0.836728527,0.1437036863,5.127336563846895,5.01716708509077,5.017167085090849,1.2933331767000005,-0.7422184362679,pass,
bckdh_complex_inhibition_negative,harmful_control,139,liver,fed,0.82482706345,0.10857142824,7.389243655907288,6.980828539198554,6.980828539198684,0.97714285416,-0.8600248024037483,pass,
bckdh_complex_inhibition_negative,harmful_control,140,liver,exercise,0.942612331925,0.08901536532,9.145832144248203,9.502185938799062,4.2417554936625,0.4005691439400001,-0.4042423895367353,pass,
bckdh_complex_inhibition_negative,harmful_control,141,adipose_subcutaneous,caloric_restriction,0.87699407425,0.22974027934,2.9291244094434554,1.5659614849243173,1.5391033821554307,0.413532502812,-0.7187730286979755,pass,
bckdh_complex_inhibition_negative,harmful_control,142,adipose_subcutaneous,fed,0.90430387785,0.15792518818,9.574293557384784,6.58884605363521,6.588846053635194,1.4213266936200002,-0.7842829105354739,pass,
bckdh_complex_inhibition_negative,harmful_control,143,skeletal_muscle,exercise,0.946348789875,0.12290632698,1.3282064599989225,2.463727895335638,2.46372789533557,0.5530784713915641,-0.7755115439335944,pass,
bckdh_complex_inhibition_negative,harmful_control,144,skeletal_muscle,caloric_restriction,0.984225613425,0.21164801272,5.186248861320007,3.2834583823180363,1.771606104165,0.3809664228959999,-0.4235289500722237,pass,
bckdh_complex_inhibition_negative,harmful_control,145,skeletal_muscle,fed,0.978327046975,0.08326170382,3.5868675553736837,5.69725586150422,5.69725586150422,0.74935533438,-0.868470830063414,pass,
bckdh_complex_inhibition_negative,harmful_control,146,liver,exercise,0.915670693425,0.074328264,2.6364598883886226,4.714172118851804,4.12051812054985,0.3344771880111492,-0.8031189437056104,pass,
bckdh_complex_inhibition_negative,harmful_control,147,liver,exercise,0.86472762045,0.06795557534,5.184593612343031,5.997147660118185,3.891274292154709,0.3058000890401933,-0.5978632520520358,pass,
bckdh_complex_inhibition_negative,harmful_control,148,skeletal_muscle,fed,0.96525997875,0.17423677518,13.227616879214668,15.633007296133838,8.687339808750002,1.5681309766200004,-0.4553959898611853,pass,
bckdh_complex_inhibition_negative,harmful_control,149,liver,caloric_restriction,0.981391556025,0.05566980786,1.0894668218586816,1.7186601061522435,1.7186601061524724,0.100205654148,-0.9416954790600728,pass,
bckdh_complex_inhibition_negative,harmful_control,150,adipose_subcutaneous,exercise,0.915276894775,0.0872975628,4.084505768201635,5.209959092174653,4.1187460264875,0.3928390325999999,-0.7151509115462737,pass,
bckdh_complex_inhibition_negative,harmful_control,151,adipose_subcutaneous,caloric_restriction,0.9091244334,0.17424372004,2.549697386255781,2.240939029569386,1.636423980065452,0.3136386960615454,-0.5902816928750133,pass,
bckdh_complex_inhibition_negative,harmful_control,152,skeletal_muscle,caloric_restriction,0.8806092,0.21560428892,4.690137360953461,3.52093704889252,1.5850965600528362,0.3880877200689362,-0.3399688274348468,pass,
bckdh_complex_inhibition_negative,harmful_control,153,liver,exercise,0.7599909978,0.2290183465,5.527061475663666,5.66443734554231,3.4199594902139987,1.030582559284353,-0.4218207008344777,pass,
bckdh_complex_inhibition_negative,harmful_control,154,liver,caloric_restriction,0.9586837394,0.20370883592,2.3349558314075542,2.114946945679593,1.7256307309200003,0.366675904656,-0.6425479509261774,pass,
bckdh_complex_inhibition_negative,harmful_control,155,skeletal_muscle,fed,0.94969850935,0.12751646528,7.550906076347695,7.431575347405753,7.304943817951226,1.14764818752,-0.8285316830677957,pass,
bckdh_complex_inhibition_negative,harmful_control,156,liver,caloric_restriction,0.82498167895,0.21347084556,3.107089921709289,1.7954824743134266,1.4610257864661411,0.3842475220079999,-0.599715274230059,pass,
bckdh_complex_inhibition_negative,harmful_control,157,adipose_subcutaneous,fasted,0.909726703825,0.13847228626,3.884479291383803,2.0488297172609142,1.9660065384014276,0.311562644085,-0.8075067832031729,pass,
bckdh_complex_inhibition_negative,harmful_control,158,liver,fasted,0.83416931665,0.08882335138,1.8852069822399264,3.1461638701696564,1.8768809624625,0.199852540605,-0.5330391203580463,pass,
bckdh_complex_inhibition_negative,harmful_control,159,adipose_subcutaneous,caloric_restriction,0.95856737505,0.20396086074,0.9563044791214718,0.9961780543954885,0.9961780543954885,0.3671295493197624,-0.6314619181783242,pass,
bckdh_complex_inhibition_negative,harmful_control,160,adipose_subcutaneous,fasted,0.7749277485,0.08358651388,1.2164717060613313,1.9965910057112877,1.7340011638809223,0.18806965623,-0.7742855212854086,pass,
bckdh_complex_inhibition_negative,harmful_control,161,skeletal_muscle,fasted,0.917271812475,0.16984582162,3.06406783330134,2.847637446310203,2.0638615781375456,0.3821530986577384,-0.590562707222039,pass,
bckdh_complex_inhibition_negative,harmful_control,162,skeletal_muscle,exercise,0.967211249275,0.12941959472,2.474668680770155,4.617256263006055,4.201606136910749,0.58238817624,-0.783846023377196,pass,
bckdh_complex_inhibition_negative,harmful_control,163,adipose_subcutaneous,exercise,0.8139430343,0.1302199715999999,4.933265385212084,6.684107511837744,3.66274365435,0.5859898721999999,-0.4603088410383857,pass,
bckdh_complex_inhibition_negative,harmful_control,164,adipose_subcutaneous,fasted,0.96992605175,0.10721258108,2.424748193463269,1.5124756342811685,1.5124756342812358,0.24122830743,-0.8405076406109637,pass,
bckdh_complex_inhibition_negative,harmful_control,165,adipose_subcutaneous,caloric_restriction,0.88122747875,0.0619330177,2.3305156638083684,2.073733795160086,1.5862094618028737,0.1114794318637159,-0.7111472231301091,pass,
bckdh_complex_inhibition_negative,harmful_control,166,adipose_subcutaneous,fasted,0.824503032925,0.24255640346,0.9167465511809602,1.390846844837205,1.3908468448373172,0.5457519077849999,-0.6076117871563589,pass,
bckdh_complex_inhibition_negative,harmful_control,167,liver,exercise,0.987424681675,0.14262607848,2.6676808863443684,5.071778823547311,4.4434110675375,0.64181735316,-0.7495582608467504,pass,
bckdh_complex_inhibition_negative,harmful_control,168,liver,fasted,0.92476748105,0.1865000536,3.04003629848364,2.917747756632593,2.0790676057991013,0.4196251206139875,-0.5687409000359565,pass,
bckdh_complex_inhibition_negative,harmful_control,169,skeletal_muscle,exercise,0.816130718325,0.1249779634,3.059672470382336,2.936856677658512,2.936856677658545,0.5624008353187467,-0.8085024578839499,pass,
bckdh_complex_inhibition_negative,harmful_control,170,adipose_subcutaneous,fed,0.92257608195,0.05680640152,12.07030399998832,16.14639164874321,8.30318473755,0.51125761368,-0.4825800893090872,pass,
bckdh_complex_inhibition_negative,harmful_control,171,liver,fed,0.76022702545,0.21180842004,8.161877956696234,8.835032680933882,6.842043229050001,1.90627578036,-0.5586586520886847,pass,
bckdh_complex_inhibition_negative,harmful_control,172,skeletal_muscle,caloric_restriction,0.91329590655,0.21497237072,3.506832569305964,1.792699378546109,1.6050464988518027,0.3869502673088983,-0.679476015956891,pass,
bckdh_complex_inhibition_negative,harmful_control,173,skeletal_muscle,caloric_restriction,0.95316572825,0.12377310302,0.9758735927926976,1.1132334170996516,1.1132334170995215,0.2227915854434263,-0.7998698368002611,pass,
bckdh_complex_inhibition_negative,harmful_control,174,skeletal_muscle,fasted,0.9348983929,0.21742562344,1.9633616412529904,2.279837899197484,2.0182258534092936,0.4892076527399999,-0.6706697003359392,pass,
bckdh_complex_inhibition_negative,harmful_control,175,liver,fed,0.902505807675,0.20612664774,17.602373355688815,9.853857214339875,8.122552269075,1.85513982966,-0.6360364579156185,pass,
bckdh_complex_inhibition_negative,harmful_control,176,adipose_subcutaneous,fasted,0.911977871875,0.0655855701,1.671885077729712,3.3459775444345,2.05195021171875,0.147567532725,-0.569155845699379,pass,
bckdh_complex_inhibition_negative,harmful_control,177,adipose_subcutaneous,fed,0.8541157923,0.09805322098,3.757749935208767,7.0208309378475775,6.916251745559249,0.88247898882,-0.8594100627338368,pass,
bckdh_complex_inhibition_negative,harmful_control,178,liver,exercise,0.9774197409,0.17049667556,4.16934301384801,3.0034193967668763,3.0034193967668763,0.7672350400200002,-0.7445461526798708,pass,
bckdh_complex_inhibition_negative,harmful_control,179,liver,fed,0.8187593908999999,0.1641684774,3.896828000759609,6.935200937711555,6.9352009377117465,1.4775162966000002,-0.7869540753223868,pass,
bckdh_complex_inhibition_negative,harmful_control,180,liver,caloric_restriction,0.976321760675,0.2056116597,2.15002781381961,1.3255174749022671,1.3255174749023322,0.37010098746,-0.7207875456434679,pass,
bckdh_complex_inhibition_negative,harmful_control,181,adipose_subcutaneous,caloric_restriction,0.857010609675,0.14428772364,0.9835877900774558,1.213619182454412,1.2136191824544111,0.2597179025606573,-0.7859972005094653,pass,
bckdh_complex_inhibition_negative,harmful_control,182,adipose_subcutaneous,exercise,0.8507454571999999,0.14459637696,5.12209391526546,5.403533903487841,3.8283545574,0.65068369632,-0.5880727164548548,pass,
bckdh_complex_inhibition_negative,harmful_control,183,adipose_subcutaneous,fasted,0.76165703515,0.09307797812,1.6144965770202722,3.0458165995037354,1.7137283290875005,0.20942545077,-0.4938914833423001,pass,
bckdh_complex_inhibition_negative,harmful_control,184,skeletal_muscle,exercise,0.99195053955,0.2139836354,7.198040358758775,5.114027053241271,4.463777427975,0.9629263593000004,-0.6845585743345177,pass,
bckdh_complex_inhibition_negative,harmful_control,185,adipose_subcutaneous,fed,0.929098449725,0.2343008495,10.127362640699902,10.521495465393752,8.361886047525,2.1087076455,-0.5943241074990078,pass,
bckdh_complex_inhibition_negative,harmful_control,186,liver,exercise,0.789368903575,0.1472323305,3.455769500672436,4.410494856678906,3.5521600660875,0.66254548725,-0.6551678831371257,pass,
bckdh_complex_inhibition_negative,harmful_control,187,skeletal_muscle,fasted,0.77501521925,0.1071621831,2.821486295778864,2.0760990985307712,1.7437842432543738,0.2411149119669628,-0.7237946070834628,pass,
bckdh_complex_inhibition_negative,harmful_control,188,liver,fed,0.898499068725,0.07978899098,22.918659554236587,16.51162468816932,8.086491618255451,0.7181009187960633,-0.4462547349891549,pass,
bckdh_complex_inhibition_negative,harmful_control,189,skeletal_muscle,fed,0.882130118025,0.06300277128,5.649207453028184,5.485755988412657,5.485755988412439,0.5670249415200002,-0.8966368641408912,pass,
bckdh_complex_inhibition_negative,harmful_control,190,skeletal_muscle,exercise,0.88071077205,0.18135092542,6.460619525026096,5.2908063592995465,3.963198474225,0.8160791643900001,-0.5948279139536774,pass,
bckdh_complex_inhibition_negative,harmful_control,191,adipose_subcutaneous,exercise,0.8086539976,0.0852061252,1.907564598320729,3.52414231839166,3.4850230644145923,0.3834275634,-0.8800993889571666,pass,
bckdh_complex_inhibition_negative,harmful_control,192,liver,fasted,0.92575725715,0.16062741266,4.979804709399478,2.746879171465081,2.082953828518068,0.3614116784729529,-0.6267265658892851,pass,
bckdh_complex_inhibition_negative,harmful_control,193,adipose_subcutaneous,fed,0.75322195555,0.11789089398,13.800697350344334,9.32841864544523,6.778997599950001,1.06101804582,-0.6129634369402909,pass,
bckdh_complex_inhibition_negative,harmful_control,194,skeletal_muscle,fed,0.771880630325,0.13793498178,15.891322559279258,9.42612273531894,6.946925672693435,1.2414148359786197,-0.6052871362831629,pass,
bckdh_complex_inhibition_negative,harmful_control,195,skeletal_muscle,exercise,0.76921365835,0.08292457648,2.09835061144752,3.0268202904810195,3.0268202904810195,0.3731605941600001,-0.8767153123251008,pass,
bckdh_complex_inhibition_negative,harmful_control,196,skeletal_muscle,fed,0.8722260767,0.24326788176,12.071739824320794,8.313010006340535,7.75944353903949,2.1894109359129805,-0.6700380005410929,pass,
bckdh_complex_inhibition_negative,harmful_control,197,liver,caloric_restriction,0.8973884957,0.15296429988,1.8947053505670248,1.0647503978467223,1.0647503978467223,0.275335739784,-0.741408183231657,pass,
bckdh_complex_inhibition_negative,harmful_control,198,skeletal_muscle,exercise,0.810524516825,0.2477330666,1.7311119925549316,3.122209340996438,3.122209340996495,1.1147987997,-0.6429455305696573,pass,
bckdh_complex_inhibition_negative,harmful_control,199,liver,fed,0.801102767,0.0566168998,6.17754687816476,6.614782848907003,6.512077003137876,0.5095520981999999,-0.907440960957578,pass,
bckdh_complex_inhibition_negative,harmful_control,200,skeletal_muscle,fed,0.8181596261,0.17901777792,5.66901025129365,10.124821536714292,7.363436634900001,1.6111600012800005,-0.5681361012400353,pass,
bckdh_complex_inhibition_negative,harmful_control,201,adipose_subcutaneous,exercise,0.939184482575,0.1815884883,7.242173303258912,6.540884365233618,4.226330171728377,0.8171481973772383,-0.5212111671736265,pass,
bckdh_complex_inhibition_negative,harmful_control,202,skeletal_muscle,exercise,0.964443511175,0.1257361285,2.0610975188214504,2.724647623602353,2.724647623602346,0.5658125782311395,-0.7923355030097191,pass,
bckdh_complex_inhibition_negative,harmful_control,203,adipose_subcutaneous,exercise,0.8337888776,0.10150599632,2.350121508534816,4.284719644717289,3.7520499492,0.45677698344,-0.7690755146192126,pass,
bckdh_complex_inhibition_negative,harmful_control,204,liver,fed,0.893349972225,0.09751770758,5.055588516060773,8.7024613118822,7.788565474319871,0.87765936822,-0.7941323561719064,pass,
bckdh_complex_inhibition_negative,harmful_control,205,liver,fed,0.991910210775,0.08190812732,9.58341466546838,7.853247427457593,7.85324742745741,0.7371731458554276,-0.9061314249086044,pass,
bckdh_complex_inhibition_negative,harmful_control,206,liver,caloric_restriction,0.96391575545,0.24731729372,1.657348640567798,1.3229605259054886,1.322960525905678,0.445171128696,-0.6635038461248742,pass,
bckdh_complex_inhibition_negative,harmful_control,207,adipose_subcutaneous,caloric_restriction,0.967974719675,0.22520649856,0.9271176472765146,0.8329596832055786,0.8329596832055403,0.4053716974215124,-0.5133357525042385,pass,
bckdh_complex_inhibition_negative,harmful_control,208,liver,fed,0.905423339025,0.17077510888,13.285061819451425,7.627598589143464,7.528500387265627,1.5369759799200002,-0.7855059934424841,pass,
bckdh_complex_inhibition_negative,harmful_control,209,skeletal_muscle,exercise,0.92208613515,0.07032567322,8.998905374573143,6.826284719854303,4.149387608175001,0.31646552949,-0.5614946103166364,pass,
bckdh_complex_inhibition_negative,harmful_control,210,adipose_subcutaneous,exercise,0.91750904495,0.09585484676,5.973735230375669,5.830629389794137,4.128790702412626,0.4313468104343782,-0.6341414699500897,pass,
bckdh_complex_inhibition_negative,harmful_control,211,adipose_subcutaneous,fasted,0.7957023856,0.1653773989799999,1.5054504650269278,1.310533227216768,1.3105332272167616,0.3720991477174032,-0.7160704208105798,pass,
bckdh_complex_inhibition_negative,harmful_control,212,skeletal_muscle,fasted,0.8104055514,0.17182440974,2.952506813359818,3.0135439284439363,1.82341249065,0.386604921915,-0.4767833497210393,pass,
bckdh_complex_inhibition_negative,harmful_control,213,liver,exercise,0.978949390425,0.20360375778,7.442370342004767,5.328043376166893,4.4052722569125,0.91621691001,-0.6548473990488793,pass,
bckdh_complex_inhibition_negative,harmful_control,214,liver,fasted,0.900581372375,0.0967941027,2.9581737505445447,3.031116951402554,2.02630808784375,0.217786731075,-0.5966517906647956,pass,
bckdh_complex_inhibition_negative,harmful_control,215,adipose_subcutaneous,fasted,0.830578322775,0.17248072074,1.4644517928324976,2.134569287918919,1.861295767205084,0.388081621665,-0.6901692785884604,pass,
bckdh_complex_inhibition_negative,harmful_control,216,adipose_subcutaneous,fed,0.82970376175,0.11639192706,7.265064287282709,9.09705244788918,7.467333855749999,1.04752734354,-0.7057018247377047,pass,
bckdh_complex_inhibition_negative,harmful_control,217,skeletal_muscle,fed,0.816132868975,0.16844948542,9.028387951706817,12.706951697171624,7.345195820775,1.5160453687799995,-0.458737122081961,pass,
bckdh_complex_inhibition_negative,harmful_control,218,skeletal_muscle,fed,0.90488535745,0.14454900684,4.778552487587906,4.925869640690959,4.925869640690808,1.30094106156,-0.7358961652550623,pass,
bckdh_complex_inhibition_negative,harmful_control,219,adipose_subcutaneous,caloric_restriction,0.962023326225,0.20370972628,0.7354611037401513,0.919329901104093,0.919329901104093,0.366677507304,-0.6011469801388716,pass,
bckdh_complex_inhibition_negative,harmful_control,220,liver,exercise,0.8771798621,0.07516730376,1.9905630451365068,3.031087091739172,3.031087091739189,0.3382528669087249,-0.8884054279302723,pass,
bckdh_complex_inhibition_negative,harmful_control,221,liver,caloric_restriction,0.8333481512500001,0.1285096326799999,2.112441561524432,2.6011910892102086,1.50002667225,0.2313173388239999,-0.4877416882937325,pass,
bckdh_complex_inhibition_negative,harmful_control,222,skeletal_muscle,exercise,0.91332187725,0.24643280216,4.771748101337255,2.823968438451855,2.8239684384517845,1.1089476097200002,-0.6073087805726279,pass,
bckdh_complex_inhibition_negative,harmful_control,223,liver,caloric_restriction,0.8659142409,0.09635743846,0.5714537336409687,0.9957269611148843,0.9957269611148694,0.1734433892337814,-0.8258122999505835,pass,
bckdh_complex_inhibition_negative,harmful_control,224,adipose_subcutaneous,caloric_restriction,0.78047301085,0.21671917988,1.8885727896743263,1.9782331940690965,1.4048514194831716,0.3900945237709968,-0.5129612114256794,pass,
bckdh_complex_inhibition_negative,harmful_control,225,liver,caloric_restriction,0.75352927475,0.1672564793,1.2604045693295018,2.1058346291122647,1.35635269455,0.30106166274,-0.5011272097158305,pass,
bckdh_complex_inhibition_negative,harmful_control,226,adipose_subcutaneous,exercise,0.897162702475,0.1336251322,14.381205226167324,8.967634943327301,4.037232161272074,0.6013130949200438,-0.3831466253996716,pass,
bckdh_complex_inhibition_negative,harmful_control,227,adipose_subcutaneous,fasted,0.98266997895,0.22500901358,1.1681531899681188,1.9090845718028688,1.9090845718028675,0.5062702805550001,-0.734809925116676,pass,
bckdh_complex_inhibition_negative,harmful_control,228,adipose_subcutaneous,fasted,0.989372245225,0.09268077366,4.492016996745558,3.3966063518231357,2.22608755175625,0.208531740735,-0.5939916499120727,pass,
bckdh_complex_inhibition_negative,harmful_control,229,adipose_subcutaneous,fasted,0.85435971745,0.22865929922,3.842748635559512,1.9580458292632037,1.7949403512880262,0.514483423245,-0.6539463524839211,pass,
bckdh_complex_inhibition_negative,harmful_control,230,adipose_subcutaneous,exercise,0.847795328575,0.15528370104,4.2991848619046005,4.496045085392462,3.8150789785875,0.69877665468,-0.6931207905437355,pass,
bckdh_complex_inhibition_negative,harmful_control,231,adipose_subcutaneous,fed,0.899173888225,0.10386301312,9.494434138071306,5.916740508196448,5.916740508196414,0.9347671180800002,-0.8420131630269904,pass,
bckdh_complex_inhibition_negative,harmful_control,232,adipose_subcutaneous,exercise,0.9251744009,0.1243647842,14.189660227776148,9.091231858487848,4.16328480405,0.5596415289000001,-0.3963866867816741,pass,
bckdh_complex_inhibition_negative,harmful_control,233,skeletal_muscle,fasted,0.76001295305,0.1929653576,2.5978295848291606,2.223070915695306,1.7100291443625002,0.4341720545999999,-0.5739165047568682,pass,
bckdh_complex_inhibition_negative,harmful_control,234,adipose_subcutaneous,fed,0.9188623611,0.1983127508,2.686968546970917,4.97041731813275,4.97041731813276,1.7848147572,-0.6409124942711056,pass,
bckdh_complex_inhibition_negative,harmful_control,235,liver,fasted,0.890431369075,0.10247445022,1.523613482874882,1.3213391590203731,1.3213391590203196,0.230567512995,-0.8255046696973745,pass,
bckdh_complex_inhibition_negative,harmful_control,236,liver,fed,0.7734948350999999,0.18565730544,6.554563756115517,5.801054041745919,5.801054041745919,1.6709157489600002,-0.7119634230373224,pass,
bckdh_complex_inhibition_negative,harmful_control,237,skeletal_muscle,exercise,0.76369930205,0.2302133529,4.215278076254758,8.169814183710594,3.436646859225,1.03596008805,-0.2938483932672074,pass,
bckdh_complex_inhibition_negative,harmful_control,238,liver,fasted,0.7510133237,0.1652887997,0.8137894388686129,1.5901196866065006,1.5672068326876532,0.371899799325,-0.7517088452087382,pass,
bckdh_complex_inhibition_negative,harmful_control,239,adipose_subcutaneous,caloric_restriction,0.902293433925,0.17185569224,0.7061111725742496,1.00462982661612,1.0046298266161011,0.309340246032,-0.6920853454311974,pass,
bckdh_complex_inhibition_negative,harmful_control,240,adipose_subcutaneous,caloric_restriction,0.80431232525,0.1419730403,2.3491310035196875,2.391184088767022,1.4477621854499998,0.25555147254,-0.4985859175421099,pass,
bckdh_complex_inhibition_negative,harmful_control,241,adipose_subcutaneous,caloric_restriction,0.8721919983499999,0.20858152956,1.7300863170638237,1.4901913717231243,1.4787207315402906,0.3754467531954851,-0.7403572449014236,pass,
bckdh_complex_inhibition_negative,harmful_control,242,skeletal_muscle,caloric_restriction,0.910980960225,0.15750892606,1.9052228941617375,1.012106630206673,1.0121066302066852,0.2835160668985494,-0.7198752992650161,pass,
bckdh_complex_inhibition_negative,harmful_control,243,liver,fed,0.835645214425,0.08817923916,16.667608439494643,15.718193509255933,7.520806929824999,0.79361315244,-0.4279877183992915,pass,
bckdh_complex_inhibition_negative,harmful_control,244,adipose_subcutaneous,caloric_restriction,0.810838268675,0.2412176442,0.6252025695057107,1.085503167435102,1.085503167435102,0.43419175956,-0.6000087585318274,pass,
bckdh_complex_inhibition_negative,harmful_control,245,skeletal_muscle,fed,0.984370571425,0.22575059776,10.343374996918412,9.716629018599708,8.859335142825,2.03175537984,-0.7026695935303849,pass,
bckdh_complex_inhibition_negative,harmful_control,246,skeletal_muscle,caloric_restriction,0.929456053425,0.14460631876,1.6421480231864876,1.1040281856344123,1.1040281856344518,0.260291373768,-0.7642348473029351,pass,
bckdh_complex_inhibition_negative,harmful_control,247,adipose_subcutaneous,caloric_restriction,0.90953780575,0.18976599856,2.3955672363331435,2.176188360189854,1.63716805035,0.341578797408,-0.5953479380015481,pass,
bckdh_complex_inhibition_negative,harmful_control,248,skeletal_muscle,exercise,0.86611706155,0.05188267074,7.430068179424945,3.8290650851635375,3.721467254356656,0.23347201833,-0.9109260768487788,pass,
bckdh_complex_inhibition_negative,harmful_control,249,liver,caloric_restriction,0.906745554725,0.07014579724,1.155248411401811,1.0748835820898557,1.0748835820897946,0.126262435032,-0.8825338509807976,pass,
bckdh_complex_inhibition_negative,harmful_control,250,liver,exercise,0.85413639285,0.10534676582,8.64288359816625,5.280976684007371,3.843613767825,0.47406044619,-0.6380549514333543,pass,
bckdh_complex_inhibition_negative,harmful_control,251,liver,fasted,0.958579405825,0.07480351384,2.4242307144626207,2.2860370707030686,2.1192410966193345,0.16830790614,-0.8534127532233442,pass,
bckdh_complex_inhibition_negative,harmful_control,252,skeletal_muscle,fasted,0.949748452775,0.13638653402,2.216188468729618,1.120694381707135,1.120694381707135,0.306869701545,-0.7261789596218459,pass,
bckdh_complex_inhibition_negative,harmful_control,253,liver,fasted,0.83097112525,0.19627150352,1.8660173867566967,1.9535193121389711,1.7961029927736405,0.4416108829199999,-0.6933599793137256,pass,
bckdh_complex_inhibition_negative,harmful_control,254,skeletal_muscle,caloric_restriction,0.8394500082,0.11900492986,2.814133041814011,2.6383196045073016,1.511010014709633,0.2142088737408597,-0.4915254159326717,pass,
bckdh_complex_inhibition_negative,harmful_control,255,adipose_subcutaneous,caloric_restriction,0.889498615725,0.1270073268,4.37422423389708,3.4864530626190278,1.6010975083049996,0.2286131882399999,-0.3936620672684427,pass,
bckdh_complex_inhibition_negative,harmful_control,256,adipose_subcutaneous,caloric_restriction,0.974717312175,0.05607554708,2.3527733583391286,1.4089396915970365,1.390397918606266,0.1009359847439999,-0.9152002328791362,pass,
bckdh_complex_inhibition_negative,harmful_control,257,liver,exercise,0.819577715775,0.06008756906,3.196510340784738,5.799915566985868,3.688099720864564,0.2703940607609869,-0.5892681747916735,pass,
bckdh_complex_inhibition_negative,harmful_control,258,adipose_subcutaneous,fasted,0.8831477516,0.0552292612,0.9349751371766124,1.3514535468368123,1.351453546836757,0.1242658377,-0.9080502337716972,pass,
bckdh_complex_inhibition_negative,harmful_control,259,liver,exercise,0.9164601015,0.2316121864999999,5.081966908085695,3.794273904376514,3.794273904376505,1.042254839215258,-0.7253084870828445,pass,
bckdh_complex_inhibition_negative,harmful_control,260,adipose_subcutaneous,fasted,0.982732189275,0.15271288954,1.1847174733130703,2.1229186000257,2.104527008603396,0.343604001465,-0.8294821135002907,pass,
bckdh_complex_inhibition_negative,harmful_control,261,skeletal_muscle,exercise,0.8926666925,0.11111423996,2.097359217616389,2.7758316108640413,2.775831610864097,0.5000140798033329,-0.8198687276827874,pass,
bckdh_complex_inhibition_negative,harmful_control,262,liver,caloric_restriction,0.96008681735,0.2492297508,0.5300730148693197,0.9942400219897516,0.9942400219897516,0.44861355144,-0.5487874743342164,pass,
bckdh_complex_inhibition_negative,harmful_control,263,liver,fed,0.915115219475,0.12522862752,7.831300278083233,8.07113697412367,7.861318059045178,1.1270576476424317,-0.834363291441219,pass,
bckdh_complex_inhibition_negative,harmful_control,264,liver,fasted,0.8348820495,0.20893392924,2.320994247082111,1.4947737409840722,1.4825155310702098,0.4701013408056701,-0.6773026328372782,pass,
bckdh_complex_inhibition_negative,harmful_control,265,liver,fasted,0.7931332894,0.0823828056,1.4081383631451545,1.3803990450129646,1.3803990450129646,0.1853613126061787,-0.8657190373494951,pass,
bckdh_complex_inhibition_negative,harmful_control,266,liver,fed,0.808260788425,0.13541906344,11.861355918224596,12.508149216509228,7.274347095824999,1.2187715709599998,-0.4841304193007532,pass,
bckdh_complex_inhibition_negative,harmful_control,267,liver,exercise,0.9984332541,0.24658149982,9.242627198138369,9.268183271687194,4.49294964345,1.10961674919,-0.3650481216308634,pass,
bckdh_complex_inhibition_negative,harmful_control,268,liver,fasted,0.902500245175,0.17249962788,3.885075396136044,2.146028846526706,2.030625551576062,0.3881241627170625,-0.7653678055247705,pass,
bckdh_complex_inhibition_negative,harmful_control,269,skeletal_muscle,fasted,0.9493089068,0.20773947154,0.735577761522403,1.2458647770884297,1.2458647770884297,0.4674138109649999,-0.6248278147349666,pass,
bckdh_complex_inhibition_negative,harmful_control,270,skeletal_muscle,caloric_restriction,0.815300995425,0.12547639722,4.5568408633389765,3.3208733552314462,1.4675417917649998,0.225857514996,-0.3739029297256839,pass,
bckdh_complex_inhibition_negative,harmful_control,271,adipose_subcutaneous,exercise,0.812785130225,0.2436337636,6.570655672315651,6.236171338019426,3.6575330860125,1.0963519362,-0.4106976878903262,pass,
bckdh_complex_inhibition_negative,harmful_control,272,liver,fasted,0.8124100947,0.24844254954,3.018768319714483,1.684729332863531,1.6355449683599002,0.558995736465,-0.6390042666765299,pass,
bckdh_complex_inhibition_negative,harmful_control,273,adipose_subcutaneous,fed,0.75598374215,0.09054077532,14.011489376574248,13.013265982582247,6.80385367935,0.8148669778800001,-0.4602216468552957,pass,
bckdh_complex_inhibition_negative,harmful_control,274,skeletal_muscle,fasted,0.76559569175,0.09079070106,1.638055412138682,1.932129893186844,1.6953895862815629,0.204279077385,-0.7717444433495793,pass,
bckdh_complex_inhibition_negative,harmful_control,275,adipose_subcutaneous,caloric_restriction,0.77381917305,0.08081858842,1.6706504495198633,3.3090123782749368,1.39287451149,0.145473459156,-0.3769708026853313,pass,
bckdh_complex_inhibition_negative,harmful_control,276,adipose_subcutaneous,fasted,0.9435133081,0.16433682382,2.0252667977864864,2.4828196932258084,2.122904943225,0.3697578535950001,-0.7061113194862008,pass,
bckdh_complex_inhibition_negative,harmful_control,277,adipose_subcutaneous,exercise,0.9009082645,0.1539342901199999,13.795463036619456,9.187921996954136,4.05408719025,0.69270430554,-0.3658479997788753,pass,
bckdh_complex_inhibition_negative,harmful_control,278,skeletal_muscle,fed,0.839529903375,0.14982055524,12.292785149279258,11.223509282635549,7.555769130375,1.3483849971599997,-0.5530698088180632,pass,
bckdh_complex_inhibition_negative,harmful_control,279,skeletal_muscle,exercise,0.806720545275,0.24612296278,13.734473731869503,9.15156258604296,3.630242453616492,1.1075533324730815,-0.2756566539784977,pass,
bckdh_complex_inhibition_negative,harmful_control,280,liver,fed,0.8783742556,0.21178763998,7.63412937687692,7.307687777503209,6.948812716017197,1.90608875982,-0.6900573902077854,pass,
bckdh_complex_inhibition_negative,harmful_control,281,adipose_subcutaneous,fasted,0.89519020595,0.07507658688,0.9486524100095106,1.6789565305803746,1.6789565305803746,0.16892232048,-0.8993885086342243,pass,
bckdh_complex_inhibition_negative,harmful_control,282,skeletal_muscle,exercise,0.7958320507,0.17912018912,6.0428283863480505,5.000261146771251,3.581244228269374,0.8060408510668678,-0.5550116875384598,pass,
bckdh_complex_inhibition_negative,harmful_control,283,adipose_subcutaneous,exercise,0.80384506995,0.13017641034,2.899465509438057,2.9885419202222288,2.9885419202222443,0.58579384653,-0.8039867392971269,pass,
bckdh_complex_inhibition_negative,harmful_control,284,skeletal_muscle,fasted,0.863933461925,0.14704062552,3.156845310612377,3.62923812671103,1.94385028933125,0.33084140742,-0.4444483457945558,pass,
bckdh_complex_inhibition_negative,harmful_control,285,adipose_subcutaneous,fed,0.8018002996,0.2471120962,4.130865330067134,4.423062651662798,4.423062651662791,2.224008865800001,-0.4971789818613766,pass,
bckdh_complex_inhibition_negative,harmful_control,286,adipose_subcutaneous,exercise,0.883520631375,0.23172338182,5.855031981945621,7.886392911817995,3.9758428411875,1.0427552181900002,-0.3719175110591029,pass,
bckdh_complex_inhibition_negative,harmful_control,287,skeletal_muscle,fed,0.8441367265,0.1763376569,20.38438347419844,16.256675793504815,7.597230538500001,1.5870389121,-0.3697060643112111,pass,
bckdh_complex_inhibition_negative,harmful_control,288,adipose_subcutaneous,caloric_restriction,0.774722910175,0.06756805498,2.33341502041769,1.1992037880862347,1.199203788086106,0.1216224989639999,-0.8985806247675204,pass,
bckdh_complex_inhibition_negative,harmful_control,289,skeletal_muscle,caloric_restriction,0.8044618387,0.22154307754,4.807163472440043,3.0056943076972567,1.4480313096599997,0.3987775395719999,-0.3490886506325593,pass,
bckdh_complex_inhibition_negative,harmful_control,290,adipose_subcutaneous,fed,0.9554085722,0.06477330248,3.343386149882569,5.136983753621714,5.136983753621746,0.5829597223199999,-0.8865171177718899,pass,
bckdh_complex_inhibition_negative,harmful_control,291,adipose_subcutaneous,caloric_restriction,0.847213056175,0.20962902264,0.8186514229513122,1.2356520129862414,1.23565201298628,0.3773322407645777,-0.6946290405397976,pass,
bckdh_complex_inhibition_negative,harmful_control,292,adipose_subcutaneous,exercise,0.988743404075,0.0721593521,15.40331595521772,9.085700688784664,4.4493453183375005,0.32471708445,-0.4539691956811782,pass,
bckdh_complex_inhibition_negative,harmful_control,293,skeletal_muscle,exercise,0.84922008185,0.10220050098,5.310911738670198,5.33317278454628,3.821490368325001,0.45990225441,-0.6303167457194973,pass,
bckdh_complex_inhibition_negative,harmful_control,294,skeletal_muscle,caloric_restriction,0.98939672205,0.08498827206,3.083908805579919,1.576648846265783,1.5511718944782014,0.1529788897029007,-0.8868131975530591,pass,
bckdh_complex_inhibition_negative,harmful_control,295,liver,caloric_restriction,0.9458060679,0.23792337826,1.705369742750355,1.5200032210695846,1.4890061470635612,0.428262080868,-0.6978564594416745,pass,
bckdh_complex_inhibition_negative,harmful_control,296,skeletal_muscle,fed,0.97576633595,0.2098223411,11.164552214447507,7.214394257608001,7.214394257608001,1.8884010699000005,-0.7382453741132083,pass,
bckdh_complex_inhibition_negative,harmful_control,297,skeletal_muscle,caloric_restriction,0.8494368542,0.06389803182,1.02158261852932,1.7136089736666662,1.52898633756,0.1150164572759999,-0.8251415007815242,pass,
bckdh_complex_inhibition_negative,harmful_control,298,liver,fasted,0.963224834825,0.20664784302,3.3180236068599167,2.716784893148432,2.16725587835625,0.464957646795,-0.6265855776268279,pass,
bckdh_complex_inhibition_negative,harmful_control,299,liver,fasted,0.913281119975,0.12693776396,2.2712046562845414,3.5449053708932743,2.054882519943749,0.28560996891,-0.4991029000551046,pass,
bckdh_complex_inhibition_negative,harmful_control,300,skeletal_muscle,exercise,0.78759758355,0.19055075906,3.61062850461634,2.568838140092824,2.568838140092514,0.8574784157700002,-0.6661999047790043,pass,
bckdh_complex_inhibition_negative,harmful_control,301,skeletal_muscle,caloric_restriction,0.90523272275,0.202701782,0.7247654602364539,1.0339434068715645,1.0339434068715645,0.3648632075999999,-0.6471149144381333,pass,
bckdh_complex_inhibition_negative,harmful_control,302,adipose_subcutaneous,caloric_restriction,0.847421687775,0.12079749098,2.035328332374689,1.2299702323878017,1.22997023238782,0.217435483764,-0.8232189055975254,pass,
bckdh_complex_inhibition_negative,harmful_control,303,skeletal_muscle,caloric_restriction,0.7781875267,0.16805294276,1.1100277982791529,2.187868277028427,1.40073754806,0.302495296968,-0.5019690913859027,pass,
bckdh_complex_inhibition_negative,harmful_control,304,liver,exercise,0.867280252725,0.11473380908,4.698232897759853,7.197173668536568,3.902761137132408,0.5163021408427899,-0.4705262304693282,pass,
bckdh_complex_inhibition_negative,harmful_control,305,skeletal_muscle,fasted,0.988660198025,0.12816392194,2.802426666601053,2.158943628847163,1.9612928389979825,0.2883688243746123,-0.774880822393997,pass,
bckdh_complex_inhibition_negative,harmful_control,306,liver,exercise,0.937976057375,0.18698495218,1.9903702515318693,2.658641430486146,2.6586414304861314,0.84143228481,-0.6835104293638595,pass,
bckdh_complex_inhibition_negative,harmful_control,307,skeletal_muscle,caloric_restriction,0.862469701,0.13109494958,3.219209193191003,2.647623793780252,1.5524454617999996,0.235970909244,-0.4972287058488584,pass,
bckdh_complex_inhibition_negative,harmful_control,308,skeletal_muscle,exercise,0.770478535625,0.19178371366,4.203871755695967,3.748757029982455,3.452339088881494,0.8630267114412326,-0.6907122432131538,pass,
bckdh_complex_inhibition_negative,harmful_control,309,liver,fed,0.830444821225,0.13553620872,11.589797296887587,10.41206688674945,7.474003391025,1.21982587848,-0.6006662827439342,pass,
bckdh_complex_inhibition_negative,harmful_control,310,adipose_subcutaneous,caloric_restriction,0.782621221325,0.09149618038,1.0562398516837035,1.908120872745196,1.408718198385,0.164693124684,-0.6519634534007442,pass,
bckdh_complex_inhibition_negative,harmful_control,311,adipose_subcutaneous,fed,0.912277182725,0.2125765504,6.358640393522324,6.256143626000084,6.256143626000375,1.9131889536,-0.6941903722208944,pass,
bckdh_complex_inhibition_negative,harmful_control,312,liver,exercise,0.8277773282,0.2091640995599999,3.1552714618232343,6.103786159904649,3.724997976900001,0.94123844802,-0.4560709461229695,pass,
bckdh_complex_inhibition_negative,harmful_control,313,adipose_subcutaneous,caloric_restriction,0.94627457815,0.21171001354,3.626019888411776,2.1978903344448533,1.7032942407267764,0.3810780243847026,-0.6015842536001875,pass,
bckdh_complex_inhibition_negative,harmful_control,314,skeletal_muscle,fed,0.975636085525,0.2192803648,19.75596372171582,15.427450963685372,8.780724769725,1.9735232832,-0.4412395477741883,pass,
bckdh_complex_inhibition_negative,harmful_control,315,adipose_subcutaneous,caloric_restriction,0.8834466554,0.21357363992,0.9712527851306352,1.6459877590869838,1.540752004131257,0.384432551856,-0.7025079292914416,pass,
bckdh_complex_inhibition_negative,harmful_control,316,adipose_subcutaneous,fasted,0.90052106575,0.1527853754399999,2.7692822201147687,2.1021795822930445,1.982353398688805,0.343767094728541,-0.7794701831196098,pass,
bckdh_complex_inhibition_negative,harmful_control,317,liver,fed,0.979407566775,0.09060302458,18.19216712368048,9.470522290693353,8.580270552881975,0.81542722122,-0.8198959986919052,pass,
bckdh_complex_inhibition_negative,harmful_control,318,adipose_subcutaneous,caloric_restriction,0.8260676534,0.18979840616,1.9546288277221864,1.0055240137066073,1.00552401370661,0.3416371310880001,-0.6602397094141597,pass,
bckdh_complex_inhibition_negative,harmful_control,319,skeletal_muscle,fasted,0.7606587275,0.06066005658,5.451684558545134,3.098328486033948,1.7114821368179505,0.1364851273004504,-0.5083376461266035,pass,
bckdh_complex_inhibition_negative,harmful_control,320,liver,caloric_restriction,0.837450230675,0.24723028462,3.08817548566974,2.887489961682782,1.507410415215,0.445014512316,-0.3679305961222643,pass,
bckdh_complex_inhibition_negative,harmful_control,321,adipose_subcutaneous,exercise,0.854955691925,0.09012756672,6.528078611856455,3.722925360604777,3.6002317467680376,0.4055740502535192,-0.8581041485063661,pass,
bckdh_complex_inhibition_negative,harmful_control,322,liver,fasted,0.78746738305,0.13347674958,0.8912239237656079,1.264299291508043,1.2642992915079665,0.300322686555,-0.7624591830650677,pass,
bckdh_complex_inhibition_negative,harmful_control,323,adipose_subcutaneous,exercise,0.912022977375,0.1022064079,1.423749199390531,2.62491849341421,2.624918493414288,0.4599288355499999,-0.8247835745361769,pass,
bckdh_complex_inhibition_negative,harmful_control,324,adipose_subcutaneous,fasted,0.765741188675,0.06045732478,2.901845744106545,1.414982534030615,1.414982534030627,0.136028980755,-0.9038652580625812,pass,
bckdh_complex_inhibition_negative,harmful_control,325,liver,fasted,0.777350859925,0.12226032102,0.735687339987204,1.320989593179398,1.3209895931794111,0.275085722295,-0.7917578429721749,pass,
bckdh_complex_inhibition_negative,harmful_control,326,adipose_subcutaneous,fasted,0.78938498525,0.1871520184,3.078153819011925,2.304782426168841,1.7761162168717042,0.4210920414140364,-0.587918477715086,pass,
bckdh_complex_inhibition_negative,harmful_control,327,skeletal_muscle,fasted,0.96201029495,0.07164738468,1.861299360454316,3.4501657389395004,2.1645231636375,0.16120661553,-0.5806435689443928,pass,
bckdh_complex_inhibition_negative,harmful_control,328,skeletal_muscle,fed,0.79512203315,0.07441285636,2.134468681697301,4.227896399417426,4.227896399417308,0.66971570724,-0.8415959985839768,pass,
bckdh_complex_inhibition_negative,harmful_control,329,adipose_subcutaneous,exercise,0.944914310725,0.17981934366,1.657457613179022,3.0530896440427653,3.053089644042746,0.8091870464700002,-0.7349612553798028,pass,
bckdh_complex_inhibition_negative,harmful_control,330,skeletal_muscle,fasted,0.863240126925,0.13728041132,0.9711140806461503,1.804400559900139,1.8044005599002944,0.30888092547,-0.8288179840251552,pass,
bckdh_complex_inhibition_negative,harmful_control,331,adipose_subcutaneous,exercise,0.920772267075,0.13088423646,1.833809250530392,2.58778651251295,2.587786512513019,0.5889790640700001,-0.7724004429183051,pass,
bckdh_complex_inhibition_negative,harmful_control,332,liver,exercise,0.930757930225,0.11278016974,3.053259570527149,3.920965627670956,3.893103588630267,0.50751076383,-0.8634589400395486,pass,
bckdh_complex_inhibition_negative,harmful_control,333,liver,fasted,0.8697719777,0.20888770992,3.706955887436964,3.923423127648687,1.956986949825,0.46999734732,-0.3790031189922039,pass,
bckdh_complex_inhibition_negative,harmful_control,334,adipose_subcutaneous,exercise,0.92640835945,0.16162422156,7.152672753918273,9.656628057338542,4.168837617525,0.7273089970200001,-0.3563903051945357,pass,
bckdh_complex_inhibition_negative,harmful_control,335,skeletal_muscle,fasted,0.953523953325,0.21924739304,7.678038788118629,4.357535368219638,2.145428895052764,0.4933066343564435,-0.3791414460443794,pass,
bckdh_complex_inhibition_negative,harmful_control,336,skeletal_muscle,fasted,0.917178040275,0.05414084712,2.249393983657036,2.4828706738897424,2.06365059061875,0.12181690602,-0.7820921584919334,pass,
bckdh_complex_inhibition_negative,harmful_control,337,adipose_subcutaneous,fed,0.9480632166,0.1814185851,6.695871802896759,7.210501939480085,7.210501939480116,1.6327672658455743,-0.7735570589190807,pass,
bckdh_complex_inhibition_negative,harmful_control,338,adipose_subcutaneous,caloric_restriction,0.79233681835,0.22315712528,3.287231725910715,2.263275849542649,1.42620627303,0.401682825504,-0.4526728139360611,pass,
bckdh_complex_inhibition_negative,harmful_control,339,adipose_subcutaneous,fed,0.973925220175,0.146087489,8.81359112276879,5.5967864383504144,5.596786438350598,1.3147874010000002,-0.7650817276159398,pass,
bckdh_complex_inhibition_negative,harmful_control,340,adipose_subcutaneous,fed,0.95225909565,0.12592670542,20.68597402204064,15.51837968670652,8.570331860849999,1.13334034878,-0.4792376306168571,pass,
bckdh_complex_inhibition_negative,harmful_control,341,liver,exercise,0.885879690325,0.22687893894,4.564799970313097,3.432500363605958,3.432500363605925,1.0209552251959682,-0.7025622382969092,pass,
bckdh_complex_inhibition_negative,harmful_control,342,adipose_subcutaneous,caloric_restriction,0.835004244175,0.11120598774,1.3233502970614208,1.56689466974882,1.4794636032759916,0.200170777932,-0.8164510672239812,pass,
bckdh_complex_inhibition_negative,harmful_control,343,skeletal_muscle,fasted,0.933662408825,0.09449083732,3.210799198000444,2.063394269047436,2.0274437697227605,0.21260438397,-0.8795407707469205,pass,
bckdh_complex_inhibition_negative,harmful_control,344,liver,caloric_restriction,0.9730773029,0.12202612856,1.0608362958266326,1.6189757605083406,1.600597083990711,0.2196470314006784,-0.8529775962528493,pass,
bckdh_complex_inhibition_negative,harmful_control,345,skeletal_muscle,exercise,0.7677407011,0.08018751164,4.67957949270354,4.400228294717062,3.45483315495,0.36084380238,-0.703142915626596,pass,
bckdh_complex_inhibition_negative,harmful_control,346,adipose_subcutaneous,exercise,0.996569330475,0.09406383482,3.7642048814641447,6.608357757887244,4.4845619871375,0.42328725669,-0.6145664141140459,pass,
bckdh_complex_inhibition_negative,harmful_control,347,skeletal_muscle,caloric_restriction,0.902390314325,0.21781038432,1.2099752435024893,1.6296469963070177,1.5035394915632454,0.3920586917629313,-0.6820377678841293,pass,
bckdh_complex_inhibition_negative,harmful_control,348,liver,fed,0.99457809765,0.06725180158,11.156625683537795,9.797780782425686,8.765642334909195,0.6052662141998245,-0.832880047219128,pass,
bckdh_complex_inhibition_negative,harmful_control,349,skeletal_muscle,caloric_restriction,0.89873385295,0.18870984542,2.946885894335582,2.5883542782517406,1.617720935363924,0.3396777217673226,-0.4937667244144931,pass,
bckdh_complex_inhibition_negative,harmful_control,350,adipose_subcutaneous,fasted,0.92841357535,0.23594049182,0.830573499061387,1.4142852254039129,1.4142852254038742,0.5308661066126956,-0.6246399968852665,pass,
bckdh_complex_inhibition_negative,harmful_control,351,skeletal_muscle,fasted,0.883978322375,0.06922828234,1.4841217074034,1.523025245797378,1.5230252457973634,0.155763635265,-0.897727476484827,pass,
bckdh_complex_inhibition_negative,harmful_control,352,adipose_subcutaneous,fasted,0.8497330797,0.24596261516,2.5665141061301493,2.792938342873388,1.91189942926127,0.5534158840915527,-0.486399403923863,pass,
bckdh_complex_inhibition_negative,harmful_control,353,liver,exercise,0.8109307062,0.16791782216,2.683111919446826,3.7721091357903385,3.4341864881528745,0.7556301997200001,-0.7100951197350919,pass,
bckdh_complex_inhibition_negative,harmful_control,354,liver,exercise,0.8037185891,0.20505441586,3.174525305895654,2.952446714766162,2.9524467147662543,0.92274487137,-0.687464343808491,pass,
bckdh_complex_inhibition_negative,harmful_control,355,skeletal_muscle,fasted,0.95949348475,0.15309546,2.7831511394473547,2.914508130413306,2.1588603406875,0.344464785,-0.6225391985543033,pass,
bckdh_complex_inhibition_negative,harmful_control,356,adipose_subcutaneous,exercise,0.999422552325,0.23523734402,3.472384478798168,4.8995832075206165,4.407996276872348,1.0585680480900002,-0.6836149294579061,pass,
bckdh_complex_inhibition_negative,harmful_control,357,liver,fasted,0.967882865875,0.07827023768,2.635845549000791,1.5244101685515936,1.5244101685516027,0.1761080347741297,-0.8844746391704745,pass,
bckdh_complex_inhibition_negative,harmful_control,358,liver,caloric_restriction,0.962673876775,0.14984623486,0.8104811501166099,1.2511546209410165,1.2511546209410165,0.269723222748,-0.7844205518378407,pass,
bckdh_complex_inhibition_negative,harmful_control,359,liver,exercise,0.853116953025,0.06486827742,4.304477491869839,7.001568172106493,3.8390262886125,0.29190724839,-0.5066177966178843,pass,
bckdh_complex_inhibition_negative,harmful_control,360,liver,exercise,0.86746278655,0.06260633486,4.025268666330375,2.936458865612883,2.93645886561289,0.2817285068699999,-0.9040584187406308,pass,
bckdh_complex_inhibition_negative,harmful_control,361,liver,exercise,0.785586731725,0.10570631436,1.8730696663325732,2.34864927765572,2.3486492776555066,0.4756784146199999,-0.7974672424930952,pass,
bckdh_complex_inhibition_negative,harmful_control,362,skeletal_muscle,fed,0.902998174625,0.19117919884,6.846516762557555,7.503094238233525,7.503094238233525,1.72061278956,-0.7706795709972198,pass,
bckdh_complex_inhibition_negative,harmful_control,363,adipose_subcutaneous,exercise,0.955703307125,0.23736473224,7.873987409109727,6.550771021275319,4.300664881919145,1.0681412950443954,-0.4934569650467549,pass,
bckdh_complex_inhibition_negative,harmful_control,364,skeletal_muscle,fasted,0.997388643725,0.12407808972,2.919329129156141,3.3016589895772874,2.2441244483812497,0.27917570187,-0.5951398229539213,pass,
bckdh_complex_inhibition_negative,harmful_control,365,skeletal_muscle,fasted,0.990180495875,0.21340057236,2.377528921565897,2.960866108494276,2.2279061157187496,0.48015128781,-0.5902849922509856,pass,
bckdh_complex_inhibition_negative,harmful_control,366,adipose_subcutaneous,fasted,0.85841148075,0.05959849338,1.570898567675536,2.9297628977785983,1.9314258316875,0.134096610105,-0.6134725861076569,pass,
bckdh_complex_inhibition_negative,harmful_control,367,adipose_subcutaneous,caloric_restriction,0.8457242122,0.20812100936,1.2437827845843976,1.3529732277574056,1.3529732277574271,0.3746178168604873,-0.7231151295717758,pass,
bckdh_complex_inhibition_negative,harmful_control,368,skeletal_muscle,exercise,0.8420144816,0.08825649638,2.539329525156414,3.64078953237887,3.64078953237887,0.39715423371,-0.8909153549860649,pass,
bckdh_complex_inhibition_negative,harmful_control,369,skeletal_muscle,fasted,0.9873114757,0.14027891918,1.2461160839233416,1.3184020897232165,1.3184020897231128,0.315627568155,-0.7605984011893019,pass,
bckdh_complex_inhibition_negative,harmful_control,370,liver,fasted,0.8857735102,0.13391873316,1.6540299083215937,1.4443083486826849,1.4443083486826975,0.3013171496200439,-0.7913761629261129,pass,
bckdh_complex_inhibition_negative,harmful_control,371,liver,caloric_restriction,0.8077789799,0.0915221382,6.066230039482648,3.1741140651062083,1.4540021638199998,0.16473984876,-0.4061802092222102,pass,
bckdh_complex_inhibition_negative,harmful_control,372,skeletal_muscle,fed,0.93183218305,0.21696005296,17.150932760969813,10.101705779426874,8.38648964745,1.9526404766400005,-0.6369072027333414,pass,
bckdh_complex_inhibition_negative,harmful_control,373,adipose_subcutaneous,fed,0.944286244575,0.0761689902,9.663966714846875,5.512199710744481,5.512199710744487,0.6855209118000001,-0.8756356903281708,pass,
bckdh_complex_inhibition_negative,harmful_control,374,skeletal_muscle,caloric_restriction,0.941255444225,0.19713372912,4.12690079443002,2.1369086080932664,1.6942597996049995,0.354840712416,-0.626802232962197,pass,
bckdh_complex_inhibition_negative,harmful_control,375,liver,fed,0.872371484,0.19278541364,10.01998298441437,5.977703366126574,5.977703366126574,1.73506872276,-0.7097432548105365,pass,
bckdh_complex_inhibition_negative,harmful_control,376,skeletal_muscle,fasted,0.945739274325,0.06603617132,3.1697116081766503,1.6276378499349478,1.6276378499349038,0.14858138547,-0.9087134859416164,pass,
bckdh_complex_inhibition_negative,harmful_control,377,skeletal_muscle,exercise,0.982883349575,0.18014264802,6.1371295709836655,6.065744927760703,4.422975072940067,0.8106419160629788,-0.5955300131966903,pass,
bckdh_complex_inhibition_negative,harmful_control,378,skeletal_muscle,fasted,0.752283166125,0.2208213019,4.302463548158342,2.281077165162204,1.69263712378125,0.496847929275,-0.5242212814055414,pass,
bckdh_complex_inhibition_negative,harmful_control,379,skeletal_muscle,caloric_restriction,0.9179046142,0.09876735656,1.762013293400083,1.10061758839587,1.1006175883958391,0.177781241808,-0.8384713785401671,pass,
bckdh_complex_inhibition_negative,harmful_control,380,adipose_subcutaneous,fed,0.8772174702,0.05999388302,5.857749750998006,5.515762368079741,5.515762368079741,0.53994494718,-0.90210873653573,pass,
bckdh_complex_inhibition_negative,harmful_control,381,adipose_subcutaneous,fed,0.808342650825,0.2498267883,4.941243731676347,7.266903256077285,6.925557378230241,2.2484410946999995,-0.6436189004743921,pass,
bckdh_complex_inhibition_negative,harmful_control,382,skeletal_muscle,caloric_restriction,0.8121669643,0.1089094545,2.0831982632244417,1.2054665075433642,1.205466507543161,0.1960370181,-0.8373766364527958,pass,
bckdh_complex_inhibition_negative,harmful_control,383,skeletal_muscle,fed,0.85421635895,0.05526928404,10.30761990902556,13.68408117036554,7.687947230550001,0.49742355636,-0.5254663126203833,pass,
bckdh_complex_inhibition_negative,harmful_control,384,skeletal_muscle,fasted,0.76521980675,0.05022349812,0.9563432169084912,1.4372849390154727,1.4372849390155489,0.11300287077,-0.9213775447703988,pass,
bckdh_complex_inhibition_negative,harmful_control,385,adipose_subcutaneous,fed,0.910286839425,0.19176290676,7.198721914177498,5.352674688026043,5.352674688026043,1.7258661607824717,-0.6775693907490321,pass,
bckdh_complex_inhibition_negative,harmful_control,386,liver,exercise,0.8098884254250001,0.1596710419599999,5.060147801802399,2.7316759613979724,2.731675961397889,0.71851968882,-0.7369674518597107,pass,
bckdh_complex_inhibition_negative,harmful_control,387,skeletal_muscle,caloric_restriction,0.886569923775,0.2120224787,3.927479869121925,2.959654033490537,1.595825862795,0.38164046166,-0.4102457204104434,pass,
bckdh_complex_inhibition_negative,harmful_control,388,skeletal_muscle,caloric_restriction,0.789088996925,0.15594269678,2.135580493977952,1.6500536708686615,1.3767093748686463,0.280696854204,-0.6642284066358015,pass,
bckdh_complex_inhibition_negative,harmful_control,389,liver,caloric_restriction,0.9175654153,0.21098533864,5.139819428207948,2.7589560628196845,1.6516177474849458,0.3797736095393409,-0.4609874564822774,pass,
bckdh_complex_inhibition_negative,harmful_control,390,liver,fed,0.782765377375,0.1413275265,4.710525507929893,5.770603382418623,5.770603382418654,1.271947738457602,-0.7795815005528136,pass,
bckdh_complex_inhibition_negative,harmful_control,391,liver,fasted,0.893611318,0.2402375946,1.1834007544308538,2.034660142728938,1.9612578510078231,0.5405345878500001,-0.6982607234111898,pass,
bckdh_complex_inhibition_negative,harmful_control,392,skeletal_muscle,fed,0.860512415175,0.10196896048,6.451783899046312,5.086069878054047,5.086069878054124,0.91772064432,-0.8195619277116484,pass,
bckdh_complex_inhibition_negative,harmful_control,393,liver,exercise,0.871983033025,0.09356907214,7.75755755519943,4.940458158131968,3.9239236484817033,0.4210608246159646,-0.7090157859347609,pass,
bckdh_complex_inhibition_negative,harmful_control,394,liver,caloric_restriction,0.76092729255,0.08770956656,0.5573917897668531,1.1431954249527718,1.1431954249527718,0.157877219808,-0.8618983103308672,pass,
bckdh_complex_inhibition_negative,harmful_control,395,liver,caloric_restriction,0.993872390975,0.05827693442,2.303114112438053,3.0480770001271384,1.788970303755,0.1048984819559999,-0.5525030442894834,pass,
bckdh_complex_inhibition_negative,harmful_control,396,skeletal_muscle,caloric_restriction,0.929707868475,0.227937137,1.7534322810682037,0.9080984373986948,0.9080984373987032,0.4102868466,-0.5481912205737474,pass,
bckdh_complex_inhibition_negative,harmful_control,397,adipose_subcutaneous,fed,0.827813120825,0.2233866944599999,4.193897991617533,6.665319597644755,6.665319597644735,2.01048025014,-0.6983670144113661,pass,
bckdh_complex_inhibition_negative,harmful_control,398,liver,fed,0.8416918445,0.10464722114,5.8527461711912006,9.903041675409453,7.5752266005,0.94182499026,-0.6698347666971457,pass,
bckdh_complex_inhibition_negative,harmful_control,399,skeletal_muscle,exercise,0.75004511635,0.19082613086,6.3222080586395935,4.53789001791589,3.375203023575,0.8587175888699999,-0.5545496750185106,pass,
bckdh_complex_inhibition_negative,harmful_control,400,skeletal_muscle,fasted,0.773487936,0.0665523894,3.4194870696892705,4.247750564239519,1.740347856,0.14974287615,-0.3744581881150944,pass,
bckdh_complex_inhibition_negative,harmful_control,401,skeletal_muscle,fasted,0.859049408525,0.17243407272,1.3426410910779532,2.6964169577501256,1.9328611691812496,0.38797666362,-0.5729397677613971,pass,
bckdh_complex_inhibition_negative,harmful_control,402,adipose_subcutaneous,exercise,0.8164136398,0.16016125436,4.27287079813047,4.260064653398341,3.6738613791,0.7207256446200001,-0.6932138300117636,pass,
bckdh_complex_inhibition_negative,harmful_control,403,skeletal_muscle,exercise,0.78852834615,0.2243103645,9.938428287946842,5.119956870424163,3.5483775576749994,1.0093966402500003,-0.4958988877604856,pass,
bckdh_complex_inhibition_negative,harmful_control,404,liver,exercise,0.810109911175,0.09660144152,4.274388309540813,2.627858685693629,2.6278586856937816,0.43470648684,-0.8345776775568486,pass,
bckdh_complex_inhibition_negative,harmful_control,405,skeletal_muscle,fed,0.8740478398,0.2304744061,7.358417534787415,6.088074252143636,6.088074252143672,2.0742696549691426,-0.6592896917709655,pass,
bckdh_complex_inhibition_negative,harmful_control,406,skeletal_muscle,fed,0.814856123325,0.22140562624,5.18391032265873,5.533628939077582,5.533628939077575,1.99265063616,-0.6399016525867438,pass,
bckdh_complex_inhibition_negative,harmful_control,407,liver,fed,0.998104625275,0.11453951718,21.583091006147548,14.726441003565512,8.982941627475,1.0308556546199998,-0.5399869507459182,pass,
bckdh_complex_inhibition_negative,harmful_control,408,liver,exercise,0.77774837155,0.07858653096,12.689968807695603,6.376052738169555,3.4998676720916624,0.353639389331788,-0.4934445199810404,pass,
bckdh_complex_inhibition_negative,harmful_control,409,skeletal_muscle,exercise,0.951395947725,0.22674639082,7.027327551376151,7.834423225243544,4.2812817647625,1.0203587586900005,-0.416230131091894,pass,
bckdh_complex_inhibition_negative,harmful_control,410,adipose_subcutaneous,exercise,0.9032746681,0.10574093184,4.958164601430934,4.753583663461536,4.06473600645,0.47583419328,-0.7549886711274539,pass,
bckdh_complex_inhibition_negative,harmful_control,411,skeletal_muscle,fed,0.7707894602250001,0.1850427522,8.567108888988429,4.763750939420207,4.763750939420209,1.6653847698000002,-0.6504047354745437,pass,
bckdh_complex_inhibition_negative,harmful_control,412,skeletal_muscle,fasted,0.8692082549,0.06348640764,1.8652002179568803,1.6159256926240224,1.6117461558599555,0.14284441719,-0.909015646805317,pass,
bckdh_complex_inhibition_negative,harmful_control,413,adipose_subcutaneous,caloric_restriction,0.9047540066,0.24508424424,2.32214234133998,1.486341282200514,1.4556504428860282,0.441151639632,-0.682547686324148,pass,
bckdh_complex_inhibition_negative,harmful_control,414,liver,caloric_restriction,0.90573821945,0.12303846488,0.9895879572820664,1.2670663631111094,1.2670663631111094,0.221469236784,-0.8252110203287125,pass,
bckdh_complex_inhibition_negative,harmful_control,415,adipose_subcutaneous,caloric_restriction,0.796642692325,0.13139558664,5.95445914044638,3.5995485288948434,1.433956846185,0.236512055952,-0.3326652719419363,pass,
bckdh_complex_inhibition_negative,harmful_control,416,liver,exercise,0.910500346725,0.08632575892,2.5576677301138284,3.073175942001892,3.0731759420018645,0.38846591514,-0.873594638747895,pass,
bckdh_complex_inhibition_negative,harmful_control,417,liver,fasted,0.771795178175,0.13434710036,3.1164420141650315,1.8463330456492089,1.7365391508937496,0.3022809758100001,-0.7768144422608407,pass,
bckdh_complex_inhibition_negative,harmful_control,418,adipose_subcutaneous,caloric_restriction,0.872962420875,0.23799279728,1.2319518086783323,1.2243612940779427,1.224361294077999,0.428387035104,-0.65011386983892,pass,
bckdh_complex_inhibition_negative,harmful_control,419,skeletal_muscle,exercise,0.8114168939749999,0.05295599826,4.728883250635564,2.5200768672691254,2.5200768672691254,0.2383019921779434,-0.90543860178512,pass,
bckdh_complex_inhibition_negative,harmful_control,420,skeletal_muscle,fasted,0.787318007475,0.2466384147599999,1.4798258061752907,1.5681238137312845,1.5413527468510522,0.5549364332284978,-0.6290423657781322,pass,
bckdh_complex_inhibition_negative,harmful_control,421,liver,caloric_restriction,0.960186751275,0.1793693862,2.8521170722645075,1.4524312637131211,1.452431263713231,0.32286489516,-0.7777072807325214,pass,
bckdh_complex_inhibition_negative,harmful_control,422,skeletal_muscle,exercise,0.897946290025,0.18917185526,3.2690608104023737,3.604481963662552,3.571064998513501,0.8512733486416243,-0.7545582630987193,pass,
bckdh_complex_inhibition_negative,harmful_control,423,liver,fasted,0.802518014475,0.07381754738,2.5098885967950486,1.4121820828196725,1.4121820828198155,0.166089481605,-0.8823880548935803,pass,
bckdh_complex_inhibition_negative,harmful_control,424,adipose_subcutaneous,exercise,0.8853202329000001,0.15740176846,7.627274332244169,8.703501439341217,3.983941048050001,0.7083079580700001,-0.3763580798842195,pass,
bckdh_complex_inhibition_negative,harmful_control,425,skeletal_muscle,exercise,0.910926332575,0.1332213012999999,7.809411027600856,4.584827005477875,4.045402218578079,0.5994958558499999,-0.7515891785253769,pass,
bckdh_complex_inhibition_negative,harmful_control,426,liver,exercise,0.88484535885,0.24136742288,5.988095237994652,5.148252698379055,3.981804114825001,1.08615340296,-0.5624531042885106,pass,
bckdh_complex_inhibition_negative,harmful_control,427,skeletal_muscle,fasted,0.800264071625,0.11473509784,1.8774404775175797,2.333954591722082,1.80059416115625,0.25815397014,-0.6608698371797277,pass,
bckdh_complex_inhibition_negative,harmful_control,428,liver,exercise,0.87276410245,0.12494801004,4.131992112884707,2.6536496497180555,2.653649649718191,0.56226604518,-0.7881159461876951,pass,
bckdh_complex_inhibition_negative,harmful_control,429,skeletal_muscle,fasted,0.937852204725,0.1416977664599999,2.839213473796676,2.5386904547423663,2.110167460701589,0.3188199745456272,-0.705618710941958,pass,
bckdh_complex_inhibition_negative,harmful_control,430,adipose_subcutaneous,exercise,0.852438742425,0.17581110214,4.270836527223248,3.2801175759754893,3.253497246835665,0.7911499596300002,-0.750688726904363,pass,
bckdh_complex_inhibition_negative,harmful_control,431,liver,caloric_restriction,0.913891278625,0.20855620782,1.286435581837268,2.173484795825157,1.645004301525,0.375401174076,-0.5841325091795726,pass,
bckdh_complex_inhibition_negative,harmful_control,432,skeletal_muscle,fed,0.761333890275,0.2031668981,9.627560375553395,4.630627417062465,4.630627417062465,1.8285020829,-0.6051286535896796,pass,
bckdh_complex_inhibition_negative,harmful_control,433,liver,caloric_restriction,0.9787067935,0.14076317836,4.071190568388679,2.1504383538566096,1.7587649612726086,0.253373721048,-0.7000392443358492,pass,
bckdh_complex_inhibition_negative,harmful_control,434,liver,fed,0.9100430687,0.22395011322,5.48142426664425,6.704140462381812,6.704140462381823,2.015551019047185,-0.6993572807197569,pass,
bckdh_complex_inhibition_negative,harmful_control,435,liver,exercise,0.826151566175,0.07374262052,2.961905974021022,2.564153836409361,2.564153836409483,0.33184179234,-0.8705842888098466,pass,
bckdh_complex_inhibition_negative,harmful_control,436,skeletal_muscle,fasted,0.8847894603249999,0.05231226354,2.137890392779415,1.347625193754721,1.3476251937548387,0.1177025929649999,-0.9126592516151006,pass,
bckdh_complex_inhibition_negative,harmful_control,437,adipose_subcutaneous,exercise,0.920978024525,0.16399577932,9.116149039187611,4.874439949972549,4.119885120232205,0.73798100694,-0.6938036262630027,pass,
bckdh_complex_inhibition_negative,harmful_control,438,liver,fasted,0.95681711445,0.19585976502,2.092809826775995,1.6749570975061236,1.6749570975060983,0.4406844712803106,-0.7368980543224184,pass,
bckdh_complex_inhibition_negative,harmful_control,439,liver,fasted,0.80608311155,0.20986312706,0.8208806337354181,1.3842539958803224,1.3842539958801865,0.4721920358850001,-0.6588833860762356,pass,
bckdh_complex_inhibition_negative,harmful_control,440,adipose_subcutaneous,exercise,0.812237828375,0.0991242697,5.192723099786184,7.577872069672681,3.6550702276875,0.44605921365,-0.4234712574365365,pass,
bckdh_complex_inhibition_negative,harmful_control,441,adipose_subcutaneous,fed,0.82256970495,0.218991963,23.077168640820556,18.29161980947997,7.403127344549999,1.970927667,-0.2969775085055431,pass,
bckdh_complex_inhibition_negative,harmful_control,442,liver,exercise,0.80649589155,0.18129626662,6.928457317376906,6.757012450359943,3.6292315120959744,0.8158331998171947,-0.4163671937779116,pass,
bckdh_complex_inhibition_negative,harmful_control,443,skeletal_muscle,exercise,0.881499632625,0.22012357096,2.6634287171515263,2.212975306451151,2.2129753064513054,0.99055606932,-0.5523872017766183,pass,
bckdh_complex_inhibition_negative,harmful_control,444,skeletal_muscle,exercise,0.788448319375,0.0528892229,8.011281509464888,7.755782909380883,3.548017437305768,0.2380015030579334,-0.4267803744537842,pass,
bckdh_complex_inhibition_negative,harmful_control,445,skeletal_muscle,fed,0.931069632975,0.14311241258,9.194190959758762,10.635147229788709,8.379626697054322,1.2880117132629338,-0.6668092909826392,pass,
bckdh_complex_inhibition_negative,harmful_control,446,skeletal_muscle,exercise,0.950482084675,0.07310057998,4.489505651847964,6.41096574918611,4.2771693810375,0.3289526099099999,-0.6158536678547593,pass,
bckdh_complex_inhibition_negative,harmful_control,447,liver,exercise,0.949689183825,0.0864926953,14.198689877263137,8.785143319544204,4.273601327070047,0.389217128837026,-0.4421537653906542,pass,
bckdh_complex_inhibition_negative,harmful_control,448,liver,caloric_restriction,0.796654061175,0.17207746794,0.934264462647875,0.9997280667722984,0.999728066772416,0.309739442292,-0.6901763063510851,pass,
bckdh_complex_inhibition_negative,harmful_control,449,adipose_subcutaneous,fasted,0.879694635375,0.1061398737,1.364103887074668,1.3568816487512658,1.356881648751174,0.2388147158170395,-0.8239973869224985,pass,
bckdh_complex_inhibition_negative,harmful_control,450,liver,fed,0.906055913275,0.08054105104,32.986717562290195,16.616913916877678,8.154503219475,0.72486945936,-0.4471127308765062,pass,
bckdh_complex_inhibition_negative,harmful_control,451,skeletal_muscle,caloric_restriction,0.8507495597,0.1734448931,2.2735669746823746,2.886872170911018,1.53134920746,0.31220080758,-0.4223077184242868,pass,
bckdh_complex_inhibition_negative,harmful_control,452,liver,fasted,0.76727062245,0.19378737376,2.993615595855494,1.8994978372826985,1.695827647500208,0.43602159096,-0.6632311086715459,pass,
bckdh_complex_inhibition_negative,harmful_control,453,skeletal_muscle,caloric_restriction,0.98080570915,0.09495730916,3.488762736778084,3.691378937115157,1.76545027647,0.170923156488,-0.4319597492280583,pass,
bckdh_complex_inhibition_negative,harmful_control,454,skeletal_muscle,caloric_restriction,0.87089182935,0.10852248494,1.413368323439709,1.5187318849723277,1.4638642744410713,0.195340472892,-0.8352519717936814,pass,
bckdh_complex_inhibition_negative,harmful_control,455,adipose_subcutaneous,caloric_restriction,0.7778610007,0.185310356,0.8872696417033064,1.015668269832494,1.015668269832494,0.3335586408111186,-0.6715870223393611,pass,
bckdh_complex_inhibition_negative,harmful_control,456,adipose_subcutaneous,fed,0.8596068931,0.11608443906,20.71346771715483,11.739524433344492,7.736462037900001,1.04475995154,-0.5700147501165507,pass,
bckdh_complex_inhibition_negative,harmful_control,457,adipose_subcutaneous,fasted,0.8230743452,0.2477213678,1.383679711382662,1.1078729561790444,1.107872956179059,0.5573730775500001,-0.496898020263699,pass,
bckdh_complex_inhibition_negative,harmful_control,458,adipose_subcutaneous,fed,0.904732256275,0.08482421554,9.594844017118168,5.714637049097162,5.714637049097162,0.7634179398600001,-0.866410074112999,pass,
bckdh_complex_inhibition_negative,harmful_control,459,adipose_subcutaneous,fed,0.975882153475,0.08910389348,11.174418036121,8.603013188021013,8.241626152989983,0.8019350413199999,-0.8647773691698091,pass,
bckdh_complex_inhibition_negative,harmful_control,460,liver,fed,0.760940381025,0.10973071616,7.609834394845604,5.797535165380919,5.797535165380968,0.98757644544,-0.8296558076375095,pass,
bckdh_complex_inhibition_negative,harmful_control,461,adipose_subcutaneous,caloric_restriction,0.87498305435,0.10908931862,1.6753160263030928,1.4918609091334143,1.4549044827829642,0.1963607735094546,-0.8436066000312101,pass,
bckdh_complex_inhibition_negative,harmful_control,462,liver,fasted,0.8430907067,0.16094944836,1.771300842736583,1.8357636689903143,1.810460684409094,0.3621362588220712,-0.7889492803742072,pass,
bckdh_complex_inhibition_negative,harmful_control,463,liver,fasted,0.76716705655,0.24700358888,2.4541142909628424,1.3009915584510263,1.3009915584510008,0.5557580749800001,-0.5728196148776576,pass,
bckdh_complex_inhibition_negative,harmful_control,464,skeletal_muscle,fasted,0.7663303039,0.23098491078,1.083300341124206,1.7309894027146018,1.7025966678022937,0.519716049255,-0.6833552052324849,pass,
bckdh_complex_inhibition_negative,harmful_control,465,adipose_subcutaneous,fasted,0.996303363375,0.21022341534,0.9524856634495922,1.547923236223549,1.5479232362234332,0.473002684515,-0.6944275572288099,pass,
bckdh_complex_inhibition_negative,harmful_control,466,liver,caloric_restriction,0.98140277335,0.10927687202,0.5473055821015367,1.035594885555422,1.035594885555422,0.196698369636,-0.8100624362097882,pass,
bckdh_complex_inhibition_negative,harmful_control,467,skeletal_muscle,caloric_restriction,0.8594300458999999,0.13834614456,1.2834090046555855,0.9700276558475766,0.9700276558475244,0.2490230601996992,-0.7432825149895713,pass,
bckdh_complex_inhibition_negative,harmful_control,468,adipose_subcutaneous,exercise,0.9138886332,0.10196536576,1.9520608863350437,2.6218969697144345,2.6218969697144976,0.4588441459352949,-0.8249953559444377,pass,
bckdh_complex_inhibition_negative,harmful_control,469,adipose_subcutaneous,exercise,0.954104313275,0.18709751766,3.3719936843971565,2.5788077031330348,2.578807703132917,0.8419388294980645,-0.6735162422249256,pass,
bckdh_complex_inhibition_negative,harmful_control,470,liver,fasted,0.94627491035,0.10377897838,3.271779196827168,2.731485273927908,2.1291185482165296,0.2335027013472165,-0.6939872109006083,pass,
bckdh_complex_inhibition_negative,harmful_control,471,liver,caloric_restriction,0.798227024,0.13393574246,5.661715553126784,3.118874756746737,1.4368086432,0.241084336428,-0.3833832391587428,pass,
bckdh_complex_inhibition_negative,harmful_control,472,adipose_subcutaneous,fed,0.78363484955,0.21941434626,3.65813434533723,4.337279591601842,4.337279591601842,1.97472911634,-0.544707903967359,pass,
bckdh_complex_inhibition_negative,harmful_control,473,skeletal_muscle,fed,0.7913292142,0.15572045744,7.705933062325514,5.329718472119384,5.329718472119384,1.4014841169600003,-0.7370434997099022,pass,
bckdh_complex_inhibition_negative,harmful_control,474,adipose_subcutaneous,fasted,0.902458913375,0.11826693668,2.144067293272145,4.151292218001746,2.0305325550937505,0.26610060753,-0.4250319791780575,pass,
bckdh_complex_inhibition_negative,harmful_control,475,adipose_subcutaneous,exercise,0.9325323214,0.1419466892,2.350592838572484,4.071396362710415,4.046690432845641,0.6387601014000002,-0.8370421417719472,pass,
bckdh_complex_inhibition_negative,harmful_control,476,liver,exercise,0.822447691775,0.24259042194,1.7778184114656796,2.56664969737262,2.566649697372568,1.0916568987300002,-0.574676318374284,pass,
bckdh_complex_inhibition_negative,harmful_control,477,liver,caloric_restriction,0.923119816325,0.08102865808,0.8796136224988349,0.8363545306357969,0.8363545306358137,0.145851584544,-0.8256103372416637,pass,
bckdh_complex_inhibition_negative,harmful_control,478,skeletal_muscle,caloric_restriction,0.8193149851,0.1612722429,0.858505410727789,0.9163856658174752,0.9163856658174918,0.2902900372199999,-0.683222852508255,pass,
bckdh_complex_inhibition_negative,harmful_control,479,skeletal_muscle,fasted,0.995493235775,0.24592957828,6.474824425923013,4.056475169286307,2.2398597804937497,0.55334155113,-0.4157595348131946,pass,
bckdh_complex_inhibition_negative,harmful_control,480,liver,caloric_restriction,0.88859231285,0.20752434944,0.6537694229035053,1.31717055018062,1.3171705501806334,0.373543828992,-0.7164043570965327,pass,
bckdh_complex_inhibition_negative,harmful_control,481,adipose_subcutaneous,caloric_restriction,0.9563298051,0.13604287286,2.315494398154613,2.514679665180044,1.72139364912262,0.2448771711398374,-0.5871588729282815,pass,
bckdh_complex_inhibition_negative,harmful_control,482,liver,caloric_restriction,0.8916789897,0.21378089504,1.4047541109289263,2.6412548115464425,1.60502218146,0.384805611072,-0.4619836621039863,pass,
bckdh_complex_inhibition_negative,harmful_control,483,liver,exercise,0.82623225835,0.19967527286,2.837604891233027,2.7087593107718093,2.708759310771616,0.8985387278700002,-0.6682840279322669,pass,
bckdh_complex_inhibition_negative,harmful_control,484,liver,caloric_restriction,0.8276139428,0.23859389566,2.5467779813539617,3.053568777610796,1.48970509704,0.429469012188,-0.3472121186939698,pass,
bckdh_complex_inhibition_negative,harmful_control,485,liver,fasted,0.82898102735,0.24777782072,0.7276398504465013,1.4038318723232737,1.4038318723232737,0.5575000966200001,-0.6028726034711233,pass,
bckdh_complex_inhibition_negative,harmful_control,486,liver,caloric_restriction,0.80567901455,0.07963895944,1.044330906437586,1.754121547219942,1.4225795012240177,0.143350126992,-0.729270657588941,pass,
bckdh_complex_inhibition_negative,harmful_control,487,adipose_subcutaneous,fasted,0.896454969275,0.05022925098,1.0142864666293017,1.8132646849118368,1.8132646849118648,0.113015814705,-0.9376727426252904,pass,
bckdh_complex_inhibition_negative,harmful_control,488,liver,caloric_restriction,0.8413680786,0.09344909672,0.6142866269297768,1.0546696995970168,1.0546696995970168,0.168208374096,-0.8405108498326334,pass,
bckdh_complex_inhibition_negative,harmful_control,489,adipose_subcutaneous,exercise,0.9183370031,0.152565403,12.551771099290187,9.979766091736288,4.13251651395,0.6865443135000001,-0.345295888578333,pass,
bckdh_complex_inhibition_negative,harmful_control,490,liver,fed,0.82841901195,0.17807459688,10.500471994577415,6.389535259699692,6.389535259699793,1.60267137192,-0.7491724661058957,pass,
bckdh_complex_inhibition_negative,harmful_control,491,adipose_subcutaneous,fed,0.89125894815,0.05428208392,10.825721128331423,8.172834838963373,7.297319430279409,0.48853875528,-0.8330990175574161,pass,
bckdh_complex_inhibition_negative,harmful_control,492,adipose_subcutaneous,fed,0.860573304225,0.11457938004,16.594291299481718,16.658599930765547,7.745159738025,1.03121442036,-0.403031788119571,pass,
bckdh_complex_inhibition_negative,harmful_control,493,adipose_subcutaneous,fasted,0.941245251075,0.07916595808,2.239837167477658,4.401858072105249,2.1178018148481565,0.1781234056740626,-0.4406499204201775,pass,
bckdh_complex_inhibition_negative,harmful_control,494,adipose_subcutaneous,fed,0.982830513425,0.22237023512,20.29716040871556,18.663965933105224,8.845474620824998,2.00133211608,-0.3667035467850482,pass,
bckdh_complex_inhibition_negative,harmful_control,495,adipose_subcutaneous,caloric_restriction,0.77287069975,0.08691618904,0.7386718479510409,1.4286522473919638,1.3001584352758142,0.156449140272,-0.8005512167790871,pass,
bckdh_complex_inhibition_negative,harmful_control,496,adipose_subcutaneous,caloric_restriction,0.8138814603,0.15849283118,4.130864783714714,2.5470085601502217,1.4649866284911672,0.2852870961144904,-0.4631706193822523,pass,
bckdh_complex_inhibition_negative,harmful_control,497,skeletal_muscle,fed,0.768721015925,0.14556138518,3.2801230417396567,5.540322119095171,5.540322119095171,1.3100524666199995,-0.7635421842883832,pass,
bckdh_complex_inhibition_negative,harmful_control,498,adipose_subcutaneous,fed,0.857990973875,0.22203200092,13.032258838381916,12.787229985622464,7.721918764874999,1.99828800828,-0.4476052094965413,pass,
bckdh_complex_inhibition_negative,harmful_control,499,adipose_subcutaneous,fasted,0.81366907175,0.06087006048,1.8095448470178008,3.5760050335165365,1.8307554114375,0.13695763608,-0.4736564293064962,pass,
bckdh_complex_inhibition_negative,harmful_control,500,adipose_subcutaneous,fed,0.97569059945,0.23814795022,3.445025082122012,4.872379680571068,4.872379680571194,2.14333155198,-0.5601058019910581,pass,
bckdh_complex_inhibition_negative,harmful_control,501,adipose_subcutaneous,caloric_restriction,0.762089495375,0.0778829813,1.476538857346225,1.2525283897235868,1.2525283897236452,0.1401893663399999,-0.8880748991478914,pass,
bckdh_complex_inhibition_negative,harmful_control,502,liver,exercise,0.973773656725,0.1851438239,3.9839007816031815,6.858021440707989,4.381981455262499,0.8331472075499999,-0.5174720257722226,pass,
bckdh_complex_inhibition_negative,harmful_control,503,skeletal_muscle,fed,0.8963853455749999,0.2168451807599999,9.125634193934252,10.59964607231722,8.067468110175,1.9516066268399996,-0.576987329728642,pass,
bckdh_complex_inhibition_negative,harmful_control,504,liver,fed,0.857217664775,0.11145261194,6.591952236322839,6.172904736847457,6.17290473684743,1.0030735074934358,-0.8375038089433178,pass,
bckdh_complex_inhibition_negative,harmful_control,505,liver,fed,0.782131822275,0.11085473322,8.62539944171295,9.221958051834372,7.0391864004750015,0.99769259898,-0.6551205034264135,pass,
bckdh_complex_inhibition_negative,harmful_control,506,adipose_subcutaneous,caloric_restriction,0.8844943453,0.10542296442,2.3821229825285197,1.3984269697431857,1.3984269697431375,0.1897613359559999,-0.8643037212083398,pass,
bckdh_complex_inhibition_negative,harmful_control,507,skeletal_muscle,fasted,0.989741735375,0.10559625898,4.967964679420314,3.6099306979543617,2.2269189045937496,0.237591582705,-0.5510707790085946,pass,
bckdh_complex_inhibition_negative,harmful_control,508,adipose_subcutaneous,fed,0.975052974225,0.09163764884,15.393090245907567,10.225734285204735,8.682404410848635,0.8247388395599999,-0.7684206681037685,pass,
bckdh_complex_inhibition_negative,harmful_control,509,skeletal_muscle,exercise,0.7757914444,0.11430624006,5.171316567741661,6.803199890297288,3.4910614998,0.5143780802700001,-0.4375416667934954,pass,
bckdh_complex_inhibition_negative,harmful_control,510,adipose_subcutaneous,caloric_restriction,0.78157192895,0.15382609732,3.552825720241966,3.386077067968404,1.40682947211,0.276886975176,-0.3337025337146117,pass,
bckdh_complex_inhibition_negative,harmful_control,511,liver,fed,0.9726653457,0.10046345188,8.534597630155277,5.598971515706162,5.598971515706389,0.90417106692,-0.8385112222158295,pass,
bckdh_complex_inhibition_negative,harmful_control,512,liver,fed,0.831065832275,0.21154399942,10.582204221309569,12.364693672727787,7.479592490474999,1.90389599478,-0.4509368887959631,pass,
bckdh_complex_inhibition_negative,harmful_control,513,liver,fed,0.9937315317,0.09062893068,3.726761531726637,4.800806880541038,4.800806880541115,0.8156603761200001,-0.8300993152992648,pass,
bckdh_complex_inhibition_negative,harmful_control,514,liver,fed,0.773640638175,0.12460712172,5.582374318829451,5.789998694984622,5.789998694984622,1.12146409548,-0.8063101298362246,pass,
bckdh_complex_inhibition_negative,harmful_control,515,skeletal_muscle,exercise,0.9405692658,0.15783014834,2.4816021333583165,3.842430099623285,3.740163132707017,0.7102356675300001,-0.7885445893925496,pass,
bckdh_complex_inhibition_negative,harmful_control,516,liver,fasted,0.8824545562,0.24572433444,4.791916292325573,3.193123256299442,1.985522751516184,0.5528797525084295,-0.44866511061902,pass,
bckdh_complex_inhibition_negative,harmful_control,517,skeletal_muscle,fasted,0.7705732853,0.2254290119,0.5828904068806136,1.118156728051301,1.1181567280513287,0.5072152767750001,-0.5463826634939307,pass,
bckdh_complex_inhibition_negative,harmful_control,518,skeletal_muscle,fasted,0.85795905925,0.12312844048,0.9208125500743488,1.364537283935629,1.364537283935494,0.27703899108,-0.7969722085708844,pass,
bckdh_complex_inhibition_negative,harmful_control,519,liver,fasted,0.80986225435,0.05325157742,3.245608999360052,3.2810038445168117,1.8221900722875,0.119816049195,-0.5188576739821548,pass,
bckdh_complex_inhibition_negative,harmful_control,520,liver,fasted,0.82417193145,0.24649783968,3.3583707000626126,2.6750812462259503,1.8543868457625,0.5546201392800001,-0.4858793385495236,pass,
bckdh_complex_inhibition_negative,harmful_control,521,adipose_subcutaneous,exercise,0.804047361875,0.22280863586,3.022430699377466,6.088449098988903,3.618213128437501,1.00263886137,-0.4295961458398106,pass,
bckdh_complex_inhibition_negative,harmful_control,522,liver,caloric_restriction,0.80813691075,0.15335118844,0.9299719656293294,0.9618520297560952,0.9618520297561864,0.276032139192,-0.7130201625068,pass,
bckdh_complex_inhibition_negative,harmful_control,523,adipose_subcutaneous,exercise,0.96835230695,0.16859083662,3.3832877755683577,4.440816332292205,4.29861224891186,0.7586587647900002,-0.7971402596365995,pass,
bckdh_complex_inhibition_negative,harmful_control,524,liver,fed,0.766476850175,0.1858714189799999,15.450292649271166,9.108312769960436,6.898291651575001,1.67284277082,-0.5737010808399917,pass,
bckdh_complex_inhibition_negative,harmful_control,525,adipose_subcutaneous,fasted,0.849031163,0.1752117542,1.249198061352844,1.1491498669650797,1.1491498669651938,0.3942264469631409,-0.6569407887552701,pass,
bckdh_complex_inhibition_negative,harmful_control,526,skeletal_muscle,fasted,0.951351899775,0.09073145808,1.9109394705509504,1.7011270873900104,1.6779267059016876,0.20414578068,-0.8663555686970258,pass,
bckdh_complex_inhibition_negative,harmful_control,527,skeletal_muscle,fasted,0.8036817685,0.21897270546,4.117014304603793,4.325797047821675,1.808283979125,0.4926885872850001,-0.3041278583567597,pass,
bckdh_complex_inhibition_negative,harmful_control,528,liver,caloric_restriction,0.998147454975,0.1948929335199999,1.4030888694995802,1.4691388642109802,1.4691388642110073,0.3508072803359999,-0.7612157101810942,pass,
bckdh_complex_inhibition_negative,harmful_control,529,adipose_subcutaneous,caloric_restriction,0.827393893975,0.21075998854,0.5347985200015761,1.0544930663978458,1.0544930663978538,0.3793679793846455,-0.6402366298333656,pass,
bckdh_complex_inhibition_negative,harmful_control,530,adipose_subcutaneous,exercise,0.76355870515,0.20630335504,5.618889880071836,7.706535298889234,3.4360141732895344,0.9283650977109458,-0.3253925374143194,pass,
bckdh_complex_inhibition_negative,harmful_control,531,adipose_subcutaneous,fasted,0.8844159176499999,0.2094083114,6.981316726940302,3.5574398149841038,1.9899358147125,0.4711687006499999,-0.426927001734613,pass,
bckdh_complex_inhibition_negative,harmful_control,532,adipose_subcutaneous,fed,0.775992232375,0.0907531173,4.5588380493225005,8.406125871244171,6.983930091374999,0.8167780557,-0.7336497371246492,pass,
bckdh_complex_inhibition_negative,harmful_control,533,skeletal_muscle,fed,0.882342502125,0.09763809576,11.368613110919004,13.28886499555468,7.941082519125,0.8787428618400002,-0.5314479197168048,pass,
bckdh_complex_inhibition_negative,harmful_control,534,adipose_subcutaneous,fasted,0.776464856675,0.14739114052,4.420151782612217,3.5123129730683256,1.74704592751875,0.33163006617,-0.4029868272565287,pass,
bckdh_complex_inhibition_negative,harmful_control,535,adipose_subcutaneous,fasted,0.764035341325,0.21214125864,1.2006378314440502,2.1229614886371477,1.7190795179812497,0.47731783194,-0.58491955350467,pass,
bckdh_complex_inhibition_negative,harmful_control,536,skeletal_muscle,fed,0.976153642025,0.2023846277,5.202813450849362,5.733724739215635,5.733724739215729,1.821461649360716,-0.6823248878860908,pass,
bckdh_complex_inhibition_negative,harmful_control,537,skeletal_muscle,fed,0.92682413585,0.22727182884,6.803372050253444,9.720158261057634,8.34141722265,2.0454464595600004,-0.6477230713736285,pass,
bckdh_complex_inhibition_negative,harmful_control,538,skeletal_muscle,fed,0.969719657075,0.13433207174,12.00522168059364,7.276939727993357,7.276939727993362,1.20898864566,-0.8338602914341606,pass,
bckdh_complex_inhibition_negative,harmful_control,539,skeletal_muscle,caloric_restriction,0.986957531775,0.20119487762,1.2630673262219934,1.5442620400454854,1.544262040045742,0.3621507797039283,-0.765486186727089,pass,
bckdh_complex_inhibition_negative,harmful_control,540,liver,caloric_restriction,0.94875270235,0.1734884006399999,1.5415889616472758,1.8354947213862585,1.67955751258922,0.3122791211519999,-0.7449100100950344,pass,
bckdh_complex_inhibition_negative,harmful_control,541,skeletal_muscle,fed,0.789158722625,0.16752566884,6.338313036405707,5.995940358316492,5.99594035831651,1.50773101956,-0.7485413580759308,pass,
bckdh_complex_inhibition_negative,harmful_control,542,liver,caloric_restriction,0.96872643185,0.1974453037,2.0634595508122726,3.413690841061833,1.7437075773881237,0.3554015466718467,-0.4066876865406014,pass,
bckdh_complex_inhibition_negative,harmful_control,543,liver,fasted,0.790638798475,0.19115058676,3.672408917884947,2.77544204713559,1.77893729656875,0.43008882021,-0.4859941059662321,pass,
bckdh_complex_inhibition_negative,harmful_control,544,liver,exercise,0.750570429275,0.1686899914,7.228859214786261,7.168230692138981,3.3775669317374994,0.7591049613,-0.3652870677430942,pass,
bckdh_complex_inhibition_negative,harmful_control,545,adipose_subcutaneous,caloric_restriction,0.9349686992,0.20587575194,3.98105130706758,3.180930416694008,1.6829436585600002,0.370576353492,-0.4125734087676034,pass,
bckdh_complex_inhibition_negative,harmful_control,546,adipose_subcutaneous,fasted,0.8540706344,0.0529222365,0.889078084325229,1.2273048080870788,1.2273048080870277,0.119075032125,-0.9029784358861548,pass,
bckdh_complex_inhibition_negative,harmful_control,547,liver,caloric_restriction,0.928965725875,0.11452628644,0.6332483309278027,1.1743047237043571,1.1743047237043411,0.206147315592,-0.8244515998013514,pass,
bckdh_complex_inhibition_negative,harmful_control,548,skeletal_muscle,exercise,0.8263769531,0.21428915868,9.269441411066412,8.230025673134499,3.71869628895,0.9643012140600002,-0.3346763648479551,pass,
bckdh_complex_inhibition_negative,harmful_control,549,liver,fasted,0.8883182001000001,0.24044755854,3.9067236905985303,2.100305668772881,1.998715950158376,0.5410070066969664,-0.6940460929732607,pass,
bckdh_complex_inhibition_negative,harmful_control,550,adipose_subcutaneous,exercise,0.8514718847,0.16954839316,6.320594572985038,3.1752587601984303,3.132103019997672,0.7629677692454324,-0.7461235224193778,pass,
bckdh_complex_inhibition_negative,harmful_control,551,adipose_subcutaneous,fasted,0.931434003325,0.05423548908,2.392235569279925,2.47420419318729,2.095726507411393,0.1220298504259323,-0.7977096888041922,pass,
bckdh_complex_inhibition_negative,harmful_control,552,skeletal_muscle,exercise,0.961987144325,0.24037057704,5.37912366345538,5.550356347347424,4.328942149462501,1.0816675966800002,-0.5850569494217085,pass,
bckdh_complex_inhibition_negative,harmful_control,553,skeletal_muscle,caloric_restriction,0.89824780505,0.11930820322,1.8416897759353872,1.63378848481313,1.5264540031454414,0.214754765796,-0.8028574381214784,pass,
bckdh_complex_inhibition_negative,harmful_control,554,adipose_subcutaneous,fed,0.845162644375,0.22866234406,3.477255471615957,6.052614712476129,6.052614712476129,2.0579610965400006,-0.6599880887349449,pass,
bckdh_complex_inhibition_negative,harmful_control,555,adipose_subcutaneous,fed,0.8149601902,0.14959732246,30.47016950009799,16.908902685672896,7.3346417118,1.34637590214,-0.3541486943877159,pass,
bckdh_complex_inhibition_negative,harmful_control,556,liver,fed,0.783767979375,0.12525523108,11.023646787597787,6.119465534960492,6.119465534960492,1.12729707972,-0.8157850431087887,pass,
bckdh_complex_inhibition_negative,harmful_control,557,skeletal_muscle,fed,0.8947781487249999,0.19380520084,9.04220536826718,6.244380979510799,6.2443809795109,1.7442468075600002,-0.7206693804745162,pass,
bckdh_complex_inhibition_negative,harmful_control,558,adipose_subcutaneous,caloric_restriction,0.807549763175,0.16611625304,4.29931125220618,2.897097964630106,1.453589573763453,0.2990092554819669,-0.3985299538978136,pass,
bckdh_complex_inhibition_negative,harmful_control,559,liver,fasted,0.769965790775,0.21511021962,2.784504436316833,1.9169053920092725,1.7175564005071844,0.4839979941611333,-0.6435155388931599,pass,
bckdh_complex_inhibition_negative,harmful_control,560,adipose_subcutaneous,fed,0.754192284675,0.07000444854,11.901154838120124,6.77081164549247,6.508608296528529,0.6300400368389987,-0.8682220932261595,pass,
bckdh_complex_inhibition_negative,harmful_control,561,liver,fed,0.8930757283749999,0.22947129902,2.847372703363833,4.447839553387713,4.447839553387713,2.06524169118,-0.5356753168834516,pass,
bckdh_complex_inhibition_negative,harmful_control,562,skeletal_muscle,exercise,0.99122674435,0.21401201596,3.025507826111877,3.3484188275002325,3.34841882750025,0.96305407182,-0.7123854208707362,pass,
bckdh_complex_inhibition_negative,harmful_control,563,skeletal_muscle,fasted,0.841601574025,0.05762310622,4.281457499302071,3.529333420063381,1.8936035415562504,0.129651988995,-0.499797367552078,pass,
bckdh_complex_inhibition_negative,harmful_control,564,liver,fasted,0.80980145775,0.13784985252,1.6549243951905548,1.6572895090081017,1.6533709383646606,0.3101621681803387,-0.8104852911234809,pass,
bckdh_complex_inhibition_negative,harmful_control,565,adipose_subcutaneous,exercise,0.8837789701000001,0.19558389692,6.980167561215549,6.483002446308607,3.97700536545,0.88012753614,-0.4776919112645637,pass,
bckdh_complex_inhibition_negative,harmful_control,566,skeletal_muscle,fasted,0.851390336025,0.15530130564,2.911237078204408,2.4210219799598525,1.9156282561201048,0.3494279377016476,-0.6469170174342775,pass,
bckdh_complex_inhibition_negative,harmful_control,567,adipose_subcutaneous,caloric_restriction,0.8551965653,0.21385044998,2.2273187412463447,3.440458270679548,1.5393538175399997,0.384930809964,-0.3355433831051762,pass,
bckdh_complex_inhibition_negative,harmful_control,568,skeletal_muscle,fasted,0.756004621175,0.14307054668,3.764212353038925,2.3635059260618334,1.7010103976437498,0.3219087300300001,-0.5834982905719485,pass,
bckdh_complex_inhibition_negative,harmful_control,569,liver,fed,0.917086850875,0.17889307408,6.452910898115985,5.991139151321188,5.9911391513211445,1.61003766672,-0.7312635166611023,pass,
bckdh_complex_inhibition_negative,harmful_control,570,adipose_subcutaneous,caloric_restriction,0.852294982475,0.175460834,2.3110341513327364,2.129378139304337,1.5341309685061375,0.3158295012105276,-0.5721395579338606,pass,
bckdh_complex_inhibition_negative,harmful_control,571,liver,caloric_restriction,0.8911646842250001,0.20309099174,3.0278354083645262,2.048926013756246,1.604096431605,0.3655637851319999,-0.6044789505124337,pass,
bckdh_complex_inhibition_negative,harmful_control,572,liver,caloric_restriction,0.8775878500250001,0.18415423146,1.1450237490851227,1.3114281073662473,1.3114281073661127,0.331477616628,-0.7472392007108617,pass,
bckdh_complex_inhibition_negative,harmful_control,573,liver,fasted,0.94258128865,0.15641138776,2.9712263775364343,3.1812758790610944,2.1208078994625,0.35192562246,-0.5560291984248028,pass,
bckdh_complex_inhibition_negative,harmful_control,574,skeletal_muscle,fasted,0.99076711865,0.143716999,6.817882680988836,4.562828211464822,2.2292260169625,0.32336324775,-0.4176932991743411,pass,
bckdh_complex_inhibition_negative,harmful_control,575,adipose_subcutaneous,fed,0.75354313635,0.14197064934,9.69975199178979,5.253645551888461,5.253645551888453,1.2777358441025912,-0.7567906263407306,pass,
bckdh_complex_inhibition_negative,harmful_control,576,liver,caloric_restriction,0.79141269795,0.08330614042,1.2364701935313605,2.0179285194317496,1.42454285631,0.149951052756,-0.6316337725941483,pass,
bckdh_complex_inhibition_negative,harmful_control,577,liver,fasted,0.905884407925,0.19004575938,3.687660659417329,2.040441490103179,1.9001338300243384,0.4276029585907466,-0.721672676514302,pass,
bckdh_complex_inhibition_negative,harmful_control,578,adipose_subcutaneous,caloric_restriction,0.7638517502,0.08113210018,1.4640013531314375,2.365167812738186,1.37493315036,0.146037780324,-0.5195806248577733,pass,
bckdh_complex_inhibition_negative,harmful_control,579,skeletal_muscle,fed,0.9227859866,0.11211319106,9.10549744954913,8.834169584692967,8.3050738794,1.00901871954,-0.8258903216553518,pass,
bckdh_complex_inhibition_negative,harmful_control,580,adipose_subcutaneous,fasted,0.9053343819,0.1396455242,1.6816098495334544,1.1005426037443249,1.1005426037443249,0.31420242945,-0.7145022569948644,pass,
bckdh_complex_inhibition_negative,harmful_control,581,skeletal_muscle,fasted,0.86909705125,0.1986815264,2.062412074662058,2.194170647042336,1.9479385888855831,0.4470334344,-0.6840421261257642,pass,
bckdh_complex_inhibition_negative,harmful_control,582,adipose_subcutaneous,fed,0.825093964625,0.2033964155,11.752583554299983,11.461364126857426,7.425845681872527,1.8305677395610196,-0.4881860379254584,pass,
bckdh_complex_inhibition_negative,harmful_control,583,skeletal_muscle,exercise,0.950220856675,0.2167392471,2.2818696279517208,2.788217751199211,2.78821775119919,0.97532661195,-0.6501971155120386,pass,
bckdh_complex_inhibition_negative,harmful_control,584,adipose_subcutaneous,exercise,0.95756897055,0.18611830774,8.078869028005773,4.587635701325773,4.196753995313401,0.83753238483,-0.7322337319662554,pass,
bckdh_complex_inhibition_negative,harmful_control,585,liver,caloric_restriction,0.7753118020750001,0.21868821206,1.330317890761337,1.1501928551467606,1.1501928551467606,0.393638781708,-0.6577628004324778,pass,
bckdh_complex_inhibition_negative,harmful_control,586,adipose_subcutaneous,exercise,0.792364956475,0.12268955866,6.272731770016414,6.045826038183906,3.5656423041375005,0.5521030139700001,-0.4984495536482111,pass,
bckdh_complex_inhibition_negative,harmful_control,587,skeletal_muscle,exercise,0.996232768075,0.2184513527,1.650965568403849,2.968926892602912,2.96892689260265,0.9830310871827675,-0.6688934679960448,pass,
bckdh_complex_inhibition_negative,harmful_control,588,skeletal_muscle,fed,0.83553108855,0.23805210476,27.01206227761836,17.165897207738354,7.519779796950001,2.1424689428400003,-0.3132554499793881,pass,
bckdh_complex_inhibition_negative,harmful_control,589,adipose_subcutaneous,fasted,0.849106898875,0.12182783272,2.090770522686093,3.192698613373977,1.9104905224687496,0.27411262362,-0.5125375417504441,pass,
bckdh_complex_inhibition_negative,harmful_control,590,liver,fed,0.823952291875,0.06585494596,6.637714981851326,10.415231318947663,7.415570626875,0.59269451364,-0.6550863734368189,pass,
bckdh_complex_inhibition_negative,harmful_control,591,liver,exercise,0.7921141524,0.24058100548,2.497174772118085,4.778830188064859,3.5645136858000006,1.0826145246600003,-0.5193528674315631,pass,
bckdh_complex_inhibition_negative,harmful_control,592,skeletal_muscle,caloric_restriction,0.751444700825,0.21493097448,1.1279263502495227,1.1704860228597929,1.170486022859795,0.386875754064,-0.66947426410205,pass,
bckdh_complex_inhibition_negative,harmful_control,593,adipose_subcutaneous,caloric_restriction,0.8983807455,0.17668135066,0.5605986911358459,0.9559675780160886,0.9559675780161362,0.318026431188,-0.6673250866436811,pass,
bckdh_complex_inhibition_negative,harmful_control,594,liver,caloric_restriction,0.79873567985,0.24245600024,1.4024649844942425,1.5822774556599564,1.43772422373,0.436420800432,-0.632824173608897,pass,
bckdh_complex_inhibition_negative,harmful_control,595,liver,fasted,0.81728515955,0.11627520364,1.6252806295614015,1.6905358513732276,1.6905358513732276,0.26161920819,-0.8452448033104498,pass,
bckdh_complex_inhibition_negative,harmful_control,596,liver,fasted,0.893750813475,0.15971821228,1.441481702548982,2.219564849261447,1.938808564555829,0.3593659776419788,-0.7116001082101316,pass,
bckdh_complex_inhibition_negative,harmful_control,597,adipose_subcutaneous,fed,0.770598335075,0.13203003892,4.520774694824842,5.432023098305729,5.432023098305715,1.1882703502800005,-0.7812471838253706,pass,
bckdh_complex_inhibition_negative,harmful_control,598,adipose_subcutaneous,exercise,0.762916719425,0.08199482718,2.8783969331366226,5.046518975859622,3.4331252374124994,0.36897672231,-0.6071806189098008,pass,
bckdh_complex_inhibition_negative,harmful_control,599,liver,caloric_restriction,0.8660566253749999,0.19152502494,1.3425529941997068,1.887336445603968,1.558901925675,0.344745044892,-0.6433176679288132,pass,
bckdh_complex_inhibition_negative,harmful_control,600,skeletal_muscle,caloric_restriction,0.7800364897,0.11196514762,7.000908454869624,3.3431100978475223,1.40406568146,0.201537265716,-0.3597035037877615,pass,
bckdh_complex_inhibition_negative,harmful_control,601,skeletal_muscle,exercise,0.89591611325,0.05253376542,7.258798388606106,7.15742716609003,4.0316225096250005,0.23640194439,-0.5302492749371922,pass,
bckdh_complex_inhibition_negative,harmful_control,602,skeletal_muscle,caloric_restriction,0.831785275,0.1868859119199999,1.130143279736366,1.2349949003861689,1.2349949003861689,0.3363946414559999,-0.727614550188982,pass,
bckdh_complex_inhibition_negative,harmful_control,603,skeletal_muscle,caloric_restriction,0.889214314025,0.14588964706,2.1897720296882697,1.7739025375908697,1.5632479650912436,0.262601364708,-0.7332119847743421,pass,
bckdh_complex_inhibition_negative,harmful_control,604,liver,caloric_restriction,0.9392735065,0.20445921356,0.6598231797199018,0.9550508417530804,0.9550508417531902,0.368026584408,-0.6146523637083603,pass,
bckdh_complex_inhibition_negative,harmful_control,605,adipose_subcutaneous,exercise,0.913173889175,0.1897676554,3.5517940695187558,3.605803695761633,3.6058036957616273,0.8539544493,-0.7631722297295971,pass,
bckdh_complex_inhibition_negative,harmful_control,606,adipose_subcutaneous,fed,0.956733475,0.0670097379,8.318186035289175,9.448516122130275,8.287391341631004,0.6030876411,-0.8132815355559226,pass,
bckdh_complex_inhibition_negative,harmful_control,607,liver,fasted,0.845568150375,0.17100605742,1.365699729167449,2.52076095388816,1.90252833834375,0.3847636291949999,-0.6021057676284879,pass,
bckdh_complex_inhibition_negative,harmful_control,608,adipose_subcutaneous,exercise,0.8992213587,0.24847984988,4.207395015209188,2.8203782676604288,2.820378267660409,1.118159324422728,-0.6035427810361454,pass,
bckdh_complex_inhibition_negative,harmful_control,609,adipose_subcutaneous,exercise,0.877016103425,0.13972186626,6.54895083390935,5.447394933067271,3.946572465280948,0.6287483981490416,-0.609066188131826,pass,
bckdh_complex_inhibition_negative,harmful_control,610,adipose_subcutaneous,fed,0.971778872075,0.1933739997,6.481296755876584,6.113349197066931,6.113349197066963,1.7403659973,-0.7153170968648475,pass,
bckdh_complex_inhibition_negative,harmful_control,611,adipose_subcutaneous,caloric_restriction,0.932658768375,0.12638319204,4.740722115610836,2.6144454035222813,1.6787857831309594,0.2274897456795829,-0.5551066530194643,pass,
bckdh_complex_inhibition_negative,harmful_control,612,liver,fed,0.97307137145,0.12369652348,6.752632346212172,8.294000068582957,8.262316830471828,1.113268711357109,-0.8619541909813543,pass,
bckdh_complex_inhibition_negative,harmful_control,613,adipose_subcutaneous,fasted,0.99386458025,0.2182696305199999,1.0355794472290532,1.508769534654867,1.5087695346548862,0.4911066686863701,-0.674498551696504,pass,
bckdh_complex_inhibition_negative,harmful_control,614,adipose_subcutaneous,exercise,0.828982671975,0.13034233628,9.929322872944784,5.727706683291691,3.730422024011847,0.5865405132795515,-0.5488901028928944,pass,
bckdh_complex_inhibition_negative,harmful_control,615,liver,caloric_restriction,0.825629994825,0.20512363192,3.4005578016448466,2.32503904288554,1.486133990685,0.369222537456,-0.4803839559798673,pass,
bckdh_complex_inhibition_negative,harmful_control,616,liver,fed,0.97556639555,0.08907848172,4.693002595176777,5.319153124999236,5.319153124999236,0.80170633548,-0.8492793276222678,pass,
bckdh_complex_inhibition_negative,harmful_control,617,adipose_subcutaneous,fasted,0.833247207325,0.2169864107,1.3118466956956696,1.403043451799661,1.4030434517996548,0.488219424091274,-0.652028293589162,pass,
bckdh_complex_inhibition_negative,harmful_control,618,adipose_subcutaneous,fed,0.918234348925,0.24225069974,9.815882764446505,10.660932715452434,8.264109140600471,2.180256297732676,-0.5706679711100311,pass,
bckdh_complex_inhibition_negative,harmful_control,619,skeletal_muscle,caloric_restriction,0.87149054065,0.14744711766,1.2493767505617528,1.3842517499024622,1.3791280968705917,0.265404811788,-0.8045670053594421,pass,
bckdh_complex_inhibition_negative,harmful_control,620,skeletal_muscle,fed,0.863058653425,0.16994272184,13.998828752481051,9.074739754756123,7.712590284149089,1.5294844965600003,-0.6813535103690976,pass,
bckdh_complex_inhibition_negative,harmful_control,621,liver,fasted,0.7781480704,0.08555311642,2.299081125611328,1.2664297471154125,1.266429747115535,0.192494511945,-0.8480022185333784,pass,
bckdh_complex_inhibition_negative,harmful_control,622,adipose_subcutaneous,fed,0.961895677175,0.18703902556,29.320472023996658,17.553826341042708,8.657061094863568,1.6833512300961115,-0.3972757693553219,pass,
bckdh_complex_inhibition_negative,harmful_control,623,adipose_subcutaneous,fasted,0.9810795929,0.20632851926,1.192648897935792,1.1207866066029388,1.120786606603014,0.4642391683195254,-0.5857916524122808,pass,
bckdh_complex_inhibition_negative,harmful_control,624,skeletal_muscle,fed,0.84696610465,0.07583765742,3.9185144591590086,5.1207984517017335,5.120798451701888,0.6825389167572488,-0.8667124037013653,pass,
bckdh_complex_inhibition_negative,harmful_control,625,adipose_subcutaneous,exercise,0.80534237325,0.12535493336,2.1457938232428417,2.3199295424706525,2.3199295424705118,0.5640972001200001,-0.7568472706634896,pass,
bckdh_complex_inhibition_negative,harmful_control,626,skeletal_muscle,fed,0.9738654367,0.1492377075199999,20.292749945787563,11.139076117381896,8.7647889303,1.34313936768,-0.6662715546973359,pass,
bckdh_complex_inhibition_negative,harmful_control,627,liver,fed,0.810550375875,0.13397792964,3.2449693570265805,4.511590639161084,4.511590639161233,1.2058013667599998,-0.7327325408707591,pass,
bckdh_complex_inhibition_negative,harmful_control,628,adipose_subcutaneous,fed,0.94211478925,0.22815941458,9.697978775082555,5.477907700760012,5.477907700760175,2.05343473122,-0.6251425099888156,pass,
bckdh_complex_inhibition_negative,harmful_control,629,skeletal_muscle,fed,0.7979483461,0.12098185056,33.60157879417599,17.503334461202453,7.181535114899999,1.0888366550400002,-0.3480878728201735,pass,
bckdh_complex_inhibition_negative,harmful_control,630,liver,exercise,0.934322953425,0.13976097042,6.941834124511164,6.83082725667797,4.204453290272351,0.628924366869036,-0.5234401030867525,pass,
bckdh_complex_inhibition_negative,harmful_control,631,adipose_subcutaneous,exercise,0.985921355625,0.13608343374,6.46046949340233,4.017860937850774,4.017860937850855,0.6123754518504125,-0.8475866981653422,pass,
bckdh_complex_inhibition_negative,harmful_control,632,liver,exercise,0.7852209691,0.21407299198,2.3140930377985054,3.318307962636442,3.2416392647892978,0.9633284639100002,-0.6865881125358683,pass,
bckdh_complex_inhibition_negative,harmful_control,633,skeletal_muscle,fasted,0.931620676275,0.15677660948,2.302277641381182,3.4112469318585124,2.09614652161875,0.35274737133,-0.5110738639313083,pass,
bckdh_complex_inhibition_negative,harmful_control,634,skeletal_muscle,exercise,0.857156942625,0.1110229292,4.734740682309974,2.36604415861065,2.36604415861066,0.4996031814,-0.7888445236401002,pass,
bckdh_complex_inhibition_negative,harmful_control,635,adipose_subcutaneous,fasted,0.9748558604,0.15093052852,2.078775136491744,2.2766010036797955,2.121136370545092,0.33959368917,-0.7825449775764336,pass,
bckdh_complex_inhibition_negative,harmful_control,636,liver,fasted,0.92866860395,0.18781394286,1.4988182569347863,1.408237485011402,1.408237485011402,0.422581371435,-0.6999217987500322,pass,
bckdh_complex_inhibition_negative,harmful_control,637,skeletal_muscle,exercise,0.8208381669,0.14054372012,1.419814917531328,2.5116647562617143,2.5116647562616787,0.6324467405399999,-0.7481961957847632,pass,
bckdh_complex_inhibition_negative,harmful_control,638,adipose_subcutaneous,fed,0.91825756195,0.17503981256,26.78163254515356,17.163863898849634,8.26431805755,1.5753583130400002,-0.3897117679288001,pass,
bckdh_complex_inhibition_negative,harmful_control,639,skeletal_muscle,exercise,0.780671257775,0.11291715284,5.21526806252538,3.881454376906576,3.5130206599875007,0.50812718778,-0.7741668922055777,pass,
bckdh_complex_inhibition_negative,harmful_control,640,liver,exercise,0.94828417485,0.2491477289199999,12.385117223269296,8.1065411667295,4.267278786825,1.12116478014,-0.3880957293595373,pass,
bckdh_complex_inhibition_negative,harmful_control,641,skeletal_muscle,caloric_restriction,0.939889736725,0.13385354036,2.7130336513840967,1.7697110169265666,1.646505151653702,0.240936372648,-0.7942363276049071,pass,
bckdh_complex_inhibition_negative,harmful_control,642,liver,exercise,0.8406308877249999,0.1958668915599999,4.049974336387284,4.5102395248571225,3.7828389947625,0.88140101202,-0.6433001987481836,pass,
bckdh_complex_inhibition_negative,harmful_control,643,skeletal_muscle,fed,0.893467826275,0.07306202386,8.336618303993781,7.37487223530618,7.37487223530613,0.6575582147619188,-0.910838019455578,pass,
bckdh_complex_inhibition_negative,harmful_control,644,adipose_subcutaneous,fasted,0.952840874525,0.07861414382,4.785727811704554,2.615155435333913,2.14389196768125,0.176881823595,-0.7521580237677513,pass,
bckdh_complex_inhibition_negative,harmful_control,645,liver,exercise,0.806814626375,0.07778082874,1.8644645012063237,2.6951610184286787,2.6951610184286787,0.3500137293183328,-0.8701325349672813,pass,
bckdh_complex_inhibition_negative,harmful_control,646,skeletal_muscle,caloric_restriction,0.952284144325,0.20560999832,1.629855699222429,1.762378265579446,1.6599448996378134,0.3700979969636634,-0.7318785801356134,pass,
bckdh_complex_inhibition_negative,harmful_control,647,skeletal_muscle,caloric_restriction,0.927674930325,0.23223456724,0.6540230849290363,1.1095622981950313,1.1095622981950686,0.418022221032,-0.6232548440840356,pass,
bckdh_complex_inhibition_negative,harmful_control,648,skeletal_muscle,fed,0.972478280425,0.16800597034,7.059145954450322,5.985965664190605,5.985965664190681,1.512053733110402,-0.747400199410469,pass,
bckdh_complex_inhibition_negative,harmful_control,649,adipose_subcutaneous,caloric_restriction,0.76286293055,0.10669988782,1.0570407853626125,0.9917975722163094,0.9917975722163094,0.192059798069598,-0.80635181669137,pass,
bckdh_complex_inhibition_negative,harmful_control,650,liver,fed,0.9808277112,0.1666366283399999,6.309311495595229,7.504237669515665,7.478126157249621,1.4997296551099908,-0.7966693974026925,pass,
bckdh_complex_inhibition_negative,harmful_control,651,adipose_subcutaneous,fed,0.751816071975,0.22340312748,22.776528274072515,12.372508716238292,6.766344647775,2.0106281473200003,-0.3843777045970767,pass,
bckdh_complex_inhibition_negative,harmful_control,652,skeletal_muscle,fasted,0.889410820975,0.16018266564,2.875532194608,4.572296618862234,2.0011743471937504,0.36041099769,-0.3588488425565085,pass,
bckdh_complex_inhibition_negative,harmful_control,653,skeletal_muscle,fasted,0.8995644161,0.06666798832,3.802809986675889,3.291561906532022,2.024019936225,0.15000297372,-0.5693397285908736,pass,
bckdh_complex_inhibition_negative,harmful_control,654,adipose_subcutaneous,fed,0.980571105025,0.09676505192,13.007601072913866,9.543144832807432,8.813742036804399,0.8708854672800002,-0.8323101774813728,pass,
bckdh_complex_inhibition_negative,harmful_control,655,skeletal_muscle,fed,0.922890193625,0.17696411758,6.485035213802623,10.264888205503407,8.306011742348133,1.592677058166911,-0.6540095274083881,pass,
bckdh_complex_inhibition_negative,harmful_control,656,skeletal_muscle,caloric_restriction,0.788718098675,0.19472731692,1.0653280868792936,1.2732104177111487,1.2562825239638886,0.3505091704559999,-0.7114090027131557,pass,
bckdh_complex_inhibition_negative,harmful_control,657,liver,exercise,0.762631677325,0.08811866208,11.89144782553308,5.8559723387671685,3.431842547848105,0.3965339793467822,-0.5183269989865309,pass,
bckdh_complex_inhibition_negative,harmful_control,658,skeletal_muscle,caloric_restriction,0.8743682476,0.10867161932,1.0841487100653495,1.6258818164072222,1.5601030476455406,0.195608914776,-0.8392332819643185,pass,
bckdh_complex_inhibition_negative,harmful_control,659,skeletal_muscle,fasted,0.7715703968,0.0915961875,7.71608150614199,4.133403026168365,1.7360333927999998,0.206091421875,-0.3701410100198347,pass,
bckdh_complex_inhibition_negative,harmful_control,660,adipose_subcutaneous,fed,0.7985574164,0.16115912422,23.850781040383804,12.33848269663839,7.187016747360433,1.4504321179316524,-0.4649343659566592,pass,
bckdh_complex_inhibition_negative,harmful_control,661,adipose_subcutaneous,exercise,0.778127071725,0.08130800862,2.6892946678129914,3.3110996155854773,3.3110996155854098,0.36588603879,-0.8894971214191721,pass,
bckdh_complex_inhibition_negative,harmful_control,662,adipose_subcutaneous,fasted,0.780359092025,0.14663953486,2.710465201683255,1.568621096854466,1.5686210968543957,0.329938953424002,-0.7896630651687049,pass,
bckdh_complex_inhibition_negative,harmful_control,663,adipose_subcutaneous,exercise,0.80363642385,0.22074588114,2.4164757300497146,3.650364420298127,3.487966885748837,0.9933564651299998,-0.6833866796277565,pass,
bckdh_complex_inhibition_negative,harmful_control,664,liver,exercise,0.79749505225,0.2226260059399999,8.77383206365467,7.531264618706,3.588727735125,1.00181702673,-0.3434895518037813,pass,
bckdh_complex_inhibition_negative,harmful_control,665,liver,fed,0.938620796925,0.22652818664,5.132443111585875,5.993833508719973,5.993833508719973,2.03875367976,-0.6598581397374531,pass,
bckdh_complex_inhibition_negative,harmful_control,666,liver,caloric_restriction,0.94720403305,0.15434501892,2.964509910312863,2.249780105118486,1.70496725949,0.277821034056,-0.63434920692342,pass,
bckdh_complex_inhibition_negative,harmful_control,667,skeletal_muscle,fasted,0.8943008897,0.14627170126,4.355546898233103,2.463918313036544,2.0072459044686197,0.3291113278349999,-0.6810836900536198,pass,
bckdh_complex_inhibition_negative,harmful_control,668,adipose_subcutaneous,fasted,0.7621543707,0.23710857268,3.4205242891109946,3.870637847285121,1.714847334075,0.53349428853,-0.3052088808498591,pass,
bckdh_complex_inhibition_negative,harmful_control,669,adipose_subcutaneous,fasted,0.823255530725,0.21728984738,3.663759083915292,3.0634330751113863,1.85232494413125,0.488902156605,-0.4450636766323599,pass,
bckdh_complex_inhibition_negative,harmful_control,670,liver,fasted,0.880976444125,0.09747845576,7.5644410887315505,5.045826573915377,1.98219699928125,0.2193265254599999,-0.3493719904949739,pass,
bckdh_complex_inhibition_negative,harmful_control,671,liver,fasted,0.76702984475,0.05742489816,1.881273610886449,2.4235569216073016,1.7258171506875,0.12920602086,-0.6587883765356864,pass,
bckdh_complex_inhibition_negative,harmful_control,672,liver,fasted,0.9682903886,0.0833254953,2.6349064328509746,3.1935449744674287,2.1786533743500005,0.187482364425,-0.6234986592781766,pass,
bckdh_complex_inhibition_negative,harmful_control,673,skeletal_muscle,fed,0.907911393725,0.06746663332,9.73262950583438,5.5173011810389525,5.517301181039017,0.60719969988,-0.8899462472763551,pass,
bckdh_complex_inhibition_negative,harmful_control,674,adipose_subcutaneous,caloric_restriction,0.9554623649,0.1422580766,0.9875603658934242,1.6153290885584184,1.615329088558416,0.2560645378885355,-0.8414784085160877,pass,
bckdh_complex_inhibition_negative,harmful_control,675,skeletal_muscle,caloric_restriction,0.79516471285,0.1698072207,2.117001770368265,2.3482475348240706,1.43129648313,0.30565299726,-0.4793546971419828,pass,
bckdh_complex_inhibition_negative,harmful_control,676,adipose_subcutaneous,fasted,0.90008335055,0.21894601912,1.1072672943419275,1.37478111085552,1.3747811108554822,0.492628543003579,-0.6416676523166249,pass,
bckdh_complex_inhibition_negative,harmful_control,677,skeletal_muscle,exercise,0.7632176097,0.1562257073,1.889751324991829,2.7644028939173744,2.7644028939171914,0.7030156828265662,-0.7456898614982561,pass,
bckdh_complex_inhibition_negative,harmful_control,678,liver,fasted,0.751237094775,0.1383061782,2.7763712711842503,3.727237178472337,1.69028346324375,0.31118890095,-0.370004509039318,pass,
bckdh_complex_inhibition_negative,harmful_control,679,adipose_subcutaneous,exercise,0.972885408125,0.18993730132,5.131653328333193,2.9435108545756155,2.943510854575719,0.8547178559115094,-0.7096263957774208,pass,
bckdh_complex_inhibition_negative,harmful_control,680,skeletal_muscle,exercise,0.8317962502,0.1942228368,3.0400542372974986,4.327369369128348,3.7430831259,0.8740027656,-0.6630079652474669,pass,
bckdh_complex_inhibition_negative,harmful_control,681,skeletal_muscle,caloric_restriction,0.922973872975,0.20272191386,5.055014915326575,3.2077785432285943,1.6613529712996216,0.3648994449358366,-0.4041592986836673,pass,
bckdh_complex_inhibition_negative,harmful_control,682,skeletal_muscle,fed,0.989718138425,0.2211263983999999,7.777515098839502,12.104042026343915,8.907463245825,1.9901375855999996,-0.5714888997551185,pass,
bckdh_complex_inhibition_negative,harmful_control,683,skeletal_muscle,fed,0.815640757225,0.1471983996,6.27759438265782,5.536386601037199,5.536386601037178,1.3247855963558406,-0.7607129538049829,pass,
bckdh_complex_inhibition_negative,harmful_control,684,adipose_subcutaneous,fasted,0.769814203025,0.24374552686,1.0714751075866755,1.919424476615736,1.7183858595937296,0.548427435435,-0.6095360554230093,pass,
bckdh_complex_inhibition_negative,harmful_control,685,liver,caloric_restriction,0.918650211275,0.0873201653,1.1951011024233429,1.434049344008975,1.434049344008975,0.1571762975399999,-0.8903968693987867,pass,
bckdh_complex_inhibition_negative,harmful_control,686,adipose_subcutaneous,caloric_restriction,0.983718112525,0.12155336884,4.418137823811912,3.199489223914461,1.770692602604023,0.2187960639192932,-0.4850450900366027,pass,
bckdh_complex_inhibition_negative,harmful_control,687,skeletal_muscle,caloric_restriction,0.854328671975,0.10961052682,0.4343455729677602,0.8148273382775119,0.814827338277552,0.197298948276,-0.7578641032184363,pass,
bckdh_complex_inhibition_negative,harmful_control,688,skeletal_muscle,exercise,0.8003168871,0.12872275952,2.527128412522011,3.039322848282623,3.0253825327724897,0.57925241784,-0.804827337219105,pass,
bckdh_complex_inhibition_negative,harmful_control,689,skeletal_muscle,caloric_restriction,0.9797272886,0.22376382722,1.3472791675117313,2.528301199259525,1.76350911948,0.4027748889959999,-0.5382009987111205,pass,
bckdh_complex_inhibition_negative,harmful_control,690,skeletal_muscle,fasted,0.891771597,0.20967446236,2.6216231021326517,2.4482110308196003,2.00648609325,0.4717675403100001,-0.6268734735772407,pass,
bckdh_complex_inhibition_negative,harmful_control,691,skeletal_muscle,exercise,0.795141434875,0.12965563554,5.879462557951963,3.692189908407972,3.43046993438564,0.58345035993,-0.7710923991131434,pass,
bckdh_complex_inhibition_negative,harmful_control,692,skeletal_muscle,exercise,0.75129737485,0.20819665768,1.5496872902126158,2.9674176072231666,2.950288700616068,0.93688495956,-0.6785036713926355,pass,
bckdh_complex_inhibition_negative,harmful_control,693,adipose_subcutaneous,caloric_restriction,0.826883997725,0.06914416526,1.6910342589194152,3.045716461479665,1.4883911959546128,0.1244594974721486,-0.4478196561408874,pass,
bckdh_complex_inhibition_negative,harmful_control,694,liver,exercise,0.93107330935,0.11294191824,4.0958592625890775,4.045840734917503,3.9850493236109306,0.5082386320800001,-0.8593543145493652,pass,
bckdh_complex_inhibition_negative,harmful_control,695,liver,fed,0.9739521517,0.20023852394,9.157935296092436,10.56722360682675,8.765569365300001,1.80214671546,-0.6589642567364067,pass,
bckdh_complex_inhibition_negative,harmful_control,696,skeletal_muscle,caloric_restriction,0.9186429623,0.19266743014,1.1121459203769648,1.033680380000304,1.0336803800002816,0.346801374252,-0.66449844559116,pass,
bckdh_complex_inhibition_negative,harmful_control,697,adipose_subcutaneous,caloric_restriction,0.890416139425,0.12484920102,1.937055366788592,3.495879327551017,1.6027490510184248,0.2247285618434909,-0.3941842266449982,pass,
bckdh_complex_inhibition_negative,harmful_control,698,liver,exercise,0.8472665417,0.22152214174,5.581383058457588,2.8530620114232823,2.8530620114232823,0.99684963783,-0.6506035852572618,pass,
bckdh_complex_inhibition_negative,harmful_control,699,adipose_subcutaneous,fasted,0.98110400065,0.20371446274,5.138213750962284,3.095987465492951,2.2074840014625,0.4583575411649999,-0.5649656142968266,pass,
bckdh_complex_inhibition_negative,harmful_control,700,adipose_subcutaneous,fasted,0.827695574025,0.0604254942,1.987904049060473,1.1863479102530918,1.1863479102530918,0.13595736195,-0.8853984056658427,pass,
bckdh_complex_inhibition_negative,harmful_control,701,adipose_subcutaneous,exercise,0.87877088535,0.06151172538,13.979461848244624,8.479709513003526,3.954468983943185,0.2768027642007732,-0.4337019109089477,pass,
bckdh_complex_inhibition_negative,harmful_control,702,skeletal_muscle,fed,0.975829506725,0.1307231335,8.552807760950113,10.65664075885868,8.782465560525,1.1765082015,-0.7137293572275392,pass,
bckdh_complex_inhibition_negative,harmful_control,703,skeletal_muscle,fed,0.755311921325,0.07225848948,3.4295559694016493,5.486951082095756,5.486951082095909,0.65032640532,-0.8814776374730402,pass,
bckdh_complex_inhibition_negative,harmful_control,704,liver,fasted,0.775105016675,0.2128082124799999,3.5097946114324112,1.764491917249547,1.729196113750488,0.47881847808,-0.7086332464585899,pass,
bckdh_complex_inhibition_negative,harmful_control,705,adipose_subcutaneous,fed,0.983045591825,0.15404448258,5.118948283038345,5.0164720099879725,5.016472009987762,1.3864003432200005,-0.7236304039054063,pass,
bckdh_complex_inhibition_negative,harmful_control,706,liver,fed,0.96994558655,0.12339756234,14.392872271439694,9.85704423967785,8.563486959638475,1.11057806106,-0.7560997716311408,pass,
bckdh_complex_inhibition_negative,harmful_control,707,liver,caloric_restriction,0.968618429975,0.19609056856,0.6621529572077608,1.140283888295094,1.14028388829537,0.3529630234197654,-0.6904603958342117,pass,
bckdh_complex_inhibition_negative,harmful_control,708,adipose_subcutaneous,caloric_restriction,0.77138652425,0.16408698674,5.450745433405082,3.746802251538909,1.3884957436499996,0.2953565761319999,-0.2917525650223518,pass,
bckdh_complex_inhibition_negative,harmful_control,709,skeletal_muscle,fed,0.83208521115,0.0950287688,6.160333016327041,6.339575414073317,6.339575414073115,0.8552589192285088,-0.8650920821400581,pass,
bckdh_complex_inhibition_negative,harmful_control,710,adipose_subcutaneous,caloric_restriction,0.7862307671,0.1098292033,6.597143297960188,3.966344455439785,1.415215380732826,0.1976925659334102,-0.3069634592955235,pass,
bckdh_complex_inhibition_negative,harmful_control,711,liver,fasted,0.9201587488,0.1015239756,3.928802393857408,2.1169008357619425,2.0561868409494317,0.2284289451,-0.863412147121932,pass,
bckdh_complex_inhibition_negative,harmful_control,712,liver,fasted,0.887500714175,0.12051446092,1.2537849752381058,2.415275435692322,1.996876606960312,0.2711575370790386,-0.7145019753768199,pass,
bckdh_complex_inhibition_negative,harmful_control,713,liver,fasted,0.93510688485,0.21911418744,3.425866071151967,2.7601503054116896,2.103990490982633,0.4930069217564335,-0.5836579138707135,pass,
bckdh_complex_inhibition_negative,harmful_control,714,liver,fed,0.798729909075,0.2389843627,24.111932492114438,16.04246170053394,7.188569181435382,2.1508592642283046,-0.3140234965958751,pass,
bckdh_complex_inhibition_negative,harmful_control,715,adipose_subcutaneous,fasted,0.9757742369,0.12513486294,3.919674499410556,2.6386589781285537,2.1954920330250003,0.281553441615,-0.7253451875647245,pass,
bckdh_complex_inhibition_negative,harmful_control,716,adipose_subcutaneous,fed,0.963701880425,0.20677642886,3.895586235576823,4.48775519780032,4.48775519780032,1.86098785974,-0.5853187667963337,pass,
bckdh_complex_inhibition_negative,harmful_control,717,adipose_subcutaneous,exercise,0.911396447225,0.21699023134,1.5501797362720584,2.4215840081668905,2.421584008166813,0.97645604103,-0.596769702088823,pass,
bckdh_complex_inhibition_negative,harmful_control,718,skeletal_muscle,fed,0.825606290675,0.18592808262,5.542740531224501,5.433721354324819,5.433721354324613,1.6733527435799995,-0.6920429601624037,pass,
bckdh_complex_inhibition_negative,harmful_control,719,liver,exercise,0.8237990979,0.1243133123,6.365526214666399,5.121258393394346,3.70709594055,0.5594099053500001,-0.6146313646778772,pass,
bckdh_complex_inhibition_negative,harmful_control,720,skeletal_muscle,fasted,0.764750459275,0.0999733151,1.3831078490206723,2.1065049467817984,1.7206885333687496,0.224939958975,-0.7100617431157099,pass,
bckdh_complex_inhibition_negative,harmful_control,721,skeletal_muscle,exercise,0.7516767917,0.20129577694,12.269536731535132,7.851632177178509,3.3825455626500003,0.90583099623,-0.3154394539289294,pass,
bckdh_complex_inhibition_negative,harmful_control,722,liver,fasted,0.82285890885,0.1781319582,0.9313568663964708,1.334986219012141,1.3349862190119846,0.4007969059366401,-0.6997744993702053,pass,
bckdh_complex_inhibition_negative,harmful_control,723,liver,fed,0.96741109555,0.08949474426,10.251769918294167,9.913727207080912,8.706699859949998,0.80545269834,-0.7970006634806842,pass,
bckdh_complex_inhibition_negative,harmful_control,724,skeletal_muscle,caloric_restriction,0.8746273346,0.13552555158,1.825083251954058,0.947386547042838,0.9473865470430468,0.2439459928521315,-0.7425063786124332,pass,
bckdh_complex_inhibition_negative,harmful_control,725,liver,exercise,0.814706784125,0.13961965142,7.765234411222575,4.0124338714941565,3.615916917061157,0.6282884313899999,-0.7445925793061405,pass,
bckdh_complex_inhibition_negative,harmful_control,726,liver,caloric_restriction,0.818096586825,0.15881419046,4.274536129163743,3.3902433266490077,1.472573856285,0.285865542828,-0.3500363245696494,pass,
bckdh_complex_inhibition_negative,harmful_control,727,liver,fed,0.85064835585,0.07911091078,4.693883813907267,6.208709675271677,6.208709675271677,0.71199819702,-0.8853226782602225,pass,
bckdh_complex_inhibition_negative,harmful_control,728,adipose_subcutaneous,fed,0.82197781075,0.11352809028,12.16536537701954,8.743401404460897,7.397800296750001,1.02175281252,-0.7292410801335201,pass,
bckdh_complex_inhibition_negative,harmful_control,729,liver,exercise,0.790002906275,0.24177236864,7.427401551859226,4.530992992038737,3.5550130782375,1.08797565888,-0.5444805197651491,pass,
bckdh_complex_inhibition_negative,harmful_control,730,skeletal_muscle,exercise,0.874308830975,0.05233364206,6.561726526930062,9.355911446766784,3.9343897393875,0.23550138927,-0.3953530739536618,pass,
bckdh_complex_inhibition_negative,harmful_control,731,skeletal_muscle,fasted,0.790651088075,0.18768179588,1.1361231244387002,1.8208251920802443,1.7121201281160872,0.42228404073,-0.708379965850804,pass,
bckdh_complex_inhibition_negative,harmful_control,732,liver,fasted,0.789424498525,0.22012733988,2.8926476225674307,2.401325787699851,1.77620512168125,0.4952865147299999,-0.5334214180818,pass,
bckdh_complex_inhibition_negative,harmful_control,733,liver,fed,0.813016114025,0.1354051345,4.824049661188004,6.72943355683301,6.72943355683301,1.2186462105000002,-0.8189080551567974,pass,
bckdh_complex_inhibition_negative,harmful_control,734,adipose_subcutaneous,exercise,0.9852560393,0.18412784006,6.294231490113707,3.8355114989136982,3.803331921999561,0.82857528027,-0.7755827723556761,pass,
bckdh_complex_inhibition_negative,harmful_control,735,skeletal_muscle,fasted,0.97811973515,0.14487958334,5.704586649236412,3.516515165191388,2.2007694040875,0.325979062515,-0.5331387050823264,pass,
bckdh_complex_inhibition_negative,harmful_control,736,liver,caloric_restriction,0.974549701775,0.05047218052,0.7878229299902328,1.2155365359317505,1.2155365359320678,0.090849924936,-0.9252594041806872,pass,
bckdh_complex_inhibition_negative,harmful_control,737,skeletal_muscle,exercise,0.771107599575,0.20402003182,9.683018343574814,4.882734023587335,3.4699841979718338,0.9180901431593972,-0.5226363022201986,pass,
bckdh_complex_inhibition_negative,harmful_control,738,liver,caloric_restriction,0.879989702475,0.24170361522,2.59120552245115,2.2461435391477598,1.5839814644549997,0.435066507396,-0.5115055814709533,pass,
bckdh_complex_inhibition_negative,harmful_control,739,liver,fasted,0.87587364355,0.08753851898,3.3131243088527484,4.064390609265205,1.9707156979875,0.196961667705,-0.4364132783495369,pass,
bckdh_complex_inhibition_negative,harmful_control,740,liver,exercise,0.848811090075,0.07485648686,1.933234292855767,2.141105918661478,2.1411059186614194,0.33685419087,-0.8426728038374465,pass,
bckdh_complex_inhibition_negative,harmful_control,741,adipose_subcutaneous,exercise,0.820346196125,0.07437402606,6.739369631348299,8.589799187719215,3.691557882562501,0.33468311727,-0.3907978163321681,pass,
bckdh_complex_inhibition_negative,harmful_control,742,skeletal_muscle,fasted,0.87915043835,0.19610560616,2.333760095521338,4.16383947237161,1.9780884862875,0.44123761386,-0.3690946499318696,pass,
bckdh_complex_inhibition_negative,harmful_control,743,adipose_subcutaneous,exercise,0.76105116135,0.11671505336,1.8602906179612304,3.716643384868432,3.424730226074999,0.52521774012,-0.7801427755376753,pass,
bckdh_complex_inhibition_negative,harmful_control,744,adipose_subcutaneous,fed,0.9136826029,0.21887890334,9.131424440359082,12.980966445965056,8.223143426374106,1.969910130125664,-0.4817232462835745,pass,
bckdh_complex_inhibition_negative,harmful_control,745,skeletal_muscle,caloric_restriction,0.960195479375,0.05276808504,1.882858802735199,3.027945104641769,1.7283518628750003,0.094982553072,-0.5394316123165784,pass,
bckdh_complex_inhibition_negative,harmful_control,746,skeletal_muscle,fasted,0.945065186825,0.1770060113,3.406493367743938,3.1056838746110738,2.12639667035625,0.3982635254249999,-0.556442063874793,pass,
bckdh_complex_inhibition_negative,harmful_control,747,adipose_subcutaneous,exercise,0.940998175675,0.07709117886,2.3480960441354246,2.236881323889164,2.236881323889164,0.3469103048699999,-0.8449134063729216,pass,
bckdh_complex_inhibition_negative,harmful_control,748,skeletal_muscle,fed,0.95204864445,0.1771160221,4.16073819515968,4.617354646596694,4.6173546465967,1.5940441988468652,-0.6547711144471481,pass,
bckdh_complex_inhibition_negative,harmful_control,749,skeletal_muscle,fasted,0.904860682525,0.1249150841,2.305009774537897,1.6636714970162412,1.6636714970161952,0.281058939225,-0.8310610359502347,pass,
bckdh_complex_inhibition_negative,harmful_control,750,adipose_subcutaneous,caloric_restriction,0.917789732125,0.14506709474,0.6129511283938497,1.0950037574069855,1.0950037574070193,0.261120770532,-0.7615343611693979,pass,
bckdh_complex_inhibition_negative,harmful_control,751,skeletal_muscle,fasted,0.868892750825,0.17706357526,3.2877411211627776,4.0114872328803575,1.9550086893562495,0.3983930443349999,-0.3880395361257469,pass,
bckdh_complex_inhibition_negative,harmful_control,752,skeletal_muscle,exercise,0.77445971155,0.2108746477,4.603003078084189,3.4438079651357025,3.3675758728090246,0.9489359146816312,-0.702315571197097,pass,
bckdh_complex_inhibition_negative,harmful_control,753,liver,fasted,0.8010543689,0.0913554319,1.2898452619777616,2.290234207442535,1.8023723299649208,0.2055497217681483,-0.6972311403818899,pass,
bckdh_complex_inhibition_negative,harmful_control,754,skeletal_muscle,fed,0.974788904975,0.07437558422,4.688916134068282,7.194320709272597,7.194320709272363,0.6693802579799999,-0.9069571284030352,pass,
bckdh_complex_inhibition_negative,harmful_control,755,liver,exercise,0.8025157993250001,0.1010476407,3.153937557484087,5.841066555544021,3.6113210969625,0.4547143831499999,-0.5404161523919672,pass,
bckdh_complex_inhibition_negative,harmful_control,756,skeletal_muscle,caloric_restriction,0.83605599485,0.13765791544,1.717490434148236,2.9709950870961928,1.5049007906798364,0.2477842477837405,-0.4231297952514568,pass,
bckdh_complex_inhibition_negative,harmful_control,757,adipose_subcutaneous,exercise,0.82579016695,0.19893774262,10.748461824554264,7.847491701597456,3.716055751275,0.8952198417899999,-0.3594570108192383,pass,
bckdh_complex_inhibition_negative,harmful_control,758,adipose_subcutaneous,exercise,0.872655877275,0.0503674259,8.76791863512839,4.914699748689462,3.926951447868399,0.2266534165575551,-0.7529041895789367,pass,
bckdh_complex_inhibition_negative,harmful_control,759,skeletal_muscle,fed,0.8721051845,0.06606505032,4.65732902233673,9.084582503990244,7.731267400696422,0.5945854528800001,-0.7855817198733964,pass,
bckdh_complex_inhibition_negative,harmful_control,760,adipose_subcutaneous,fed,0.918853994925,0.20893372606,20.198213967584945,14.872722161381647,8.269685954324999,1.88040353454,-0.4295973763549043,pass,
bckdh_complex_inhibition_negative,harmful_control,761,adipose_subcutaneous,fed,0.89392350845,0.16358886116,10.028764140147082,8.656397945292971,8.04531157605,1.47229975044,-0.7593241284828133,pass,
bckdh_complex_inhibition_negative,harmful_control,762,adipose_subcutaneous,fed,0.759340348425,0.23513719532,15.976735559469006,12.21072457996492,6.834063135825001,2.11623475788,-0.3863676022703768,pass,
bckdh_complex_inhibition_negative,harmful_control,763,adipose_subcutaneous,exercise,0.8057908459,0.08514235768,5.139712342732593,5.579018111728516,3.626058806550001,0.38314060956,-0.5812704192826622,pass,
bckdh_complex_inhibition_negative,harmful_control,764,liver,exercise,0.7687864251,0.13132331562,2.003304852809684,3.256337458736257,3.1408974401043714,0.5909549202703015,-0.7830707204478954,pass,
bckdh_complex_inhibition_negative,harmful_control,765,liver,fed,0.7535915702,0.1566435793,9.910818733231356,12.86625832063226,6.782324131799999,1.4097922137,-0.4175675463848443,pass,
bckdh_complex_inhibition_negative,harmful_control,766,skeletal_muscle,caloric_restriction,0.935387526875,0.13610932942,2.238080467008481,2.508717299317105,1.6836975484311232,0.2449967929641665,-0.573480621295426,pass,
bckdh_complex_inhibition_negative,harmful_control,767,adipose_subcutaneous,fed,0.910741747325,0.09284446488,6.360300068721685,9.691533043076136,8.196675725925001,0.8356001839200001,-0.7595367532966242,pass,
bckdh_complex_inhibition_negative,harmful_control,768,skeletal_muscle,caloric_restriction,0.819474408625,0.19273682318,2.52716354542555,1.5454822400103585,1.4469485986375332,0.346926281724,-0.7117663913796644,pass,
bckdh_complex_inhibition_negative,harmful_control,769,liver,caloric_restriction,0.8886404864499999,0.07525219506,1.4699188641647596,1.1800925832158076,1.1800925832158085,0.1354539511034848,-0.8852175218876762,pass,
bckdh_complex_inhibition_negative,harmful_control,770,liver,fasted,0.97916073825,0.23732434704,4.644407881302901,2.758060119573277,2.194860404508486,0.53397978084,-0.602191595419412,pass,
bckdh_complex_inhibition_negative,harmful_control,771,skeletal_muscle,exercise,0.8841829582,0.08620518834,2.614166590175759,4.368452051373175,3.9788233119,0.38792334753,-0.8220074118110646,pass,
bckdh_complex_inhibition_negative,harmful_control,772,liver,exercise,0.801394622675,0.07078906258,1.99157319482354,2.786577686939668,2.786577686939668,0.31855078161,-0.8856838683870158,pass,
bckdh_complex_inhibition_negative,harmful_control,773,liver,fasted,0.9980503492,0.22293654604,2.171421441042913,1.6716149693372744,1.6716149693372744,0.5016072285900001,-0.6999265753232238,pass,
bckdh_complex_inhibition_negative,harmful_control,774,liver,fed,0.92551277575,0.19318775316,13.67981850160761,17.828464570939623,8.32961498175,1.7386897784400004,-0.3696855204263187,pass,
bckdh_complex_inhibition_negative,harmful_control,775,skeletal_muscle,caloric_restriction,0.875137046025,0.13614385424,1.5235223760259586,2.4718729336551477,1.575246682845,0.2450589376319999,-0.5381294997417434,pass,
bckdh_complex_inhibition_negative,harmful_control,776,adipose_subcutaneous,caloric_restriction,0.818467407525,0.2415162194,2.131933723281402,1.4704999621403925,1.4410546991942863,0.434729194905509,-0.6843424210797094,pass,
bckdh_complex_inhibition_negative,harmful_control,777,liver,fed,0.8803457575,0.13446935646,12.536917619369875,14.432103765137173,7.923111817500001,1.21022420814,-0.465135763891606,pass,
bckdh_complex_inhibition_negative,harmful_control,778,liver,fed,0.9530638532,0.0868484584,10.012016878549176,13.305062219133012,8.577574678800001,0.7816361256,-0.5859377750213934,pass,
bckdh_complex_inhibition_negative,harmful_control,779,skeletal_muscle,fed,0.82985407145,0.08229804464,6.979501268154118,10.428488471003073,7.468686643050001,0.7406824017600001,-0.6451562237420647,pass,
bckdh_complex_inhibition_negative,harmful_control,780,skeletal_muscle,fed,0.8263849828000001,0.1886015767,19.572840765111145,17.74648427333346,7.4374648454479155,1.6974141903565805,-0.3234472003965626,pass,
bckdh_complex_inhibition_negative,harmful_control,781,liver,exercise,0.9962786797,0.12343509694,2.5024682131093368,2.8500176381337967,2.8500176381337687,0.5554579362114848,-0.8051036847002712,pass,
bckdh_complex_inhibition_negative,harmful_control,782,skeletal_muscle,fed,0.853841919375,0.0684302648,13.165559172830978,13.90112768238038,7.684577274375,0.6158723832,-0.5084986666322441,pass,
bckdh_complex_inhibition_negative,harmful_control,783,liver,fed,0.772850573,0.1517202759199999,5.2388427683564,7.275006069754266,6.758401603666461,1.3654824832344838,-0.741294105973734,pass,
bckdh_complex_inhibition_negative,harmful_control,784,liver,fed,0.7877994053,0.13519998128,18.948155903819814,16.304105257818037,7.090194647700001,1.21679983152,-0.3602402415406162,pass,
bckdh_complex_inhibition_negative,harmful_control,785,adipose_subcutaneous,fasted,0.791120842525,0.10330372522,1.6724758313944896,2.8551118372828483,1.7800218956812497,0.232433381745,-0.5420412936990441,pass,
bckdh_complex_inhibition_negative,harmful_control,786,liver,caloric_restriction,0.858842707125,0.07295419238,3.256301362337224,3.451741507907624,1.5459168728249997,0.131317546284,-0.4098219183853374,pass,
bckdh_complex_inhibition_negative,harmful_control,787,skeletal_muscle,exercise,0.85458782045,0.2162650219,1.4977858764104168,3.003223817375283,3.00322381737532,0.97319259855,-0.6759506924127616,pass,
bckdh_complex_inhibition_negative,harmful_control,788,liver,fed,0.9294250043,0.16482732374,14.727649911927625,17.410178869614512,8.364825038978827,1.4834459137094482,-0.3952503404361487,pass,
bckdh_complex_inhibition_negative,harmful_control,789,adipose_subcutaneous,caloric_restriction,0.786261651075,0.21896556422,2.3558728585029183,3.1538626751933867,1.415270971935,0.394138015596,-0.3237721681323321,pass,
bckdh_complex_inhibition_negative,harmful_control,790,skeletal_muscle,fed,0.9325308017,0.1588202208,3.699098213679528,5.162790889236579,5.162790889236696,1.4293819872000002,-0.7231377334728261,pass,
bckdh_complex_inhibition_negative,harmful_control,791,adipose_subcutaneous,exercise,0.975283358025,0.16994122254,7.148251064159632,4.428302813772351,4.26885143707488,0.7647355014299999,-0.7912999817326898,pass,
bckdh_complex_inhibition_negative,harmful_control,792,adipose_subcutaneous,fed,0.85556170215,0.07640751904,6.390583267027865,4.973788460574759,4.973788460574614,0.6876676713829224,-0.8617416730056103,pass,
bckdh_complex_inhibition_negative,harmful_control,793,liver,caloric_restriction,0.9386686237,0.12660404636,4.022555284733125,3.4747724333401595,1.6896035227163204,0.2278872834555962,-0.4206653147226781,pass,
bckdh_complex_inhibition_negative,harmful_control,794,liver,exercise,0.7900588093,0.1117881068,9.373174117833596,5.663226178901837,3.5552646417314917,0.5030464805832319,-0.538953957466717,pass,
bckdh_complex_inhibition_negative,harmful_control,795,adipose_subcutaneous,exercise,0.978499035725,0.15235977994,5.781432698972119,3.133583948877384,3.1335839488773765,0.6856190097299999,-0.7812029226229499,pass,
bckdh_complex_inhibition_negative,harmful_control,796,skeletal_muscle,caloric_restriction,0.8791569636750001,0.0676862982,1.90040986777424,1.4283510482901485,1.4060147933926064,0.12183533676,-0.8990643148754454,pass,
bckdh_complex_inhibition_negative,harmful_control,797,adipose_subcutaneous,fasted,0.911041876425,0.11399541938,1.6903139690000764,2.773960632585068,2.04984422195625,0.256489693605,-0.6464960271191786,pass,
bckdh_complex_inhibition_negative,harmful_control,798,skeletal_muscle,caloric_restriction,0.7880673743,0.16555584492,1.18745497591805,1.6405460106304326,1.378838876190179,0.298000520856,-0.6588284317114839,pass,
bckdh_complex_inhibition_negative,harmful_control,799,adipose_subcutaneous,fed,0.96821344,0.16609809434,6.990985721744663,8.557189607711196,8.464048541484285,1.49488284906,-0.8144222591660368,pass,
bckdh_complex_inhibition_negative,harmful_control,800,adipose_subcutaneous,fed,0.7672489599,0.20103009806,7.502378922471339,5.351462097352657,5.351462097352656,1.8092708826003088,-0.6619109227186066,pass,
bckdh_complex_inhibition_negative,harmful_control,801,adipose_subcutaneous,fed,0.835039495325,0.1669180508,16.91019662982407,11.256359622384783,7.515355457925001,1.5022624571999998,-0.5341951752116338,pass,
bckdh_complex_inhibition_negative,harmful_control,802,adipose_subcutaneous,caloric_restriction,0.7601155959,0.19920647576,1.1938349507499564,1.6230832667796535,1.36820807262,0.358571656368,-0.622048441331794,pass,
bckdh_complex_inhibition_negative,harmful_control,803,liver,exercise,0.769979992025,0.156709278,6.226769041120279,3.789235242886675,3.4649099641125,0.7051917510000001,-0.7283047993109344,pass,
bckdh_complex_inhibition_negative,harmful_control,804,skeletal_muscle,fed,0.82727471135,0.0924603043,6.820401786463172,10.494900037731757,7.445472402398183,0.832142738727738,-0.6301469894800229,pass,
bckdh_complex_inhibition_negative,harmful_control,805,skeletal_muscle,exercise,0.953972227775,0.17127967896,2.397476271614204,2.2812482272855297,2.2812482272856176,0.7707585552943081,-0.6621329734855946,pass,
bckdh_complex_inhibition_negative,harmful_control,806,adipose_subcutaneous,caloric_restriction,0.836901738075,0.20536036926,1.2176907119158196,1.897830402109285,1.5064231285349998,0.369648664668,-0.5989863280741876,pass,
bckdh_complex_inhibition_negative,harmful_control,807,adipose_subcutaneous,fasted,0.923708830125,0.2107890648399999,5.488728964794607,3.76544283749217,2.07834486778125,0.47427539589,-0.4259975628682175,pass,
bckdh_complex_inhibition_negative,harmful_control,808,adipose_subcutaneous,fasted,0.7618722697,0.1987323033,3.93700297866629,2.253215097494347,1.714212606825,0.447147682425,-0.5623364257629109,pass,
bckdh_complex_inhibition_negative,harmful_control,809,adipose_subcutaneous,fasted,0.90281922235,0.19236069732,0.7341599773593773,1.0803011747223903,1.0803011747223903,0.4328115689699999,-0.5993602718415802,pass,
bckdh_complex_inhibition_negative,harmful_control,810,adipose_subcutaneous,exercise,0.7959956569,0.22635719526,8.940640198255359,5.714131256394301,3.58198045605,1.01860737867,-0.4486024143235249,pass,
bckdh_complex_inhibition_negative,harmful_control,811,skeletal_muscle,caloric_restriction,0.906435798125,0.145659512,1.2710615057126906,1.497068077481219,1.4474980324540736,0.2621871216087395,-0.791754849812569,pass,
bckdh_complex_inhibition_negative,harmful_control,812,skeletal_muscle,fasted,0.900375921175,0.06357050364,2.0236094214500846,1.413744169454647,1.413744169454466,0.14303363319,-0.8988263674004353,pass,
bckdh_complex_inhibition_negative,harmful_control,813,adipose_subcutaneous,caloric_restriction,0.790799521325,0.24205782224,1.1319666540837532,1.7093750901249978,1.423439138385,0.435704080032,-0.5778340073276557,pass,
bckdh_complex_inhibition_negative,harmful_control,814,liver,exercise,0.82558598105,0.06085410692,4.89683188627122,7.694503252008003,3.715136914725,0.27384348114,-0.4472404937494749,pass,
bckdh_complex_inhibition_negative,harmful_control,815,liver,caloric_restriction,0.877498197525,0.17510254566,1.6584809224041386,2.950917794692278,1.579496755545,0.315184582188,-0.4284471006380042,pass,
bckdh_complex_inhibition_negative,harmful_control,816,skeletal_muscle,exercise,0.7743459934,0.1446815405,4.121877999548978,6.738089601620374,3.484556970183848,0.6510669322282978,-0.4205183079302111,pass,
bckdh_complex_inhibition_negative,harmful_control,817,adipose_subcutaneous,fed,0.927874327025,0.0895417975,7.793489156940659,5.98826986628177,5.988269866281648,0.8058761775268626,-0.8654242050672029,pass,
bckdh_complex_inhibition_negative,harmful_control,818,adipose_subcutaneous,caloric_restriction,0.85606803125,0.11289698554,2.62629680255948,1.558647587463305,1.4903674555543789,0.203214573972,-0.8258139247995225,pass,
bckdh_complex_inhibition_negative,harmful_control,819,skeletal_muscle,caloric_restriction,0.938893328775,0.18682858834,2.0193946626363606,1.4509998090227507,1.4310058557512728,0.3362914590119999,-0.7544552314424932,pass,
bckdh_complex_inhibition_negative,harmful_control,820,adipose_subcutaneous,exercise,0.8195303046,0.10356606148,6.607822363562433,8.54002228770373,3.6878863707,0.46604727666,-0.3772635463351114,pass,
bckdh_complex_inhibition_negative,harmful_control,821,liver,caloric_restriction,0.910792997525,0.2456709278,2.4699928772664568,1.8058522878618333,1.6087775031951992,0.4422076700399999,-0.6459940500097282,pass,
bckdh_complex_inhibition_negative,harmful_control,822,adipose_subcutaneous,caloric_restriction,0.8017468753,0.20766314976,2.5640934397668205,2.860309805494629,1.4431443755399995,0.373793669568,-0.3738583505597144,pass,
bckdh_complex_inhibition_negative,harmful_control,823,liver,caloric_restriction,0.995358532725,0.12508757848,1.093238353792653,1.0449014881343586,1.044901488134303,0.225157641264,-0.784517828885412,pass,
bckdh_complex_inhibition_negative,harmful_control,824,adipose_subcutaneous,caloric_restriction,0.92619574545,0.08216230886,1.1339252062272902,1.808008881867518,1.62736028593375,0.147892155948,-0.8182858750437035,pass,
bckdh_complex_inhibition_negative,harmful_control,825,liver,fasted,0.9774335862,0.15491929152,2.1533008113372074,1.178709395382895,1.178709395382895,0.34856840592,-0.7042796067585682,pass,
bckdh_complex_inhibition_negative,harmful_control,826,skeletal_muscle,fasted,0.790784147225,0.09657490398,1.7533435894933758,3.0673080715038408,1.77926433125625,0.217293533955,-0.5092317957274655,pass,
bckdh_complex_inhibition_negative,harmful_control,827,liver,exercise,0.86181578175,0.15912480094,3.189858662370657,3.62026163880548,3.566671211696741,0.7160616042300002,-0.7874043071669569,pass,
bckdh_complex_inhibition_negative,harmful_control,828,adipose_subcutaneous,fed,0.852434704275,0.09559488056,4.978957915032514,9.555001793296858,7.671912338475002,0.8603539250400002,-0.7128788210394194,pass,
bckdh_complex_inhibition_negative,harmful_control,829,skeletal_muscle,fed,0.796416810725,0.19362275416,11.044534850088928,17.235935556644986,7.167751296763926,1.7426047874980872,-0.3147578784706164,pass,
bckdh_complex_inhibition_negative,harmful_control,830,adipose_subcutaneous,exercise,0.93463146795,0.1203189188,1.9448311068566893,3.585057389782633,3.5850573897826417,0.5414351346,-0.8489744861147622,pass,
bckdh_complex_inhibition_negative,harmful_control,831,liver,caloric_restriction,0.80523431395,0.05382213158,4.563404785221897,2.86746243640116,1.44942176511,0.096879836844,-0.4716860144691284,pass,
bckdh_complex_inhibition_negative,harmful_control,832,adipose_subcutaneous,exercise,0.809417272325,0.22947410466,9.037576159040931,4.593108741679629,3.642377725341088,1.0326334709355791,-0.5681869080789855,pass,
bckdh_complex_inhibition_negative,harmful_control,833,adipose_subcutaneous,caloric_restriction,0.922338358925,0.10737504788,0.9579342847824048,1.041600216111867,1.0416002161119264,0.193275086184,-0.8144440801813515,pass,
bckdh_complex_inhibition_negative,harmful_control,834,liver,fed,0.869158718075,0.18985781034,12.310406051327986,8.760223721441633,7.542746678276687,1.70872029306,-0.665967739035848,pass,
bckdh_complex_inhibition_negative,harmful_control,835,adipose_subcutaneous,caloric_restriction,0.8916509465,0.1435165945199999,1.2159604179443262,0.8859741000815673,0.8859741000815455,0.2583298701359999,-0.7084227743088217,pass,
bckdh_complex_inhibition_negative,harmful_control,836,skeletal_muscle,fasted,0.846408578125,0.1258734903,3.0600151720300603,3.159243066977809,1.9044193007177688,0.2832153531655594,-0.5131621445965802,pass,
bckdh_complex_inhibition_negative,harmful_control,837,adipose_subcutaneous,fasted,0.967240241975,0.2169605619,1.887674766626304,3.597759997775102,2.176290544516293,0.4881612642912721,-0.4692167574460166,pass,
bckdh_complex_inhibition_negative,harmful_control,838,liver,exercise,0.839469050425,0.10957192038,6.316644021740526,8.650631794537354,3.7776107269125,0.49307364171,-0.379687537652059,pass,
bckdh_complex_inhibition_negative,harmful_control,839,adipose_subcutaneous,exercise,0.994997848125,0.06114610864,4.147297289597782,5.244593958944501,4.4774903165625,0.27515748888,-0.8012694329778467,pass,
bckdh_complex_inhibition_negative,harmful_control,840,adipose_subcutaneous,exercise,0.79782569355,0.20546343052,4.178492582109183,3.609368702511775,3.4801443669508343,0.9245854373399998,-0.7080348781858751,pass,
bckdh_complex_inhibition_negative,harmful_control,841,skeletal_muscle,exercise,0.881995716375,0.05723027914,1.2357880649132655,2.1865879813994886,2.1865879813993625,0.2575362561300001,-0.8822200349032859,pass,
bckdh_complex_inhibition_negative,harmful_control,842,adipose_subcutaneous,caloric_restriction,0.894513937925,0.24421018346,0.6490891813423141,1.0349491616069038,1.0349491616068285,0.439578330228,-0.5752657748467873,pass,
bckdh_complex_inhibition_negative,harmful_control,843,skeletal_muscle,exercise,0.884196013,0.0913020112,4.3296402465886095,5.033763225937141,3.9788820585,0.4108590504,-0.7088182037874331,pass,
bckdh_complex_inhibition_negative,harmful_control,844,skeletal_muscle,caloric_restriction,0.9468185751,0.10534046694,1.2414779952241872,1.1246958807365246,1.1246958807368197,0.1896128404919999,-0.8314096781722592,pass,
bckdh_complex_inhibition_negative,harmful_control,845,skeletal_muscle,exercise,0.802917855025,0.10526229956,2.730765793229526,2.566915279185377,2.56691527918509,0.47368034802,-0.8154670892875702,pass,
bckdh_complex_inhibition_negative,harmful_control,846,adipose_subcutaneous,fasted,0.7577443109499999,0.1716220762799999,2.508572580817294,3.863222567705863,1.7049246995806695,0.3861496716171283,-0.341366567639069,pass,
bckdh_complex_inhibition_negative,harmful_control,847,skeletal_muscle,fasted,0.944585566225,0.21905614198,3.721497435877971,2.2781891201419766,2.12531752400625,0.492876319455,-0.7165521027725372,pass,
bckdh_complex_inhibition_negative,harmful_control,848,adipose_subcutaneous,caloric_restriction,0.785007006775,0.15123981542,1.827594763669464,1.0155106898314368,1.015510689831441,0.2722316677469256,-0.731926339650734,pass,
bckdh_complex_inhibition_negative,harmful_control,849,skeletal_muscle,fed,0.812776471425,0.06422641436,8.711477217103965,9.04419935443811,7.314988242825001,0.5780377292400001,-0.7448918637866035,pass,
bckdh_complex_inhibition_negative,harmful_control,850,skeletal_muscle,fasted,0.959507710175,0.0737648367,1.972930721126024,3.299258120027697,2.15889234789375,0.165970882575,-0.6040513936211876,pass,
bckdh_complex_inhibition_negative,harmful_control,851,skeletal_muscle,caloric_restriction,0.9971904983,0.1973653571799999,4.491096723474352,2.7977564973910125,1.79494289694,0.3552576429239999,-0.5145856172109857,pass,
bckdh_complex_inhibition_negative,harmful_control,852,liver,exercise,0.95777496435,0.14655334258,1.6137748257016389,2.3030170952157047,2.3030170952158477,0.65949004161,-0.7136408396707588,pass,
bckdh_complex_inhibition_negative,harmful_control,853,adipose_subcutaneous,caloric_restriction,0.929344798875,0.24230155896,1.8443391173974375,1.509298150423445,1.509298150423445,0.436142806128,-0.7110293907100882,pass,
bckdh_complex_inhibition_negative,harmful_control,854,skeletal_muscle,caloric_restriction,0.984775729475,0.12867590684,3.293389304304851,1.985241323875689,1.7245307647056791,0.2316166323042794,-0.7520063754701908,pass,
bckdh_complex_inhibition_negative,harmful_control,855,adipose_subcutaneous,caloric_restriction,0.9628796892,0.19095723444,2.525026564589378,1.4413360502918586,1.441336050292071,0.343723021992,-0.7615247173466682,pass,
bckdh_complex_inhibition_negative,harmful_control,856,liver,fed,0.9121009086,0.22879883448,11.15806829600838,11.504911241143343,8.20890817767363,2.0591895103886397,-0.5345298662794237,pass,
bckdh_complex_inhibition_negative,harmful_control,857,skeletal_muscle,fed,0.918951140975,0.06499996054,13.483042423945522,7.439818067307961,7.347975626157485,0.5849996448795001,-0.909024376684135,pass,
bckdh_complex_inhibition_negative,harmful_control,858,skeletal_muscle,fed,0.802999617225,0.16131279608,28.604717982681358,15.27300826581217,7.226996555025001,1.4518151647199995,-0.3781299197769991,pass,
bckdh_complex_inhibition_negative,harmful_control,859,skeletal_muscle,exercise,0.810258720225,0.08588728966,5.635451246770444,8.055313562598705,3.646164241134039,0.386492803482883,-0.4046610243437328,pass,
bckdh_complex_inhibition_negative,harmful_control,860,liver,fed,0.889830823575,0.20857119362,14.28599712508263,10.429671203392576,8.008477412174999,1.8771407425800004,-0.5878743969992641,pass,
bckdh_complex_inhibition_negative,harmful_control,861,liver,exercise,0.991693885175,0.19882054576,3.5401479418315955,5.175594297804095,4.37718765416755,0.8946924559199999,-0.6728686596870828,pass,
bckdh_complex_inhibition_negative,harmful_control,862,adipose_subcutaneous,fasted,0.771242858675,0.20194376384,1.610349422941329,2.919782791603524,1.73529643201875,0.45437346864,-0.4387048814255379,pass,
bckdh_complex_inhibition_negative,harmful_control,863,skeletal_muscle,caloric_restriction,0.8280818822,0.22854140926,2.083711921520246,3.4343341520021413,1.4905473879599995,0.4113745366679999,-0.3142305912960932,pass,
bckdh_complex_inhibition_negative,harmful_control,864,skeletal_muscle,exercise,0.7668851772,0.19900032742,1.395435505681127,2.608358639036977,2.608358639036951,0.89550147339,-0.6566800822602175,pass,
bckdh_complex_inhibition_negative,harmful_control,865,skeletal_muscle,fasted,0.76259930005,0.2317314379,4.361292070692049,2.4522411338318197,1.7158484251125,0.521395735275,-0.4870861488124023,pass,
bckdh_complex_inhibition_negative,harmful_control,866,skeletal_muscle,fasted,0.99237084045,0.18416565854,7.331687566292842,4.445996502758828,2.232834390938072,0.4143727317011876,-0.4090110413061489,pass,
bckdh_complex_inhibition_negative,harmful_control,867,liver,fed,0.964756029725,0.05369323536,4.158586192015998,6.456182676483915,6.456182676483829,0.4832391182399999,-0.9251509533644016,pass,
bckdh_complex_inhibition_negative,harmful_control,868,skeletal_muscle,exercise,0.9413636062,0.10534012426,3.329019415945617,4.8423491308754905,4.1730919362554735,0.47403055917,-0.7638981157925488,pass,
bckdh_complex_inhibition_negative,harmful_control,869,adipose_subcutaneous,caloric_restriction,0.8252668117499999,0.1095517124,5.130025179978824,2.811113429992289,1.4854802611995157,0.197193082326573,-0.4582835986367424,pass,
bckdh_complex_inhibition_negative,harmful_control,870,adipose_subcutaneous,fasted,0.818731630025,0.1231286829,4.629196492416142,3.5595080885637067,1.8421461675562505,0.277039536525,-0.4396974503470744,pass,
bckdh_complex_inhibition_negative,harmful_control,871,adipose_subcutaneous,fasted,0.8749882179,0.15311420316,1.368559935550112,1.5296320479161265,1.5296320479161611,0.34450695711,-0.7747778901603821,pass,
bckdh_complex_inhibition_negative,harmful_control,872,skeletal_muscle,caloric_restriction,0.808480064175,0.13393642928,2.5038400260541387,3.3458731923346026,1.455264115515,0.2410855727039999,-0.362888392062402,pass,
bckdh_complex_inhibition_negative,harmful_control,873,adipose_subcutaneous,exercise,0.930030518375,0.13073852062,1.9561351970319236,3.509997568957165,3.509997568957003,0.5883233427900001,-0.8323863959356087,pass,
bckdh_complex_inhibition_negative,harmful_control,874,liver,fasted,0.965002167725,0.2339140856,5.183992740549441,2.949506244378968,2.17125487738125,0.5263066926000001,-0.5577028995670432,pass,
bckdh_complex_inhibition_negative,harmful_control,875,adipose_subcutaneous,fed,0.9067854263,0.08209091724,16.177343570922037,8.09616144833457,7.954155722745448,0.7388182551600001,-0.8912047411146534,pass,
bckdh_complex_inhibition_negative,harmful_control,876,skeletal_muscle,exercise,0.789798277675,0.13311461904,1.86786856387146,3.497051599447385,3.2201748559874788,0.5990157856600328,-0.7495339990812975,pass,
bckdh_complex_inhibition_negative,harmful_control,877,liver,fed,0.872441070825,0.07117028406,26.56092493834997,14.45615946044131,7.851969637425,0.64053255654,-0.4988487502935204,pass,
bckdh_complex_inhibition_negative,harmful_control,878,liver,caloric_restriction,0.834391324275,0.08909526826,3.2142746249669205,2.0728494933280768,1.501904383695,0.160371482868,-0.647192623075153,pass,
bckdh_complex_inhibition_negative,harmful_control,879,adipose_subcutaneous,caloric_restriction,0.817709999,0.055438648,1.3126562403464843,1.6471595002963042,1.4718779981509371,0.0997895663966736,-0.8330027732635737,pass,
bckdh_complex_inhibition_negative,harmful_control,880,liver,fed,0.88578747335,0.14822980776,9.197134948864628,8.27668192259083,7.618255721204798,1.33406826984,-0.7592641000510592,pass,
bckdh_complex_inhibition_negative,harmful_control,881,skeletal_muscle,fed,0.935224106,0.21753509154,5.1915630711026415,8.299705053531437,8.218929645061504,1.95781582386,-0.7543778701554541,pass,
bckdh_complex_inhibition_negative,harmful_control,882,skeletal_muscle,fasted,0.886422148275,0.15465992318,1.3718795599125888,2.5078509383026333,1.9944498335522685,0.3479848271434005,-0.6565242699485283,pass,
bckdh_complex_inhibition_negative,harmful_control,883,skeletal_muscle,fasted,0.78466234195,0.2331393656199999,2.167686214572682,1.5711853779845804,1.5711853779846128,0.5245635726449999,-0.6661351486621869,pass,
bckdh_complex_inhibition_negative,harmful_control,884,adipose_subcutaneous,fed,0.941437101475,0.21128160158,16.43372304279677,13.507511187934824,8.47293391299257,1.901534414156616,-0.4864996524826615,pass,
bckdh_complex_inhibition_negative,harmful_control,885,skeletal_muscle,exercise,0.811850189075,0.06394751214,4.706779692902871,8.868083249656838,3.6533258508375,0.28776380463,-0.3795140338063171,pass,
bckdh_complex_inhibition_negative,harmful_control,886,liver,fasted,0.886368085875,0.12527810736,0.9115970234077632,1.7346299466123218,1.6881196925521254,0.2818757415693959,-0.8106881549745408,pass,
bckdh_complex_inhibition_negative,harmful_control,887,adipose_subcutaneous,caloric_restriction,0.8308146374000001,0.07033851938,1.1805512068136927,1.4116928062471907,1.396174774297982,0.1266093348797796,-0.8993213210409308,pass,
bckdh_complex_inhibition_negative,harmful_control,888,liver,fasted,0.808940011425,0.10062587912,0.7681915023496115,1.1773452723875468,1.177345272387636,0.226408228012453,-0.8076959806758902,pass,
bckdh_complex_inhibition_negative,harmful_control,889,liver,fed,0.92093742685,0.10991446108,11.302949967773907,7.4408132991384175,7.4408132991384655,0.9892301496870256,-0.8670534913432754,pass,
bckdh_complex_inhibition_negative,harmful_control,890,skeletal_muscle,fed,0.760563182575,0.2260674992,13.843467980337458,19.718393754225435,6.845068643175,2.0346074928,-0.2439580632344442,pass,
bckdh_complex_inhibition_negative,harmful_control,891,liver,caloric_restriction,0.937462338425,0.2067591194,3.849573610509447,3.176134550635743,1.6874322091650005,0.37216641492,-0.4141089658754328,pass,
bckdh_complex_inhibition_negative,harmful_control,892,adipose_subcutaneous,fasted,0.8883856945499999,0.18907412368,5.700145051243264,3.0071025786744894,1.9988678127375,0.4254167782800001,-0.5232448821719498,pass,
bckdh_complex_inhibition_negative,harmful_control,893,liver,fasted,0.750463166275,0.20824640488,1.671104713917554,3.022912619425636,1.68854212411875,0.46855441098,-0.4035802111178959,pass,
bckdh_complex_inhibition_negative,harmful_control,894,skeletal_muscle,exercise,0.965949144675,0.1481441703,2.5301271889613584,4.334026859091177,4.208534635974538,0.6666487663722216,-0.8172274849134258,pass,
bckdh_complex_inhibition_negative,harmful_control,895,adipose_subcutaneous,caloric_restriction,0.7735603874,0.15948690774,2.35246916984103,1.528420913258624,1.3924086973664136,0.2870764339415692,-0.7231857754865797,pass,
bckdh_complex_inhibition_negative,harmful_control,896,liver,fed,0.9220975814,0.1340172977399999,10.20076582622181,14.089787448736304,8.2988782326,1.20615567966,-0.5033945741726671,pass,
bckdh_complex_inhibition_negative,harmful_control,897,liver,caloric_restriction,0.972683340225,0.06836511488,1.0810401835469965,1.6641820749772718,1.6205075314568522,0.123057206784,-0.8998115934479726,pass,
bckdh_complex_inhibition_negative,harmful_control,898,liver,caloric_restriction,0.7712266928,0.19766612296,3.3524685425961587,1.9858218792126832,1.38820804704,0.355799021328,-0.519890044781518,pass,
bckdh_complex_inhibition_negative,harmful_control,899,adipose_subcutaneous,caloric_restriction,0.981283361675,0.0903784952,0.9094133459003716,1.586817401893588,1.5868174018933976,0.16268129136,-0.8974795139213504,pass,
bckdh_complex_inhibition_negative,harmful_control,900,liver,fed,0.88873069525,0.05526208654,10.172150658032146,12.988919126948336,7.998576257250001,0.49735877886,-0.5775089832399599,pass,
bckdh_complex_inhibition_negative,harmful_control,901,liver,exercise,0.876860541575,0.2260531988,5.2771004622134825,5.30645883840946,3.9458724370875,1.0172393946,-0.551899700283988,pass,
bckdh_complex_inhibition_negative,harmful_control,902,adipose_subcutaneous,exercise,0.8043363074,0.17154901418,3.4823490108988837,5.746834104495019,3.6195133833,0.7719705638100001,-0.4954976544847064,pass,
bckdh_complex_inhibition_negative,harmful_control,903,skeletal_muscle,fasted,0.773973851975,0.16700096554,1.7741910119035291,1.4479260522252837,1.4479260522252837,0.375752172465,-0.7404893904025587,pass,
bckdh_complex_inhibition_negative,harmful_control,904,adipose_subcutaneous,caloric_restriction,0.994224308625,0.22606501448,4.424707606732233,2.957227599153294,1.789603755525,0.406917026064,-0.4675618237354768,pass,
bckdh_complex_inhibition_negative,harmful_control,905,liver,fed,0.760928329225,0.21074002098,9.847796765516478,12.531277893145283,6.848354963024999,1.89666018882,-0.3951468331026014,pass,
bckdh_complex_inhibition_negative,harmful_control,906,adipose_subcutaneous,fasted,0.775044020175,0.06675819742,7.743458387699947,4.305250667601323,1.74384904539375,0.150205944195,-0.3701626744271898,pass,
bckdh_complex_inhibition_negative,harmful_control,907,skeletal_muscle,fasted,0.8335576349,0.19423035538,1.7500372064843774,1.51658617518431,1.5165861751843348,0.4370182996195673,-0.7118407731981127,pass,
bckdh_complex_inhibition_negative,harmful_control,908,skeletal_muscle,fed,0.7717351882,0.2445901406,16.740318835852428,17.030470680354767,6.9456166938,2.2013112654,-0.2785774696099691,pass,
bckdh_complex_inhibition_negative,harmful_control,909,skeletal_muscle,fed,0.80461084355,0.1892099948,12.782647061080514,7.724644971546646,7.241497592191385,1.7028899532567632,-0.7170048150220254,pass,
bckdh_complex_inhibition_negative,harmful_control,910,skeletal_muscle,exercise,0.928356962725,0.14959647438,3.616357613902567,2.4851046122361264,2.4851046122359204,0.67318413471,-0.7291123555138924,pass,
bckdh_complex_inhibition_negative,harmful_control,911,liver,caloric_restriction,0.8518220917,0.0793180711,1.438505638021905,1.3885813953396045,1.3830083460996967,0.14277252798,-0.8931675321894781,pass,
bckdh_complex_inhibition_negative,harmful_control,912,adipose_subcutaneous,fed,0.8577317314,0.17469867276,7.049979942112873,8.137135157001014,7.254324387312655,1.5722880548924096,-0.6982846201751418,pass,
bckdh_complex_inhibition_negative,harmful_control,913,liver,fasted,0.87390296935,0.11503976462,2.313059634115893,3.2479012953532846,1.9662816810375,0.258839470395,-0.5257063116681863,pass,
bckdh_complex_inhibition_negative,harmful_control,914,liver,fasted,0.8240014032,0.09392201456,6.611011964304699,4.251524199508996,1.8540031572,0.21132453276,-0.3863740501888031,pass,
bckdh_complex_inhibition_negative,harmful_control,915,skeletal_muscle,fasted,0.968548594075,0.15079613132,1.451023672237062,2.943985631046213,2.17923433666875,0.33929129547,-0.6249837029757797,pass,
bckdh_complex_inhibition_negative,harmful_control,916,skeletal_muscle,fasted,0.985125135525,0.11659847728,2.5845069393058577,1.444395825003307,1.4443958250033275,0.2623465738887449,-0.8183693352283652,pass,
bckdh_complex_inhibition_negative,harmful_control,917,skeletal_muscle,fasted,0.78142037495,0.10617160764,1.9979178656840837,1.2264391466465825,1.226439146646476,0.23888611719,-0.8052197552212144,pass,
bckdh_complex_inhibition_negative,harmful_control,918,skeletal_muscle,caloric_restriction,0.7708802826,0.18657350352,1.523963905976785,1.0705921393959863,1.070592139395925,0.335832306336,-0.6863116270164907,pass,
bckdh_complex_inhibition_negative,harmful_control,919,skeletal_muscle,fasted,0.9830079853,0.12286023074,2.286867382805413,1.8527595579655087,1.852759557965539,0.2764355191557854,-0.8507979527255519,pass,
bckdh_complex_inhibition_negative,harmful_control,920,liver,exercise,0.782894488225,0.19334964768,7.099703303998746,6.631274169314699,3.5230251970125,0.87007341456,-0.4000666711578095,pass,
bckdh_complex_inhibition_negative,harmful_control,921,liver,caloric_restriction,0.926722778,0.1104559624,4.011184172099123,3.1810441857496423,1.6681010004,0.1988207323199999,-0.46188615507513,pass,
bckdh_complex_inhibition_negative,harmful_control,922,skeletal_muscle,exercise,0.92773833235,0.21902867334,10.2617160489095,7.414605217773226,4.174822495575,0.9856290300300004,-0.430123165276598,pass,
bckdh_complex_inhibition_negative,harmful_control,923,liver,fasted,0.8579112909,0.1044372351,0.9338452865235132,1.8493705308505648,1.780796660489074,0.234983778975,-0.8358589345549494,pass,
bckdh_complex_inhibition_negative,harmful_control,924,liver,fed,0.802106532275,0.23071638408,12.19899754229087,7.0958989469946605,6.719766472084332,2.0764474567200004,-0.6543665644126633,pass,
bckdh_complex_inhibition_negative,harmful_control,925,adipose_subcutaneous,exercise,0.957076714125,0.19156000812,1.7553577450580362,2.9665807267363657,2.9665807267362645,0.8620200365400001,-0.7094230307737358,pass,
bckdh_complex_inhibition_negative,harmful_control,926,liver,fed,0.988154450525,0.19352016578,10.21231768638858,6.589318998131786,6.589318998131786,1.74168149202,-0.7356811086982123,pass,
bckdh_complex_inhibition_negative,harmful_control,927,adipose_subcutaneous,fasted,0.92987025945,0.08932339352,3.403954319065756,3.2167498917205144,2.0922080837625,0.2009776354199999,-0.5879320780301494,pass,
bckdh_complex_inhibition_negative,harmful_control,928,liver,fed,0.827792760775,0.17070096312,5.786112394017644,7.04050606734587,7.040506067345941,1.53630866813121,-0.7817900228427335,pass,
bckdh_complex_inhibition_negative,harmful_control,929,liver,exercise,0.9767540926,0.20241798164,8.076590376544411,5.8604244152601,4.395393416846513,0.9108809174103628,-0.5945836431850813,pass,
bckdh_complex_inhibition_negative,harmful_control,930,skeletal_muscle,fed,0.7563682337,0.169268171,11.813802777153136,12.353904451712689,6.8073141033,1.523413539,-0.4277109787397995,pass,
bckdh_complex_inhibition_negative,harmful_control,931,skeletal_muscle,fasted,0.767125744325,0.1470252619,4.426012869119639,3.7842974241952927,1.7260329247312505,0.330806839275,-0.3686882739542958,pass,
bckdh_complex_inhibition_negative,harmful_control,932,skeletal_muscle,exercise,0.912866527825,0.24312104726,4.867452903076324,7.1050881987454,4.10789937534943,1.094044712706468,-0.4241825827264384,pass,
bckdh_complex_inhibition_negative,harmful_control,933,liver,fed,0.8170253398,0.18235643284,7.821228045675559,11.065998607057448,7.353228058200001,1.6412078955600005,-0.5161775602426973,pass,
bckdh_complex_inhibition_negative,harmful_control,934,skeletal_muscle,caloric_restriction,0.859509178025,0.23602729112,1.7967811015750688,1.3305338064850307,1.297659426126554,0.424849124016,-0.6559850624286814,pass,
bckdh_complex_inhibition_negative,harmful_control,935,skeletal_muscle,caloric_restriction,0.9618252448,0.07513024204,0.922874678104354,1.382922147940632,1.3829221479407376,0.135234435672,-0.9022110999716958,pass,
bckdh_complex_inhibition_negative,harmful_control,936,skeletal_muscle,fed,0.859290167125,0.1527848835,5.162056019299659,6.192001875088471,6.192001875088407,1.3750639515,-0.7779290156496573,pass,
bckdh_complex_inhibition_negative,harmful_control,937,skeletal_muscle,caloric_restriction,0.8810820874,0.1838244101,1.24876171788893,1.4539676554795316,1.4176251788947607,0.33088393818,-0.747431510336001,pass,
bckdh_complex_inhibition_negative,harmful_control,938,skeletal_muscle,caloric_restriction,0.77516573055,0.19242277976,1.3427660469062566,2.043994582074092,1.3952983149899998,0.346361003568,-0.513180084047785,pass,
bckdh_complex_inhibition_negative,harmful_control,939,liver,caloric_restriction,0.916575075525,0.2258964511,4.466076435882202,2.5383586082808027,1.649835135945,0.40661361198,-0.4897737931548678,pass,
bckdh_complex_inhibition_negative,harmful_control,940,skeletal_muscle,exercise,0.952997460825,0.16057807734,3.9224546581295434,4.381800448794737,4.037447400032256,0.7226013480300001,-0.756503197883884,pass,
bckdh_complex_inhibition_negative,harmful_control,941,adipose_subcutaneous,fasted,0.7837478305,0.24598668036,3.811933105934715,2.94935931029406,1.763432618625,0.55347003081,-0.4102459078457833,pass,
bckdh_complex_inhibition_negative,harmful_control,942,liver,caloric_restriction,0.906977927775,0.23005210084,0.8784420915177421,1.0497552130187902,1.0497552130187535,0.414093781512,-0.6055330077178435,pass,
bckdh_complex_inhibition_negative,harmful_control,943,adipose_subcutaneous,exercise,0.910515306725,0.18809156934,6.043137758009986,4.080922391279967,3.750424233600125,0.8464120620017861,-0.7116068116863908,pass,
bckdh_complex_inhibition_negative,harmful_control,944,liver,caloric_restriction,0.868024984875,0.19976267996,0.9666918712323463,1.4735994926223814,1.4406293878309178,0.359572823928,-0.7336162704420426,pass,
bckdh_complex_inhibition_negative,harmful_control,945,skeletal_muscle,fed,0.78485194835,0.17203648556,4.120375380560482,6.179592925876197,6.179592925876175,1.548328369988389,-0.7494449248420558,pass,
bckdh_complex_inhibition_negative,harmful_control,946,skeletal_muscle,fed,0.8482487832,0.18380559686,6.476444107498054,5.7721134633465,5.772113463346178,1.65425037174,-0.7134064702218732,pass,
bckdh_complex_inhibition_negative,harmful_control,947,liver,fed,0.866138656125,0.10792984988,10.66876959093676,7.179430371602616,7.093215774272754,0.97136864892,-0.8526925965557092,pass,
bckdh_complex_inhibition_negative,harmful_control,948,skeletal_muscle,exercise,0.872173608625,0.21096161872,3.9044598598611824,6.154537779326764,3.924781238681674,0.9493272842083558,-0.4834569322927771,pass,
bckdh_complex_inhibition_negative,harmful_control,949,skeletal_muscle,caloric_restriction,0.939036295375,0.17216947944,1.539999106874226,1.677428748302865,1.6455760836425304,0.309905062992,-0.7962609571356714,pass,
bckdh_complex_inhibition_negative,harmful_control,950,liver,fed,0.90203905055,0.09976137454,14.669441873150165,7.762784075748611,7.397880080241039,0.89785237086,-0.8373320249480473,pass,
bckdh_complex_inhibition_negative,harmful_control,951,skeletal_muscle,caloric_restriction,0.82350891645,0.16818485046,4.253062230650482,2.7113077105450207,1.4823160495605894,0.3027327308179089,-0.4350606587938936,pass,
bckdh_complex_inhibition_negative,harmful_control,952,liver,caloric_restriction,0.7880995686,0.18248697972,1.3092224841266216,1.0819341366505189,1.0819341366505189,0.328476563496,-0.6963987433533554,pass,
bckdh_complex_inhibition_negative,harmful_control,953,liver,exercise,0.833193492,0.20843395946,2.602878941873464,4.60485159918169,3.74937071412498,0.9379528176012653,-0.6105338762759087,pass,
bckdh_complex_inhibition_negative,harmful_control,954,adipose_subcutaneous,fed,0.8834805155250001,0.09259707596,10.799986651843811,8.67504099183262,7.899206322272322,0.8333736836400001,-0.8145013545509081,pass,
bckdh_complex_inhibition_negative,harmful_control,955,liver,exercise,0.95234932135,0.13566946522,2.4643930290399894,2.515203221265884,2.515203221265881,0.6105125934900001,-0.7572710672727524,pass,
bckdh_complex_inhibition_negative,harmful_control,956,skeletal_muscle,fasted,0.941990172475,0.05230619552,2.7700711479383155,3.54152154395086,2.11947788806875,0.11768893992,-0.5652341580606592,pass,
bckdh_complex_inhibition_negative,harmful_control,957,skeletal_muscle,caloric_restriction,0.971502723775,0.1811626214,1.0674256140241225,0.895195345825385,0.8951953458253759,0.32609271852,-0.6357301006526724,pass,
bckdh_complex_inhibition_negative,harmful_control,958,liver,fed,0.84223028555,0.22800576102,2.9077330177375464,5.871062855699615,5.871062855699615,2.05205184918,-0.6504803474914473,pass,
bckdh_complex_inhibition_negative,harmful_control,959,adipose_subcutaneous,fasted,0.9439743902,0.11674532494,1.16162716729635,1.8894639262577828,1.841181197143245,0.262676981115,-0.8354243730678598,pass,
bckdh_complex_inhibition_negative,harmful_control,960,liver,fed,0.762699485225,0.16958842266,2.8405140120745034,4.924500177870993,4.924500177871071,1.52629580394,-0.6900607678321204,pass,
bckdh_complex_inhibition_negative,harmful_control,961,liver,fasted,0.97827364245,0.05609108038,2.3983152951600384,1.431845831793608,1.431845831793521,0.126204930855,-0.9118585757958342,pass,
bckdh_complex_inhibition_negative,harmful_control,962,skeletal_muscle,caloric_restriction,0.938421202375,0.2421530129,1.3644928040060516,1.980778930214618,1.689158164275,0.4358754232199999,-0.6327221690101512,pass,
bckdh_complex_inhibition_negative,harmful_control,963,adipose_subcutaneous,fasted,0.88596903565,0.1978550125199999,5.858444181751717,3.403589106636347,1.9934303302125,0.4451737781699999,-0.4548893839810734,pass,
bckdh_complex_inhibition_negative,harmful_control,964,adipose_subcutaneous,fed,0.75873113795,0.24541302006,3.795519859712982,5.600409697620379,5.600409697620328,2.2087171805400008,-0.6056150710762217,pass,
bckdh_complex_inhibition_negative,harmful_control,965,liver,exercise,0.77421696295,0.10583199514,8.809502412811343,5.4154721506069805,3.483976333275,0.4762439781299999,-0.5553961448786854,pass,
bckdh_complex_inhibition_negative,harmful_control,966,liver,fasted,0.7626349841,0.06886946354,1.2266421544083643,1.941204942255708,1.715928714225,0.154956292965,-0.8041255136338813,pass,
bckdh_complex_inhibition_negative,harmful_control,967,liver,exercise,0.78322619645,0.07163613812,7.730577218473223,5.982426308427395,3.524517884025,0.32236262154,-0.5352602936327273,pass,
bckdh_complex_inhibition_negative,harmful_control,968,adipose_subcutaneous,exercise,0.8899926514500001,0.08496875478,3.4905888259411784,5.382669978602719,4.004966931525,0.38235939651,-0.6730131234899503,pass,
bckdh_complex_inhibition_negative,harmful_control,969,skeletal_muscle,exercise,0.92783050715,0.17063915238,16.515676444543736,8.548620044241225,4.175237282035826,0.7678761856844042,-0.3985860967872574,pass,
bckdh_complex_inhibition_negative,harmful_control,970,adipose_subcutaneous,exercise,0.841654135275,0.2436160158799999,4.373678092718111,3.635361205435066,3.6353612054350046,1.0962720714599998,-0.6984420503192162,pass,
bckdh_complex_inhibition_negative,harmful_control,971,skeletal_muscle,exercise,0.947093040775,0.05520033622,2.605309843038408,3.3284400395033256,3.3284400395031977,0.2484015129817199,-0.9253699901354044,pass,
bckdh_complex_inhibition_negative,harmful_control,972,liver,fasted,0.8278303901,0.1566906955999999,1.7860722367507704,3.0313282622252284,1.8626183777250005,0.3525540651,-0.4981526848948048,pass,
bckdh_complex_inhibition_negative,harmful_control,973,liver,exercise,0.8781252922,0.20403646536,11.20760471167852,8.11598717101649,3.9515638149,0.9181640941200002,-0.3737561009969019,pass,
bckdh_complex_inhibition_negative,harmful_control,974,liver,caloric_restriction,0.821549058625,0.2096779327,2.370736752267217,3.2852919438140065,1.4787883055249995,0.37742027886,-0.3352420562619419,pass,
bckdh_complex_inhibition_negative,harmful_control,975,adipose_subcutaneous,fed,0.93435504215,0.24196338976,8.763422320338888,5.2551336895853344,5.255133689585254,2.1776705078400003,-0.5856108261991877,pass,
bckdh_complex_inhibition_negative,harmful_control,976,adipose_subcutaneous,exercise,0.775393351125,0.08788461146,3.3403702777496496,4.950458263198467,3.4892700800625,0.39548075157,-0.6249500882557927,pass,
bckdh_complex_inhibition_negative,harmful_control,977,skeletal_muscle,caloric_restriction,0.949862200875,0.1269940852,1.3128301563590208,1.735914259423125,1.6342919246841554,0.2285893533599999,-0.8097764988642326,pass,
bckdh_complex_inhibition_negative,harmful_control,978,liver,fasted,0.876209672125,0.19322448162,2.670473239691466,2.6212990448635445,1.9714717623469655,0.4347550836594919,-0.5862424135463224,pass,
bckdh_complex_inhibition_negative,harmful_control,979,liver,fed,0.8444438839,0.05109617336,5.90648589839477,6.22275746567265,6.22275746567256,0.4598655602400001,-0.926099391985482,pass,
bckdh_complex_inhibition_negative,harmful_control,980,skeletal_muscle,fasted,0.894482793375,0.17417152712,2.5650336671048923,1.48192682478423,1.4819268247842994,0.3918859360330629,-0.7355564866773686,pass,
bckdh_complex_inhibition_negative,harmful_control,981,skeletal_muscle,fasted,0.915227786325,0.07598191276,1.4081877237323766,2.6133872081544305,2.05926251923125,0.17095930371,-0.7225501103048432,pass,
bckdh_complex_inhibition_negative,harmful_control,982,skeletal_muscle,fed,0.963809929875,0.17612203788,3.2711139273060383,5.616801457250613,5.616801457250613,1.5850983408671635,-0.7177934180278006,pass,
bckdh_complex_inhibition_negative,harmful_control,983,skeletal_muscle,caloric_restriction,0.865720016325,0.11278476034,1.8883028616435071,1.1214151365332377,1.1214151365333325,0.2030125686052329,-0.8189675152479797,pass,
bckdh_complex_inhibition_negative,harmful_control,984,liver,caloric_restriction,0.806906241275,0.2402353934,1.9405384318686183,2.730778976954301,1.4524312343434145,0.432423708134414,-0.3735225497255869,pass,
bckdh_complex_inhibition_negative,harmful_control,985,adipose_subcutaneous,exercise,0.790954960975,0.23190074784,2.852703533753648,4.121174949812836,3.559297324387499,1.0435533652800002,-0.610443378343293,pass,
bckdh_complex_inhibition_negative,harmful_control,986,liver,fed,0.830406167675,0.2080586087199999,15.03268397055452,12.186611787377911,7.473655509075,1.87252747848,-0.4596132319892456,pass,
bckdh_complex_inhibition_negative,harmful_control,987,liver,fed,0.797480751725,0.10393623908,17.417289037377202,9.836621559611016,7.177326765764245,0.935426151751181,-0.6345573605924,pass,
bckdh_complex_inhibition_negative,harmful_control,988,adipose_subcutaneous,caloric_restriction,0.8987318398499999,0.16851429806,0.9220589841997272,1.742722790725855,1.576602864908768,0.3033257364978892,-0.7306251660830987,pass,
bckdh_complex_inhibition_negative,harmful_control,989,liver,fasted,0.78755473155,0.09729117422,1.2853565212921243,1.937726676877544,1.771622050864274,0.2189051420022968,-0.801308526837246,pass,
bckdh_complex_inhibition_negative,harmful_control,990,liver,caloric_restriction,0.813048506225,0.1773629524,1.7925393520645123,1.928724925832614,1.4623815590989082,0.3192533143093582,-0.5926859913919924,pass,
bckdh_complex_inhibition_negative,harmful_control,991,adipose_subcutaneous,exercise,0.869243990025,0.10285500146,3.5173876036056924,2.498379394788841,2.49837939478882,0.46284750657,-0.8147409046298428,pass,
bckdh_complex_inhibition_negative,harmful_control,992,adipose_subcutaneous,fed,0.939537708125,0.24265101156,6.716052116015908,6.94039958670993,6.940399586709846,2.18385910404,-0.685341012897597,pass,
bckdh_complex_inhibition_negative,harmful_control,993,liver,exercise,0.879946933675,0.08368063078,5.9572516442758765,3.0648792855419527,3.064879285541857,0.376562838497448,-0.8771361598892606,pass,
bckdh_complex_inhibition_negative,harmful_control,994,adipose_subcutaneous,caloric_restriction,0.840403208,0.2188130412,2.718100491795008,2.2013510452165157,1.5127257743999998,0.39386347416,-0.5082616435353469,pass,
bckdh_complex_inhibition_negative,harmful_control,995,adipose_subcutaneous,fasted,0.871046167025,0.24748048926,1.6392199558511131,1.1325312209374014,1.1325312209373803,0.556831100835,-0.5083304631777574,pass,
bckdh_complex_inhibition_negative,harmful_control,996,liver,fed,0.92649505405,0.22282928166,3.7384025570966526,5.501848025824152,5.501848025824232,2.00546353494,-0.6354927425245428,pass,
bckdh_complex_inhibition_negative,harmful_control,997,skeletal_muscle,fed,0.8623075997,0.24796267204,9.890287814210136,8.819601472741287,7.760768397558692,2.231664048434389,-0.6269109059193987,pass,
bckdh_complex_inhibition_negative,harmful_control,998,liver,fed,0.81479412605,0.07736662856,8.990747194845955,5.015857329567798,5.015857329567798,0.6962996570167901,-0.8611803304467617,pass,
bckdh_complex_inhibition_negative,harmful_control,999,adipose_subcutaneous,fasted,0.904430186325,0.2020597791,2.24996857842975,2.419065897623983,2.0349679192312498,0.4546345029749999,-0.6532824995831905,pass,
bckdh_complex_stabilization,positive,0,skeletal_muscle,fed,0.23351826916,0.8895446537,4.970649643910124,9.021155722755688,2.1016644224400003,8.0059018833,0.6544879217600331,pass,
bckdh_complex_stabilization,positive,1,liver,fed,0.4227655114,0.855570966775,4.32695656492072,4.784417501158147,3.8048896026,4.784417501158092,0.204732947808376,pass,
bckdh_complex_stabilization,positive,2,adipose_subcutaneous,fed,0.47969004156,0.9024585621,31.50871719785548,18.94660050261112,4.31721037404,8.122127058899999,0.2008231864252178,pass,
bckdh_complex_stabilization,positive,3,skeletal_muscle,fed,0.369903141,0.8808638883,9.076142226262784,10.450117609782076,3.329128269,7.927774994699999,0.4400569349951936,pass,
bckdh_complex_stabilization,positive,4,adipose_subcutaneous,exercise,0.2529935552,0.8417097106,8.402333238035688,6.138856428679666,1.138470998437949,3.787693697826256,0.4315498709192157,pass,
bckdh_complex_stabilization,positive,5,liver,caloric_restriction,0.2150738696,0.824071557775,0.7107072404533608,1.370603965289784,0.3871329652799999,1.3706039652895192,0.7175457133611793,pass,
bckdh_complex_stabilization,positive,6,adipose_subcutaneous,fasted,0.4273677134,0.920704834775,0.9532945844110624,1.4945864437011092,0.9615773551820526,1.4945864437011296,0.3566264706637935,pass,
bckdh_complex_stabilization,positive,7,adipose_subcutaneous,fasted,0.17086676396,0.868071216525,2.1100212556155142,2.8945025259644743,0.384450218897185,1.9531602371161445,0.5419618757099723,pass,
bckdh_complex_stabilization,positive,8,skeletal_muscle,exercise,0.10905437188,0.839391750075,2.2010918032530404,2.6884265795997395,0.49074467346,2.6884265795995974,0.817460265724197,pass,
bckdh_complex_stabilization,positive,9,adipose_subcutaneous,fasted,0.3997125355600001,0.753435177475,0.8055452027468663,1.2934177291820554,0.8993532050100003,1.2934177291821731,0.3046691840395412,pass,
bckdh_complex_stabilization,positive,10,adipose_subcutaneous,fed,0.3853051362,0.977578705475,6.225847436113274,8.448659738939732,3.467746225800001,8.319810117060465,0.5742998346705078,pass,
bckdh_complex_stabilization,positive,11,adipose_subcutaneous,fed,0.12101843248,0.803886121775,7.033647713122121,7.908977328865713,1.08916589232,7.234975095974998,0.7770674953415774,pass,
bckdh_complex_stabilization,positive,12,skeletal_muscle,fed,0.18754536712,0.96513823315,4.876141650525735,8.098944775714417,1.68790830408,7.72016851417731,0.7448205139249388,pass,
bckdh_complex_stabilization,positive,13,skeletal_muscle,exercise,0.1613280636,0.97291066685,4.6501249154739295,3.0008396639766683,0.7259762862241992,3.0008396639764783,0.7580756163218877,pass,
bckdh_complex_stabilization,positive,14,liver,exercise,0.34643547888,0.975186274275,5.202420493933151,4.845094013021715,1.5589596549599998,4.3883382342375,0.5839677355430541,pass,
bckdh_complex_stabilization,positive,15,adipose_subcutaneous,caloric_restriction,0.1377597214,0.978245464075,3.065528705181792,3.2644816133543566,0.2479674985117343,1.7608418352763051,0.4634347856565334,pass,
bckdh_complex_stabilization,positive,16,adipose_subcutaneous,fed,0.37473247888,0.869788403925,7.601020120246503,10.63920080423912,3.372592309920001,7.828095635325001,0.4187817682348597,pass,
bckdh_complex_stabilization,positive,17,skeletal_muscle,exercise,0.22230278148,0.791056662925,1.9435427073272835,3.743868300549957,1.0003625166266548,3.5506326791170677,0.6811858638605929,pass,
bckdh_complex_stabilization,positive,18,adipose_subcutaneous,exercise,0.17475546868,0.93724007765,5.191206586871352,6.77368394768456,0.7863996090862133,4.217580349565586,0.5065457389183694,pass,
bckdh_complex_stabilization,positive,19,adipose_subcutaneous,caloric_restriction,0.2594699268,0.818070658025,2.8452036979968414,2.659266187617569,0.4670458682244318,1.4725271843959158,0.3781048023147665,pass,
bckdh_complex_stabilization,positive,20,liver,fed,0.39246380352,0.919895954825,26.70560515949922,13.863443065296188,3.532174231679999,8.279063593424999,0.3424033509848431,pass,
bckdh_complex_stabilization,positive,21,skeletal_muscle,exercise,0.4275674426,0.836189419325,7.73381931271953,7.16812349305116,1.9240534917,3.7628523869625,0.2565244442349587,pass,
bckdh_complex_stabilization,positive,22,liver,fed,0.20174492808,0.900032638075,4.501762499336466,6.183406676718413,1.81570435272,6.183406676718413,0.7063585742214824,pass,
bckdh_complex_stabilization,positive,23,skeletal_muscle,fasted,0.2538060322,0.869202687875,1.1186437447191453,1.7550986982866077,0.5710635724309645,1.7550986982866437,0.6746259495329683,pass,
bckdh_complex_stabilization,positive,24,liver,caloric_restriction,0.3856227706,0.92792006085,1.1532703163613325,0.9465130524846932,0.69412098708,0.946513052484904,0.2666546063388655,pass,
bckdh_complex_stabilization,positive,25,skeletal_muscle,exercise,0.39813272816,0.82743592675,2.018084588314132,3.968480573872692,1.79159727672,3.555390973365203,0.444450631371992,pass,
bckdh_complex_stabilization,positive,26,liver,caloric_restriction,0.22974623312,0.8198738554,1.6473663601921074,1.0323016911433678,0.413543219616,1.0323016911433678,0.5993969368024928,pass,
bckdh_complex_stabilization,positive,27,adipose_subcutaneous,fasted,0.331941664,0.9742928282,1.3166537422678175,1.7083287568556862,0.7468687440000001,1.7083287568557135,0.5628073688962284,pass,
bckdh_complex_stabilization,positive,28,liver,caloric_restriction,0.23545559408,0.834371785625,0.975951982748594,1.403306030814619,0.4238200693439999,1.3613360077519847,0.6680766118162813,pass,
bckdh_complex_stabilization,positive,29,liver,exercise,0.2397526434,0.8858506262,1.424039252102257,2.6402691287445403,1.0788868953,2.640269128744464,0.5913723780828767,pass,
bckdh_complex_stabilization,positive,30,skeletal_muscle,exercise,0.28255117444,0.821295520875,2.499706483380974,3.1815535809024764,1.2714802850223823,3.181553580902542,0.6003586761340508,pass,
bckdh_complex_stabilization,positive,31,liver,caloric_restriction,0.12396219144,0.928476617425,1.629424937795654,2.6941436264528784,0.2231319445845622,1.6712579113092914,0.5375088219150878,pass,
bckdh_complex_stabilization,positive,32,liver,exercise,0.33780159448,0.8887693168499999,5.514487292954565,7.291029752643214,1.5201071751599995,3.999461925825,0.3400554976155679,pass,
bckdh_complex_stabilization,positive,33,adipose_subcutaneous,caloric_restriction,0.22894743428,0.8574430518,3.744440043491855,2.112082659235945,0.412105381704,1.54339749324,0.5356287106420589,pass,
bckdh_complex_stabilization,positive,34,adipose_subcutaneous,caloric_restriction,0.11930764272,0.894519080825,0.9746427397828578,1.488473422296981,0.214753756896,1.4542428710088653,0.832725056118309,pass,
bckdh_complex_stabilization,positive,35,adipose_subcutaneous,fasted,0.17449778548,0.992390458425,1.9302260894753425,1.4065112732961984,0.3926200173299999,1.4065112732961955,0.7208554067185778,pass,
bckdh_complex_stabilization,positive,36,skeletal_muscle,caloric_restriction,0.178940542,0.89607731505,0.5910449295766761,0.9570555098969292,0.3220929756,0.9570555098968035,0.6634542382658519,pass,
bckdh_complex_stabilization,positive,37,skeletal_muscle,exercise,0.24868221924,0.9611234081,3.047912123011752,2.3893199885444414,1.11906998658,2.38931998854439,0.5316366196468386,pass,
bckdh_complex_stabilization,positive,38,skeletal_muscle,fasted,0.21436485772,0.9239991034,4.223710393583463,4.779799954826982,0.4823209298860774,2.0789979827193,0.3340468362532169,pass,
bckdh_complex_stabilization,positive,39,skeletal_muscle,exercise,0.49138784224,0.8026262718,3.373649541128928,5.709575091154565,2.21124529008,3.6118182231,0.2453024805978657,pass,
bckdh_complex_stabilization,positive,40,liver,exercise,0.3077082824,0.99534009295,3.720729417745362,2.847572582248299,1.3846872708000002,2.847572582248299,0.5137306492441638,pass,
bckdh_complex_stabilization,positive,41,skeletal_muscle,fed,0.10927029292,0.964592326225,8.405683904413513,10.938709302062485,0.9834326363127812,8.681330936314378,0.7037300368289489,pass,
bckdh_complex_stabilization,positive,42,skeletal_muscle,fasted,0.13215924272,0.84496944695,1.3227274775850832,2.258915026084889,0.297358296110088,1.9011812555741272,0.7099970299652025,pass,
bckdh_complex_stabilization,positive,43,liver,fasted,0.14756060916,0.966818972575,6.185546324567879,3.253703925738185,0.3320113706100001,2.17534268829375,0.5665332063874078,pass,
bckdh_complex_stabilization,positive,44,adipose_subcutaneous,caloric_restriction,0.42912305124,0.98557897055,1.674023484007817,1.05624218958234,0.7724214922320001,1.05624218958234,0.2687079726123877,pass,
bckdh_complex_stabilization,positive,45,adipose_subcutaneous,fed,0.35428425828,0.7893190416,15.921974741634664,12.178474423318557,3.1885583246262854,7.103871374636796,0.3214945414274322,pass,
bckdh_complex_stabilization,positive,46,adipose_subcutaneous,fed,0.12023457904,0.9376692542,6.384753396251349,11.82721096673751,1.0821112113960705,8.4390232880813,0.6220327089265242,pass,
bckdh_complex_stabilization,positive,47,liver,caloric_restriction,0.30248302424,0.990867042875,0.6007488145235388,0.9299191548177224,0.5444694436501492,0.9299191548177224,0.4144980874634494,pass,
bckdh_complex_stabilization,positive,48,liver,caloric_restriction,0.173567219,0.8337738046500001,0.9621535193431872,1.3244009693483016,0.3124209941895859,1.3244009693486058,0.764103922135443,pass,
bckdh_complex_stabilization,positive,49,adipose_subcutaneous,fed,0.35391718192,0.9336165381,7.225049544571256,7.686277938245826,3.18525463728,7.445304516107161,0.5542409359970915,pass,
bckdh_complex_stabilization,positive,50,adipose_subcutaneous,fasted,0.16215463132,0.7575124636,2.141912154528573,1.7060051827683311,0.36484792047,1.6275311713928464,0.7401403370146232,pass,
bckdh_complex_stabilization,positive,51,liver,fasted,0.146074738,0.844047778725,5.249556233831385,2.7193218381421485,0.3286681605,1.8991075021312505,0.5775113925846235,pass,
bckdh_complex_stabilization,positive,52,adipose_subcutaneous,caloric_restriction,0.19786403312,0.895860213925,2.4509178252564623,1.7232559733147277,0.356155259616,1.6075062566132752,0.7261550323195858,pass,
bckdh_complex_stabilization,positive,53,liver,fasted,0.39889676756,0.8103929939,5.534179050660618,4.319666606918926,0.89751772701,1.8233842362750003,0.2143374925699162,pass,
bckdh_complex_stabilization,positive,54,skeletal_muscle,caloric_restriction,0.36322660512,0.770638347375,2.6688672673402856,1.9576224785409748,0.6538078892160001,1.387149025275,0.3746080483329771,pass,
bckdh_complex_stabilization,positive,55,liver,exercise,0.13852833984,0.967850701475,7.487759377716178,9.413213840488968,0.6233775292592209,4.355328156492322,0.3964587111769306,pass,
bckdh_complex_stabilization,positive,56,adipose_subcutaneous,fed,0.49206350572,0.89731980015,11.545075961631598,14.944970368563176,4.42857155148,8.07587820135,0.2440491054798026,pass,
bckdh_complex_stabilization,positive,57,adipose_subcutaneous,fasted,0.287124101,0.94297926425,1.7658524026317273,2.519099664476363,0.64602922725,2.1217033445625,0.5857942574174585,pass,
bckdh_complex_stabilization,positive,58,liver,fasted,0.48103552268,0.902790063475,2.7639425007362366,2.3226525125208752,1.08232992603,2.03127764281875,0.4085620693036066,pass,
bckdh_complex_stabilization,positive,59,liver,caloric_restriction,0.4467442142,0.867860176075,3.3875937862919523,1.992966184710365,0.80413958556,1.562148316935,0.3803419933515632,pass,
bckdh_complex_stabilization,positive,60,skeletal_muscle,fed,0.2749318217199999,0.8896671593250001,5.153071861840526,5.651572931288313,2.47438639548,5.65157293128827,0.5621773928137224,pass,
bckdh_complex_stabilization,positive,61,liver,fasted,0.49366950188,0.947926562275,3.625233904932937,3.550090438858237,1.11075637923,2.13283476511875,0.2879020699589461,pass,
bckdh_complex_stabilization,positive,62,adipose_subcutaneous,fed,0.1204456936,0.780066590775,4.465242012584787,5.226541707506443,1.084011242436134,5.226541707506652,0.7925949311991425,pass,
bckdh_complex_stabilization,positive,63,skeletal_muscle,caloric_restriction,0.12362318512,0.846036680925,1.2392043579812675,1.1118271398919806,0.222521733216,1.1118271398921546,0.7998594158823601,pass,
bckdh_complex_stabilization,positive,64,skeletal_muscle,fasted,0.2158419632,0.898224731025,2.398023385396215,1.5752551448820724,0.4856444172,1.575255144882159,0.6917042811904163,pass,
bckdh_complex_stabilization,positive,65,adipose_subcutaneous,fasted,0.42140612588,0.8781964359,2.2506922305622163,1.9605755641689917,0.9481637832300004,1.813501300502942,0.4413691229696231,pass,
bckdh_complex_stabilization,positive,66,liver,fasted,0.12963956816,0.935317938025,2.046496084949841,2.2530779788865702,0.29168902836,2.0758811109026123,0.7918909595061274,pass,
bckdh_complex_stabilization,positive,67,liver,fed,0.17443387776,0.805934387925,10.827046592495712,5.5482772231798085,1.56990489984,5.548277223179921,0.7170464205932109,pass,
bckdh_complex_stabilization,positive,68,liver,fasted,0.28744110952,0.966418751,3.038354178542644,3.08789175891554,0.6467424964199999,2.17444218975,0.4947387449443903,pass,
bckdh_complex_stabilization,positive,69,liver,fasted,0.2567957618399999,0.843851846825,4.254511843287527,3.3297168278501883,0.5777904641399999,1.89866665535625,0.3966932503593904,pass,
bckdh_complex_stabilization,positive,70,skeletal_muscle,exercise,0.21343978788,0.88653638275,6.543393548210597,8.124137827747374,0.9604790454920158,3.989413722507981,0.3728315227088921,pass,
bckdh_complex_stabilization,positive,71,skeletal_muscle,exercise,0.41764989512,0.98643252085,2.9409443219163736,2.513405470615829,1.87942452804,2.5134054706159143,0.252239819634266,pass,
bckdh_complex_stabilization,positive,72,skeletal_muscle,fasted,0.35495409672,0.8403388554,4.20720331135692,2.3668682947847075,0.7986467176200001,1.89076242465,0.4614180304989635,pass,
bckdh_complex_stabilization,positive,73,adipose_subcutaneous,fasted,0.26680615304,0.8759530368,1.2835115874962937,1.6646928999539332,0.60031384434,1.664692899954129,0.6393846310292928,pass,
bckdh_complex_stabilization,positive,74,liver,exercise,0.40811942424,0.94713041795,4.737880233699474,7.064204946368072,1.83653740908,4.262086880775,0.3433577437390248,pass,
bckdh_complex_stabilization,positive,75,skeletal_muscle,caloric_restriction,0.31506185576,0.8370033844,2.1079920769054707,2.6187587444450724,0.5671113403679999,1.5066060919200002,0.3587557477544896,pass,
bckdh_complex_stabilization,positive,76,skeletal_muscle,caloric_restriction,0.171646736,0.831724499325,2.436654669607793,3.457038249604798,0.3089641248,1.497104098785,0.3436872513981659,pass,
bckdh_complex_stabilization,positive,77,skeletal_muscle,exercise,0.14868189436,0.84685449805,6.041909086819391,5.588123930039811,0.66906852462,3.810845241225001,0.5622238797740152,pass,
bckdh_complex_stabilization,positive,78,skeletal_muscle,caloric_restriction,0.227349223,0.7533110145,1.7355639843217627,3.094003461218642,0.4092286014,1.3559598261,0.305989064513557,pass,
bckdh_complex_stabilization,positive,79,skeletal_muscle,fed,0.37486966888,0.810296740475,9.649293665902588,13.006328064350903,3.373827019807539,7.29267066403191,0.3013028446487941,pass,
bckdh_complex_stabilization,positive,80,adipose_subcutaneous,fasted,0.40151850828,0.8299603739,2.655929367115064,2.896754716372397,0.9034166436299998,1.867410841275,0.332784198881778,pass,
bckdh_complex_stabilization,positive,81,skeletal_muscle,fed,0.11730937768,0.967180555575,10.164040837763862,15.020753233589708,1.0557843991200002,8.704625000175,0.509218178483254,pass,
bckdh_complex_stabilization,positive,82,adipose_subcutaneous,exercise,0.28281040468,0.9556018938,7.465735349133383,3.8373732668761646,1.2726468210600002,3.837373266876288,0.6683546966761764,pass,
bckdh_complex_stabilization,positive,83,liver,exercise,0.18287024164,0.876938958375,3.086039561908421,5.370999725827963,0.8229160873800001,3.946225312687501,0.5815135700506908,pass,
bckdh_complex_stabilization,positive,84,adipose_subcutaneous,caloric_restriction,0.22566679268,0.8612361911249999,0.9688629937257196,1.5406281086790004,0.406200226824,1.533818056235586,0.7319208464776442,pass,
bckdh_complex_stabilization,positive,85,adipose_subcutaneous,fasted,0.36624612536,0.8163115170999999,1.59676414096358,1.225683298259408,0.8240537820325315,1.2256832982595018,0.3276780525583763,pass,
bckdh_complex_stabilization,positive,86,adipose_subcutaneous,fed,0.14556998256,0.8433860336,4.599863255878868,5.928322532355244,1.31012984304,5.928322532355232,0.7790049654198699,pass,
bckdh_complex_stabilization,positive,87,adipose_subcutaneous,fed,0.39339958324,0.874375441,5.798975609960618,7.64150607616298,3.5405962491600005,7.641506076162905,0.5366625094751073,pass,
bckdh_complex_stabilization,positive,88,adipose_subcutaneous,fed,0.17549405092,0.984911332625,7.048802560803352,7.194587783425972,1.57944645828,7.194587783425943,0.780467414419688,pass,
bckdh_complex_stabilization,positive,89,skeletal_muscle,fed,0.48506553116,0.99169899665,15.703770039370664,9.133531546377217,4.365589780440001,8.481003912719821,0.4505830095821134,pass,
bckdh_complex_stabilization,positive,90,adipose_subcutaneous,fasted,0.14791138332,0.833448904375,3.5439324813747346,3.981440131831949,0.33280061247,1.87526003484375,0.3874124365306053,pass,
bckdh_complex_stabilization,positive,91,liver,fed,0.10478157364,0.917824982225,2.8263104052217374,5.210362226400925,0.94303416276,5.210362226401029,0.8190079457467395,pass,
bckdh_complex_stabilization,positive,92,adipose_subcutaneous,exercise,0.3991567556400001,0.791464028675,2.6735562953791225,3.6534295042324985,1.7962054003800003,3.5187767914040182,0.4714943559273331,pass,
bckdh_complex_stabilization,positive,93,adipose_subcutaneous,exercise,0.4120306656,0.768902563925,3.3683057663882368,2.7367253078569216,1.8541379952,2.7367253078569296,0.3224975886776401,pass,
bckdh_complex_stabilization,positive,94,liver,caloric_restriction,0.22504761772,0.98674768635,2.0450154880611104,1.700823410842417,0.4050857118959999,1.697391368376462,0.7598117760152322,pass,
bckdh_complex_stabilization,positive,95,adipose_subcutaneous,fed,0.23936112524,0.991813363175,12.385431092700458,7.802796049568792,2.15425012716,7.753992847592534,0.7176584758667368,pass,
bckdh_complex_stabilization,positive,96,skeletal_muscle,fasted,0.32003593352,0.78286202915,2.080604595996816,2.7065411030000943,0.7200808504200001,1.7614395655875,0.3847562906076671,pass,
bckdh_complex_stabilization,positive,97,skeletal_muscle,fasted,0.29054321408,0.939183590575,1.7320301600481305,2.826553142143335,0.65372223168,2.1131630787937503,0.5163323573697529,pass,
bckdh_complex_stabilization,positive,98,liver,exercise,0.24172765396,0.91491649475,9.831971141625264,5.632068639695907,1.08777444282,4.117124226375,0.5378751534034152,pass,
bckdh_complex_stabilization,positive,99,adipose_subcutaneous,fasted,0.3019350269199999,0.891264612125,0.6414936922817879,1.133526528577539,0.6793538105699999,1.1335265285775256,0.4006723323692004,pass,
bckdh_complex_stabilization,positive,100,liver,exercise,0.12551344636,0.9332852708,2.608350942768497,3.6730823864774713,0.5648105086199999,3.673082386477599,0.8462298284679828,pass,
bckdh_complex_stabilization,positive,101,skeletal_muscle,fasted,0.17823230388,0.81102384935,1.453364127742785,2.145926873668919,0.40102268373,1.8248036610375,0.6634806594659226,pass,
bckdh_complex_stabilization,positive,102,liver,exercise,0.430048494,0.78729439115,2.4617782891859576,2.583144569087106,1.935218223,2.583144569087078,0.2508285265334791,pass,
bckdh_complex_stabilization,positive,103,liver,fasted,0.36175337728,0.754848645575,4.689795412218974,2.491090283869757,0.8139450988800001,1.69840945254375,0.3550511032822898,pass,
bckdh_complex_stabilization,positive,104,liver,caloric_restriction,0.24868375852,0.807361083175,0.6767565379005227,1.0545040629751896,0.4476307653360001,1.0545040629752094,0.5755058884524068,pass,
bckdh_complex_stabilization,positive,105,skeletal_muscle,caloric_restriction,0.31220254812,0.9965845847,2.393210755745905,3.32939233375558,0.5619645866347323,1.793852252519795,0.3700037551583727,pass,
bckdh_complex_stabilization,positive,106,adipose_subcutaneous,fasted,0.23717668532,0.84726547075,3.1424170965285243,4.543983657475151,0.5336475419700001,1.9063473091875,0.3020917042602737,pass,
bckdh_complex_stabilization,positive,107,skeletal_muscle,caloric_restriction,0.33384306548,0.7670221001749999,1.587841842122541,1.5772953328800745,0.6009175178840305,1.380639780361021,0.4943413235448118,pass,
bckdh_complex_stabilization,positive,108,liver,caloric_restriction,0.10165896088,0.827239516475,0.8719781002394446,1.499705454662312,0.182986129584,1.4217709863665828,0.8260187711736499,pass,
bckdh_complex_stabilization,positive,109,liver,fasted,0.33174924616,0.750247318775,2.4297319375925746,1.9519991550937623,0.74643580386,1.68805646724375,0.4823878437275861,pass,
bckdh_complex_stabilization,positive,110,liver,fasted,0.42529143476,0.8598318119,2.38823117974779,3.179909680202422,0.9569057282099998,1.934621576775,0.3074665468180098,pass,
bckdh_complex_stabilization,positive,111,skeletal_muscle,caloric_restriction,0.37491910712,0.899257087075,1.0440155642822972,1.0615272487114864,0.674854392816,1.0615272487114218,0.3642608857801596,pass,
bckdh_complex_stabilization,positive,112,liver,fed,0.4537158316,0.79806106655,8.091754996023676,5.937343715340222,4.0834424844,5.937343715340305,0.312244215565693,pass,
bckdh_complex_stabilization,positive,113,adipose_subcutaneous,fasted,0.28982852108,0.764988354775,1.4778017167896729,1.6643572392096688,0.65211417243,1.6571662950915091,0.6038680272384099,pass,
bckdh_complex_stabilization,positive,114,liver,fasted,0.170087964,0.908557282225,1.979240410773376,2.0003868186207465,0.382697919,1.892915774910551,0.7549629110992823,pass,
bckdh_complex_stabilization,positive,115,adipose_subcutaneous,fed,0.17922023152,0.9670340542,7.986880582335153,14.027954173550103,1.61298208368,8.703306487799999,0.5054425126002264,pass,
bckdh_complex_stabilization,positive,116,skeletal_muscle,exercise,0.3806239202,0.9780704646,5.697726712976844,4.096860132175761,1.7128076409,4.025642109632262,0.5645383035090245,pass,
bckdh_complex_stabilization,positive,117,skeletal_muscle,caloric_restriction,0.22359517888,0.84509263695,0.7502192273523528,1.0362968562693715,0.402471321984,1.0362968562693802,0.6116254531226962,pass,
bckdh_complex_stabilization,positive,118,skeletal_muscle,fed,0.41267113988,0.90091912305,6.622852939201552,5.138136089340932,3.714040258920001,5.138136089340865,0.2771619524393587,pass,
bckdh_complex_stabilization,positive,119,liver,exercise,0.49755856348,0.81172778185,4.604226907696749,9.504622884822794,2.23901353566,3.652775018325,0.1487446161512128,pass,
bckdh_complex_stabilization,positive,120,adipose_subcutaneous,fasted,0.41811915008,0.8730331448499999,2.0417824550287302,1.8112212783235035,0.9407680877113592,1.7506471812888675,0.4471453064681008,pass,
bckdh_complex_stabilization,positive,121,skeletal_muscle,exercise,0.38754279156,0.808553427625,6.508009133764172,3.3490304941904725,1.7439425620200004,3.349030494190269,0.4792694288554844,pass,
bckdh_complex_stabilization,positive,122,liver,exercise,0.38306523556,0.87136699645,2.072435813125852,3.6322755571499887,1.7237935599625405,3.632275557149879,0.5254232414802804,pass,
bckdh_complex_stabilization,positive,123,skeletal_muscle,caloric_restriction,0.39309603632,0.916810054925,0.8242043556930946,1.126265900773352,0.7075728653524143,1.1262659007732123,0.3717532734794706,pass,
bckdh_complex_stabilization,positive,124,liver,exercise,0.40973100624,0.993894034175,4.708125549631267,7.147897571172631,1.84378952814146,4.472523153936584,0.3677631918505337,pass,
bckdh_complex_stabilization,positive,125,liver,caloric_restriction,0.13238425424,0.9513850349,0.7113622107969492,0.9635414368056132,0.238291657639943,0.9635414368055308,0.752691842262619,pass,
bckdh_complex_stabilization,positive,126,skeletal_muscle,caloric_restriction,0.18346184016,0.9583724581,2.8472393394130604,1.4229107556036058,0.3302313122769922,1.4229107556036058,0.7679184650361952,pass,
bckdh_complex_stabilization,positive,127,liver,fasted,0.3491560381199999,0.76303453455,1.0695215033536922,1.5026728181862463,0.78560108577,1.5026728181862463,0.4771975134825191,pass,
bckdh_complex_stabilization,positive,128,skeletal_muscle,caloric_restriction,0.3748320875200001,0.984699821025,1.916361099066577,3.723475182935408,0.6746977575360001,1.772459677845,0.2948218710681932,pass,
bckdh_complex_stabilization,positive,129,adipose_subcutaneous,fed,0.23502290776,0.973547644675,26.75342490018681,16.66955909132397,2.11520616984,8.761928802075,0.3987341594232345,pass,
bckdh_complex_stabilization,positive,130,liver,caloric_restriction,0.15984122716,0.876315370675,3.657119420727136,1.6969242725407754,0.287714208888,1.5026936169404563,0.715989173891236,pass,
bckdh_complex_stabilization,positive,131,liver,fed,0.3729720428799999,0.973244974575,7.31453086089864,9.346514410032922,3.35674838592,8.48521810321941,0.5487039865679023,pass,
bckdh_complex_stabilization,positive,132,adipose_subcutaneous,exercise,0.3134215168399999,0.958591469375,4.091959038930255,5.119802927327833,1.410396825827013,4.3136616123312885,0.5670657304029415,pass,
bckdh_complex_stabilization,positive,133,skeletal_muscle,fed,0.11094232396,0.986772575475,13.827785230973484,9.07319540470368,0.99848091564,8.619516432876924,0.8399505551578956,pass,
bckdh_complex_stabilization,positive,134,adipose_subcutaneous,caloric_restriction,0.38431959812,0.91280758145,1.5380928917901202,2.9319076314563306,0.6917752766390591,1.6430536466647685,0.3244571417664997,pass,
bckdh_complex_stabilization,positive,135,skeletal_muscle,fed,0.35609244708,0.9655269583,7.703880502223711,8.807844099630088,3.20483202372,8.543150394881083,0.6060868370030847,pass,
bckdh_complex_stabilization,positive,136,liver,fasted,0.37247270708,0.910226916275,1.195915054768089,1.403184435011591,0.8380635909020645,1.4031844350116218,0.4027416710226615,pass,
bckdh_complex_stabilization,positive,137,adipose_subcutaneous,exercise,0.23029792964,0.861121803775,11.555611905641191,5.772636226121991,1.03634068338,3.8750481169875,0.491752350643879,pass,
bckdh_complex_stabilization,positive,138,skeletal_muscle,fed,0.2387656432,0.867129607875,5.127336563846895,5.01716708509077,2.1488907888,5.017167085090708,0.5716924008399483,pass,
bckdh_complex_stabilization,positive,139,liver,fed,0.21972330152,0.8232142853,7.389243655907288,6.980828539198554,1.97750971368,6.980828539198684,0.7167227783097934,pass,
bckdh_complex_stabilization,positive,140,liver,exercise,0.40817973108,0.79876920665,9.145832144248203,9.502185938799062,1.83680878986,3.594461429925,0.1849735051898112,pass,
bckdh_complex_stabilization,positive,141,adipose_subcutaneous,caloric_restriction,0.3031905188,0.974675349175,2.9291244094434554,1.5659614849243173,0.54574293384,1.5659614849242796,0.6514965795174626,pass,
bckdh_complex_stabilization,positive,142,adipose_subcutaneous,fed,0.3468862045599999,0.884906485225,9.574293557384784,6.58884605363521,3.12197584104,6.588846053635178,0.5261725929508447,pass,
bckdh_complex_stabilization,positive,143,skeletal_muscle,exercise,0.4141580638000001,0.841132908725,1.3282064599989225,2.463727895335638,1.8637112870378767,2.463727895335577,0.2435401285319127,pass,
bckdh_complex_stabilization,positive,144,skeletal_muscle,caloric_restriction,0.47476098148,0.9520600159,5.186248861320007,3.2834583823180363,0.854569766664,1.71370802862,0.2616565102766646,pass,
bckdh_complex_stabilization,positive,145,skeletal_muscle,fed,0.46532327516,0.791577129775,3.5868675553736837,5.69725586150422,4.187909476440001,5.697255861504217,0.2649251537503724,pass,
bckdh_complex_stabilization,positive,146,liver,exercise,0.36507310948,0.78041033,2.6364598883886226,4.714172118851804,1.6428289927147612,3.511846485117061,0.396467809252905,pass,
bckdh_complex_stabilization,positive,147,liver,exercise,0.28356419272,0.772444469175,5.184593612343031,5.997147660118185,1.276038867282535,3.476000111403367,0.3668345968452405,pass,
bckdh_complex_stabilization,positive,148,skeletal_muscle,fed,0.444415966,0.905295968975,13.227616879214668,15.633007296133838,3.999743694,8.147663720775,0.2653309083915551,pass,
bckdh_complex_stabilization,positive,149,liver,caloric_restriction,0.47022648964,0.757087259825,1.0894668218586816,1.7186601061522435,0.8464076813520001,1.362757067685,0.300437174566767,pass,
bckdh_complex_stabilization,positive,150,adipose_subcutaneous,exercise,0.36444303164,0.7966219535,4.084505768201635,5.209959092174653,1.6399936423800003,3.58479879075,0.3732860688467002,pass,
bckdh_complex_stabilization,positive,151,adipose_subcutaneous,caloric_restriction,0.3545990934399999,0.90530465005,2.549697386255781,2.240939029569386,0.6382783681707238,1.6295483700356814,0.4423458152074034,pass,
bckdh_complex_stabilization,positive,152,skeletal_muscle,caloric_restriction,0.30897472,0.95700536115,4.690137360953461,3.52093704889252,0.5561544960185385,1.7226096501274202,0.3312911131074553,pass,
bckdh_complex_stabilization,positive,153,liver,exercise,0.11598559648,0.973772933125,5.527061475663666,5.66443734554231,0.5219351841773979,4.381978199208566,0.6814521513012888,pass,
bckdh_complex_stabilization,positive,154,liver,caloric_restriction,0.43389398304,0.9421360449,2.3349558314075542,2.114946945679593,0.781009169472,1.69584488082,0.432557286232084,pass,
bckdh_complex_stabilization,positive,155,skeletal_muscle,fed,0.41951761496,0.8468955816,7.550906076347695,7.431575347405753,3.77565853464,7.163562272249415,0.4558796189548262,pass,
bckdh_complex_stabilization,positive,156,liver,caloric_restriction,0.21997068632,0.95433855695,3.107089921709289,1.7954824743134266,0.3959472353760001,1.6543636551380194,0.700879255445378,pass,
bckdh_complex_stabilization,positive,157,adipose_subcutaneous,fasted,0.35556272612,0.860590357825,3.884479291383803,2.0488297172609142,0.8000161337700001,1.88706952255102,0.5305728336634556,pass,
bckdh_complex_stabilization,positive,158,liver,fasted,0.23467090664,0.798529189225,1.8852069822399264,3.1461638701696564,0.52800953994,1.7966906757562502,0.4032469979854662,pass,
bckdh_complex_stabilization,positive,159,adipose_subcutaneous,caloric_restriction,0.43370780008,0.942451075925,0.9563044791214718,0.9961780543954885,0.7806740401179775,0.9961780543954885,0.2163308188999259,pass,
bckdh_complex_stabilization,positive,160,adipose_subcutaneous,fasted,0.1398843976,0.79198314235,1.2164717060613313,1.9965910057112877,0.3147398946,1.7601478772189645,0.7239379414633977,pass,
bckdh_complex_stabilization,positive,161,skeletal_muscle,fasted,0.36763489996,0.899807277025,3.06406783330134,2.847637446310203,0.8271785249375725,2.024566373373736,0.4204846547399024,pass,
bckdh_complex_stabilization,positive,162,skeletal_muscle,exercise,0.44753799884,0.8492744934,2.474668680770155,4.617256263006055,2.01392099478,3.8217352203,0.3915343057747083,pass,
bckdh_complex_stabilization,positive,163,adipose_subcutaneous,exercise,0.20230885488,0.8502749645,4.933265385212084,6.684107511837744,0.91038984696,3.82623734025,0.4362358756387372,pass,
bckdh_complex_stabilization,positive,164,adipose_subcutaneous,fasted,0.4518816827999999,0.82151572635,2.424748193463269,1.5124756342811685,1.0167337863,1.5124756342811925,0.3277684854849266,pass,
bckdh_complex_stabilization,positive,165,adipose_subcutaneous,caloric_restriction,0.309963966,0.764916272125,2.3305156638083684,2.073733795160086,0.5579351388185978,1.3768492898708948,0.3948983967776246,pass,
bckdh_complex_stabilization,positive,166,adipose_subcutaneous,fasted,0.21920485268,0.990695504325,0.9167465511809602,1.390846844837205,0.49321091853,1.3908468448372755,0.6453880451606023,pass,
bckdh_complex_stabilization,positive,167,liver,exercise,0.47987949068,0.8657825981,2.6676808863443684,5.071778823547311,2.15945770806,3.89602169145,0.3423974198810605,pass,
bckdh_complex_stabilization,positive,168,liver,fasted,0.37962796968,0.920625067,3.04003629848364,2.917747756632593,0.854162931808472,2.071406400819047,0.4171859840329069,pass,
bckdh_complex_stabilization,positive,169,skeletal_muscle,exercise,0.20580914932,0.84372245425,3.059672470382336,2.936856677658512,0.9261411719708714,2.936856677658497,0.6846488359420805,pass,
bckdh_complex_stabilization,positive,170,adipose_subcutaneous,fed,0.37612173112,0.7585080019,12.07030399998832,16.14639164874321,3.38509558008,6.826572017099999,0.2131421380013331,pass,
bckdh_complex_stabilization,positive,171,liver,fed,0.11636324072,0.95226052505,8.161877956696234,8.835032680933882,1.04726916648,8.14812298799147,0.8037156259574691,pass,
bckdh_complex_stabilization,positive,172,skeletal_muscle,caloric_restriction,0.36127345048,0.9562154634,3.506832569305964,1.792699378546109,0.6502922108856765,1.6490131951113254,0.5571045520390698,pass,
bckdh_complex_stabilization,positive,173,skeletal_muscle,caloric_restriction,0.4250651652,0.842216378775,0.9758735927926976,1.1132334170996516,0.7651172973855039,1.1132334170995724,0.3127072133901875,pass,
bckdh_complex_stabilization,positive,174,skeletal_muscle,fasted,0.39583742864,0.9592820293,1.9633616412529904,2.279837899197484,0.89063421444,2.058721414927441,0.5123553744319344,pass,
bckdh_complex_stabilization,positive,175,liver,fed,0.34400929228,0.945158309675,17.602373355688815,9.853857214339875,3.09608363052,8.443640892068004,0.5426867007739815,pass,
bckdh_complex_stabilization,positive,176,adipose_subcutaneous,fasted,0.3591645950000001,0.769481962625,1.671885077729712,3.3459775444345,0.80812033875,1.73133441590625,0.2759175950513682,pass,
bckdh_complex_stabilization,positive,177,adipose_subcutaneous,fed,0.26658526768,0.810066526225,3.757749935208767,7.0208309378475775,2.39926740912,6.760219916856944,0.6211447827675379,pass,
bckdh_complex_stabilization,positive,178,liver,exercise,0.46387158544,0.90062084445,4.16934301384801,3.0034193967668763,2.08742213448,3.00341939676687,0.3049847994165994,pass,
bckdh_complex_stabilization,positive,179,liver,fed,0.21001502544,0.89271059675,3.896828000759609,6.935200937711555,1.89013522896,6.935200937711555,0.7274577555955144,pass,
bckdh_complex_stabilization,positive,180,liver,caloric_restriction,0.46211481708,0.944514574625,2.15002781381961,1.3255174749022671,0.831806670744,1.325517474902303,0.3724664619715447,pass,
bckdh_complex_stabilization,positive,181,adipose_subcutaneous,caloric_restriction,0.27121697548,0.86785965455,0.9835877900774558,1.213619182454412,0.488190555880273,1.2136191824544111,0.597739914679857,pass,
bckdh_complex_stabilization,positive,182,adipose_subcutaneous,exercise,0.26119273152,0.8682454712,5.12209391526546,5.403533903487841,1.17536729184,3.9071046204,0.5055464400430122,pass,
bckdh_complex_stabilization,positive,183,adipose_subcutaneous,fasted,0.11865125624,0.80384747265,1.6144965770202722,3.0458165995037354,0.26696532654,1.8086568134625,0.5061668805579733,pass,
bckdh_complex_stabilization,positive,184,skeletal_muscle,exercise,0.48712086328,0.95497954425,7.198040358758775,5.114027053241271,2.1920438847600003,4.297407949125001,0.4116841859549062,pass,
bckdh_complex_stabilization,positive,185,adipose_subcutaneous,fed,0.38655751956,0.980376061875,10.127362640699902,10.521495465393752,3.47901767604,8.823384556875002,0.5079474584590336,pass,
bckdh_complex_stabilization,positive,186,liver,exercise,0.16299024572,0.871540413125,3.455769500672436,4.410494856678906,0.73345610574,3.9114591400637946,0.7205547535128121,pass,
bckdh_complex_stabilization,positive,187,skeletal_muscle,fasted,0.1400243508,0.821452728875,2.821486295778864,2.0760990985307712,0.3150547892894982,1.841557283375478,0.7352743879934567,pass,
bckdh_complex_stabilization,positive,188,liver,fed,0.3375985099599999,0.787236238725,22.918659554236587,16.51162468816932,3.038386589538721,7.085126148288831,0.2450842745747257,pass,
bckdh_complex_stabilization,positive,189,skeletal_muscle,fed,0.31140818884,0.7662534641,5.649207453028184,5.485755988412657,2.80267369956,5.485755988412439,0.4890998240752608,pass,
bckdh_complex_stabilization,positive,190,skeletal_muscle,exercise,0.30913723528,0.914188656775,6.460619525026096,5.2908063592995465,1.3911175587600002,4.1138489554875,0.514615582545713,pass,
bckdh_complex_stabilization,positive,191,adipose_subcutaneous,exercise,0.19384639616,0.7940076565,1.907564598320729,3.52414231839166,0.8723087827200001,3.4607453150734804,0.7344869470353242,pass,
bckdh_complex_stabilization,positive,192,liver,fasted,0.38121161144,0.888284265825,4.979804709399478,2.746879171465081,0.8577261257114093,1.9986395980396288,0.4153489837413195,pass,
bckdh_complex_stabilization,positive,193,adipose_subcutaneous,fed,0.10515512888,0.834863617475,13.800697350344334,9.32841864544523,0.94639615992,7.513772557275001,0.7040181886092388,pass,
bckdh_complex_stabilization,positive,194,skeletal_muscle,fed,0.13500900852,0.859918727225,15.891322559279258,9.42612273531894,1.2150810766394975,7.739268544767023,0.6921390322748406,pass,
bckdh_complex_stabilization,positive,195,skeletal_muscle,exercise,0.13074185336,0.7911557206,2.09835061144752,3.0268202904810195,0.58833834012,3.026820290481223,0.805624951712512,pass,
bckdh_complex_stabilization,positive,196,skeletal_muscle,fed,0.29556172272,0.9915848522,12.071739824320794,8.313010006340535,2.660055504568669,8.193545607418246,0.6656421799840309,pass,
bckdh_complex_stabilization,positive,197,liver,caloric_restriction,0.33582159312,0.87870537485,1.8947053505670248,1.0647503978467223,0.6044788676160001,1.0647503978467454,0.4322811535563326,pass,
bckdh_complex_stabilization,positive,198,skeletal_muscle,exercise,0.19683922692,0.99716633325,1.7311119925549316,3.122209340996438,0.88577652114,3.122209340996495,0.7162981644090362,pass,
bckdh_complex_stabilization,positive,199,liver,fed,0.1817644272,0.75827112475,6.17754687816476,6.614782848907003,1.6358798447999998,6.359291834694964,0.7140690930882847,pass,
bckdh_complex_stabilization,positive,200,skeletal_muscle,fed,0.20905540176,0.9112722224,5.66901025129365,10.124821536714292,1.88149861584,8.201450001600001,0.6242037316749538,pass,
bckdh_complex_stabilization,positive,201,adipose_subcutaneous,exercise,0.40269517212,0.914485610375,7.242173303258912,6.540884365233618,1.8121282746004048,4.115185246824673,0.3521017715074697,pass,
bckdh_complex_stabilization,positive,202,skeletal_muscle,exercise,0.44310961788,0.844670160625,2.0610975188214504,2.724647623602353,1.9939932803935336,2.7246476236023245,0.2681647112380597,pass,
bckdh_complex_stabilization,positive,203,adipose_subcutaneous,exercise,0.23406220416,0.8143824954,2.350121508534816,4.284719644717289,1.05327991872,3.6647212293,0.6094777551664775,pass,
bckdh_complex_stabilization,positive,204,liver,fed,0.32935995556,0.809397134475,5.055588516060773,8.7024613118822,2.964239600040001,7.284574210275,0.4964497347820535,pass,
bckdh_complex_stabilization,positive,205,liver,fed,0.4870563372399999,0.78988515915,9.58341466546838,7.853247427457593,4.383507035013883,7.085081523019255,0.3440073056350879,pass,
bckdh_complex_stabilization,positive,206,liver,caloric_restriction,0.4422652087199999,0.99664661715,1.657348640567798,1.3229605259054886,0.796077375696,1.3229605259057078,0.3982606736123795,pass,
bckdh_complex_stabilization,positive,207,adipose_subcutaneous,caloric_restriction,0.44875955148,0.9690081232,0.9271176472765146,0.8329596832055786,0.7614709264309141,0.8329596832055786,0.0858249903519288,pass,
bckdh_complex_stabilization,positive,208,liver,fed,0.34867734244,0.9009688861,13.285061819451425,7.627598589143464,3.13809608196,7.516356474971371,0.5740024651065211,pass,
bckdh_complex_stabilization,positive,209,skeletal_muscle,exercise,0.37533781624,0.775407091525,8.998905374573143,6.826284719854303,1.6890201730800003,3.4893319118625,0.2637322954822378,pass,
bckdh_complex_stabilization,positive,210,adipose_subcutaneous,exercise,0.36801447192,0.80731855845,5.973735230375669,5.830629389794137,1.6560651236952024,3.632933513146098,0.3390488843127608,pass,
bckdh_complex_stabilization,positive,211,adipose_subcutaneous,fasted,0.17312381696,0.8942217487249999,1.5054504650269278,1.310533227216768,0.3895285881729843,1.3105332272167616,0.7027709179108352,pass,
bckdh_complex_stabilization,positive,212,skeletal_muscle,fasted,0.19664888224,0.902280512175,2.952506813359818,3.0135439284439363,0.44245998504,2.03013115239375,0.5268452045341694,pass,
bckdh_complex_stabilization,positive,213,liver,exercise,0.4663190246800001,0.942004697225,7.442370342004767,5.328043376166893,2.09843561106,4.2390211375125,0.4017582769741792,pass,
bckdh_complex_stabilization,positive,214,liver,fasted,0.3409301958,0.808492628375,2.9581737505445447,3.031116951402554,0.76709294055,1.8191084138437497,0.3470718847740147,pass,
bckdh_complex_stabilization,positive,215,adipose_subcutaneous,fasted,0.22892531644,0.903100900925,1.4644517928324976,2.134569287918919,0.5150819619900001,1.9756773549309696,0.6842576632239309,pass,
bckdh_complex_stabilization,positive,216,adipose_subcutaneous,fed,0.2275260188,0.832989908825,7.265064287282709,9.09705244788918,2.0477341692000004,7.496909179425,0.5990044623178346,pass,
bckdh_complex_stabilization,positive,217,skeletal_muscle,fed,0.20581259036,0.8980618567750001,9.028387951706817,12.706951697171624,1.85231331324,8.082556710975,0.4903019659012128,pass,
bckdh_complex_stabilization,positive,218,skeletal_muscle,fed,0.34781657192,0.86818625855,4.778552487587906,4.925869640690959,3.13034914728,4.925869640690808,0.3645083253073964,pass,
bckdh_complex_stabilization,positive,219,adipose_subcutaneous,caloric_restriction,0.43923732196,0.94213715785,0.7354611037401513,0.919329901104093,0.7906271795279999,0.919329901104106,0.1399962314089178,pass,
bckdh_complex_stabilization,positive,220,liver,exercise,0.30348777936,0.7814591297,1.9905630451365068,3.031087091739172,1.365695007074477,3.031087091739189,0.5494372264008903,pass,
bckdh_complex_stabilization,positive,221,liver,caloric_restriction,0.233357042,0.84813704085,2.112441561524432,2.6011910892102086,0.4200426756,1.52664667353,0.4254220316685748,pass,
bckdh_complex_stabilization,positive,222,skeletal_muscle,exercise,0.3613150036,0.9955410027,4.771748101337255,2.823968438451855,1.6259175162,2.8239684384517845,0.4242437365583927,pass,
bckdh_complex_stabilization,positive,223,liver,caloric_restriction,0.28546278544,0.807946798075,0.5714537336409687,0.9957269611148843,0.5138330138091278,0.9957269611148694,0.4839619354749417,pass,
bckdh_complex_stabilization,positive,224,adipose_subcutaneous,caloric_restriction,0.14875681736,0.95839897485,1.8885727896743263,1.9782331940690965,0.2677622712390746,1.7247627482814631,0.7365160393681565,pass,
bckdh_complex_stabilization,positive,225,liver,caloric_restriction,0.1056468396,0.896570599125,1.2604045693295018,2.1058346291122647,0.19016431128,1.613827078425,0.6760562997034383,pass,
bckdh_complex_stabilization,positive,226,adipose_subcutaneous,exercise,0.33546032396,0.85453141525,14.381205226167324,8.967634943327301,1.5095714578703192,3.84539136875318,0.2604722343900622,pass,
bckdh_complex_stabilization,positive,227,adipose_subcutaneous,fasted,0.47227196632,0.968761266975,1.1681531899681188,1.9090845718028688,1.0626119242199998,1.9090845718028675,0.4433919063017152,pass,
bckdh_complex_stabilization,positive,228,adipose_subcutaneous,fasted,0.48299559236,0.803350967075,4.492016996745558,3.3966063518231357,1.08674008281,1.8075396759187496,0.2122116955713338,pass,
bckdh_complex_stabilization,positive,229,adipose_subcutaneous,fasted,0.26697554792,0.973324124025,3.842748635559512,1.9580458292632037,0.60069498282,1.891394739588128,0.6591775010975139,pass,
bckdh_complex_stabilization,positive,230,adipose_subcutaneous,exercise,0.25647252572,0.8816046263,4.2991848619046005,4.496045085392462,1.15412636574,3.9485003625839896,0.6215182329738732,pass,
bckdh_complex_stabilization,positive,231,adipose_subcutaneous,fed,0.33867822116,0.8173287664,9.494434138071306,5.916740508196448,3.0481039904400005,5.916740508196531,0.4848339239793623,pass,
bckdh_complex_stabilization,positive,232,adipose_subcutaneous,exercise,0.38027904144,0.84295598025,14.189660227776148,9.091231858487848,1.71125568648,3.793301911125,0.2290169535937133,pass,
bckdh_complex_stabilization,positive,233,skeletal_muscle,fasted,0.11602072488,0.928706697,2.5978295848291606,2.223070915695306,0.26104663098,2.044541362230804,0.8022662339104839,pass,
bckdh_complex_stabilization,positive,234,adipose_subcutaneous,fed,0.37017977776,0.9353909385,2.686968546970917,4.97041731813275,3.33161799984,4.97041731813276,0.329710608466255,pass,
bckdh_complex_stabilization,positive,235,liver,fasted,0.32469019052,0.815593062775,1.523613482874882,1.3213391590203731,0.7305529286700001,1.3213391590203731,0.4471117247356657,pass,
bckdh_complex_stabilization,positive,236,liver,fed,0.13759173616,0.9195716318,6.554563756115517,5.801054041745919,1.23832562544,5.80105404174588,0.7865343752137594,pass,
bckdh_complex_stabilization,positive,237,skeletal_muscle,exercise,0.12191888328,0.975266691125,4.215278076254758,8.169814183710594,0.54863497476,4.3887001100625,0.470030902656149,pass,
bckdh_complex_stabilization,positive,238,liver,fasted,0.10162131792,0.8941109996250001,0.8137894388686129,1.5901196866065006,0.22864796532,1.5901196866065006,0.8562070721808613,pass,
bckdh_complex_stabilization,positive,239,adipose_subcutaneous,caloric_restriction,0.34366949428,0.9023196153,0.7061111725742496,1.00462982661612,0.6186050897040001,1.0046298266161011,0.3842457457313832,pass,
bckdh_complex_stabilization,positive,240,adipose_subcutaneous,caloric_restriction,0.1868997204,0.864966300375,2.3491310035196875,2.391184088767022,0.33641949672,1.556939340675,0.5104248768167166,pass,
bckdh_complex_stabilization,positive,241,adipose_subcutaneous,caloric_restriction,0.29550719736,0.94822691195,1.7300863170638237,1.4901913717231243,0.5319129552302695,1.490191371723209,0.6430572842365017,pass,
bckdh_complex_stabilization,positive,242,skeletal_muscle,caloric_restriction,0.35756953636,0.884386157575,1.9052228941617375,1.012106630206673,0.6436251654265458,1.0121066302066852,0.3640737584190069,pass,
bckdh_complex_stabilization,positive,243,liver,fed,0.23703234308,0.79772404895,16.667608439494643,15.718193509255933,2.13329108772,7.17951644055,0.3210435951089698,pass,
bckdh_complex_stabilization,positive,244,adipose_subcutaneous,caloric_restriction,0.19734122988,0.98902205525,0.6252025695057107,1.085503167435102,0.355214213784,1.085503167435137,0.6727653825061715,pass,
bckdh_complex_stabilization,positive,245,skeletal_muscle,fed,0.47499291428,0.9696882472,10.343374996918412,9.716629018599708,4.27493622852,8.7271942248,0.4582101454894928,pass,
bckdh_complex_stabilization,positive,246,skeletal_muscle,caloric_restriction,0.38712968548,0.86825789845,1.6421480231864876,1.1040281856344123,0.6968334338640001,1.1040281856344385,0.3688264095689278,pass,
bckdh_complex_stabilization,positive,247,adipose_subcutaneous,caloric_restriction,0.3552604892000001,0.9247074982,2.3955672363331435,2.176188360189854,0.6394688805600002,1.66447349676,0.4710091437629859,pass,
bckdh_complex_stabilization,positive,248,skeletal_muscle,exercise,0.28578729848,0.752353338425,7.430068179424945,3.8290650851635375,1.28604284316,3.3855900229125,0.5483184884706209,pass,
bckdh_complex_stabilization,positive,249,liver,caloric_restriction,0.35079288756,0.77518224655,1.155248411401811,1.0748835820898557,0.6314271976080001,1.0748835820897398,0.4125622456894765,pass,
bckdh_complex_stabilization,positive,250,liver,exercise,0.26661822856,0.819183457275,8.64288359816625,5.280976684007371,1.19978202852,3.6863255577375,0.4708491777188898,pass,
bckdh_complex_stabilization,positive,251,liver,fasted,0.43372704932,0.7810043923,2.4242307144626207,2.2860370707030686,0.97588586097,1.757259882675,0.3418028656309975,pass,
bckdh_complex_stabilization,positive,252,skeletal_muscle,fasted,0.41959752444,0.857983167525,2.216188468729618,1.120694381707135,0.94409442999,1.120694381707135,0.1575808307775428,pass,
bckdh_complex_stabilization,positive,253,liver,fasted,0.2295538004,0.9328393794,1.8660173867566967,1.9535193121389711,0.5164960509000001,1.9072884266514305,0.7119419639771092,pass,
bckdh_complex_stabilization,positive,254,skeletal_muscle,caloric_restriction,0.24312001312,0.836256162325,2.814133041814011,2.6383196045073016,0.4376160236014128,1.5052610921348246,0.4046685878046952,pass,
bckdh_complex_stabilization,positive,255,adipose_subcutaneous,caloric_restriction,0.32319778516,0.8462591585,4.37422423389708,3.4864530626190278,0.5817560132879999,1.5232664852999998,0.2700482281280839,pass,
bckdh_complex_stabilization,positive,256,adipose_subcutaneous,caloric_restriction,0.4595476994799999,0.75759443385,2.3527733583391286,1.4089396915970365,0.8271858590639998,1.3074891477900272,0.3408969820288067,pass,
bckdh_complex_stabilization,positive,257,liver,exercise,0.21132434524,0.762609461325,3.196510340784738,5.799915566985868,0.9509595535483014,3.431742575848108,0.4277274373476842,pass,
bckdh_complex_stabilization,positive,258,adipose_subcutaneous,fasted,0.31303640256,0.7565365765,0.9349751371766124,1.3514535468368123,0.7043319057599999,1.3514535468368432,0.4788338027536975,pass,
bckdh_complex_stabilization,positive,259,liver,exercise,0.3663361624,0.977015233125,5.081966908085695,3.794273904376514,1.6485127307450496,3.794273904376505,0.565526165930304,pass,
bckdh_complex_stabilization,positive,260,adipose_subcutaneous,fasted,0.47237150284,0.878391111925,1.1847174733130703,2.1229186000257,1.06283588139,1.9747674073460604,0.4295649988393434,pass,
bckdh_complex_stabilization,positive,261,skeletal_muscle,exercise,0.328266708,0.82639279995,2.097359217616389,2.7758316108640413,1.4772001859507602,2.775831610864121,0.4678350876295165,pass,
bckdh_complex_stabilization,positive,262,liver,caloric_restriction,0.4361389077600001,0.9990371885,0.5300730148693197,0.9942400219897516,0.7799456090235983,0.9942400219897822,0.2155358949816977,pass,
bckdh_complex_stabilization,positive,263,liver,fed,0.36418435116,0.8440357844,7.831300278083233,8.07113697412367,3.277659160330745,7.592113086635916,0.5345534266284232,pass,
bckdh_complex_stabilization,positive,264,liver,fasted,0.2358112792,0.94866741155,2.320994247082111,1.4947737409840722,0.5305753782176859,1.494773740984072,0.6450463614189623,pass,
bckdh_complex_stabilization,positive,265,liver,fasted,0.16901326304,0.790478507,1.4081383631451545,1.3803990450129646,0.380279841852676,1.3803990450129646,0.7245145574198043,pass,
bckdh_complex_stabilization,positive,266,liver,fed,0.19321726148,0.8567738293,11.861355918224596,12.508149216509228,1.7389553533199995,7.710964463700001,0.4774494617075465,pass,
bckdh_complex_stabilization,positive,267,liver,exercise,0.49749320656,0.995726874775,9.242627198138369,9.268183271687194,2.23871942952,4.480770936487501,0.241908413034581,pass,
bckdh_complex_stabilization,positive,268,liver,fasted,0.34400039228,0.90312453485,3.885075396136044,2.146028846526706,0.7740008826042,2.0320302033447657,0.586212679655567,pass,
bckdh_complex_stabilization,positive,269,skeletal_muscle,fasted,0.41889425088,0.947174339425,0.735577761522403,1.2458647770884297,0.94251206448,1.2458647770885647,0.2434876707225772,pass,
bckdh_complex_stabilization,positive,270,skeletal_muscle,caloric_restriction,0.20448159268,0.844345496525,4.5568408633389765,3.3208733552314462,0.3680668668239999,1.519821893745,0.3468229299098728,pass,
bckdh_complex_stabilization,positive,271,adipose_subcutaneous,exercise,0.20045620836,0.9920422045,6.570655672315651,6.236171338019426,0.90205293762,4.46418992025,0.571205759038897,pass,
bckdh_complex_stabilization,positive,272,liver,fasted,0.19985615152,0.998053186925,3.018768319714483,1.684729332863531,0.4496763409200001,1.684729332863506,0.7330868928626587,pass,
bckdh_complex_stabilization,positive,273,adipose_subcutaneous,fed,0.10957398744,0.80067596915,14.011489376574248,13.013265982582247,0.98616588696,7.20608372235,0.4779674713261927,pass,
bckdh_complex_stabilization,positive,274,skeletal_muscle,fasted,0.1249531068,0.800988376325,1.638055412138682,1.932129893186844,0.2811444903,1.7597758617595622,0.7652856967192389,pass,
bckdh_complex_stabilization,positive,275,adipose_subcutaneous,caloric_restriction,0.13811067688,0.788523235525,1.6706504495198633,3.3090123782749368,0.248599218384,1.419341823945,0.3538042387654453,pass,
bckdh_complex_stabilization,positive,276,adipose_subcutaneous,fasted,0.40962129296,0.892921029775,2.0252667977864864,2.4828196932258084,0.92164790916,2.00907231699375,0.4379796127768391,pass,
bckdh_complex_stabilization,positive,277,adipose_subcutaneous,exercise,0.3414532232,0.8799178626499999,13.795463036619456,9.187921996954136,1.5365395044000003,3.959630381925,0.263725669234923,pass,
bckdh_complex_stabilization,positive,278,skeletal_muscle,fed,0.2432478454,0.87477569405,12.292785149279258,11.223509282635549,2.1892306086,7.872981246449999,0.5064147491412168,pass,
bckdh_complex_stabilization,positive,279,skeletal_muscle,exercise,0.19075287244,0.995153703475,13.734473731869503,9.15156258604296,0.858387925951387,4.478191665488227,0.3955394180505741,pass,
bckdh_complex_stabilization,positive,280,liver,fed,0.30539880896,0.952234549975,7.63412937687692,7.307687777503209,2.74858928064,7.180150026763298,0.6064244780361173,pass,
bckdh_complex_stabilization,positive,281,adipose_subcutaneous,fasted,0.33230432952,0.7813457336,0.9486524100095106,1.6789565305803746,0.74768474142,1.628584924989195,0.5246712273513652,pass,
bckdh_complex_stabilization,positive,282,skeletal_muscle,exercise,0.17333128112,0.9114002364,6.0428283863480505,5.000261146771251,0.7799907650659997,4.10130106393671,0.6642273676076565,pass,
bckdh_complex_stabilization,positive,283,adipose_subcutaneous,exercise,0.18615211192,0.850220512925,2.899465509438057,2.9885419202222288,0.8376845036399998,2.9885419202222443,0.7197012703848257,pass,
bckdh_complex_stabilization,positive,284,skeletal_muscle,fasted,0.28229353908,0.8713007819,3.156845310612377,3.62923812671103,0.63516046293,1.960426759275,0.3651637754467252,pass,
bckdh_complex_stabilization,positive,285,adipose_subcutaneous,fed,0.18288047936,0.99639012025,4.130865330067134,4.423062651662798,1.6459243142400002,4.423062651662791,0.6278767804427908,pass,
bckdh_complex_stabilization,positive,286,adipose_subcutaneous,exercise,0.3136330102,0.977154227275,5.855031981945621,7.886392911817995,1.4113485459,4.3971940227375,0.3786072429086206,pass,
bckdh_complex_stabilization,positive,287,skeletal_muscle,fed,0.2506187624,0.907922071125,20.38438347419844,16.256675793504815,2.2555688616,8.171298640124999,0.3638954146387397,pass,
bckdh_complex_stabilization,positive,288,adipose_subcutaneous,caloric_restriction,0.13955665628,0.771960068725,2.33341502041769,1.1992037880862347,0.251201981304,1.199203788086238,0.7905260275195755,pass,
bckdh_complex_stabilization,positive,289,skeletal_muscle,caloric_restriction,0.18713894192,0.964428846925,4.807163472440043,3.0056943076972567,0.336850095456,1.7359719244649998,0.4654903944908837,pass,
bckdh_complex_stabilization,positive,290,adipose_subcutaneous,fed,0.42865371552,0.7684666281,3.343386149882569,5.136983753621714,3.85788343968,5.136983753621746,0.2489983179409406,pass,
bckdh_complex_stabilization,positive,291,adipose_subcutaneous,caloric_restriction,0.25554088988,0.9495362783,0.8186514229513122,1.2356520129862414,0.4599736017993324,1.235652012986247,0.6277482681489804,pass,
bckdh_complex_stabilization,positive,292,adipose_subcutaneous,exercise,0.48198944652,0.777699190125,15.40331595521772,9.085700688784664,2.1689525093399995,3.4996463555625,0.1464602337016342,pass,
bckdh_complex_stabilization,positive,293,skeletal_muscle,exercise,0.25875213096,0.815250626225,5.310911738670198,5.33317278454628,1.1643845893200004,3.6686278180125,0.4695597404886157,pass,
bckdh_complex_stabilization,positive,294,skeletal_muscle,caloric_restriction,0.48303475528,0.793735340075,3.083908805579919,1.576648846265783,0.869462559475018,1.3594787062498075,0.310795994894722,pass,
bckdh_complex_stabilization,positive,295,liver,caloric_restriction,0.41328970864,0.984904222825,1.705369742750355,1.5200032210695846,0.743921475552,1.5137654861498084,0.5064752494774913,pass,
bckdh_complex_stabilization,positive,296,skeletal_muscle,fed,0.4612261375200001,0.949777926375,11.164552214447507,7.214394257608001,4.15103523768,7.214394257608,0.4246176339333699,pass,
bckdh_complex_stabilization,positive,297,skeletal_muscle,caloric_restriction,0.25909896672,0.767372539775,1.02158261852932,1.7136089736666662,0.4663781400959999,1.3812705715949998,0.5338980161508924,pass,
bckdh_complex_stabilization,positive,298,liver,fasted,0.44115973572,0.945809803775,3.3180236068599167,2.716784893148432,0.99260940537,2.1280720584937503,0.4179435243428063,pass,
bckdh_complex_stabilization,positive,299,liver,fasted,0.36124979196,0.84617220495,2.2712046562845414,3.5449053708932743,0.8128120319100001,1.9038874611375,0.3077868983996494,pass,
bckdh_complex_stabilization,positive,300,skeletal_muscle,exercise,0.16015613368,0.925688448825,3.61062850461634,2.568838140092824,0.72070260156,2.568838140092696,0.7194441368991487,pass,
bckdh_complex_stabilization,positive,301,skeletal_muscle,caloric_restriction,0.3483723563999999,0.9408772275,0.7247654602364539,1.0339434068715645,0.62707024152,1.0339434068714772,0.3935158952099383,pass,
bckdh_complex_stabilization,positive,302,adipose_subcutaneous,caloric_restriction,0.25587470044,0.838496863725,2.035328332374689,1.2299702323878017,0.460574460792,1.22997023238782,0.6255401564492779,pass,
bckdh_complex_stabilization,positive,303,skeletal_muscle,caloric_restriction,0.14510004272,0.89756617845,1.1100277982791529,2.187868277028427,0.261180076896,1.6156191212099995,0.6190679112334886,pass,
bckdh_complex_stabilization,positive,304,liver,exercise,0.28764840436,0.83091726135,4.698232897759853,7.197173668536568,1.294417819576853,3.739127675950363,0.3396763742218553,pass,
bckdh_complex_stabilization,positive,305,skeletal_muscle,fasted,0.4818563168399999,0.847704902425,2.802426666601053,2.158943628847163,1.084176712926139,1.8143425215425584,0.3382051290548585,pass,
bckdh_complex_stabilization,positive,306,liver,exercise,0.4007616918,0.921231190225,1.9903702515318693,2.658641430486146,1.8034276131,2.6586414304861457,0.3216732454326365,pass,
bckdh_complex_stabilization,positive,307,skeletal_muscle,caloric_restriction,0.2799515216,0.851368686975,3.219209193191003,2.647623793780252,0.50391273888,1.532463636555,0.3884807577614509,pass,
bckdh_complex_stabilization,positive,308,skeletal_muscle,exercise,0.132765657,0.927229642075,4.203871755695967,3.748757029982455,0.5974454564800852,3.67051355352012,0.8197565412913458,pass,
bckdh_complex_stabilization,positive,309,liver,fed,0.22871171396,0.8569202609,11.589797296887587,10.41206688674945,2.05840542564,7.7122823481,0.5430119671681332,pass,
bckdh_complex_stabilization,positive,310,adipose_subcutaneous,caloric_restriction,0.15219395412,0.801870225475,1.0562398516837035,1.908120872745196,0.273949117416,1.443366405855,0.6128633175929626,pass,
bckdh_complex_stabilization,positive,311,adipose_subcutaneous,fed,0.35964349236,0.953220688,6.358640393522324,6.256143626000084,3.2367914312400003,6.256143626000083,0.4826219433664968,pass,
bckdh_complex_stabilization,positive,312,liver,exercise,0.22444372512,0.94895512445,3.1552714618232343,6.103786159904649,1.00999676304,4.2702980600250005,0.5341440888610572,pass,
bckdh_complex_stabilization,positive,313,adipose_subcutaneous,caloric_restriction,0.4140393250399999,0.952137516925,3.626019888411776,2.1978903344448533,0.7452707850968423,1.713847530522128,0.4406847467528131,pass,
bckdh_complex_stabilization,positive,314,skeletal_muscle,fed,0.46101773684,0.961600456,19.75596372171582,15.427450963685372,4.14915963156,8.654404104,0.2920277940305809,pass,
bckdh_complex_stabilization,positive,315,adipose_subcutaneous,caloric_restriction,0.31351464864,0.9544670499,0.9712527851306352,1.6459877590869838,0.564326367552,1.6244780651650803,0.6440823704552565,pass,
bckdh_complex_stabilization,positive,316,adipose_subcutaneous,fasted,0.3408337052,0.8784817193,2.7692822201147687,2.1021795822930445,0.7668758366744374,1.9417093587278056,0.5588644909070363,pass,
bckdh_complex_stabilization,positive,317,liver,fed,0.46705210684,0.800753780725,18.19216712368048,9.470522290693353,4.20346896156,7.206784026525,0.3171224324044248,pass,
bckdh_complex_stabilization,positive,318,adipose_subcutaneous,caloric_restriction,0.22170824544,0.9247480077,1.9546288277221864,1.0055240137066073,0.399074841792,1.00552401370661,0.6031175423440063,pass,
bckdh_complex_stabilization,positive,319,skeletal_muscle,fasted,0.117053964,0.763325070725,5.451684558545134,3.098328486033948,0.2633714189912209,1.7174814090740005,0.4693207955958635,pass,
bckdh_complex_stabilization,positive,320,liver,caloric_restriction,0.23992036908,0.996537855775,3.08817548566974,2.887489961682782,0.431856664344,1.7937681403949997,0.4716592937546698,pass,
bckdh_complex_stabilization,positive,321,adipose_subcutaneous,exercise,0.26792910708,0.8001594584,6.528078611856455,3.722925360604777,1.2056809819001892,3.515284531448267,0.6203733155619564,pass,
bckdh_complex_stabilization,positive,322,liver,fasted,0.15994781288,0.8543459369749999,0.8912239237656079,1.264299291508043,0.35988257898,1.2642992915079665,0.7153501695387233,pass,
bckdh_complex_stabilization,positive,323,adipose_subcutaneous,exercise,0.3592367638,0.815258009875,1.423749199390531,2.62491849341421,1.6165654371000002,2.624918493414205,0.3841464254391565,pass,
bckdh_complex_stabilization,positive,324,adipose_subcutaneous,fasted,0.12518590188,0.763071655975,2.901845744106545,1.414982534030615,0.28166827923,1.414982534030627,0.800938688318895,pass,
bckdh_complex_stabilization,positive,325,liver,fasted,0.14376137588,0.840325401275,0.735687339987204,1.320989593179398,0.32346309573,1.320989593179298,0.7551357729082642,pass,
bckdh_complex_stabilization,positive,326,adipose_subcutaneous,fasted,0.1630159763999999,0.921440023,3.078153819011925,2.304782426168841,0.3667859469122261,1.982840712700664,0.7011745436096322,pass,
bckdh_complex_stabilization,positive,327,skeletal_muscle,fasted,0.43921647192,0.77705923085,1.861299360454316,3.4501657389395004,0.98823706182,1.7483832694125,0.2203216497727297,pass,
bckdh_complex_stabilization,positive,328,skeletal_muscle,fed,0.17219525304,0.78051607045,2.134468681697301,4.227896399417426,1.5497572773600004,4.227896399417308,0.6334448314358736,pass,
bckdh_complex_stabilization,positive,329,adipose_subcutaneous,exercise,0.41186289716,0.912274179575,1.657457613179022,3.0530896440427653,1.85338303722,3.053089644042365,0.3929483725324773,pass,
bckdh_complex_stabilization,positive,330,skeletal_muscle,fasted,0.28118420308,0.85910051415,0.9711140806461503,1.804400559900139,0.6326644569300001,1.804400559900253,0.6493769338195619,pass,
bckdh_complex_stabilization,positive,331,adipose_subcutaneous,exercise,0.37323562732,0.851105295575,1.833809250530392,2.58778651251295,1.6795603229399998,2.58778651251301,0.3509664283283744,pass,
bckdh_complex_stabilization,positive,332,liver,exercise,0.38921268836,0.828475212175,3.053259570527149,3.920965627670956,1.75145709762,3.68942254355,0.4942571881409596,pass,
bckdh_complex_stabilization,positive,333,liver,fasted,0.29163516432,0.9486096374,3.706955887436964,3.923423127648687,0.6561791197200001,2.13437168415,0.3767609346065824,pass,
bckdh_complex_stabilization,positive,334,adipose_subcutaneous,exercise,0.38225337512,0.88953027695,7.152672753918273,9.656628057338542,1.7201401880400002,4.002886246275,0.2363916311864398,pass,
bckdh_complex_stabilization,positive,335,skeletal_muscle,fasted,0.42563832532,0.9615592413,7.678038788118629,4.357535368219638,0.9576862320019228,2.163508292997117,0.2767211184995747,pass,
bckdh_complex_stabilization,positive,336,skeletal_muscle,fasted,0.36748486444,0.7551760589,2.249393983657036,2.4828706738897424,0.82684094499,1.699146132525,0.3513292885965822,pass,
bckdh_complex_stabilization,positive,337,adipose_subcutaneous,fed,0.41690114656,0.914273231375,6.695871802896759,7.210501939480085,3.75211031891493,7.210501939480116,0.4796325761496923,pass,
bckdh_complex_stabilization,positive,338,adipose_subcutaneous,caloric_restriction,0.16773890936,0.9664464066,3.287231725910715,2.263275849542649,0.301930036848,1.73960353188,0.6352179719155833,pass,
bckdh_complex_stabilization,positive,339,adipose_subcutaneous,fed,0.4582803522799999,0.87010936125,8.81359112276879,5.5967864383504144,4.124523170519999,5.59678643835046,0.2630551092216398,pass,
bckdh_complex_stabilization,positive,340,adipose_subcutaneous,fed,0.42361455304,0.844908381775,20.68597402204064,15.51837968670652,3.81253097736,7.604175435975,0.2443324970237085,pass,
bckdh_complex_stabilization,positive,341,liver,exercise,0.31740750452,0.971098673675,4.564799970313097,3.432500363605958,1.4283337702923888,3.432500363606035,0.5838794992022088,pass,
bckdh_complex_stabilization,positive,342,adipose_subcutaneous,caloric_restriction,0.23600679068,0.826507484675,1.3233502970614208,1.56689466974882,0.424812223224,1.4713086886446898,0.667879268227039,pass,
bckdh_complex_stabilization,positive,343,skeletal_muscle,fasted,0.39385985412,0.80561354665,3.210799198000444,2.063394269047436,0.88618467177,1.7991841715778338,0.4424745738143971,pass,
bckdh_complex_stabilization,positive,344,liver,caloric_restriction,0.45692368464,0.8400326607,1.0608362958266326,1.6189757605083406,0.8224626323245845,1.5033177578465842,0.4205468309841888,pass,
bckdh_complex_stabilization,positive,345,skeletal_muscle,exercise,0.12838512176,0.78773438955,4.67957949270354,4.400228294717062,0.57773304792,3.544804752975,0.6742994922825442,pass,
bckdh_complex_stabilization,positive,346,adipose_subcutaneous,exercise,0.49451092876,0.805079793525,3.7642048814641447,6.608357757887244,2.22529917942,3.6228590708625,0.2114836912051979,pass,
bckdh_complex_stabilization,positive,347,skeletal_muscle,caloric_restriction,0.34382450292,0.9597629804,1.2099752435024893,1.6296469963070177,0.6188841052353705,1.5429252613449669,0.567019212261053,pass,
bckdh_complex_stabilization,positive,348,liver,fed,0.49132495624,0.771564751975,11.156625683537795,9.797780782425686,4.4219246060126025,6.94408276754353,0.2574213709756531,pass,
bckdh_complex_stabilization,positive,349,skeletal_muscle,caloric_restriction,0.3379741647199999,0.923387306775,2.946885894335582,2.5883542782517406,0.6083534965162783,1.6620971522504036,0.407109515334917,pass,
bckdh_complex_stabilization,positive,350,adipose_subcutaneous,fasted,0.38546172056,0.982425614775,0.830573499061387,1.4142852254039129,0.8672888712889099,1.41428522540389,0.3867652325638632,pass,
bckdh_complex_stabilization,positive,351,skeletal_muscle,fasted,0.3143653158,0.774035352925,1.4841217074034,1.523025245797378,0.7073219605500001,1.5086148735658655,0.5261192585132426,pass,
bckdh_complex_stabilization,positive,352,adipose_subcutaneous,fasted,0.25957292752,0.99495326895,2.5665141061301493,2.792938342873388,0.5840390869005322,2.2386448550628786,0.5924247387645802,pass,
bckdh_complex_stabilization,positive,353,liver,exercise,0.19748912992,0.8973972777,2.683111919446826,3.7721091357903385,0.8887010846400001,3.573041299527251,0.7116284599026649,pass,
bckdh_complex_stabilization,positive,354,liver,exercise,0.18594974256,0.943818019825,3.174525305895654,2.952446714766162,0.83677384152,2.952446714766245,0.7165829149989621,pass,
bckdh_complex_stabilization,positive,355,skeletal_muscle,fasted,0.4351895756,0.878869325,2.7831511394473547,2.914508130413306,0.9791765451000002,1.97745598125,0.3425207244175482,pass,
bckdh_complex_stabilization,positive,356,adipose_subcutaneous,exercise,0.49907608372,0.981546680025,3.472384478798168,4.8995832075206165,2.24584237674,4.346277483129494,0.4286966906012394,pass,
bckdh_complex_stabilization,positive,357,liver,fasted,0.4486125854,0.7853377971,2.635845549000791,1.5244101685515936,1.009378317116354,1.524410168551603,0.3378564785648225,pass,
bckdh_complex_stabilization,positive,358,liver,caloric_restriction,0.4402782028399999,0.874807793575,0.8104811501166099,1.2511546209410165,0.7925007651119998,1.2511546209411302,0.366584471777092,pass,
bckdh_complex_stabilization,positive,359,liver,exercise,0.26498712484,0.768585346775,4.304477491869839,7.001568172106493,1.1924420617799998,3.4586340604874994,0.3236692042413825,pass,
bckdh_complex_stabilization,positive,360,liver,exercise,0.28794045848,0.765757918575,4.025268666330375,2.936458865612883,1.2957320631600002,2.93645886561289,0.5587433291392098,pass,
bckdh_complex_stabilization,positive,361,liver,exercise,0.15693877076,0.81963289295,1.8730696663325732,2.34864927765572,0.7062244684200001,2.348649277655781,0.6993061181425736,pass,
bckdh_complex_stabilization,positive,362,skeletal_muscle,fed,0.3447970794,0.92647399855,6.846516762557555,7.503094238233525,3.1031737146000005,7.503094238233546,0.5864141358125112,pass,
bckdh_complex_stabilization,positive,363,adipose_subcutaneous,exercise,0.4291252914,0.9842059153,7.873987409109727,6.550771021275319,1.931063811235631,4.42892661870237,0.3813082153771343,pass,
bckdh_complex_stabilization,positive,364,skeletal_muscle,fasted,0.49582182996,0.84259761215,2.919329129156141,3.3016589895772874,1.11559911741,1.8958446273375,0.236319229935795,pass,
bckdh_complex_stabilization,positive,365,skeletal_muscle,fasted,0.4842887934000001,0.95425071545,2.377528921565897,2.960866108494276,1.0896497851500002,2.1470641097625,0.3571300713595046,pass,
bckdh_complex_stabilization,positive,366,adipose_subcutaneous,fasted,0.2734583692,0.761998116725,1.570898567675536,2.9297628977785983,0.6152813307,1.7144957626312498,0.3751888703228151,pass,
bckdh_complex_stabilization,positive,367,adipose_subcutaneous,caloric_restriction,0.25315873952,0.9476512617,1.2437827845843976,1.3529732277574056,0.4556857311511895,1.3529732277573867,0.6631967863055788,pass,
bckdh_complex_stabilization,positive,368,skeletal_muscle,exercise,0.24722317056,0.797820620475,2.539329525156414,3.64078953237887,1.11250426752,3.5723863781573915,0.6756452381442986,pass,
bckdh_complex_stabilization,positive,369,skeletal_muscle,fasted,0.4796983611199999,0.862848648975,1.2461160839233416,1.3184020897232165,1.07932131252,1.318402089723284,0.1813413214882543,pass,
bckdh_complex_stabilization,positive,370,liver,fasted,0.31723761632,0.85489841645,1.6540299083215937,1.4443083486826849,0.7137846367437929,1.4443083486826975,0.5057948412506207,pass,
bckdh_complex_stabilization,positive,371,liver,caloric_restriction,0.19244636784,0.80190267275,6.066230039482648,3.1741140651062083,0.346403462112,1.44342481095,0.3456149736072238,pass,
bckdh_complex_stabilization,positive,372,skeletal_muscle,fed,0.39093149288,0.9587000662,17.150932760969813,10.101705779426874,3.5183834359200006,8.6283005958,0.5058469600537023,pass,
bckdh_complex_stabilization,positive,373,adipose_subcutaneous,fed,0.41085799132,0.78271123775,9.663966714846875,5.512199710744481,3.69772192188,5.512199710744487,0.3291749000544507,pass,
bckdh_complex_stabilization,positive,374,skeletal_muscle,caloric_restriction,0.40600871076,0.9339171614,4.12690079443002,2.1369086080932664,0.730815679368,1.68105089052,0.4446775157127012,pass,
bckdh_complex_stabilization,positive,375,liver,fed,0.2957943744,0.92848176705,10.01998298441437,5.977703366126574,2.6621493696,5.977703366126574,0.5546534836965293,pass,
bckdh_complex_stabilization,positive,376,skeletal_muscle,fasted,0.4131828389199999,0.77004521415,3.1697116081766503,1.6276378499349478,0.9296613875699996,1.6200876699417184,0.4241891292951396,pass,
bckdh_complex_stabilization,positive,377,skeletal_muscle,exercise,0.47261335932,0.912678310025,6.1371295709836655,6.065744927760703,2.126760116869108,4.107052394975598,0.3264714065115753,pass,
bckdh_complex_stabilization,positive,378,skeletal_muscle,fasted,0.1036530658,0.963526627375,4.302463548158342,2.281077165162204,0.23321939805,2.1679349115937505,0.8481587309240265,pass,
bckdh_complex_stabilization,positive,379,skeletal_muscle,caloric_restriction,0.3686473827199999,0.8109591957,1.762013293400083,1.10061758839587,0.663565288896,1.1006175883960057,0.3970973243640431,pass,
bckdh_complex_stabilization,positive,380,adipose_subcutaneous,fed,0.30354795232,0.762492353775,5.857749750998006,5.515762368079741,2.73193157088,5.5157623680795735,0.5047046285586696,pass,
bckdh_complex_stabilization,positive,381,adipose_subcutaneous,fed,0.19334824132,0.999783485375,4.941243731676347,7.266903256077285,1.74013417188,7.266903256077311,0.7605397910829892,pass,
bckdh_complex_stabilization,positive,382,skeletal_muscle,caloric_restriction,0.19946714288,0.823636818125,2.0831982632244417,1.2054665075433642,0.359040857184,1.2054665075434376,0.7021560906610167,pass,
bckdh_complex_stabilization,positive,383,skeletal_muscle,fed,0.26674617432,0.75658660505,10.30761990902556,13.68408117036554,2.4007155688800004,6.8092794454500005,0.322167328714569,pass,
bckdh_complex_stabilization,positive,384,skeletal_muscle,fasted,0.1243516908,0.75027937265,0.9563432169084912,1.4372849390154727,0.2797913043,1.4372849390156095,0.8053334473180263,pass,
bckdh_complex_stabilization,positive,385,adipose_subcutaneous,fed,0.35645894308,0.92720363345,7.198721914177498,5.352674688026043,3.2081304876130625,5.352674688026008,0.4006490820767233,pass,
bckdh_complex_stabilization,positive,386,liver,exercise,0.19582148068,0.88708880245,5.060147801802399,2.7316759613979724,0.8811966630600001,2.731675961397889,0.6774153759404468,pass,
bckdh_complex_stabilization,positive,387,skeletal_muscle,caloric_restriction,0.31851187804,0.952528098375,3.927479869121925,2.959654033490537,0.5733213804720001,1.7145505770749998,0.3855954728793299,pass,
bckdh_complex_stabilization,positive,388,skeletal_muscle,caloric_restriction,0.16254239508,0.882428370975,2.135580493977952,1.6500536708686615,0.2925763111439999,1.5130481942521818,0.7396558697788729,pass,
bckdh_complex_stabilization,positive,389,liver,caloric_restriction,0.36810466448,0.9512316733,5.139819428207948,2.7589560628196845,0.6625883960419138,1.712217011882926,0.3804441215958618,pass,
bckdh_complex_stabilization,positive,390,liver,fed,0.1524246038,0.864159408125,4.710525507929893,5.770603382418623,1.3718214341542727,5.770603382418528,0.7622741777170279,pass,
bckdh_complex_stabilization,positive,391,liver,fasted,0.3297781088,0.98779699325,1.1834007544308538,2.034660142728938,0.7420007448,2.034660142728938,0.6353195655541718,pass,
bckdh_complex_stabilization,positive,392,skeletal_muscle,fed,0.27681986428,0.8149612006,6.451783899046312,5.086069878054047,2.491378778520001,5.086069878054055,0.5101564000781669,pass,
bckdh_complex_stabilization,positive,393,liver,exercise,0.29517285284,0.804461340175,7.75755755519943,4.940458158131968,1.3282778377357245,3.620076030666831,0.4638837370090502,pass,
bckdh_complex_stabilization,positive,394,liver,caloric_restriction,0.11748366808,0.7971369582,0.5573917897668531,1.1431954249527718,0.211470602544,1.143195424952567,0.815017976866955,pass,
bckdh_complex_stabilization,positive,395,liver,caloric_restriction,0.4901958255599999,0.760346168025,2.303114112438053,3.0480770001271384,0.8823524860079999,1.368623102445,0.1595335735995899,pass,
bckdh_complex_stabilization,positive,396,skeletal_muscle,caloric_restriction,0.38753258956,0.97242142125,1.7534322810682037,0.9080984373986948,0.697558661208,0.9080984373987032,0.2318468654057016,pass,
bckdh_complex_stabilization,positive,397,adipose_subcutaneous,fed,0.22450099332,0.966733368075,4.193897991617533,6.665319597644755,2.02050893988,6.665319597644725,0.696862406928845,pass,
bckdh_complex_stabilization,positive,398,liver,fed,0.2467069512,0.818309026425,5.8527461711912006,9.903041675409453,2.2203625608,7.364781237824999,0.5194786456164538,pass,
bckdh_complex_stabilization,positive,399,skeletal_muscle,exercise,0.10007218616,0.926032663575,6.3222080586395935,4.53789001791589,0.45032483772,4.1671469860875,0.8190639556475015,pass,
bckdh_complex_stabilization,positive,400,skeletal_muscle,fasted,0.1375806976,0.77069048675,3.4194870696892705,4.247750564239519,0.3095565696,1.7340535951874998,0.335353266168662,pass,
bckdh_complex_stabilization,positive,401,skeletal_muscle,fasted,0.27447905364,0.9030425909,1.3426410910779532,2.6964169577501256,0.6175778706900001,2.031845829525,0.5244989855037319,pass,
bckdh_complex_stabilization,positive,402,adipose_subcutaneous,exercise,0.20626182368,0.88770156795,4.27287079813047,4.260064653398341,0.9281782065600002,3.937664676851305,0.7064415015134984,pass,
bckdh_complex_stabilization,positive,403,skeletal_muscle,exercise,0.16164535384,0.967887955625,9.938428287946842,5.119956870424163,0.72740409228,4.3554958003125,0.7086176309395221,pass,
bckdh_complex_stabilization,positive,404,liver,exercise,0.19617585788,0.8082518019,4.274388309540813,2.627858685693629,0.8827913604600002,2.627858685693633,0.6640643710158329,pass,
bckdh_complex_stabilization,positive,405,skeletal_muscle,fed,0.29847654368,0.975593007625,7.358417534787415,6.088074252143636,2.686288893209543,6.088074252143672,0.5587621336478192,pass,
bckdh_complex_stabilization,positive,406,skeletal_muscle,fed,0.20376979732,0.9642570328,5.18391032265873,5.533628939077582,1.83392817588,5.533628939077575,0.6685849022277034,pass,
bckdh_complex_stabilization,positive,407,liver,fed,0.49696740044,0.830674396475,21.583091006147548,14.726441003565512,4.47270660396,7.476069568274999,0.2039435708592345,pass,
bckdh_complex_stabilization,positive,408,liver,exercise,0.14439739448,0.7857331637,12.689968807695603,6.376052738169555,0.6497882751816596,3.5357992367678603,0.4526328561100829,pass,
bckdh_complex_stabilization,positive,409,skeletal_muscle,exercise,0.42223351636,0.970932988525,7.027327551376151,7.834423225243544,1.9000508236200004,4.3691984483625,0.3151664843413846,pass,
bckdh_complex_stabilization,positive,410,adipose_subcutaneous,exercise,0.34523946896,0.8196761647999999,4.958164601430934,4.753583663461536,1.55357761032,3.6885427416,0.4491274967327132,pass,
bckdh_complex_stabilization,positive,411,skeletal_muscle,fed,0.13326313636,0.91880344025,8.567108888988429,4.763750939420207,1.19936822724,4.763750939420229,0.7482302827137405,pass,
bckdh_complex_stabilization,positive,412,skeletal_muscle,fasted,0.29073320784,0.76685800955,1.8652002179568803,1.6159256926240224,0.65414971764,1.5634156875931011,0.562690459161268,pass,
bckdh_complex_stabilization,positive,413,adipose_subcutaneous,caloric_restriction,0.3476064105599999,0.9938553053,2.32214234133998,1.486341282200514,0.6256915390079999,1.486341282200581,0.5790391167218322,pass,
bckdh_complex_stabilization,positive,414,liver,caloric_restriction,0.34918115112,0.8412980811,0.9895879572820664,1.2670663631111094,0.628526072016,1.2670663631111094,0.5039517342463898,pass,
bckdh_complex_stabilization,positive,415,adipose_subcutaneous,caloric_restriction,0.17462830772,0.8517444833,5.95445914044638,3.5995485288948434,0.3143309538959999,1.5331400699399995,0.3386005512247411,pass,
bckdh_complex_stabilization,positive,416,liver,exercise,0.35680055476,0.79540719865,2.5576677301138284,3.073175942001892,1.6056024964200004,3.0731759420018645,0.4775429305963767,pass,
bckdh_complex_stabilization,positive,417,liver,fasted,0.13487228508,0.85543387545,3.1164420141650315,1.8463330456492089,0.30346264143,1.83964338212836,0.8320171403086204,pass,
bckdh_complex_stabilization,positive,418,adipose_subcutaneous,caloric_restriction,0.2967398734,0.9849909966,1.2319518086783323,1.2243612940779427,0.53413177212,1.22436129407801,0.5637466042879252,pass,
bckdh_complex_stabilization,positive,419,skeletal_muscle,exercise,0.19826703036,0.753694997825,4.728883250635564,2.5200768672691254,0.8922016366497401,2.520076867269114,0.6459625306522561,pass,
bckdh_complex_stabilization,positive,420,skeletal_muscle,fasted,0.15970881196,0.99579801845,1.4798258061752907,1.5681238137312845,0.3593448269219781,1.5681238137312132,0.7708440980390423,pass,
bckdh_complex_stabilization,positive,421,liver,caloric_restriction,0.43629880204,0.91171173275,2.8521170722645075,1.4524312637131211,0.785337843672,1.4356348001155566,0.4477299357913028,pass,
bckdh_complex_stabilization,positive,422,skeletal_muscle,exercise,0.33671406404,0.923964819075,3.2690608104023737,3.604481963662552,1.5152132881294929,3.604481963662552,0.5796307754055541,pass,
bckdh_complex_stabilization,positive,423,liver,fasted,0.18402882316,0.779771934225,2.5098885967950486,1.4121820828196725,0.41406485211,1.4121820828196725,0.7067907480576117,pass,
bckdh_complex_stabilization,positive,424,adipose_subcutaneous,exercise,0.31651237264,0.884252210575,7.627274332244169,8.703501439341217,1.42430567688,3.9791349475875,0.2935403973347167,pass,
bckdh_complex_stabilization,positive,425,skeletal_muscle,exercise,0.35748213212,0.854026626625,7.809411027600856,4.584827005477875,1.6086695945400002,3.8431198198124994,0.4873575867972369,pass,
bckdh_complex_stabilization,positive,426,liver,exercise,0.31575257416,0.9892092786,5.988095237994652,5.148252698379055,1.42088658372,4.4514417537,0.5886570352178285,pass,
bckdh_complex_stabilization,positive,427,skeletal_muscle,fasted,0.1804225146,0.8309188723,1.8774404775175797,2.333954591722082,0.40595065785,1.8695674626750003,0.6270973779935827,pass,
bckdh_complex_stabilization,positive,428,liver,exercise,0.29642256392,0.84368501255,4.131992112884707,2.6536496497180555,1.33390153764,2.6536496497180604,0.4973332151131106,pass,
bckdh_complex_stabilization,positive,429,skeletal_muscle,fasted,0.40056352756,0.864622208075,2.839213473796676,2.5386904547423663,0.9012679370400424,1.9453999682335965,0.4112876499941446,pass,
bckdh_complex_stabilization,positive,430,adipose_subcutaneous,exercise,0.26390198788,0.907263877675,4.270836527223248,3.2801175759754893,1.1875589454600002,3.2801175759754893,0.6379523239782566,pass,
bckdh_complex_stabilization,positive,431,liver,caloric_restriction,0.3622260458,0.948195259775,1.286435581837268,2.173484795825157,0.6520068824400002,1.7067514675949995,0.4852781060079,pass,
bckdh_complex_stabilization,positive,432,skeletal_muscle,fed,0.11813422444,0.941458622625,9.627560375553395,4.630627417062465,1.06320801996,4.630627417062465,0.770396552302524,pass,
bckdh_complex_stabilization,positive,433,liver,caloric_restriction,0.4659308696000001,0.86345397295,4.071190568388679,2.1504383538566096,0.8386755652800001,1.55421715131,0.3327421986995085,pass,
bckdh_complex_stabilization,positive,434,liver,fed,0.35606890992,0.967437641525,5.48142426664425,6.704140462381812,3.204620189386821,6.704140462381817,0.5219938771616526,pass,
bckdh_complex_stabilization,positive,435,liver,exercise,0.22184250588,0.77967827565,2.961905974021022,2.564153836409361,0.99829127646,2.56415383640935,0.6106741872172774,pass,
bckdh_complex_stabilization,positive,436,skeletal_muscle,fasted,0.31566313652,0.752890329425,2.137890392779415,1.347625193754721,0.71024205717,1.3476251937548387,0.4729676615862138,pass,
bckdh_complex_stabilization,positive,437,adipose_subcutaneous,exercise,0.37356483924,0.89249472415,9.116149039187611,4.874439949972549,1.68104177658,4.016226258674999,0.4790672376850494,pass,
bckdh_complex_stabilization,positive,438,liver,fasted,0.43090738312,0.932324706275,2.092809826775995,1.6749570975061236,0.969541611987682,1.6749570975061,0.4211543606512221,pass,
bckdh_complex_stabilization,positive,439,liver,fasted,0.18973297848,0.949828908825,0.8208806337354181,1.3842539958803224,0.42689920158,1.3842539958803224,0.6916034175443997,pass,
bckdh_complex_stabilization,positive,440,adipose_subcutaneous,exercise,0.1995805254,0.811405337125,5.192723099786184,7.577872069672681,0.8981123643,3.6513240170625,0.3633225300518199,pass,
bckdh_complex_stabilization,positive,441,adipose_subcutaneous,fed,0.21611152792,0.96123995375,23.077168640820556,18.29161980947997,1.94500375128,8.651159583750001,0.3666244926539755,pass,
bckdh_complex_stabilization,positive,442,liver,exercise,0.19039342648,0.914120333275,6.928457317376906,6.757012450359943,0.8567704191885591,4.113541499874618,0.4819838803926685,pass,
bckdh_complex_stabilization,positive,443,skeletal_muscle,exercise,0.3103994122,0.9626544637,2.6634287171515263,2.212975306451151,1.3967973549,2.2129753064513054,0.3688147577480986,pass,
bckdh_complex_stabilization,positive,444,skeletal_muscle,exercise,0.161517311,0.753611528625,8.011281509464888,7.755782909380883,0.7268278995242277,3.3912518789255417,0.3435402989656405,pass,
bckdh_complex_stabilization,positive,445,skeletal_muscle,fed,0.38971141276,0.866390515725,9.194190959758762,10.635147229788709,3.507402714956913,7.797514641784918,0.4033899892623525,pass,
bckdh_complex_stabilization,positive,446,skeletal_muscle,exercise,0.42077133548,0.778875724975,4.489505651847964,6.41096574918611,1.89347100966,3.5049407623875,0.2513614665516003,pass,
bckdh_complex_stabilization,positive,447,liver,exercise,0.4195026941200001,0.795615869125,14.198689877263137,8.785143319544204,1.8877621234770747,3.580271410943157,0.1926558538550848,pass,
bckdh_complex_stabilization,positive,448,liver,caloric_restriction,0.17464649788,0.902596834925,0.934264462647875,0.9997280667722984,0.3143636961839999,0.9997280667724036,0.6855507946287404,pass,
bckdh_complex_stabilization,positive,449,adipose_subcutaneous,fasted,0.3075114166,0.820174842125,1.364103887074668,1.3568816487512658,0.6919006873269368,1.3568816487512396,0.4900802970076888,pass,
bckdh_complex_stabilization,positive,450,liver,fed,0.34968946124,0.7881763138,32.986717562290195,16.616913916877678,3.14720515116,7.093586824199999,0.2374918527459956,pass,
bckdh_complex_stabilization,positive,451,skeletal_muscle,caloric_restriction,0.26119929552,0.904306116375,2.2735669746823746,2.886872170911018,0.4701587319359999,1.6277510094749998,0.4009849446065689,pass,
bckdh_complex_stabilization,positive,452,liver,fasted,0.12763299592,0.9297342172,2.993615595855494,1.8994978372826985,0.28717424082,1.8994978372825464,0.8488157052966351,pass,
bckdh_complex_stabilization,positive,453,skeletal_muscle,caloric_restriction,0.46928913464,0.80619663645,3.488762736778084,3.691378937115157,0.8447204423519998,1.4511539456099998,0.1642837307111939,pass,
bckdh_complex_stabilization,positive,454,skeletal_muscle,caloric_restriction,0.29342692696,0.823153106175,1.413368323439709,1.5187318849723277,0.5281684685279999,1.4483485570487442,0.6058871204495128,pass,
bckdh_complex_stabilization,positive,455,adipose_subcutaneous,caloric_restriction,0.14457760112,0.919137945,0.8872696417033064,1.015668269832494,0.2602396820246746,1.015668269832494,0.7437749216409076,pass,
bckdh_complex_stabilization,positive,456,adipose_subcutaneous,fed,0.27537102896,0.832605548825,20.71346771715483,11.739524433344492,2.47833926064,7.493449939425,0.4271987938915373,pass,
bckdh_complex_stabilization,positive,457,adipose_subcutaneous,fasted,0.21691895232,0.99715170975,1.383679711382662,1.1078729561790444,0.48806764272,1.107872956179059,0.5594552245383014,pass,
bckdh_complex_stabilization,positive,458,adipose_subcutaneous,fed,0.34757161004,0.793530269425,9.594844017118168,5.714637049097162,3.1281444903599995,5.714637049097162,0.4526083697906579,pass,
bckdh_complex_stabilization,positive,459,adipose_subcutaneous,fed,0.46141144556,0.79887986685,11.174418036121,8.603013188021013,4.15270301004,7.18991880165,0.3530409317329739,pass,
bckdh_complex_stabilization,positive,460,liver,fed,0.11750460964,0.8246633952,7.609834394845604,5.797535165380919,1.05754148676,5.797535165380573,0.8175877408945632,pass,
bckdh_complex_stabilization,positive,461,adipose_subcutaneous,caloric_restriction,0.29997288696,0.823861648275,1.6753160263030928,1.4918609091334143,0.5399511965100016,1.419079397807586,0.5892829525295683,pass,
bckdh_complex_stabilization,positive,462,liver,fasted,0.24894513072,0.88868681045,1.771300842736583,1.8357636689903143,0.5601265441386709,1.8357636689903452,0.6948809078203871,pass,
bckdh_complex_stabilization,positive,463,liver,fasted,0.12746729048,0.9962544861,2.4541142909628424,1.3009915584510263,0.28680140358,1.3009915584510008,0.7795516798575586,pass,
bckdh_complex_stabilization,positive,464,skeletal_muscle,fasted,0.12612848624,0.976231138475,1.083300341124206,1.7309894027146018,0.28378909404,1.7309894027143924,0.8360538235559611,pass,
bckdh_complex_stabilization,positive,465,adipose_subcutaneous,fasted,0.4940853814,0.950279269175,0.9524856634495922,1.547923236223549,1.11169210815,1.5479232362234483,0.2818170293364912,pass,
bckdh_complex_stabilization,positive,466,liver,caloric_restriction,0.47024443736,0.8240960900250001,0.5473055821015367,1.035594885555422,0.846439987248,1.0355948855554546,0.1826533724198579,pass,
bckdh_complex_stabilization,positive,467,skeletal_muscle,caloric_restriction,0.2750880734399999,0.8604326807,1.2834090046555855,0.9700276558475766,0.4951585321754946,0.9700276558475244,0.4895418401830053,pass,
bckdh_complex_stabilization,positive,468,adipose_subcutaneous,exercise,0.36222181312,0.8149567072,1.9520608863350437,2.6218969697144345,1.629998159094333,2.6218969697144976,0.3783134204271183,pass,
bckdh_complex_stabilization,positive,469,adipose_subcutaneous,exercise,0.4265669012400001,0.921371897075,3.3719936843971565,2.5788077031330348,1.9195510556439848,2.5788077031330614,0.2556439732548242,pass,
bckdh_complex_stabilization,positive,470,liver,fasted,0.41403985656,0.817223722975,3.271779196827168,2.731485273927908,0.9315896772289468,1.8387533766324584,0.3321137068035513,pass,
bckdh_complex_stabilization,positive,471,liver,caloric_restriction,0.1771632384,0.854919678075,5.661715553126784,3.118874756746737,0.3188938291199999,1.5388554205349998,0.3911544023292322,pass,
bckdh_complex_stabilization,positive,472,adipose_subcutaneous,fed,0.15381575928,0.961767932825,3.65813434533723,4.337279591601842,1.3843418335200002,4.337279591601816,0.6808271626757726,pass,
bckdh_complex_stabilization,positive,473,skeletal_muscle,fed,0.16612674272,0.8821505718,7.705933062325514,5.329718472119384,1.49514068448,5.329718472119384,0.7194709828856212,pass,
bckdh_complex_stabilization,positive,474,adipose_subcutaneous,fasted,0.3439342614,0.83533367085,2.144067293272145,4.151292218001746,0.7738520881500001,1.8795007594125,0.2663384346849743,pass,
bckdh_complex_stabilization,positive,475,adipose_subcutaneous,exercise,0.39205171424,0.8649333615,2.350592838572484,4.071396362710415,1.7642327140800005,3.815518249389709,0.5038285031880622,pass,
bckdh_complex_stabilization,positive,476,liver,exercise,0.21591630684,0.990738027425,1.7778184114656796,2.56664969737262,0.97162338078,2.566649697372545,0.6214429332624983,pass,
bckdh_complex_stabilization,positive,477,liver,caloric_restriction,0.37699170612,0.7887858226,0.8796136224988349,0.8363545306357969,0.678585071016,0.8363545306357599,0.1886394511425957,pass,
bckdh_complex_stabilization,positive,478,skeletal_muscle,caloric_restriction,0.21090397616,0.889090303625,0.858505410727789,0.9163856658174752,0.3796271570879999,0.9163856658174752,0.5857342915230478,pass,
bckdh_complex_stabilization,positive,479,skeletal_muscle,fasted,0.49278917724,0.99491197285,6.474824425923013,4.056475169286307,1.10877564879,2.2385519389125,0.2785118219573058,pass,
bckdh_complex_stabilization,positive,480,liver,caloric_restriction,0.32174770056,0.9469054368,0.6537694229035053,1.31717055018062,0.579145861008,1.317170550180633,0.5603106515488291,pass,
bckdh_complex_stabilization,positive,481,adipose_subcutaneous,caloric_restriction,0.43012768816,0.857553591075,2.315494398154613,2.514679665180044,0.7742298386621923,1.5435964638835469,0.3059501517726195,pass,
bckdh_complex_stabilization,positive,482,liver,caloric_restriction,0.32668638352,0.9547261188,1.4047541109289263,2.6412548115464425,0.588035490336,1.71850701384,0.4280054762463884,pass,
bckdh_complex_stabilization,positive,483,liver,exercise,0.22197161336,0.937094091075,2.837604891233027,2.7087593107718093,0.99887226012,2.70875931077166,0.6312436265016325,pass,
bckdh_complex_stabilization,positive,484,liver,caloric_restriction,0.22418230848,0.985742369575,2.5467779813539617,3.053568777610796,0.403528155264,1.774336265235,0.4489200046915471,pass,
bckdh_complex_stabilization,positive,485,liver,fasted,0.22636964376,0.9972222759,0.7276398504465013,1.4038318723232737,0.50933169846,1.4038318723231948,0.6371846882083112,pass,
bckdh_complex_stabilization,positive,486,liver,caloric_restriction,0.18908642328,0.7870486993,1.044330906437586,1.754121547219942,0.340355561904,1.3964560387606144,0.6020680143462113,pass,
bckdh_complex_stabilization,positive,487,adipose_subcutaneous,fasted,0.33432795084,0.750286563725,1.0142864666293017,1.8132646849118368,0.7522378893899999,1.6631285884034486,0.5023484473022412,pass,
bckdh_complex_stabilization,positive,488,liver,caloric_restriction,0.24618892576,0.8043113709,0.6142866269297768,1.0546696995970168,0.443140066368,1.0546696995969451,0.5798304753256941,pass,
bckdh_complex_stabilization,positive,489,adipose_subcutaneous,exercise,0.36933920496,0.87820675375,12.551771099290187,9.979766091736288,1.66202642232,3.951930391875,0.2294546734368001,pass,
bckdh_complex_stabilization,positive,490,liver,fed,0.22547041912,0.9100932461,10.500471994577415,6.389535259699692,2.0292337720800004,6.389535259699793,0.6824129315196433,pass,
bckdh_complex_stabilization,positive,491,adipose_subcutaneous,fed,0.32601431704,0.7553526049,10.825721128331423,8.172834838963373,2.9341288533600003,6.792959491371831,0.4721532631021915,pass,
bckdh_complex_stabilization,positive,492,adipose_subcutaneous,fed,0.27691728676,0.83072422505,16.594291299481718,16.658599930765547,2.49225558084,7.47651802545,0.2992005609910189,pass,
bckdh_complex_stabilization,positive,493,adipose_subcutaneous,fasted,0.40599240172,0.7864574476,2.239837167477658,4.401858072105249,0.9134829038395508,1.7695292570410155,0.1944738651675902,pass,
bckdh_complex_stabilization,positive,494,adipose_subcutaneous,fed,0.4725288214799999,0.9654627939,20.29716040871556,18.663965933105224,4.25275939332,8.6891651451,0.2376989846467155,pass,
bckdh_complex_stabilization,positive,495,adipose_subcutaneous,caloric_restriction,0.1365931196,0.7961452363,0.7386718479510409,1.4286522473919638,0.24586761528,1.3238085667163932,0.7545159806413338,pass,
bckdh_complex_stabilization,positive,496,adipose_subcutaneous,caloric_restriction,0.20221033648,0.885616038975,4.130864783714714,2.5470085601502217,0.3639786056518674,1.5941088701018629,0.4829706046914278,pass,
bckdh_complex_stabilization,positive,497,skeletal_muscle,fed,0.12995362548,0.869451731475,3.2801230417396567,5.540322119095171,1.16958262932,5.540322119095171,0.7888962763935804,pass,
bckdh_complex_stabilization,positive,498,adipose_subcutaneous,fed,0.2727855582,0.96504000115,13.032258838381916,12.787229985622464,2.4550700238,8.68536001035,0.4872274912983602,pass,
bckdh_complex_stabilization,positive,499,adipose_subcutaneous,fasted,0.2018705148,0.7635875756,1.8095448470178008,3.5760050335165365,0.4542086583,1.7180720451,0.3534288612444022,pass,
bckdh_complex_stabilization,positive,500,adipose_subcutaneous,fed,0.46110495912,0.985184937775,3.445025082122012,4.872379680571068,4.133938055012655,4.872379680570969,0.1515566671667437,pass,
bckdh_complex_stabilization,positive,501,adipose_subcutaneous,caloric_restriction,0.1193431926,0.784853726625,1.476538857346225,1.2525283897235868,0.2148177466799999,1.2525283897236454,0.8284927124667025,pass,
bckdh_complex_stabilization,positive,502,liver,exercise,0.45803785076,0.918929779875,3.9839007816031815,6.858021440707989,2.0611703284200003,4.1351840094375,0.3024215801814975,pass,
bckdh_complex_stabilization,positive,503,skeletal_muscle,fed,0.3342165529199999,0.95855647595,9.125634193934252,10.59964607231722,3.00794897628,8.627008283550001,0.5301176349600136,pass,
bckdh_complex_stabilization,positive,504,liver,fed,0.27154826364,0.826815764925,6.591952236322839,6.172904736847457,2.443934372841465,6.17290473684743,0.6040868153605065,pass,
bckdh_complex_stabilization,positive,505,liver,fed,0.15141091564,0.826068416525,8.62539944171295,9.221958051834372,1.36269824076,7.434615748724999,0.6584195540509113,pass,
bckdh_complex_stabilization,positive,506,adipose_subcutaneous,caloric_restriction,0.31519095248,0.819278705525,2.3821229825285197,1.3984269697431857,0.5673437144640001,1.3896045861459478,0.5879898553679582,pass,
bckdh_complex_stabilization,positive,507,skeletal_muscle,fasted,0.4835867766,0.819495323725,4.967964679420314,3.6099306979543617,1.08807024735,1.84386447838125,0.2093653020706285,pass,
bckdh_complex_stabilization,positive,508,adipose_subcutaneous,fed,0.46008475876,0.80204706105,15.393090245907567,10.225734285204735,4.14076282884,7.21842354945,0.3009720998777527,pass,
bckdh_complex_stabilization,positive,509,skeletal_muscle,exercise,0.14126631104,0.830382800075,5.171316567741661,6.803199890297288,0.6356983996800001,3.7367226003375,0.4558184752266614,pass,
bckdh_complex_stabilization,positive,510,adipose_subcutaneous,caloric_restriction,0.15051508632,0.87978262165,3.552825720241966,3.386077067968404,0.270927155376,1.58360871897,0.3876703150119348,pass,
bckdh_complex_stabilization,positive,511,liver,fed,0.45626455312,0.81307931485,8.534597630155277,5.598971515706162,4.106380978080001,5.598971515706188,0.2665829846498042,pass,
bckdh_complex_stabilization,positive,512,liver,fed,0.22970533164,0.951929999275,10.582204221309569,12.364693672727787,2.06734798476,8.567369993475,0.5256921182812467,pass,
bckdh_complex_stabilization,positive,513,liver,fed,0.48997045072,0.80078616335,3.726761531726637,4.800806880541038,4.40973405648,4.800806880540969,0.0814598116091885,pass,
bckdh_complex_stabilization,positive,514,liver,fed,0.13782502108,0.84325890215,5.582374318829451,5.789998694984622,1.2404251897199998,5.789998694984623,0.7857641676509405,pass,
bckdh_complex_stabilization,positive,515,skeletal_muscle,exercise,0.40491082528,0.884787685425,2.4816021333583165,3.842430099623285,1.82209871376,3.666919268911399,0.4801181823274461,pass,
bckdh_complex_stabilization,positive,516,liver,fasted,0.3119272899199999,0.99465541805,4.791916292325573,3.193123256299442,0.7018364023433945,2.237974690687099,0.4810770412050921,pass,
bckdh_complex_stabilization,positive,517,skeletal_muscle,fasted,0.13291725648,0.969286264875,0.5828904068806136,1.118156728051301,0.29906382708,1.1181567280513285,0.7325385434999131,pass,
bckdh_complex_stabilization,positive,518,skeletal_muscle,fasted,0.2727344948,0.8414105506,0.9208125500743488,1.364537283935629,0.6136526133,1.364537283935494,0.5502851988549377,pass,
bckdh_complex_stabilization,positive,519,liver,fasted,0.19577960696,0.754064471775,3.245608999360052,3.2810038445168117,0.44050411566,1.6966450614937498,0.3828526284518084,pass,
bckdh_complex_stabilization,positive,520,liver,fasted,0.21867509032,0.9956222996,3.3583707000626126,2.6750812462259503,0.49201895322,2.2045020452154835,0.640161151894539,pass,
bckdh_complex_stabilization,positive,521,adipose_subcutaneous,exercise,0.186475779,0.966010794825,3.022430699377466,6.088449098988903,0.8391410055,4.3470485767125,0.5761578218326653,pass,
bckdh_complex_stabilization,positive,522,liver,caloric_restriction,0.1930190572,0.87918898555,0.9299719656293294,0.9618520297560952,0.34743430296,0.9618520297562884,0.6387861207218031,pass,
bckdh_complex_stabilization,positive,523,adipose_subcutaneous,exercise,0.4493636911199999,0.898238545775,3.3832877755683577,4.440816332292205,2.02213661004,4.0420734559875,0.4548571016682587,pass,
bckdh_complex_stabilization,positive,524,liver,fed,0.12636296028,0.919839273725,15.450292649271166,9.108312769960436,1.1372666425199998,8.278553463525,0.7840405793438756,pass,
bckdh_complex_stabilization,positive,525,adipose_subcutaneous,fasted,0.2584498608,0.90651469275,1.249198061352844,1.1491498669650797,0.5815121868193837,1.1491498669651938,0.4939631430711027,pass,
bckdh_complex_stabilization,positive,526,skeletal_muscle,fasted,0.42216303964,0.8009143226,1.9109394705509504,1.7011270873900104,0.94986683919,1.5953818286746762,0.3794631184640478,pass,
bckdh_complex_stabilization,positive,527,skeletal_muscle,fasted,0.1858908296,0.961215881825,4.117014304603793,4.325797047821675,0.4182543666,2.1627357341062505,0.4032739743036979,pass,
bckdh_complex_stabilization,positive,528,liver,caloric_restriction,0.4970359279599999,0.9311161669,1.4030888694995802,1.4691388642109802,0.8946646703279999,1.4691388642110512,0.3910278380604818,pass,
bckdh_complex_stabilization,positive,529,adipose_subcutaneous,caloric_restriction,0.22383023036,0.950949985675,0.5347985200015761,1.0544930663978458,0.4028944146614298,1.0544930663978933,0.6179259707817029,pass,
bckdh_complex_stabilization,positive,530,adipose_subcutaneous,exercise,0.12169392824,0.9453791938,5.618889880071836,7.706535298889234,0.5476226770982541,4.254206372241807,0.4809662904778745,pass,
bckdh_complex_stabilization,positive,531,adipose_subcutaneous,fasted,0.31506546824,0.94926038925,6.981316726940302,3.5574398149841038,0.7088973035400001,2.1358358758125,0.4011139039547957,pass,
bckdh_complex_stabilization,positive,532,adipose_subcutaneous,fed,0.1415875718,0.800941396625,4.5588380493225005,8.406125871244171,1.2742881462,7.208472569625,0.7059357085913698,pass,
bckdh_complex_stabilization,positive,533,skeletal_muscle,fed,0.3117480034,0.8095476197,11.368613110919004,13.28886499555468,2.8057320306000006,7.2859285773,0.3371391422968546,pass,
bckdh_complex_stabilization,positive,534,adipose_subcutaneous,fasted,0.14234377068,0.87173892565,4.420151782612217,3.5123129730683256,0.32027348403,1.9614125827125,0.4672530925536558,pass,
bckdh_complex_stabilization,positive,535,adipose_subcutaneous,fasted,0.12245654612,0.9526765733,1.2006378314440502,2.1229614886371477,0.27552722877,2.0506549783747934,0.8361563594563136,pass,
bckdh_complex_stabilization,positive,536,skeletal_muscle,fed,0.46184582724,0.940480784625,5.202813450849362,5.733724739215635,4.156612445298554,5.73372473921558,0.2750589478302671,pass,
bckdh_complex_stabilization,positive,537,skeletal_muscle,fed,0.38291861736,0.97158978605,6.803372050253444,9.720158261057634,3.44626755624,8.612940214488514,0.5315420304366874,pass,
bckdh_complex_stabilization,positive,538,skeletal_muscle,fed,0.4515514513199999,0.855415089675,12.00522168059364,7.276939727993357,4.06396306188,7.147730783601608,0.4237726073034231,pass,
bckdh_complex_stabilization,positive,539,skeletal_muscle,caloric_restriction,0.47913205084,0.938993597025,1.2630673262219934,1.5442620400454854,0.8624376914832521,1.535903644557561,0.4361085978999213,pass,
bckdh_complex_stabilization,positive,540,liver,caloric_restriction,0.4180043237600001,0.9043605008,1.5415889616472758,1.8354947213862585,0.752407782768,1.624944357016428,0.4753686099350066,pass,
bckdh_complex_stabilization,positive,541,skeletal_muscle,fed,0.1626539562,0.89690708605,6.338313036405707,5.995940358316492,1.4638856057999998,5.99594035831651,0.7558538747355046,pass,
bckdh_complex_stabilization,positive,542,liver,caloric_restriction,0.44996229096,0.934306629625,2.0634595508122726,3.413690841061833,0.8099321237549978,1.6817519333810584,0.2553892107449542,pass,
bckdh_complex_stabilization,positive,543,liver,fasted,0.16502207756,0.92643823345,3.672408917884947,2.77544204713559,0.3712996745100001,2.0809411912830384,0.6159889083389376,pass,
bckdh_complex_stabilization,positive,544,liver,exercise,0.10091268684,0.89836248925,7.228859214786261,7.168230692138981,0.45410709078,4.042631201625,0.5006150422558727,pass,
bckdh_complex_stabilization,positive,545,adipose_subcutaneous,caloric_restriction,0.39594991872,0.944844689925,3.98105130706758,3.180930416694008,0.712709853696,1.700720441865,0.3106042757124675,pass,
bckdh_complex_stabilization,positive,546,adipose_subcutaneous,fasted,0.26651301504,0.753652795625,0.889078084325229,1.2273048080870788,0.5996542838400001,1.2273048080870628,0.5114055775804719,pass,
bckdh_complex_stabilization,positive,547,liver,caloric_restriction,0.3863451614000001,0.83065785805,0.6332483309278027,1.1743047237043571,0.69542129052,1.1743047237044977,0.4078016749126705,pass,
bckdh_complex_stabilization,positive,548,skeletal_muscle,exercise,0.22220312496,0.95536144835,9.269441411066412,8.230025673134499,0.99991406232,4.299126517574999,0.4008751110005294,pass,
bckdh_complex_stabilization,positive,549,liver,fasted,0.32130912016,0.988059448175,3.9067236905985303,2.100305668772881,0.7229455203359019,2.082613693544694,0.6473668063768966,pass,
bckdh_complex_stabilization,positive,550,adipose_subcutaneous,exercise,0.26235501552,0.89943549145,6.320594572985038,3.1752587601984303,1.1805975698793532,3.171973220942613,0.6271538168872933,pass,
bckdh_complex_stabilization,positive,551,adipose_subcutaneous,fasted,0.39029440532,0.75529436135,2.392235569279925,2.47420419318729,0.8781624119407281,1.6994123129808534,0.3319248683279388,pass,
bckdh_complex_stabilization,positive,552,skeletal_muscle,exercise,0.43917943092,0.9879632213,5.37912366345538,5.550356347347424,1.97630743914,4.44583449585,0.4449312624567273,pass,
bckdh_complex_stabilization,positive,553,skeletal_muscle,caloric_restriction,0.33719648808,0.8366352540249999,1.8416897759353872,1.63378848481313,0.606953678544,1.4555429976245358,0.5193997429707653,pass,
bckdh_complex_stabilization,positive,554,adipose_subcutaneous,fed,0.252260231,0.973327930075,3.477255471615957,6.052614712476129,2.270342079,6.052614712476132,0.6248989590696747,pass,
bckdh_complex_stabilization,positive,555,adipose_subcutaneous,fed,0.20393630432,0.874496653075,30.47016950009799,16.908902685672896,1.8354267388800003,7.870469877674999,0.3569151263676358,pass,
bckdh_complex_stabilization,positive,556,liver,fed,0.154028767,0.84406903885,11.023646787597787,6.119465534960492,1.386258903,6.119465534960492,0.7734673240530066,pass,
bckdh_complex_stabilization,positive,557,skeletal_muscle,fed,0.33164503796,0.92975650105,9.04220536826718,6.244380979510799,2.98480534164,6.244380979510858,0.5220014039127736,pass,
bckdh_complex_stabilization,positive,558,adipose_subcutaneous,caloric_restriction,0.19207962108,0.8951453163,4.29931125220618,2.897097964630106,0.3457433179555247,1.611261569393709,0.4368227332622362,pass,
bckdh_complex_stabilization,positive,559,liver,fasted,0.13194526524,0.956387774525,2.784504436316833,1.9169053920092725,0.2968768467998959,1.9169053920091583,0.8451270218981293,pass,
bckdh_complex_stabilization,positive,560,adipose_subcutaneous,fed,0.10670765548,0.775005560675,11.901154838120124,6.77081164549247,0.960368899287988,6.643861592804852,0.8394108403976255,pass,
bckdh_complex_stabilization,positive,561,liver,fed,0.3289211654,0.974339123775,2.847372703363833,4.447839553387713,2.9602904886,4.447839553387878,0.3344430586878703,pass,
bckdh_complex_stabilization,positive,562,skeletal_muscle,exercise,0.48596279096,0.95501501995,3.025507826111877,3.3484188275002325,2.1868325593200004,3.348418827500295,0.3469059063460943,pass,
bckdh_complex_stabilization,positive,563,skeletal_muscle,fasted,0.24656251844,0.759528882775,4.281457499302071,3.529333420063381,0.55476566649,1.7089399862437498,0.3270233164122597,pass,
bckdh_complex_stabilization,positive,564,liver,fasted,0.1956823324,0.85981231565,1.6549243951905548,1.6572895090081017,0.4402852479146762,1.6572895090081017,0.734334136841191,pass,
bckdh_complex_stabilization,positive,565,adipose_subcutaneous,exercise,0.31404635216,0.93197987115,6.980167561215549,6.483002446308607,1.41320858472,4.193909420175,0.4289217624834183,pass,
bckdh_complex_stabilization,positive,566,skeletal_muscle,fasted,0.26222453764,0.88162663205,2.911237078204408,2.4210219799598525,0.5900052097096669,1.9836599221786224,0.5756472778871946,pass,
bckdh_complex_stabilization,positive,567,adipose_subcutaneous,caloric_restriction,0.26831450448,0.954813062475,2.2273187412463447,3.440458270679548,0.4829661080640001,1.7186635124549998,0.3591665142175752,pass,
bckdh_complex_stabilization,positive,568,skeletal_muscle,fasted,0.10960739388,0.86633818335,3.764212353038925,2.3635059260618334,0.24661663623,1.9492609125375,0.7203892562878034,pass,
bckdh_complex_stabilization,positive,569,liver,fed,0.3673389614,0.9111163426,6.452910898115985,5.991139151321188,3.3060506526,5.9911391513211445,0.4481766206563603,pass,
bckdh_complex_stabilization,positive,570,adipose_subcutaneous,caloric_restriction,0.26367197196,0.9068260425,2.3110341513327364,2.129378139304337,0.4746095495438203,1.6322868765544094,0.5436692082265857,pass,
bckdh_complex_stabilization,positive,571,liver,caloric_restriction,0.32586349476,0.941363739675,3.0278354083645262,2.048926013756246,0.586554290568,1.694454731415,0.5407225216570476,pass,
bckdh_complex_stabilization,positive,572,liver,caloric_restriction,0.30414056004,0.917692789325,1.1450237490851227,1.3114281073662473,0.5474530080719999,1.3114281073662228,0.5825520247758917,pass,
bckdh_complex_stabilization,positive,573,liver,fasted,0.40813006184,0.8830142347000001,2.9712263775364343,3.1812758790610944,0.91829263914,1.986782028075,0.3358681955147973,pass,
bckdh_complex_stabilization,positive,574,skeletal_muscle,fasted,0.48522738984,0.86714624875,6.817882680988836,4.562828211464822,1.09176162714,1.9510790596875,0.1883299990098969,pass,
bckdh_complex_stabilization,positive,575,adipose_subcutaneous,fed,0.10566901816,0.864963311675,9.69975199178979,5.253645551888461,0.9510211634717008,5.253645551888461,0.8189788111742998,pass,
bckdh_complex_stabilization,positive,576,liver,caloric_restriction,0.16626031672,0.791632675525,1.2364701935313605,2.0179285194317496,0.299268570096,1.424938815945,0.5578345491474543,pass,
bckdh_complex_stabilization,positive,577,liver,fasted,0.34941505268,0.925057199225,3.687660659417329,2.040441490103179,0.7861838685037938,1.9203245437011904,0.5558310202465283,pass,
bckdh_complex_stabilization,positive,578,adipose_subcutaneous,caloric_restriction,0.12216280032,0.788915125225,1.4640013531314375,2.365167812738186,0.219893040576,1.4200472254049998,0.5074287660965441,pass,
bckdh_complex_stabilization,positive,579,skeletal_muscle,fed,0.37645757856,0.827641488825,9.10549744954913,8.834169584692967,3.38811820704,7.448773399425001,0.459653298870437,pass,
bckdh_complex_stabilization,positive,580,adipose_subcutaneous,fasted,0.34853501104,0.86205690525,1.6816098495334544,1.1005426037443249,0.7842037748400001,1.1005426037443249,0.2874389667679015,pass,
bckdh_complex_stabilization,positive,581,skeletal_muscle,fasted,0.290555282,0.935851908,2.062412074662058,2.194170647042336,0.6537493845,2.0678655288309185,0.6444877686414668,pass,
bckdh_complex_stabilization,positive,582,adipose_subcutaneous,fed,0.2201503434,0.941745519375,11.752583554299983,11.461364126857426,1.981353090666045,8.475709674657523,0.5666303340606068,pass,
bckdh_complex_stabilization,positive,583,skeletal_muscle,exercise,0.42035337068,0.958424058875,2.2818696279517208,2.788217751199211,1.89159016806,2.78821775119919,0.321577316819517,pass,
bckdh_complex_stabilization,positive,584,adipose_subcutaneous,exercise,0.43211035288,0.920147884675,8.078869028005773,4.587635701325773,1.94449658796,4.102010519046575,0.4702888528099734,pass,
bckdh_complex_stabilization,positive,585,liver,caloric_restriction,0.14049888332,0.960860265075,1.330317890761337,1.1501928551467606,0.252897989976,1.1501928551467606,0.780125577337436,pass,
bckdh_complex_stabilization,positive,586,adipose_subcutaneous,exercise,0.16778393036,0.8408619483249999,6.272731770016414,6.045826038183906,0.7550276866200001,3.7838787674624994,0.5009821754236796,pass,
bckdh_complex_stabilization,positive,587,skeletal_muscle,exercise,0.49397242892,0.960564190875,1.650965568403849,2.968926892602912,2.2111845771088987,2.968926892602837,0.2552243092889404,pass,
bckdh_complex_stabilization,positive,588,skeletal_muscle,fed,0.23684974168,0.98506513095,27.01206227761836,17.165897207738354,2.13164767512,8.86558617855,0.392285845705423,pass,
bckdh_complex_stabilization,positive,589,adipose_subcutaneous,fasted,0.2585710382,0.8397847909,2.090770522686093,3.192698613373977,0.5817848359500001,1.889515779525,0.4096004984927209,pass,
bckdh_complex_stabilization,positive,590,liver,fed,0.218323667,0.76981868245,6.637714981851326,10.415231318947663,1.964913003,6.928368142049999,0.4765573597986585,pass,
bckdh_complex_stabilization,positive,591,liver,exercise,0.16738264384,0.98822625685,2.497174772118085,4.778830188064859,0.75322189728,4.389769612999915,0.7609702736042395,pass,
bckdh_complex_stabilization,positive,592,skeletal_muscle,caloric_restriction,0.10231152132,0.9561637181,1.1279263502495227,1.1704860228597929,0.184160738376,1.1704860228598577,0.8426630179436195,pass,
bckdh_complex_stabilization,positive,593,adipose_subcutaneous,caloric_restriction,0.3374091928,0.908351688325,0.5605986911358459,0.9559675780160886,0.6073365470400001,0.9559675780161362,0.3646891787895643,pass,
bckdh_complex_stabilization,positive,594,liver,caloric_restriction,0.17797708776,0.9905700003,1.4024649844942425,1.5822774556599564,0.320358757968,1.5615682631756314,0.784444915629498,pass,
bckdh_complex_stabilization,positive,595,liver,fasted,0.20765625528,0.83284400455,1.6252806295614015,1.6905358513732276,0.46722657438,1.6905358513732849,0.7236222029835018,pass,
bckdh_complex_stabilization,positive,596,liver,fasted,0.3300013015599999,0.88714776535,1.441481702548982,2.219564849261447,0.74250292853475,1.930348969879326,0.5351706852538362,pass,
bckdh_complex_stabilization,positive,597,adipose_subcutaneous,fed,0.13295733612,0.85253754865,4.520774694824842,5.432023098305729,1.1966160250800002,5.432023098305711,0.7797107995631963,pass,
bckdh_complex_stabilization,positive,598,adipose_subcutaneous,exercise,0.12066675108,0.789993533975,2.8783969331366226,5.046518975859622,0.54300037986,3.5549709028875,0.596841216179999,pass,
bckdh_complex_stabilization,positive,599,liver,caloric_restriction,0.2856906006,0.926906281175,1.3425529941997068,1.887336445603968,0.5142430810799999,1.6684313061149998,0.6115434414056723,pass,
bckdh_complex_stabilization,positive,600,skeletal_muscle,caloric_restriction,0.14805838352,0.827456434525,7.000908454869624,3.3431100978475223,0.266505090336,1.489421582145,0.3658020394232247,pass,
bckdh_complex_stabilization,positive,601,skeletal_muscle,exercise,0.3334657812,0.753167206775,7.258798388606106,7.15742716609003,1.5005960154000002,3.3892524304875,0.263873647787217,pass,
bckdh_complex_stabilization,positive,602,skeletal_muscle,caloric_restriction,0.23085644,0.9211073899,1.130143279736366,1.2349949003861689,0.4155415919999999,1.2349949003861311,0.6635276859280127,pass,
bckdh_complex_stabilization,positive,603,skeletal_muscle,caloric_restriction,0.32274290244,0.869862058825,2.1897720296882697,1.7739025375908697,0.580937224392,1.5359724071496756,0.5383808650810689,pass,
bckdh_complex_stabilization,positive,604,liver,caloric_restriction,0.4028376104,0.94307401695,0.6598231797199018,0.9550508417530804,0.72510769872,0.9550508417531902,0.2407653425142363,pass,
bckdh_complex_stabilization,positive,605,adipose_subcutaneous,exercise,0.36107822268,0.92470956925,3.5517940695187558,3.605803695761633,1.62485200206,3.6058036957617374,0.549378685265148,pass,
bckdh_complex_stabilization,positive,606,adipose_subcutaneous,fed,0.43077356,0.7712621723749999,8.318186035289175,9.448516122130275,3.87696204,6.941359551375001,0.3243257958990598,pass,
bckdh_complex_stabilization,positive,607,liver,fasted,0.2529090405999999,0.901257571775,1.365699729167449,2.52076095388816,0.5690453413499998,2.02782953649375,0.5787078671199033,pass,
bckdh_complex_stabilization,positive,608,adipose_subcutaneous,exercise,0.33875417392,0.99809981235,4.207395015209188,2.8203782676604288,1.524393782589187,2.82037826766054,0.4595073291875855,pass,
bckdh_complex_stabilization,positive,609,adipose_subcutaneous,exercise,0.30322576548,0.862152332825,6.54895083390935,5.447394933067271,1.3645159446145163,3.879685497583177,0.4617196997597605,pass,
bckdh_complex_stabilization,positive,610,adipose_subcutaneous,fed,0.45484619532,0.929217499625,6.481296755876584,6.113349197066931,4.09361575788,6.113349197066963,0.3303808393860427,pass,
bckdh_complex_stabilization,positive,611,adipose_subcutaneous,caloric_restriction,0.3922540294,0.84547899005,4.740722115610836,2.6144454035222813,0.7060572529435352,1.5218621821407288,0.3120374700110814,pass,
bckdh_complex_stabilization,positive,612,liver,fed,0.45691419432,0.8421206543499999,6.752632346212172,8.294000068582957,4.112227749017075,7.579085889402635,0.4179959141208301,pass,
bckdh_complex_stabilization,positive,613,adipose_subcutaneous,fasted,0.4901833284,0.96033703815,1.0355794472290532,1.508769534654867,1.102912488936764,1.5087695346548862,0.2689987015220072,pass,
bckdh_complex_stabilization,positive,614,adipose_subcutaneous,exercise,0.22637227516,0.85042792035,9.929322872944784,5.727706683291691,1.018675238253956,3.826925641702565,0.4902922860279427,pass,
bckdh_complex_stabilization,positive,615,liver,caloric_restriction,0.22100799172,0.9439045399,3.4005578016448466,2.32503904288554,0.397814385096,1.6990281718199998,0.5596524457108042,pass,
bckdh_complex_stabilization,positive,616,liver,fed,0.46090623288,0.79884810215,4.693002595176777,5.319153124999236,4.148156095919999,5.319153124999236,0.2201472681009544,pass,
bckdh_complex_stabilization,positive,617,adipose_subcutaneous,fasted,0.23319553172,0.958733013375,1.3118466956956696,1.403043451799661,0.5246899463874897,1.4030434517995989,0.6260344284316066,pass,
bckdh_complex_stabilization,positive,618,adipose_subcutaneous,fed,0.36917495828,0.990313374675,9.815882764446505,10.660932715452434,3.3225746246307533,8.912820372372096,0.5243674167119158,pass,
bckdh_complex_stabilization,positive,619,skeletal_muscle,caloric_restriction,0.29438486504,0.871808897075,1.2493767505617528,1.3842517499024622,0.529892757072,1.3792470221934632,0.613583667263784,pass,
bckdh_complex_stabilization,positive,620,skeletal_muscle,fed,0.28089384548,0.8999284023,13.998828752481051,9.074739754756123,2.52804460932,7.922277965709311,0.5944229258543929,pass,
bckdh_complex_stabilization,positive,621,liver,fasted,0.14503691264,0.794441395525,2.299081125611328,1.2664297471154125,0.3263330534400001,1.2664297471155366,0.7423204451860238,pass,
bckdh_complex_stabilization,positive,622,adipose_subcutaneous,fed,0.43903308348,0.92129878195,29.320472023996658,17.553826341042708,3.95129775145171,8.291689037826389,0.2472618335198169,pass,
bckdh_complex_stabilization,positive,623,adipose_subcutaneous,fasted,0.46972734864,0.945410649075,1.192648897935792,1.1207866066029388,1.0500254718724222,1.120786606603014,0.0631352429746336,pass,
bckdh_complex_stabilization,positive,624,skeletal_muscle,fed,0.25514576744,0.782297071775,3.9185144591590086,5.1207984517017335,2.2963119068834565,5.120798451701888,0.551571512032426,pass,
bckdh_complex_stabilization,positive,625,adipose_subcutaneous,exercise,0.1885477972,0.8441936667,2.1457938232428417,2.3199295424706525,0.8484650873999999,2.3199295424707795,0.6342711828669227,pass,
bckdh_complex_stabilization,positive,626,skeletal_muscle,fed,0.45818469872,0.8740471344,20.292749945787563,11.139076117381896,4.12366228848,7.8664242096,0.3360029038027339,pass,
bckdh_complex_stabilization,positive,627,liver,fed,0.1968806014,0.85497241205,3.2449693570265805,4.511590639161084,1.7719254126000004,4.511590639161084,0.607250401395131,pass,
bckdh_complex_stabilization,positive,628,adipose_subcutaneous,fed,0.4073836628,0.972699268225,9.697978775082555,5.477907700760012,3.6664529652,5.477907700760175,0.3306836906559874,pass,
bckdh_complex_stabilization,positive,629,skeletal_muscle,fed,0.17671735376,0.8387273132,33.60157879417599,17.503334461202453,1.59045618384,7.548545818800001,0.3403974053153464,pass,
bckdh_complex_stabilization,positive,630,liver,exercise,0.39491672548,0.862201213025,6.941834124511164,6.83082725667797,1.7771252646007625,3.8799054584831696,0.3078368277907602,pass,
bckdh_complex_stabilization,positive,631,adipose_subcutaneous,exercise,0.477474169,0.857604292175,6.46046949340233,4.017860937850774,2.148633760571621,3.8334543613316736,0.4193327312272021,pass,
bckdh_complex_stabilization,positive,632,liver,exercise,0.15635355056,0.955091239975,2.3140930377985054,3.318307962636442,0.70359097752,3.3183079626362586,0.7879669441647692,pass,
bckdh_complex_stabilization,positive,633,skeletal_muscle,fasted,0.39059308204,0.88347076185,2.302277641381182,3.4112469318585124,0.8788344345899999,1.9878092141625,0.3250936685982768,pass,
bckdh_complex_stabilization,positive,634,skeletal_muscle,exercise,0.2714511082,0.8262786615,4.734740682309974,2.36604415861065,1.2215299869000005,2.36604415861065,0.4837247722302498,pass,
bckdh_complex_stabilization,positive,635,adipose_subcutaneous,fasted,0.45976937664,0.87616316065,2.078775136491744,2.2766010036797955,1.03448109744,1.9713671114625,0.4115284200033996,pass,
bckdh_complex_stabilization,positive,636,liver,fasted,0.38586976632,0.922267428575,1.4988182569347863,1.408237485011402,0.86820697422,1.4082374850114017,0.3834797159848569,pass,
bckdh_complex_stabilization,positive,637,skeletal_muscle,exercise,0.21334106704,0.86317965015,1.419814917531328,2.5116647562617143,0.96003480168,2.511664756261544,0.6177695294378948,pass,
bckdh_complex_stabilization,positive,638,adipose_subcutaneous,fed,0.3692120991199999,0.9062997657,26.78163254515356,17.163863898849634,3.32290889208,8.1566978913,0.2816259222111388,pass,
bckdh_complex_stabilization,positive,639,skeletal_muscle,exercise,0.14907401244,0.82864644105,5.21526806252538,3.881454376906576,0.6708330559800001,3.723653212138687,0.7865145019665822,pass,
bckdh_complex_stabilization,positive,640,liver,exercise,0.4172546797599999,0.99893466115,12.385117223269296,8.1065411667295,1.87764605892,4.495205975175001,0.3228947910605662,pass,
bckdh_complex_stabilization,positive,641,skeletal_muscle,caloric_restriction,0.4038235787600001,0.85481692545,2.7130336513840967,1.7697110169265666,0.7268824417680001,1.53867046581,0.4587121944077746,pass,
bckdh_complex_stabilization,positive,642,liver,exercise,0.24500942036,0.93233361445,4.049974336387284,4.5102395248571225,1.10254239162,4.195501265024999,0.6857637729346491,pass,
bckdh_complex_stabilization,positive,643,skeletal_muscle,fed,0.3295485220399999,0.778827529825,8.336618303993781,7.37487223530618,2.965936698458864,7.009447768658649,0.5482821859397151,pass,
bckdh_complex_stabilization,positive,644,adipose_subcutaneous,fasted,0.42454539924,0.785767679775,4.785727811704554,2.615155435333913,0.95522714829,1.76797727949375,0.3107846364397743,pass,
bckdh_complex_stabilization,positive,645,liver,exercise,0.1909034022,0.784726035925,1.8644645012063237,2.6951610184286787,0.8590653098713645,2.6951610184286565,0.6812564058335056,pass,
bckdh_complex_stabilization,positive,646,skeletal_muscle,caloric_restriction,0.42365463092,0.9445124979,1.629855699222429,1.762378265579446,0.7625783356305809,1.6516142394590068,0.504452376196391,pass,
bckdh_complex_stabilization,positive,647,skeletal_muscle,caloric_restriction,0.38427988852,0.97779320905,0.6540230849290363,1.1095622981950313,0.6917037993360001,1.1095622981950686,0.3765976002778892,pass,
bckdh_complex_stabilization,positive,648,skeletal_muscle,fed,0.45596524868,0.8975074629249999,7.059145954450322,5.985965664190605,4.103687238256789,5.985965664190577,0.3144485838256644,pass,
bckdh_complex_stabilization,positive,649,adipose_subcutaneous,caloric_restriction,0.12058068888,0.820874859775,1.0570407853626125,0.9917975722163094,0.2170452399767651,0.9917975722163094,0.7811597385827962,pass,
bckdh_complex_stabilization,positive,650,liver,fed,0.46932433792,0.895795785425,6.309311495595229,7.504237669515665,4.223919041420798,7.281634077351591,0.4074651111267566,pass,
bckdh_complex_stabilization,positive,651,adipose_subcutaneous,fed,0.10290571516,0.96675390935,22.776528274072515,12.372508716238292,0.92615143644,8.70078518415,0.6283797349446346,pass,
bckdh_complex_stabilization,positive,652,skeletal_muscle,fasted,0.32305731356,0.88772833205,2.875532194608,4.572296618862234,0.72687895551,1.9973887471125,0.2778712532256169,pass,
bckdh_complex_stabilization,positive,653,skeletal_muscle,fasted,0.33930306576,0.7708349854,3.802809986675889,3.291561906532022,0.76343189796,1.7343787171499998,0.2949805735882349,pass,
bckdh_complex_stabilization,positive,654,adipose_subcutaneous,fed,0.46891376804,0.8084563149,13.007601072913866,9.543144832807432,4.22022391236,7.2761068341,0.3202175986300117,pass,
bckdh_complex_stabilization,positive,655,skeletal_muscle,fed,0.3766243098,0.908705146975,6.485035213802623,10.264888205503407,3.389618788087013,8.178346322502389,0.4665153130306817,pass,
bckdh_complex_stabilization,positive,656,skeletal_muscle,caloric_restriction,0.16194895788,0.93090914615,1.0653280868792936,1.2732104177111487,0.291508124184,1.2732104177111487,0.7710448170004417,pass,
bckdh_complex_stabilization,positive,657,liver,exercise,0.12021068372,0.7976483276,11.89144782553308,5.8559723387671685,0.5409480767219684,3.589417474080353,0.5205744189017404,pass,
bckdh_complex_stabilization,positive,658,skeletal_muscle,caloric_restriction,0.2989891961599999,0.82333952415,1.0841487100653495,1.6258818164072222,0.538180553088,1.48201114347,0.5805038108290191,pass,
bckdh_complex_stabilization,positive,659,skeletal_muscle,fasted,0.13451263488,0.801995234375,7.71608150614199,4.133403026168365,0.30265342848,1.80448927734375,0.3633412564310094,pass,
bckdh_complex_stabilization,positive,660,adipose_subcutaneous,fed,0.17769186624,0.888948905275,23.850781040383804,12.33848269663839,1.5992267961066924,8.000540147208316,0.5188087959020808,pass,
bckdh_complex_stabilization,positive,661,adipose_subcutaneous,exercise,0.14500331476,0.789135010775,2.6892946678129914,3.3110996155854773,0.6525149164200001,3.3110996155854098,0.8029310524670855,pass,
bckdh_complex_stabilization,positive,662,adipose_subcutaneous,fasted,0.14857454724,0.870799418575,2.710465201683255,1.568621096854466,0.3342927312788569,1.5686210968543957,0.7868875205431829,pass,
bckdh_complex_stabilization,positive,663,adipose_subcutaneous,exercise,0.18581827816,0.963432351425,2.4164757300497146,3.650364420298127,0.8361822517200002,3.650364420298127,0.7709318425660886,pass,
bckdh_complex_stabilization,positive,664,liver,exercise,0.1759920836,0.965782507425,8.77383206365467,7.531264618706,0.7919643762000002,4.3460212834125,0.4719070550761164,pass,
bckdh_complex_stabilization,positive,665,liver,fed,0.40179327508,0.9706602333,5.132443111585875,5.993833508719973,3.61613947572,5.993833508719977,0.3966900364417614,pass,
bckdh_complex_stabilization,positive,666,liver,caloric_restriction,0.41552645288,0.88043127365,2.964509910312863,2.249780105118486,0.747947615184,1.58477629257,0.3719602086808959,pass,
bckdh_complex_stabilization,positive,667,skeletal_muscle,fasted,0.33088142352,0.870339626575,4.355546898233103,2.463918313036544,0.74448320292,1.95826415979375,0.4926222393216765,pass,
bckdh_complex_stabilization,positive,668,adipose_subcutaneous,fasted,0.11944699312,0.98388571585,3.4205242891109946,3.870637847285121,0.26875573452,2.2137428606625003,0.5024978318513371,pass,
bckdh_complex_stabilization,positive,669,adipose_subcutaneous,fasted,0.21720884916,0.959112309225,3.663759083915292,3.0634330751113863,0.48871991061,2.1580026957562497,0.5449059092258951,pass,
bckdh_complex_stabilization,positive,670,liver,fasted,0.3095623106,0.8093480697,7.5644410887315505,5.045826573915377,0.6965151988500001,1.821033156825,0.2228610003737038,pass,
bckdh_complex_stabilization,positive,671,liver,fasted,0.1272477516,0.7592811227,1.881273610886449,2.4235569216073016,0.2863074411,1.708382526075,0.5867718939449875,pass,
bckdh_complex_stabilization,positive,672,liver,fasted,0.44926462176,0.791656869125,2.6349064328509746,3.1935449744674287,1.01084539896,1.78122795553125,0.2412311593324977,pass,
bckdh_complex_stabilization,positive,673,skeletal_muscle,fed,0.3526582299599999,0.77183329165,9.73262950583438,5.5173011810389525,3.17392406964,5.517301181039067,0.4247324977386481,pass,
bckdh_complex_stabilization,positive,674,adipose_subcutaneous,caloric_restriction,0.42873978384,0.86532259575,0.9875603658934242,1.6153290885584184,0.7717316109377244,1.5521465207622902,0.4831305988063634,pass,
bckdh_complex_stabilization,positive,675,skeletal_muscle,caloric_restriction,0.1722635405599999,0.899759025875,2.117001770368265,2.3482475348240706,0.310074373008,1.6195662465749998,0.5576464380979778,pass,
bckdh_complex_stabilization,positive,676,adipose_subcutaneous,fasted,0.34013336088,0.9611825239,1.1072672943419275,1.37478111085552,0.7653000619544901,1.3747811108554822,0.4433295192146733,pass,
bckdh_complex_stabilization,positive,677,skeletal_muscle,exercise,0.12114817552,0.882782134125,1.889751324991829,2.7644028939173744,0.5451667898218279,2.764402893917344,0.8027903996839931,pass,
bckdh_complex_stabilization,positive,678,liver,fasted,0.10197935164,0.86038272275,2.7763712711842503,3.727237178472337,0.22945354119,1.9358611261875005,0.4578210356060294,pass,
bckdh_complex_stabilization,positive,679,adipose_subcutaneous,exercise,0.456616653,0.92492162665,5.131653328333193,2.9435108545756155,2.054774938431508,2.9435108545757256,0.3019305720455216,pass,
bckdh_complex_stabilization,positive,680,skeletal_muscle,exercise,0.23087400032,0.930278546,3.0400542372974986,4.327369369128348,1.0389330014400002,4.069655352105871,0.7003613724973845,pass,
bckdh_complex_stabilization,positive,681,skeletal_muscle,caloric_restriction,0.37675819676,0.940902392325,5.055014915326575,3.2077785432285943,0.6781647541453943,1.6936243061285456,0.3165616136833131,pass,
bckdh_complex_stabilization,positive,682,skeletal_muscle,fed,0.48354902148,0.963907998,7.777515098839502,12.104042026343915,4.35194119332,8.675171982000002,0.3571724866181627,pass,
bckdh_complex_stabilization,positive,683,skeletal_muscle,fed,0.20502521156,0.8714979995,6.27759438265782,5.536386601037199,1.8452269039784928,5.536386601036876,0.6667091666551741,pass,
bckdh_complex_stabilization,positive,684,adipose_subcutaneous,fasted,0.13170272484,0.992181908575,1.0714751075866755,1.919424476615736,0.29633113089,1.9194244766156408,0.845614592029911,pass,
bckdh_complex_stabilization,positive,685,liver,caloric_restriction,0.36984033804,0.796650206625,1.1951011024233429,1.434049344008975,0.6657126084720001,1.3748711820881652,0.4945147644875787,pass,
bckdh_complex_stabilization,positive,686,adipose_subcutaneous,caloric_restriction,0.4739489800399999,0.83944171105,4.418137823811912,3.199489223914461,0.8531081641004368,1.5109950799403666,0.2056224821520194,pass,
bckdh_complex_stabilization,positive,687,skeletal_muscle,caloric_restriction,0.26692587516,0.824513158525,0.4343455729677602,0.8148273382775119,0.4804665752879999,0.8148273382776442,0.4103455385977347,pass,
bckdh_complex_stabilization,positive,688,skeletal_muscle,exercise,0.18050701936,0.8484034494,2.527128412522011,3.039322848282623,0.8122815871200001,3.0393228482826085,0.732742578637542,pass,
bckdh_complex_stabilization,positive,689,skeletal_muscle,caloric_restriction,0.4675636617599999,0.967204784025,1.3472791675117313,2.528301199259525,0.841614591168,1.740968611245,0.3557147464631183,pass,
bckdh_complex_stabilization,positive,690,skeletal_muscle,fasted,0.3268345552,0.94959307795,2.6216231021326517,2.4482110308196003,0.7353777492000001,2.1365844253875004,0.5723390094024743,pass,
bckdh_complex_stabilization,positive,691,skeletal_muscle,exercise,0.1722262957999999,0.849569544425,5.879462557951963,3.692189908407972,0.7750183310999998,3.53191288779288,0.7466827614730198,pass,
bckdh_complex_stabilization,positive,692,skeletal_muscle,exercise,0.10207579976,0.9477458221,1.5496872902126158,2.9674176072231666,0.4593410989199999,2.9674176072230165,0.8452051043297577,pass,
bckdh_complex_stabilization,positive,693,adipose_subcutaneous,caloric_restriction,0.22301439636,0.773930206575,1.6910342589194152,3.045716461479665,0.4014259134613808,1.3930743718814358,0.3255879104183893,pass,
bckdh_complex_stabilization,positive,694,liver,exercise,0.3897172949599999,0.8286773978,4.0958592625890775,4.045840734917503,1.7537278273199997,3.6397086848589657,0.4661530151847221,pass,
bckdh_complex_stabilization,positive,695,liver,fed,0.45832344272,0.937798154925,9.157935296092436,10.56722360682675,4.1249109844800005,8.440183394325,0.4083638778171781,pass,
bckdh_complex_stabilization,positive,696,skeletal_muscle,caloric_restriction,0.3698287396800001,0.928334287675,1.1121459203769648,1.033680380000304,0.6656917314240001,1.03368038000036,0.3559984843441177,pass,
bckdh_complex_stabilization,positive,697,adipose_subcutaneous,caloric_restriction,0.32466582308,0.843561501275,1.937055366788592,3.495879327551017,0.58439848156348,1.5184107023456137,0.2671751892066712,pass,
bckdh_complex_stabilization,positive,698,liver,exercise,0.25562646672,0.964402677175,5.581383058457588,2.8530620114232823,1.15031910024,2.853062011423249,0.5968124437413881,pass,
bckdh_complex_stabilization,positive,699,adipose_subcutaneous,fasted,0.46976640104,0.942143078425,5.138213750962284,3.095987465492951,1.05697440234,2.1198219264562503,0.3432983937959907,pass,
bckdh_complex_stabilization,positive,700,adipose_subcutaneous,fasted,0.22431291844,0.76303186775,1.987904049060473,1.1863479102530918,0.50470406649,1.1863479102530918,0.5745733084468215,pass,
bckdh_complex_stabilization,positive,701,adipose_subcutaneous,exercise,0.30603341656,0.764389656725,13.979461848244624,8.479709513003526,1.3771503744740952,3.4397534551478417,0.2432398276746121,pass,
bckdh_complex_stabilization,positive,702,skeletal_muscle,fed,0.46132721076,0.850903916875,8.552807760950113,10.65664075885868,4.151944896840001,7.658135251875,0.3290145960977772,pass,
bckdh_complex_stabilization,positive,703,skeletal_muscle,fed,0.10849907412,0.77782311185,3.4295559694016493,5.486951082095756,0.97649166708,5.48695108209579,0.8220338303604863,pass,
bckdh_complex_stabilization,positive,704,liver,fasted,0.14016802668,0.9535102656,3.5097946114324112,1.764491917249547,0.31537806003,1.7644919172496831,0.8212640948100978,pass,
bckdh_complex_stabilization,positive,705,adipose_subcutaneous,fed,0.47287294692,0.880055603225,5.118948283038345,5.0164720099879725,4.166100838933432,5.016472009987978,0.1695157810830852,pass,
bckdh_complex_stabilization,positive,706,liver,fed,0.45191293848,0.841746952925,14.392872271439694,9.85704423967785,4.067216446320001,7.575722576325001,0.3559389655452805,pass,
bckdh_complex_stabilization,positive,707,liver,caloric_restriction,0.44978948796,0.9326132107,0.6621529572077608,1.140283888295094,0.8096210783549875,1.14028388829507,0.2899828835032266,pass,
bckdh_complex_stabilization,positive,708,adipose_subcutaneous,caloric_restriction,0.1342184388,0.892608733425,5.450745433405082,3.746802251538909,0.2415931898399999,1.6066957201649998,0.3643380244485325,pass,
bckdh_complex_stabilization,positive,709,skeletal_muscle,fed,0.23133633784,0.806285961,6.160333016327041,6.339575414073317,2.082027040629401,6.339575414073216,0.6715825738096624,pass,
bckdh_complex_stabilization,positive,710,adipose_subcutaneous,caloric_restriction,0.15796922736,0.824786504125,6.597143297960188,3.966344455439785,0.2843446092385219,1.4846157073755128,0.3026139337169358,pass,
bckdh_complex_stabilization,positive,711,liver,fasted,0.37225399808,0.8144049695,3.928802393857408,2.1169008357619425,0.83757149568,1.832411181375,0.4699510099333133,pass,
bckdh_complex_stabilization,positive,712,liver,fasted,0.32000114268,0.8381430761499999,1.2537849752381058,2.415275435692322,0.7200025710540001,1.8858219214003609,0.4826858805079457,pass,
bckdh_complex_stabilization,positive,713,liver,fasted,0.39617101576,0.9613927343,3.425866071151967,2.7601503054116896,0.891384785489713,2.1631336522471045,0.4607534829766106,pass,
bckdh_complex_stabilization,positive,714,liver,fed,0.17796785452,0.986230453375,24.111932492114438,16.04246170053394,1.60171069062661,8.876074080079132,0.4534443357412167,pass,
bckdh_complex_stabilization,positive,715,adipose_subcutaneous,fasted,0.46123877904,0.843918578675,3.919674499410556,2.6386589781285537,1.03778725284,1.89881680201875,0.3263133115403294,pass,
bckdh_complex_stabilization,positive,716,adipose_subcutaneous,fed,0.44192300868,0.945970536075,3.895586235576823,4.48775519780032,3.963795157752267,4.48775519780032,0.1167532579105189,pass,
bckdh_complex_stabilization,positive,717,adipose_subcutaneous,exercise,0.3582343155599999,0.958737789175,1.5501797362720584,2.4215840081668905,1.6120544200200002,2.4215840081668434,0.3342975446718642,pass,
bckdh_complex_stabilization,positive,718,skeletal_muscle,fed,0.22097006508,0.919910103275,5.542740531224501,5.433721354324819,1.98873058572,5.433721354324655,0.6340021035238973,pass,
bckdh_complex_stabilization,positive,719,liver,exercise,0.21807855664,0.842891640375,6.365526214666399,5.121258393394346,0.98135350488,3.793012381687499,0.5490171869543075,pass,
bckdh_complex_stabilization,positive,720,skeletal_muscle,fasted,0.12360073484,0.812466643875,1.3831078490206723,2.1065049467817984,0.27810165339,1.8280499487187496,0.7357914339088901,pass,
bckdh_complex_stabilization,positive,721,skeletal_muscle,exercise,0.10268286672,0.939119721175,12.269536731535132,7.851632177178509,0.46207290024,4.2260387452875,0.4793864205697018,pass,
bckdh_complex_stabilization,positive,722,liver,fasted,0.21657425416,0.91016494775,0.9313568663964708,1.334986219012141,0.487292071843757,1.3349862190120587,0.6349834440954572,pass,
bckdh_complex_stabilization,positive,723,liver,fed,0.4478577528799999,0.799368430325,10.251769918294167,9.913727207080912,4.030719775919999,7.194315872925001,0.3191126839505321,pass,
bckdh_complex_stabilization,positive,724,skeletal_muscle,caloric_restriction,0.29940373536,0.856906939475,1.825083251954058,0.947386547042838,0.5389267236659642,0.9473865470430374,0.4311437867172963,pass,
bckdh_complex_stabilization,positive,725,liver,exercise,0.2035308546,0.862024564275,7.765234411222575,4.0124338714941565,0.9158888457,3.7516426394658646,0.7067415649917944,pass,
bckdh_complex_stabilization,positive,726,liver,caloric_restriction,0.20895453892,0.8860177380750001,4.274536129163743,3.3902433266490077,0.376118170056,1.594831928535,0.3594767811794808,pass,
bckdh_complex_stabilization,positive,727,liver,fed,0.26103736936,0.786388638475,4.693883813907267,6.208709675271677,2.3493363242400003,6.208709675271677,0.621606348643255,pass,
bckdh_complex_stabilization,positive,728,adipose_subcutaneous,fed,0.2151644972,0.82941011285,12.16536537701954,8.743401404460897,1.9364804748,7.464691015650001,0.6322723028625334,pass,
bckdh_complex_stabilization,positive,729,liver,exercise,0.16400465004,0.9897154608,7.427401551859226,4.530992992038737,0.7380209251800001,4.431652412231804,0.8151924961132727,pass,
bckdh_complex_stabilization,positive,730,skeletal_muscle,exercise,0.29889412956,0.752917052575,6.561726526930062,9.355911446766784,1.34502358302,3.3881267365875,0.2183756403844069,pass,
bckdh_complex_stabilization,positive,731,skeletal_muscle,fasted,0.16504174092,0.92210224485,1.1361231244387002,1.8208251920802443,0.37134391707,1.8208251920802443,0.7960573487860472,pass,
bckdh_complex_stabilization,positive,732,liver,fasted,0.16307919764,0.96265917485,2.8926476225674307,2.401325787699851,0.36692819469,2.1659831434125003,0.749192366124446,pass,
bckdh_complex_stabilization,positive,733,liver,fed,0.20082578244,0.856756418125,4.824049661188004,6.72943355683301,1.80743204196,6.729433556832976,0.7314139404608903,pass,
bckdh_complex_stabilization,positive,734,adipose_subcutaneous,exercise,0.47640966288,0.917659800075,6.294231490113707,3.8355114989136982,2.14384348296,3.6677091754908577,0.3973044254886083,pass,
bckdh_complex_stabilization,positive,735,skeletal_muscle,fasted,0.46499157624,0.868599479175,5.704586649236412,3.516515165191388,1.0462310465399998,1.95434882814375,0.2582436699243768,pass,
bckdh_complex_stabilization,positive,736,liver,caloric_restriction,0.45927952284,0.75059022565,0.7878229299902328,1.2155365359317505,0.826703141112,1.1982116748341785,0.3056333748433192,pass,
bckdh_complex_stabilization,positive,737,skeletal_muscle,exercise,0.13377215932,0.942525039775,9.683018343574814,4.882734023587335,0.6019747169199342,4.138241149639977,0.7242390053681348,pass,
bckdh_complex_stabilization,positive,738,liver,caloric_restriction,0.30798352396,0.989629519025,2.59120552245115,2.2461435391477598,0.5543703431279999,1.7813331342449998,0.5462530642999507,pass,
bckdh_complex_stabilization,positive,739,liver,fasted,0.30139782968,0.796923148725,3.3131243088527484,4.064390609265205,0.67814511678,1.79307708463125,0.2743171301768205,pass,
bckdh_complex_stabilization,positive,740,liver,exercise,0.2580977441199999,0.781070608575,1.933234292855767,2.141105918661478,1.16143984854,2.141105918661478,0.4575514277845351,pass,
bckdh_complex_stabilization,positive,741,adipose_subcutaneous,exercise,0.2125539138,0.780467532575,6.739369631348299,8.589799187719215,0.9564926121,3.5121038965875004,0.297516999948176,pass,
bckdh_complex_stabilization,positive,742,skeletal_muscle,fasted,0.30664070136,0.9326320077,2.333760095521338,4.16383947237161,0.68994157806,2.098422017325,0.3382648271170665,pass,
bckdh_complex_stabilization,positive,743,adipose_subcutaneous,exercise,0.11768185816,0.8333938167,1.8602906179612304,3.716643384868432,0.5295683617200001,3.6156762552389887,0.8303481324260105,pass,
bckdh_complex_stabilization,positive,744,adipose_subcutaneous,fed,0.36189216464,0.961098629175,9.131424440359082,12.980966445965056,3.2570294818685688,8.649887662863328,0.4154435036438331,pass,
bckdh_complex_stabilization,positive,745,skeletal_muscle,caloric_restriction,0.436312767,0.7534601063,1.882858802735199,3.027945104641769,0.7853629806,1.35622819134,0.188532219380357,pass,
bckdh_complex_stabilization,positive,746,skeletal_muscle,fasted,0.41210429892,0.908757514125,3.406493367743938,3.1056838746110738,0.9272346725699998,2.04470440678125,0.3598143852780867,pass,
bckdh_complex_stabilization,positive,747,adipose_subcutaneous,exercise,0.40559708108,0.783863973575,2.3480960441354246,2.236881323889164,1.82518686486,2.236881323889164,0.184048413580283,pass,
bckdh_complex_stabilization,positive,748,skeletal_muscle,fed,0.42327783112,0.908895027625,4.16073819515968,4.617354646596694,3.809500479953017,4.6173546465967,0.1749603893300955,pass,
bckdh_complex_stabilization,positive,749,skeletal_muscle,fasted,0.3477770920399999,0.843643855125,2.305009774537897,1.6636714970162412,0.78249845709,1.6636714970161952,0.529655669106888,pass,
bckdh_complex_stabilization,positive,750,adipose_subcutaneous,caloric_restriction,0.3684635714000001,0.868833868425,0.6129511283938497,1.0950037574069855,0.6632344285200001,1.0950037574071811,0.3943085363557369,pass,
bckdh_complex_stabilization,positive,751,skeletal_muscle,fasted,0.29022840132,0.908829469075,3.2877411211627776,4.0114872328803575,0.6530139029700002,2.04486630541875,0.3469666788517639,pass,
bckdh_complex_stabilization,positive,752,skeletal_muscle,exercise,0.13913553848,0.951093309625,4.603003078084189,3.4438079651357025,0.6261099231808704,3.443807965135748,0.818192556170549,pass,
bckdh_complex_stabilization,positive,753,liver,fasted,0.18168699024,0.801694289875,1.2898452619777616,2.290234207442535,0.4087957280263735,1.803812152158623,0.6091151811456175,pass,
bckdh_complex_stabilization,positive,754,skeletal_muscle,fed,0.45966224796,0.780469480275,4.688916134068282,7.194320709272597,4.13696023164,6.744829349914964,0.3624899728078205,pass,
bckdh_complex_stabilization,positive,755,liver,exercise,0.18402527892,0.813809550875,3.153937557484087,5.841066555544021,0.8281137551400001,3.6621429789375,0.4851903666647308,pass,
bckdh_complex_stabilization,positive,756,skeletal_muscle,caloric_restriction,0.23768959176,0.8595723943,1.717490434148236,2.9709950870961928,0.4278412651537385,1.5472303096884257,0.3767724320368236,pass,
bckdh_complex_stabilization,positive,757,adipose_subcutaneous,exercise,0.22126426712,0.936172178275,10.748461824554264,7.847491701597456,0.99568920204,4.2127748022375,0.4099508126326048,pass,
bckdh_complex_stabilization,positive,758,adipose_subcutaneous,exercise,0.29624940364,0.750459282375,8.76791863512839,4.914699748689462,1.3331223164244377,3.377066770800069,0.415883890958072,pass,
bckdh_complex_stabilization,positive,759,skeletal_muscle,fed,0.2953682952,0.7700813129,4.65732902233673,9.084582503990244,2.6583146568,6.930731816100001,0.4702931760951497,pass,
bckdh_complex_stabilization,positive,760,adipose_subcutaneous,fed,0.37016639188,0.948667157575,20.198213967584945,14.872722161381647,3.33149752692,8.538004418175,0.3500708770566668,pass,
bckdh_complex_stabilization,positive,761,adipose_subcutaneous,fed,0.3302776135199999,0.89198607645,10.028764140147082,8.656397945292971,2.9724985216799995,8.02787468805,0.5840045938644638,pass,
bckdh_complex_stabilization,positive,762,adipose_subcutaneous,fed,0.11494455748,0.98142149415,15.976735559469006,12.21072457996492,1.0345010173200002,8.83279344735,0.6386428896140415,pass,
bckdh_complex_stabilization,positive,763,adipose_subcutaneous,exercise,0.18926535344,0.7939279471,5.139712342732593,5.579018111728516,0.8516940904800001,3.57267576195,0.4877169453438058,pass,
bckdh_complex_stabilization,positive,764,liver,exercise,0.13005828016,0.851654144525,2.003304852809684,3.256337458736257,0.5852622607004914,3.256337458736282,0.8202697760545986,pass,
bckdh_complex_stabilization,positive,765,liver,fed,0.10574651232,0.883304474125,9.910818733231356,12.86625832063226,0.9517186108800002,7.949740267125001,0.5439049552598375,pass,
bckdh_complex_stabilization,positive,766,skeletal_muscle,caloric_restriction,0.3966200430000001,0.857636661775,2.238080467008481,2.508717299317105,0.7139160774237973,1.543745991246458,0.3307785672178159,pass,
bckdh_complex_stabilization,positive,767,adipose_subcutaneous,fed,0.35718679572,0.8035555811,6.360300068721685,9.691533043076136,3.21468116148,7.232000229900001,0.4145184307337289,pass,
bckdh_complex_stabilization,positive,768,skeletal_muscle,caloric_restriction,0.2111590538,0.928421028975,2.52716354542555,1.5454822400103585,0.3800862968399999,1.5237243331478556,0.7399878217301225,pass,
bckdh_complex_stabilization,positive,769,liver,caloric_restriction,0.32182477832,0.781565243825,1.4699188641647596,1.1800925832158076,0.5792846009566904,1.1800925832158085,0.5091193613147607,pass,
bckdh_complex_stabilization,positive,770,liver,fasted,0.4666571812,0.9841554338,4.644407881302901,2.758060119573277,1.0499786577,2.2029756834451257,0.4180463716372925,pass,
bckdh_complex_stabilization,positive,771,skeletal_muscle,exercise,0.31469273312,0.795256485425,2.614166590175759,4.368452051373175,1.41611729904,3.5786541844125006,0.4950350513044389,pass,
bckdh_complex_stabilization,positive,772,liver,exercise,0.18223139628,0.775986328225,1.99157319482354,2.786577686939668,0.8200412832600001,2.786577686939668,0.7057174156301371,pass,
bckdh_complex_stabilization,positive,773,liver,fasted,0.49688055872,0.96617068255,2.171421441042913,1.6716149693372744,1.11798125712,1.6716149693373277,0.3311969097984449,pass,
bckdh_complex_stabilization,positive,774,liver,fed,0.3808204412,0.92898469145,13.67981850160761,17.828464570939623,3.4273839708,8.360862223049999,0.2767191887231592,pass,
bckdh_complex_stabilization,positive,775,skeletal_muscle,caloric_restriction,0.30021927364,0.8576798178,1.5235223760259586,2.4718729336551477,0.540394692552,1.5438236720400005,0.405938738122851,pass,
bckdh_complex_stabilization,positive,776,adipose_subcutaneous,caloric_restriction,0.20954785204,0.98939527425,2.131933723281402,1.4704999621403925,0.3771861336594271,1.4704999621403925,0.7434980323900096,pass,
bckdh_complex_stabilization,positive,777,liver,fed,0.3085532119999999,0.855586695575,12.536917619369875,14.432103765137173,2.776978908,7.700280260175,0.3411353903973407,pass,
bckdh_complex_stabilization,positive,778,liver,fed,0.42490216512,0.796060573,10.012016878549176,13.305062219133012,3.82411948608,7.164545157,0.2510642653077101,pass,
bckdh_complex_stabilization,positive,779,skeletal_muscle,fed,0.22776651432,0.7903725558,6.979501268154118,10.428488471003073,2.04989862888,7.1133530022,0.4855405831246959,pass,
bckdh_complex_stabilization,positive,780,skeletal_muscle,fed,0.22221597248,0.923251970875,19.572840765111145,17.74648427333346,1.999943752386665,8.309267738151975,0.3555252910147357,pass,
bckdh_complex_stabilization,positive,781,liver,exercise,0.49404588752,0.841793871175,2.5024682131093368,2.8500176381337967,2.2232064937658933,2.8500176381337687,0.2199323737442951,pass,
bckdh_complex_stabilization,positive,782,skeletal_muscle,fed,0.266147071,0.773037831,13.165559172830978,13.90112768238038,2.395323639,6.957340479000001,0.3281760260199853,pass,
bckdh_complex_stabilization,positive,783,liver,fed,0.1365609168,0.8771503449,5.2388427683564,7.275006069754266,1.2290482511590315,7.245656480260976,0.8270244961191039,pass,
bckdh_complex_stabilization,positive,784,liver,fed,0.16047904848,0.8564999766,18.948155903819814,16.304105257818037,1.4443114363199998,7.7084997894,0.3842092684035046,pass,
bckdh_complex_stabilization,positive,785,adipose_subcutaneous,fasted,0.16579334804,0.816629656525,1.6724758313944896,2.8551118372828483,0.3730350330899999,1.83741672718125,0.5128981901755808,pass,
bckdh_complex_stabilization,positive,786,liver,caloric_restriction,0.2741483314,0.778692740475,3.256301362337224,3.451741507907624,0.49346699652,1.4016469328550003,0.2631077484378373,pass,
bckdh_complex_stabilization,positive,787,skeletal_muscle,exercise,0.26734051272,0.957831277375,1.4977858764104168,3.003223817375283,1.20303230724,3.0032238173755195,0.5994196968339264,pass,
bckdh_complex_stabilization,positive,788,liver,fed,0.38708000688,0.893534154675,14.727649911927625,17.410178869614512,3.483720062036124,8.041807392343062,0.261805887489303,pass,
bckdh_complex_stabilization,positive,789,adipose_subcutaneous,caloric_restriction,0.15801864172,0.961206955275,2.3558728585029183,3.1538626751933867,0.284433555096,1.730172519495,0.45840263616118,pass,
bckdh_complex_stabilization,positive,790,skeletal_muscle,fed,0.39204928272,0.886025276,3.699098213679528,5.162790889236579,3.5284435444800013,5.16279088923647,0.3165627622384951,pass,
bckdh_complex_stabilization,positive,791,adipose_subcutaneous,exercise,0.46045337284,0.899926528175,7.148251064159632,4.428302813772351,2.07204017778,4.0496693767875,0.4465885198403609,pass,
bckdh_complex_stabilization,positive,792,adipose_subcutaneous,fed,0.26889872344,0.7830093988,6.390583267027865,4.973788460574759,2.4200885110406696,4.973788460574759,0.5134315562023299,pass,
bckdh_complex_stabilization,positive,793,liver,caloric_restriction,0.40186979792,0.8457550579499999,4.022555284733125,3.4747724333401595,0.7233656362801122,1.5223591043607452,0.2299412359826374,pass,
bckdh_complex_stabilization,positive,794,liver,exercise,0.1640940948799999,0.8272351335,9.373174117833596,5.663226178901837,0.7384234269353859,3.722558100625915,0.5269319252704094,pass,
bckdh_complex_stabilization,positive,795,adipose_subcutaneous,exercise,0.46559845716,0.877949724925,5.781432698972119,3.133583948877384,2.09519305722,3.1335839488773765,0.3313748438204068,pass,
bckdh_complex_stabilization,positive,796,skeletal_muscle,caloric_restriction,0.30665114188,0.77210787275,1.90040986777424,1.4283510482901485,0.5519720553840001,1.365373549253714,0.5694688955095607,pass,
bckdh_complex_stabilization,positive,797,adipose_subcutaneous,fasted,0.35766700228,0.8299942742249999,1.6903139690000764,2.773960632585068,0.8047507551300002,1.86748711700625,0.3831115515456614,pass,
bckdh_complex_stabilization,positive,798,skeletal_muscle,caloric_restriction,0.16090779888,0.89444480615,1.18745497591805,1.6405460106304326,0.289634037984,1.505732756515689,0.74127681311685,pass,
bckdh_complex_stabilization,positive,799,adipose_subcutaneous,fed,0.4491415040000001,0.895122617925,6.990985721744663,8.557189607711196,4.042273536000001,8.056103561325001,0.4690593768902808,pass,
bckdh_complex_stabilization,positive,800,adipose_subcutaneous,fed,0.12759833584,0.938787622575,7.502378922471339,5.351462097352657,1.1483850225982797,5.351462097352656,0.7854072397959464,pass,
bckdh_complex_stabilization,positive,801,adipose_subcutaneous,fed,0.23606319252,0.8961475635,16.91019662982407,11.256359622384783,2.12456873268,8.0653280715,0.5277691490067535,pass,
bckdh_complex_stabilization,positive,802,adipose_subcutaneous,caloric_restriction,0.11618495344,0.9365080947,1.1938349507499564,1.6230832667796535,0.209132916192,1.6230832667796324,0.8711508395949642,pass,
bckdh_complex_stabilization,positive,803,liver,exercise,0.13196798724,0.8833865975,6.226769041120279,3.789235242886675,0.59385594258,3.7425545249723062,0.8309588559599691,pass,
bckdh_complex_stabilization,positive,804,skeletal_muscle,fed,0.22363953816,0.803075380375,6.820401786463172,10.494900037731757,2.012755843507092,7.227678423615923,0.4969006432991164,pass,
bckdh_complex_stabilization,positive,805,skeletal_muscle,exercise,0.42635556444,0.9015995987,2.397476271614204,2.2812482272855297,1.9186000399160463,2.2812482272856176,0.1589691919678062,pass,
bckdh_complex_stabilization,positive,806,adipose_subcutaneous,caloric_restriction,0.23904278092,0.944200461575,1.2176907119158196,1.897830402109285,0.4302770056560001,1.699560830835,0.6688078259091503,pass,
bckdh_complex_stabilization,positive,807,adipose_subcutaneous,fasted,0.3779341282,0.95098633105,5.488728964794607,3.76544283749217,0.85035178845,2.1397192448624995,0.3424212003896024,pass,
bckdh_complex_stabilization,positive,808,adipose_subcutaneous,fasted,0.11899563152,0.935915379125,3.93700297866629,2.253215097494347,0.26774017092,2.073520728757297,0.8014239563037667,pass,
bckdh_complex_stabilization,positive,809,adipose_subcutaneous,fasted,0.34451075576,0.92795087165,0.7341599773593773,1.0803011747223903,0.77514920046,1.0803011747223903,0.2824693533641731,pass,
bckdh_complex_stabilization,positive,810,adipose_subcutaneous,exercise,0.17359305104,0.970446494075,8.940640198255359,5.714131256394301,0.7811687296800001,4.3670092233375,0.6275390488527589,pass,
bckdh_complex_stabilization,positive,811,skeletal_muscle,caloric_restriction,0.350297277,0.86957439,1.2710615057126906,1.497068077481219,0.6305350986210179,1.424845487678743,0.5305773337937533,pass,
bckdh_complex_stabilization,positive,812,skeletal_muscle,fasted,0.34060147388,0.76696312955,2.0236094214500846,1.413744169454647,0.7663533162300002,1.413744169454465,0.4579264531815514,pass,
bckdh_complex_stabilization,positive,813,adipose_subcutaneous,caloric_restriction,0.16527923412,0.9900722778,1.1319666540837532,1.7093750901249978,0.297502621416,1.6997525199539565,0.8203289650344776,pass,
bckdh_complex_stabilization,positive,814,liver,exercise,0.22093756968,0.76356763365,4.89683188627122,7.694503252008003,0.99421906356,3.436054351425,0.3173480090774884,pass,
bckdh_complex_stabilization,positive,815,liver,caloric_restriction,0.30399711604,0.906378182075,1.6584809224041386,2.950917794692278,0.547194808872,1.631480727735,0.3674402319214959,pass,
bckdh_complex_stabilization,positive,816,skeletal_muscle,exercise,0.13895358944,0.868351925625,4.121877999548978,6.738089601620374,0.6252911524591571,3.9075836651822473,0.4871250913513772,pass,
bckdh_complex_stabilization,positive,817,adipose_subcutaneous,fed,0.38459892324,0.799427246875,7.793489156940659,5.98826986628177,3.46139030927538,5.988269866281648,0.4219715566318082,pass,
bckdh_complex_stabilization,positive,818,adipose_subcutaneous,caloric_restriction,0.26970885,0.828621231925,2.62629680255948,1.558647587463305,0.48547593,1.4506483917976796,0.6192371319603396,pass,
bckdh_complex_stabilization,positive,819,skeletal_muscle,caloric_restriction,0.40222932604,0.921035735425,2.0193946626363606,1.4509998090227507,0.7240127868720001,1.4209177246662144,0.4802929217913406,pass,
bckdh_complex_stabilization,positive,820,adipose_subcutaneous,exercise,0.21124848736,0.81695757685,6.607822363562433,8.54002228770373,0.95061819312,3.676309095825,0.3191667200482088,pass,
bckdh_complex_stabilization,positive,821,liver,caloric_restriction,0.35726879604,0.99458865975,2.4699928772664568,1.8058522878618333,0.6430838328720001,1.6671332079129293,0.5670726127071141,pass,
bckdh_complex_stabilization,positive,822,adipose_subcutaneous,caloric_restriction,0.18279500048,0.9470789372,2.5640934397668205,2.860309805494629,0.329031000864,1.7047420869599996,0.4809657623287068,pass,
bckdh_complex_stabilization,positive,823,liver,caloric_restriction,0.49257365236,0.8438594731,1.093238353792653,1.0449014881343586,0.8807008320216179,1.044901488134303,0.1571446284432618,pass,
bckdh_complex_stabilization,positive,824,adipose_subcutaneous,caloric_restriction,0.38191319272,0.790202886075,1.1339252062272902,1.808008881867518,0.687443746896,1.4223651949350002,0.4064811049378748,pass,
bckdh_complex_stabilization,positive,825,liver,fasted,0.46389373792,0.8811491144,2.1533008113372074,1.178709395382895,1.0273458795123218,1.178709395382895,0.1284146172614531,pass,
bckdh_complex_stabilization,positive,826,skeletal_muscle,fasted,0.16525463556,0.808218629975,1.7533435894933758,3.0673080715038408,0.37182293001,1.81849191744375,0.4716412416717166,pass,
bckdh_complex_stabilization,positive,827,liver,exercise,0.2789052508,0.886406001175,3.189858662370657,3.62026163880548,1.2550736286,3.603064828726687,0.6485694776749384,pass,
bckdh_complex_stabilization,positive,828,adipose_subcutaneous,fed,0.26389552684,0.8069936007,4.978957915032514,9.555001793296858,2.37505974156,7.2629424063,0.5115522498560919,pass,
bckdh_complex_stabilization,positive,829,skeletal_muscle,fed,0.17426689716,0.9295284427,11.044534850088928,17.235935556644986,1.56840207449228,8.365755984578858,0.3943710445973434,pass,
bckdh_complex_stabilization,positive,830,adipose_subcutaneous,exercise,0.39541034872,0.8378986485,1.9448311068566893,3.585057389782633,1.77934656924,3.497157711722682,0.4791586174822254,pass,
bckdh_complex_stabilization,positive,831,liver,caloric_restriction,0.18837490232,0.754777664475,4.563404785221897,2.86746243640116,0.339074824176,1.358599796055,0.3555495475499815,pass,
bckdh_complex_stabilization,positive,832,adipose_subcutaneous,exercise,0.19506763572,0.974342630825,9.037576159040931,4.593108741679629,0.8778043607107398,4.134931707008118,0.7091335148982989,pass,
bckdh_complex_stabilization,positive,833,adipose_subcutaneous,caloric_restriction,0.37574137428,0.82171880985,0.9579342847824048,1.041600216111867,0.676334473704,1.0416002161119264,0.3506774833163986,pass,
bckdh_complex_stabilization,positive,834,liver,fed,0.29065394892,0.924822262925,12.310406051327986,8.760223721441633,2.6158855402800003,7.898291068045541,0.6029989296775902,pass,
bckdh_complex_stabilization,positive,835,adipose_subcutaneous,caloric_restriction,0.3266415144,0.86689574315,1.2159604179443262,0.8859741000815673,0.58795472592,0.8859741000815189,0.3363748151713258,pass,
bckdh_complex_stabilization,positive,836,skeletal_muscle,fasted,0.254253725,0.844841862875,3.0600151720300603,3.159243066977809,0.572070881230931,1.9008941914053867,0.4206144579580048,pass,
bckdh_complex_stabilization,positive,837,adipose_subcutaneous,fasted,0.44758438716,0.958700702375,1.887674766626304,3.597759997775102,1.007064871143569,2.157076580415653,0.3196465884281511,pass,
bckdh_complex_stabilization,positive,838,liver,exercise,0.24315048068,0.824464900475,6.316644021740526,8.650631794537354,1.09417716306,3.7100920521375,0.3023958193122242,pass,
bckdh_complex_stabilization,positive,839,adipose_subcutaneous,exercise,0.491996557,0.7639326358,4.147297289597782,5.244593958944501,2.2139845065,3.437696861100001,0.2333283308830792,pass,
bckdh_complex_stabilization,positive,840,adipose_subcutaneous,exercise,0.17652110968,0.94432928815,4.178492582109183,3.609368702511775,0.79434499356,3.609368702511808,0.7799213494018554,pass,
bckdh_complex_stabilization,positive,841,skeletal_muscle,exercise,0.3111931462,0.759037848925,1.2357880649132655,2.1865879813994886,1.4003691579000002,2.186587981399284,0.3595642298354158,pass,
bckdh_complex_stabilization,positive,842,adipose_subcutaneous,caloric_restriction,0.33122230068,0.992762729325,0.6490891813423141,1.0349491616069038,0.596200141224,1.0349491616069106,0.4239329202428564,pass,
bckdh_complex_stabilization,positive,843,skeletal_muscle,exercise,0.3147136208,0.801627514,4.3296402465886095,5.033763225937141,1.4162112936,3.607323813,0.4352831909355605,pass,
bckdh_complex_stabilization,positive,844,skeletal_muscle,caloric_restriction,0.41490972016,0.819175583675,1.2414779952241872,1.1246958807365246,0.746837496288,1.1246958807365617,0.335964940318902,pass,
bckdh_complex_stabilization,positive,845,skeletal_muscle,exercise,0.18466856804,0.81907787445,2.730765793229526,2.566915279185377,0.8310085561800001,2.5669152791853724,0.6762617905941449,pass,
bckdh_complex_stabilization,positive,846,adipose_subcutaneous,fasted,0.11239089752,0.90202759535,2.508572580817294,3.863222567705863,0.2528795194115707,2.029562089469848,0.4598965083995517,pass,
bckdh_complex_stabilization,positive,847,skeletal_muscle,fasted,0.41133690596,0.961320177475,3.721497435877971,2.2781891201419766,0.92550803841,2.16297039931875,0.5431780662843441,pass,
bckdh_complex_stabilization,positive,848,adipose_subcutaneous,caloric_restriction,0.15601121084,0.876549769275,1.827594763669464,1.0155106898314368,0.2808201795026394,1.0155106898314217,0.7234690069591808,pass,
bckdh_complex_stabilization,positive,849,skeletal_muscle,fed,0.20044235428,0.76778301795,8.711477217103965,9.04419935443811,1.8039811885200003,6.91004716155,0.5645680477536559,pass,
bckdh_complex_stabilization,positive,850,skeletal_muscle,fasted,0.43521233628,0.779706045875,1.972930721126024,3.299258120027697,0.97922775663,1.7543386032187502,0.2349348909330692,pass,
bckdh_complex_stabilization,positive,851,skeletal_muscle,caloric_restriction,0.4955047972800001,0.934206696475,4.491096723474352,2.7977564973910125,0.891908635104,1.681572053655,0.2822488015977744,pass,
bckdh_complex_stabilization,positive,852,liver,exercise,0.43243994296,0.870691678225,1.6137748257016389,2.3030170952157047,1.94597974332,2.3030170952157047,0.1550302655752817,pass,
bckdh_complex_stabilization,positive,853,adipose_subcutaneous,caloric_restriction,0.3869516782,0.9903769487,1.8443391173974375,1.509298150423445,0.6965130207599999,1.509298150423424,0.5385186017987176,pass,
bckdh_complex_stabilization,positive,854,skeletal_muscle,caloric_restriction,0.47564116716,0.84834488355,3.293389304304851,1.985241323875689,0.8561541008594615,1.527020790339099,0.3379270224790293,pass,
bckdh_complex_stabilization,positive,855,adipose_subcutaneous,caloric_restriction,0.44060750272,0.92619654305,2.525026564589378,1.4413360502918586,0.7930935048960002,1.4413360502918413,0.4497511494731415,pass,
bckdh_complex_stabilization,positive,856,liver,fed,0.35936145376,0.9734985431,11.15806829600838,11.504911241143343,3.234253083947809,8.761486888192051,0.4804238545081511,pass,
bckdh_complex_stabilization,positive,857,skeletal_muscle,fed,0.37032182556,0.768749950675,13.483042423945522,7.439818067307961,3.332896430151097,6.801254700713783,0.4661885867617303,pass,
bckdh_complex_stabilization,positive,858,skeletal_muscle,fed,0.18479938756,0.8891409951,28.604717982681358,15.27300826581217,1.66319448804,8.0022689559,0.4150508110474664,pass,
bckdh_complex_stabilization,positive,859,skeletal_muscle,exercise,0.19641395236,0.794859112075,5.635451246770444,8.055313562598705,0.8838627856494621,3.5768660044567286,0.3343138908100411,pass,
bckdh_complex_stabilization,positive,860,liver,fed,0.32372931772,0.948213992025,14.28599712508263,10.429671203392576,2.91356385948,8.533925928224999,0.5388819991676057,pass,
bckdh_complex_stabilization,positive,861,liver,exercise,0.48671021628,0.9360256822,3.5401479418315955,5.175594297804095,2.19019597326,4.178997627483476,0.3842653693059533,pass,
bckdh_complex_stabilization,positive,862,adipose_subcutaneous,fasted,0.13398857388,0.9399297048,1.610349422941329,2.919782791603524,0.30147429123,2.1148418358,0.621062481012196,pass,
bckdh_complex_stabilization,positive,863,skeletal_muscle,caloric_restriction,0.22493101152,0.973176761575,2.083711921520246,3.4343341520021413,0.4048758207359999,1.7517181708349998,0.3921698618970494,pass,
bckdh_complex_stabilization,positive,864,skeletal_muscle,exercise,0.12701628352,0.936250409275,1.395435505681127,2.608358639036977,0.57157327584,2.608358639036884,0.7808686016999864,pass,
bckdh_complex_stabilization,positive,865,skeletal_muscle,fasted,0.12015888008,0.977164297375,4.361292070692049,2.4522411338318197,0.27035748018,2.19861966909375,0.7863265004044235,pass,
bckdh_complex_stabilization,positive,866,skeletal_muscle,fasted,0.48779334472,0.917707073175,7.331687566292842,4.445996502758828,1.0975350255834155,2.064840914574922,0.2175678474760999,pass,
bckdh_complex_stabilization,positive,867,liver,fed,0.44360964756,0.7546165442,4.158586192015998,6.456182676483915,3.99248682804,6.253737900534869,0.3502458319110579,pass,
bckdh_complex_stabilization,positive,868,skeletal_muscle,exercise,0.40618176992,0.819175155325,3.329019415945617,4.8423491308754905,1.82781796464,3.6862881989625,0.3837951754599097,pass,
bckdh_complex_stabilization,positive,869,adipose_subcutaneous,caloric_restriction,0.2204268988,0.8244396405,5.130025179978824,2.811113429992289,0.3967684178532256,1.4839913529494662,0.3867588278354256,pass,
bckdh_complex_stabilization,positive,870,adipose_subcutaneous,fasted,0.20997060804,0.841410853625,4.629196492416142,3.5595080885637067,0.47243386809,1.8931744206562504,0.3991395769350623,pass,
bckdh_complex_stabilization,positive,871,adipose_subcutaneous,fasted,0.29998114864,0.87889275395,1.368559935550112,1.5296320479161265,0.67495758444,1.529632047916076,0.5587451339297121,pass,
bckdh_complex_stabilization,positive,872,skeletal_muscle,caloric_restriction,0.19356810268,0.8549205366,2.5038400260541387,3.3458731923346026,0.348422584824,1.5388569658799998,0.3557918404628381,pass,
bckdh_complex_stabilization,positive,873,adipose_subcutaneous,exercise,0.3880488294000001,0.850923150775,1.9561351970319236,3.509997568957165,1.7462197323000002,3.509997568957093,0.5025011561991247,pass,
bckdh_complex_stabilization,positive,874,liver,fasted,0.44400346836,0.979892607,5.183992740549441,2.949506244378968,0.99900780381,2.20475836575,0.4087974264295468,pass,
bckdh_complex_stabilization,positive,875,adipose_subcutaneous,fed,0.35085668208,0.79011364655,16.177343570922037,8.09616144833457,3.15771013872,7.111022818950001,0.4882946944002977,pass,
bckdh_complex_stabilization,positive,876,skeletal_muscle,exercise,0.16367724428,0.8538932738,1.86786856387146,3.497051599447385,0.7365475992354484,3.333998083187062,0.7427544061294579,pass,
bckdh_complex_stabilization,positive,877,liver,fed,0.29590571332,0.776462855075,26.56092493834997,14.45615946044131,2.66315141988,6.988165695675,0.2991814172796187,pass,
bckdh_complex_stabilization,positive,878,liver,caloric_restriction,0.23502611884,0.798869085325,3.2142746249669205,2.0728494933280768,0.423047013912,1.437964353585,0.4896242312525513,pass,
bckdh_complex_stabilization,positive,879,adipose_subcutaneous,caloric_restriction,0.2083359984,0.75679831,1.3126562403464843,1.6471595002963042,0.3750047971074999,1.362236957954592,0.5993543191594383,pass,
bckdh_complex_stabilization,positive,880,liver,fed,0.31725995736,0.8727872597,9.197134948864628,8.27668192259083,2.85533961624,7.560081164123439,0.5684332914911299,pass,
bckdh_complex_stabilization,positive,881,skeletal_muscle,fed,0.3963585696,0.959418864425,5.1915630711026415,8.299705053531437,3.5672271264000006,8.299705053531437,0.570198325917355,pass,
bckdh_complex_stabilization,positive,882,skeletal_muscle,fasted,0.3182754372399999,0.880824903975,1.3718795599125888,2.5078509383026333,0.7161197337661293,1.9818560338776885,0.5047095426525774,pass,
bckdh_complex_stabilization,positive,883,skeletal_muscle,fasted,0.15545974712,0.978924207025,2.167686214572682,1.5711853779845804,0.34978443102,1.5711853779845932,0.7773754542772865,pass,
bckdh_complex_stabilization,positive,884,adipose_subcutaneous,fed,0.4062993623600001,0.951602001975,16.43372304279677,13.507511187934824,3.656694261118111,8.564418017489519,0.3633329403239794,pass,
bckdh_complex_stabilization,positive,885,skeletal_muscle,exercise,0.19896030252,0.767434390175,4.706779692902871,8.868083249656838,0.8953213613400001,3.4534547557875,0.2884651984459539,pass,
bckdh_complex_stabilization,positive,886,liver,fasted,0.3181889374,0.8440976342,0.9115970234077632,1.7346299466123218,0.7159251091738641,1.6543937182044344,0.5410194899859594,pass,
bckdh_complex_stabilization,positive,887,adipose_subcutaneous,caloric_restriction,0.22930341984,0.775423149225,1.1805512068136927,1.4116928062471907,0.4127461556982418,1.3604840435634316,0.6713485282854368,pass,
bckdh_complex_stabilization,positive,888,liver,fasted,0.19430401828,0.8132823489,0.7681915023496115,1.1773452723875468,0.4371840411154273,1.1773452723874782,0.628669642314079,pass,
bckdh_complex_stabilization,positive,889,liver,fed,0.37349988296,0.82489307635,11.302949967773907,7.4408132991384175,3.3614989465279503,7.335268398013909,0.5340504178415667,pass,
bckdh_complex_stabilization,positive,890,skeletal_muscle,fed,0.11690109212,0.970084374,13.843467980337458,19.718393754225435,1.0521098290800002,8.730759366000001,0.3894155696771473,pass,
bckdh_complex_stabilization,positive,891,liver,caloric_restriction,0.39993974148,0.94594889925,3.849573610509447,3.176134550635743,0.719891534664,1.70270801865,0.3094379247218216,pass,
bckdh_complex_stabilization,positive,892,adipose_subcutaneous,fasted,0.32141711128,0.9238426546,5.700145051243264,3.0071025786744894,0.72318850038,2.07864597285,0.4507519903319947,pass,
bckdh_complex_stabilization,positive,893,liver,fasted,0.10074106604,0.9478080061,1.671104713917554,3.022912619425636,0.22666739859,2.1325680137250003,0.6304848518900054,pass,
bckdh_complex_stabilization,positive,894,skeletal_muscle,exercise,0.44551863148,0.872680212875,2.5301271889613584,4.334026859091177,2.004833841726828,3.927060958068401,0.4435198901246898,pass,
bckdh_complex_stabilization,positive,895,adipose_subcutaneous,caloric_restriction,0.13769661984,0.886858634675,2.35246916984103,1.528420913258624,0.2478539157202618,1.516722851310408,0.8301829192358356,pass,
bckdh_complex_stabilization,positive,896,liver,fed,0.37535613024,0.855021622175,10.20076582622181,14.089787448736304,3.3782051721599995,7.695194599575,0.3063913805032017,pass,
bckdh_complex_stabilization,positive,897,liver,caloric_restriction,0.45629334436,0.7729563936,1.0810401835469965,1.6641820749772718,0.821328019848,1.39132150848,0.3425066867396613,pass,
bckdh_complex_stabilization,positive,898,liver,caloric_restriction,0.13396270848,0.9345826537,3.3524685425961587,1.9858218792126832,0.241132875264,1.68224877666,0.7257024995451041,pass,
bckdh_complex_stabilization,positive,899,adipose_subcutaneous,caloric_restriction,0.4700533786799999,0.800473119,0.9094133459003716,1.586817401893588,0.846096081624,1.4408516141999996,0.3748103164650597,pass,
bckdh_complex_stabilization,positive,900,liver,fed,0.3219691124,0.756577608175,10.172150658032146,12.988919126948336,2.897722011600001,6.809198473575,0.30113948849368,pass,
bckdh_complex_stabilization,positive,901,liver,exercise,0.30297686652,0.9700664985,5.2771004622134825,5.30645883840946,1.36339589934,4.36529924325,0.5657074586504812,pass,
bckdh_complex_stabilization,positive,902,adipose_subcutaneous,exercise,0.18693809184,0.901936267725,3.4823490108988837,5.746834104495019,0.8412214132800001,4.0587132047625,0.5598720500676825,pass,
bckdh_complex_stabilization,positive,903,skeletal_muscle,fasted,0.13835816316,0.8962512069249999,1.7741910119035291,1.4479260522252837,0.3113058671099999,1.4479260522252702,0.7849987804062406,pass,
bckdh_complex_stabilization,positive,904,adipose_subcutaneous,caloric_restriction,0.4907588938,0.9700812681,4.424707606732233,2.957227599153294,0.8833660088400002,1.7461462825799996,0.29175308454007,pass,
bckdh_complex_stabilization,positive,905,liver,fed,0.11748532676,0.950925026225,9.847796765516478,12.531277893145283,1.05736794084,8.558325236025,0.5985788009128813,pass,
bckdh_complex_stabilization,positive,906,adipose_subcutaneous,fasted,0.14007043228,0.770947746775,7.743458387699947,4.305250667601323,0.3151584726299999,1.73463243024375,0.3297076215087406,pass,
bckdh_complex_stabilization,positive,907,skeletal_muscle,fasted,0.23369221584,0.930287944225,1.7500372064843774,1.51658617518431,0.525807485657527,1.5165861751844374,0.6532953456512298,pass,
bckdh_complex_stabilization,positive,908,skeletal_muscle,fed,0.13477630112,0.99323767575,16.740318835852428,17.030470680354767,1.21298671008,8.93913908175,0.4536664028071979,pass,
bckdh_complex_stabilization,positive,909,skeletal_muscle,fed,0.18737734968,0.9240124935,12.782647061080514,7.724644971546646,1.6863961471762137,7.724644971546646,0.781686258282682,pass,
bckdh_complex_stabilization,positive,910,skeletal_muscle,exercise,0.3853711403600001,0.874495592975,3.616357613902567,2.4851046122361264,1.73417013162,2.4851046122359204,0.3021741929568995,pass,
bckdh_complex_stabilization,positive,911,liver,caloric_restriction,0.26291534672,0.786647588875,1.438505638021905,1.3885813953396045,0.4732476240959999,1.335768828077748,0.6211527872089931,pass,
bckdh_complex_stabilization,positive,912,adipose_subcutaneous,fed,0.27237077024,0.90587334095,7.049979942112873,8.137135157001014,2.451336932241711,7.525345542047184,0.6235620414194432,pass,
bckdh_complex_stabilization,positive,913,liver,fasted,0.29824475096,0.831299705775,2.313059634115893,3.2479012953532846,0.67105068966,1.8704243379937504,0.3692765078943972,pass,
bckdh_complex_stabilization,positive,914,liver,fasted,0.21840224512,0.8049025182,6.611011964304699,4.251524199508996,0.4914050515199999,1.81103066595,0.310388828218925,pass,
bckdh_complex_stabilization,positive,915,skeletal_muscle,fasted,0.44967775052,0.87599516415,1.451023672237062,2.943985631046213,1.01177493867,1.9709891193375,0.3258216244508711,pass,
bckdh_complex_stabilization,positive,916,skeletal_muscle,fasted,0.47620021684,0.8332480966,2.5845069393058577,1.444395825003307,1.071450487925715,1.444395825003305,0.2582016166356173,pass,
bckdh_complex_stabilization,positive,917,skeletal_muscle,fasted,0.15027259992,0.82021450955,1.9979178656840837,1.2264391466465825,0.3381133498200001,1.226439146646476,0.7243129830415148,pass,
bckdh_complex_stabilization,positive,918,skeletal_muscle,caloric_restriction,0.13340845216,0.9207168794,1.523963905976785,1.0705921393959863,0.240135213888,1.0705921393958495,0.775698695094457,pass,
bckdh_complex_stabilization,positive,919,skeletal_muscle,fasted,0.47281277648,0.841075288425,2.286867382805413,1.8527595579655087,1.063828747044539,1.8325156939343128,0.4148875894796945,pass,
bckdh_complex_stabilization,positive,920,liver,exercise,0.15263118116,0.9291870596,7.099703303998746,6.631274169314699,0.68684031522,4.181341768199999,0.5269728507306062,pass,
bckdh_complex_stabilization,positive,921,liver,caloric_restriction,0.3827564448,0.825569953,4.011184172099123,3.1810441857496423,0.68896160064,1.4860259154000002,0.2505668793695692,pass,
bckdh_complex_stabilization,positive,922,skeletal_muscle,exercise,0.38438133176,0.961285841675,10.2617160489095,7.414605217773226,1.72971599292,4.3257862875375,0.350129267623659,pass,
bckdh_complex_stabilization,positive,923,liver,fasted,0.27265806544,0.818046543875,0.9338452865235132,1.8493705308505648,0.6134806472400001,1.7491115471244516,0.6140634777835197,pass,
bckdh_complex_stabilization,positive,924,liver,fed,0.18337045164,0.9758954801,12.19899754229087,7.0958989469946605,1.65033406476,7.0958989469946605,0.7674242436246969,pass,
bckdh_complex_stabilization,positive,925,adipose_subcutaneous,exercise,0.4313227426,0.92695001015,1.7553577450580362,2.9665807267363657,1.9409523417,2.966580726736237,0.3457274483693436,pass,
bckdh_complex_stabilization,positive,926,liver,fed,0.48104712084,0.929400207225,10.21231768638858,6.589318998131786,4.32942408756,6.58931899813185,0.3429633489003308,pass,
bckdh_complex_stabilization,positive,927,adipose_subcutaneous,fasted,0.3877924151199999,0.7991542419,3.403954319065756,3.2167498917205144,0.8725329340199999,1.7980970442749995,0.287732693373917,pass,
bckdh_complex_stabilization,positive,928,liver,fed,0.22446841724,0.9008762039,5.786112394017644,7.04050606734587,2.0202157552273405,7.04050606734587,0.7130581614584246,pass,
bckdh_complex_stabilization,positive,929,liver,exercise,0.46280654816,0.94052247705,8.076590376544411,5.8604244152601,2.0826294667894207,4.232351146866078,0.3668201358384463,pass,
bckdh_complex_stabilization,positive,930,skeletal_muscle,fed,0.11018917392,0.8990852137500001,11.813802777153136,12.353904451712689,0.99170256528,8.091766923749999,0.5747222982193034,pass,
bckdh_complex_stabilization,positive,931,skeletal_muscle,fasted,0.12740119092,0.871281577375,4.426012869119639,3.7842974241952927,0.28665267957,1.9603835490937505,0.4422831194035069,pass,
bckdh_complex_stabilization,positive,932,skeletal_muscle,exercise,0.36058644452,0.991401309075,4.867452903076324,7.1050881987454,1.622639000394088,4.46130589098621,0.3995259187765421,pass,
bckdh_complex_stabilization,positive,933,liver,fed,0.20724054368,0.91544554105,7.821228045675559,11.065998607057448,1.86516489312,8.23900986945,0.5759846176254729,pass,
bckdh_complex_stabilization,positive,934,skeletal_muscle,caloric_restriction,0.27521468484,0.9825341139,1.7967811015750688,1.3305338064850307,0.495386432712,1.3305338064849992,0.6276784322972369,pass,
bckdh_complex_stabilization,positive,935,skeletal_muscle,caloric_restriction,0.4389203916800001,0.78141280255,0.922874678104354,1.382922147940632,0.7900567050240002,1.3580918510572837,0.4107499087198571,pass,
bckdh_complex_stabilization,positive,936,skeletal_muscle,fed,0.2748642674,0.878481104375,5.162056019299659,6.192001875088471,2.4737784066,6.192001875088401,0.6004881044121575,pass,
bckdh_complex_stabilization,positive,937,skeletal_muscle,caloric_restriction,0.30973133984,0.917280512625,1.24876171788893,1.4539676554795316,0.557516411712,1.4441475878585663,0.6098011691010743,pass,
bckdh_complex_stabilization,positive,938,skeletal_muscle,caloric_restriction,0.14026516888,0.9280284747,1.3427660469062566,2.043994582074092,0.252477303984,1.67045125446,0.6937268635209134,pass,
bckdh_complex_stabilization,positive,939,liver,caloric_restriction,0.3665201208400001,0.969870563875,4.466076435882202,2.5383586082808027,0.6597362175120002,1.7457670149749998,0.4278476626273678,pass,
bckdh_complex_stabilization,positive,940,skeletal_muscle,exercise,0.42479593732,0.888222596675,3.9224546581295434,4.381800448794737,1.91158171794,3.88891215284454,0.451259809297894,pass,
bckdh_complex_stabilization,positive,941,adipose_subcutaneous,fasted,0.1539965288,0.99498335045,3.811933105934715,2.94935931029406,0.3464921897999999,2.2387125385125,0.6415699647405253,pass,
bckdh_complex_stabilization,positive,942,liver,caloric_restriction,0.35116468444,0.97506512605,0.8784420915177421,1.0497552130187902,0.6320964319919999,1.04975521301879,0.3978630216331339,pass,
bckdh_complex_stabilization,positive,943,adipose_subcutaneous,exercise,0.35682449076,0.922614461675,6.043137758009986,4.080922391279967,1.6057102083664765,3.769417509535384,0.5302005511774186,pass,
bckdh_complex_stabilization,positive,944,liver,caloric_restriction,0.2888399758,0.93720334995,0.9666918712323463,1.4735994926223814,0.51991195644,1.4614241475809882,0.6389200022493875,pass,
bckdh_complex_stabilization,positive,945,skeletal_muscle,fed,0.15576311736,0.90254560695,4.120375380560482,6.179592925876197,1.401868056193271,6.179592925876197,0.7731455658959119,pass,
bckdh_complex_stabilization,positive,946,skeletal_muscle,fed,0.25719805312,0.917256996075,6.476444107498054,5.7721134633465,2.31478247808,5.772113463346118,0.5989714178732829,pass,
bckdh_complex_stabilization,positive,947,liver,fed,0.2858218498,0.82241231235,10.66876959093676,7.179430371602616,2.5723966482,6.973073715877736,0.6129562987453838,pass,
bckdh_complex_stabilization,positive,948,skeletal_muscle,exercise,0.2954777738,0.9512020234,3.9044598598611824,6.154537779326764,1.3296499820556784,4.28040910515732,0.4794444731517142,pass,
bckdh_complex_stabilization,positive,949,skeletal_muscle,caloric_restriction,0.4024580726,0.9027118493,1.539999106874226,1.677428748302865,0.7244245306799999,1.6074704840151646,0.5264282934393396,pass,
bckdh_complex_stabilization,positive,950,liver,fed,0.34326248088,0.812201718175,14.669441873150165,7.762784075748611,3.08936232792,7.103295681990353,0.5170739408571359,pass,
bckdh_complex_stabilization,positive,951,skeletal_muscle,caloric_restriction,0.21761426632,0.897731063075,4.253062230650482,2.7113077105450207,0.3917056793629432,1.6159159134811365,0.451520212684419,pass,
bckdh_complex_stabilization,positive,952,liver,caloric_restriction,0.16095930976,0.91560872465,1.3092224841266216,1.0819341366505189,0.289726757568,1.0819341366505189,0.7322140528212336,pass,
bckdh_complex_stabilization,positive,953,liver,exercise,0.2331095872,0.948042449325,2.602878941873464,4.60485159918169,1.0489931424349663,4.248246101450543,0.6947570166178869,pass,
bckdh_complex_stabilization,positive,954,adipose_subcutaneous,fed,0.31356882484,0.80324634495,10.799986651843811,8.67504099183262,2.82211942356,7.229217104550001,0.508020386893756,pass,
bckdh_complex_stabilization,positive,955,liver,exercise,0.42375891416,0.857086831525,2.4643930290399894,2.515203221265884,1.90691511372,2.515203221265884,0.2418445167383877,pass,
bckdh_complex_stabilization,positive,956,skeletal_muscle,fasted,0.40718427596,0.7528827444,2.7700711479383155,3.54152154395086,0.91616462091,1.6939861749,0.2196292029674555,pass,
bckdh_complex_stabilization,positive,957,skeletal_muscle,caloric_restriction,0.45440435804,0.91395327675,1.0674256140241225,0.895195345825385,0.8008955854267863,0.895195345825385,0.1053398689329117,pass,
bckdh_complex_stabilization,positive,958,liver,fed,0.24756845688,0.972507201275,2.9077330177375464,5.871062855699615,2.2281161119199995,5.871062855699615,0.6204918654963898,pass,
bckdh_complex_stabilization,positive,959,adipose_subcutaneous,fasted,0.41035902432,0.833431656175,1.16162716729635,1.8894639262577828,0.9233078047200002,1.7903294877522764,0.4588717842046734,pass,
bckdh_complex_stabilization,positive,960,liver,fed,0.12031917636,0.8994855283250001,2.8405140120745034,4.924500177870993,1.08287258724,4.924500177871071,0.7801050770378732,pass,
bckdh_complex_stabilization,positive,961,liver,fasted,0.46523782792,0.757613850475,2.3983152951600384,1.431845831793608,1.04678511282,1.4318458317937028,0.2689261025339262,pass,
bckdh_complex_stabilization,positive,962,skeletal_muscle,caloric_restriction,0.4014739238,0.990191266125,1.3644928040060516,1.980778930214618,0.72265306284,1.7823442790249997,0.5349871204810229,pass,
bckdh_complex_stabilization,positive,963,adipose_subcutaneous,fasted,0.3175504570399999,0.93481876565,5.858444181751717,3.403589106636347,0.7144885283399999,2.1033422227125,0.4080556291781816,pass,
bckdh_complex_stabilization,positive,964,adipose_subcutaneous,fed,0.11396982072,0.994266275075,3.795519859712982,5.600409697620379,1.02572838648,5.600409697620354,0.8168476161813915,pass,
bckdh_complex_stabilization,positive,965,liver,exercise,0.13874714072,0.819789993925,8.809502412811343,5.4154721506069805,0.62436213324,3.6890549726625,0.5659142461066854,pass,
bckdh_complex_stabilization,positive,966,liver,fasted,0.12021597456,0.773586829425,1.2266421544083643,1.941204942255708,0.27048594276,1.7403944017072517,0.7572144635275846,pass,
bckdh_complex_stabilization,positive,967,liver,exercise,0.15316191432,0.77704517265,7.730577218473223,5.982426308427395,0.6892286144399999,3.4967032769250004,0.4692869611331666,pass,
bckdh_complex_stabilization,positive,968,adipose_subcutaneous,exercise,0.32398824232,0.793710943475,3.4905888259411784,5.382669978602719,1.45794709044,3.5716992456375003,0.3926958486401959,pass,
bckdh_complex_stabilization,positive,969,skeletal_muscle,exercise,0.38452881144,0.900798940475,16.515676444543736,8.548620044241225,1.730379651422321,4.0535952320023805,0.271764982951265,pass,
bckdh_complex_stabilization,positive,970,adipose_subcutaneous,exercise,0.24664661644,0.99202001985,4.373678092718111,3.635361205435066,1.10990977398,3.635361205435047,0.6946906479827526,pass,
bckdh_complex_stabilization,positive,971,skeletal_muscle,exercise,0.41534886524,0.756500420275,2.605309843038408,3.3284400395033256,1.8690698935176977,3.281567679114212,0.424372309199624,pass,
bckdh_complex_stabilization,positive,972,liver,fasted,0.22452862416,0.8833633695,1.7860722367507704,3.0313282622252284,0.50518940436,1.987567581375,0.4890193501929811,pass,
bckdh_complex_stabilization,positive,973,liver,exercise,0.30500046752,0.9425455817,11.20760471167852,8.11598717101649,1.37250210384,4.24145511765,0.3534940301600645,pass,
bckdh_complex_stabilization,positive,974,liver,caloric_restriction,0.2144784938,0.949597415875,2.370736752267217,3.2852919438140065,0.3860612888399999,1.709275348575,0.402769093999858,pass,
bckdh_complex_stabilization,positive,975,adipose_subcutaneous,fed,0.39496806744,0.9899542372,8.763422320338888,5.2551336895853344,3.55471260696,5.255133689585254,0.3235733252600522,pass,
bckdh_complex_stabilization,positive,976,adipose_subcutaneous,exercise,0.1406293618,0.797355764325,3.3403702777496496,4.950458263198467,0.6328321281,3.5881009394625,0.5969687358707505,pass,
bckdh_complex_stabilization,positive,977,skeletal_muscle,caloric_restriction,0.4197795214000001,0.8462426064999999,1.3128301563590208,1.735914259423125,0.7556031385200002,1.5232366916999998,0.4422070669752421,pass,
bckdh_complex_stabilization,positive,978,liver,fasted,0.3019354754,0.929030602025,2.670473239691466,2.6212990448635445,0.6793548196726451,2.0903188546259277,0.5382690073908496,pass,
bckdh_complex_stabilization,positive,979,liver,fed,0.25111021424,0.7513702167,5.90648589839477,6.22275746567265,2.25999192816,6.222757465672547,0.6368182529003951,pass,
bckdh_complex_stabilization,positive,980,skeletal_muscle,fasted,0.3311724694,0.9052144089,2.5650336671048923,1.48192682478423,0.745138056174838,1.4819268247841744,0.4971829622671238,pass,
bckdh_complex_stabilization,positive,981,skeletal_muscle,fasted,0.3643644581199999,0.78247739095,1.4081877237323766,2.6133872081544305,0.8198200307700001,1.7605741296375002,0.3599750147747371,pass,
bckdh_complex_stabilization,positive,982,skeletal_muscle,fed,0.4420958878,0.90765254735,3.2711139273060383,5.616801457250613,3.978862990067372,5.616801457250562,0.2916140938307173,pass,
bckdh_complex_stabilization,positive,983,skeletal_muscle,caloric_restriction,0.28515202612,0.828480950425,1.8883028616435071,1.1214151365332377,0.5132736469988909,1.1214151365333356,0.5422982709279848,pass,
bckdh_complex_stabilization,positive,984,liver,caloric_restriction,0.19104998604,0.98779424175,1.9405384318686183,2.730778976954301,0.343889974883463,1.7780296352092675,0.5251760294146298,pass,
bckdh_complex_stabilization,positive,985,adipose_subcutaneous,exercise,0.16552793756,0.9773759348,2.852703533753648,4.121174949812836,0.7448757190199999,4.1182885549998485,0.8185560858398047,pass,
bckdh_complex_stabilization,positive,986,liver,fed,0.22864986828,0.9475732609,15.03268397055452,12.186611787377911,2.05784881452,8.5281593481,0.5309359686243161,pass,
bckdh_complex_stabilization,positive,987,liver,fed,0.17596920276,0.81742029885,17.417289037377202,9.836621559611016,1.583722824892791,7.356782689895225,0.5868945785925637,pass,
bckdh_complex_stabilization,positive,988,adipose_subcutaneous,caloric_restriction,0.33797094376,0.898142872575,0.9220589841997272,1.742722790725855,0.6083476987477218,1.5759042244496908,0.5551981823219146,pass,
bckdh_complex_stabilization,positive,989,liver,fasted,0.16008757048,0.809113967775,1.2853565212921243,1.937726676877544,0.3601970335920065,1.8088648832587733,0.7476120687986567,pass,
bckdh_complex_stabilization,positive,990,liver,caloric_restriction,0.20087760996,0.9092036905,1.7925393520645123,1.928724925832614,0.3615796979159473,1.606345742010128,0.6453828783058974,pass,
bckdh_complex_stabilization,positive,991,adipose_subcutaneous,exercise,0.29079038404,0.816068751825,3.5173876036056924,2.498379394788841,1.30855672818,2.49837939478882,0.4762377840173397,pass,
bckdh_complex_stabilization,positive,992,adipose_subcutaneous,fed,0.4032603330000001,0.99081376445,6.716052116015908,6.94039958670993,3.629342997000001,6.9403995867098,0.4770700228917789,pass,
bckdh_complex_stabilization,positive,993,liver,exercise,0.30791509388,0.792100788475,5.9572516442758765,3.0648792855419527,1.3856179224138128,3.064879285541953,0.5479045687214406,pass,
bckdh_complex_stabilization,positive,994,adipose_subcutaneous,caloric_restriction,0.2446451328,0.9610163015,2.718100491795008,2.2013510452165157,0.4403612390399999,1.7298293427,0.5857621420545279,pass,
bckdh_complex_stabilization,positive,995,adipose_subcutaneous,fasted,0.29367386724,0.996850611575,1.6392199558511131,1.1325312209374014,0.66076620129,1.1325312209374057,0.4165580700344168,pass,
bckdh_complex_stabilization,positive,996,liver,fed,0.38239208648,0.966036602075,3.7384025570966526,5.501848025824152,3.4415287783200004,5.501848025824232,0.3744776732897135,pass,
bckdh_complex_stabilization,positive,997,skeletal_muscle,fed,0.27969215952,0.99745334005,9.890287814210136,8.819601472741287,2.517229435763908,8.764206809191244,0.7083060830735775,pass,
bckdh_complex_stabilization,positive,998,liver,fed,0.20367060168,0.7842082857,8.990747194845955,5.015857329567798,1.833035415058899,5.015857329568006,0.6345519231073029,pass,
bckdh_complex_stabilization,positive,999,adipose_subcutaneous,fasted,0.3470882981199999,0.940074723875,2.24996857842975,2.419065897623983,0.7809486707699999,2.11516812871875,0.5515432462006208,pass,
bckdk_direct_model_inhibition,disconnect_control,0,skeletal_muscle,fed,0.93337956729,0.05581786148,4.970649643910124,9.021155722755688,9.021155722755688,9.021155722755688,0.0,pass,
bckdk_direct_model_inhibition,disconnect_control,1,liver,fed,0.98069137785,0.04222838671,4.32695656492072,4.784417501158147,4.784417501158147,4.784417501158147,0.0,pass,
bckdk_direct_model_inhibition,disconnect_control,2,adipose_subcutaneous,fed,0.99492251039,0.06098342484,31.50871719785548,18.94660050261112,18.94660050261112,18.94660050261112,0.0,pass,
bckdk_direct_model_inhibition,disconnect_control,3,skeletal_muscle,fed,0.96747578525,0.05234555532,9.076142226262784,10.450117609782076,10.450117609782076,10.450117609782076,0.0,pass,
bckdk_direct_model_inhibition,disconnect_control,4,adipose_subcutaneous,exercise,0.9382483888,0.03668388424,8.402333238035688,6.138856428679666,6.138856428679666,6.138856428679666,0.0,pass,
bckdk_direct_model_inhibition,disconnect_control,5,liver,caloric_restriction,0.9287684674,0.02962862311,0.7107072404533608,1.370603965289784,1.370603965289784,1.370603965289784,0.0,pass,
bckdk_direct_model_inhibition,disconnect_control,6,adipose_subcutaneous,fasted,0.98184192835,0.06828193391,0.9532945844110624,1.4945864437011092,1.4945864437011092,1.4945864437011092,0.0,pass,
bckdk_direct_model_inhibition,disconnect_control,7,adipose_subcutaneous,fasted,0.91771669099,0.04722848661,2.1100212556155142,2.8945025259644743,2.8945025259644743,2.8945025259644743,0.0,pass,
bckdk_direct_model_inhibition,disconnect_control,8,skeletal_muscle,exercise,0.90226359297,0.03575670003,2.2010918032530404,2.6884265795997395,2.6884265795997395,2.6884265795997395,0.0,pass,
bckdk_direct_model_inhibition,disconnect_control,9,adipose_subcutaneous,fasted,0.97492813389,0.00137407099,0.8055452027468663,1.2934177291820554,1.2934177291820554,1.2934177291820554,0.0,pass,
bckdk_direct_model_inhibition,disconnect_control,10,adipose_subcutaneous,fed,0.97132628405,0.09103148219,6.225847436113274,8.448659738939732,8.448659738939732,8.448659738939732,0.0,pass,
bckdk_direct_model_inhibition,disconnect_control,11,adipose_subcutaneous,fed,0.90525460812,0.02155444871,7.033647713122121,7.908977328865713,7.908977328865713,7.908977328865713,0.0,pass,
bckdk_direct_model_inhibition,disconnect_control,12,skeletal_muscle,fed,0.92188634178,0.08605529326,4.876141650525735,8.098944775714417,8.098944775714417,8.098944775714417,0.0,pass,
bckdk_direct_model_inhibition,disconnect_control,13,skeletal_muscle,exercise,0.9153320159,0.08916426674,4.6501249154739295,3.0008396639766683,3.0008396639766683,3.0008396639766683,0.0,pass,
bckdk_direct_model_inhibition,disconnect_control,14,liver,exercise,0.96160886972,0.09007450971,5.202420493933151,4.845094013021715,4.845094013021715,4.845094013021715,0.0,pass,
bckdk_direct_model_inhibition,disconnect_control,15,adipose_subcutaneous,caloric_restriction,0.90943993035,0.09129818563,3.065528705181792,3.2644816133543566,3.2644816133543566,3.2644816133543566,0.0,pass,
bckdk_direct_model_inhibition,disconnect_control,16,adipose_subcutaneous,fed,0.96868311972,0.04791536157,7.601020120246503,10.63920080423912,10.63920080423912,10.63920080423912,0.0,pass,
bckdk_direct_model_inhibition,disconnect_control,17,skeletal_muscle,exercise,0.93057569537,0.01642266517,1.9435427073272835,3.743868300549957,3.743868300549957,3.743868300549957,0.0,pass,
bckdk_direct_model_inhibition,disconnect_control,18,adipose_subcutaneous,exercise,0.91868886717,0.07489603106,5.191206586871352,6.77368394768456,6.77368394768456,6.77368394768456,0.0,pass,
bckdk_direct_model_inhibition,disconnect_control,19,adipose_subcutaneous,caloric_restriction,0.9398674817,0.02722826321,2.8452036979968414,2.659266187617569,2.659266187617569,2.659266187617569,0.0,pass,
bckdk_direct_model_inhibition,disconnect_control,20,liver,fed,0.97311595088,0.06795838193,26.70560515949922,13.863443065296188,13.863443065296188,13.863443065296188,0.0,pass,
bckdk_direct_model_inhibition,disconnect_control,21,skeletal_muscle,exercise,0.98189186065,0.03447576773,7.73381931271953,7.16812349305116,7.16812349305116,7.16812349305116,0.0,pass,
bckdk_direct_model_inhibition,disconnect_control,22,liver,fed,0.92543623202,0.06001305523,4.501762499336466,6.183406676718413,6.183406676718413,6.183406676718413,0.0,pass,
bckdk_direct_model_inhibition,disconnect_control,23,skeletal_muscle,fasted,0.93845150805,0.04768107515,1.1186437447191453,1.7550986982866077,1.7550986982866077,1.7550986982866077,0.0,pass,
bckdk_direct_model_inhibition,disconnect_control,24,liver,caloric_restriction,0.97140569265,0.07116802434,1.1532703163613325,0.9465130524846932,0.9465130524846932,0.9465130524846932,0.0,pass,
bckdk_direct_model_inhibition,disconnect_control,25,skeletal_muscle,exercise,0.97453318204,0.0309743707,2.018084588314132,3.968480573872692,3.968480573872692,3.968480573872692,0.0,pass,
bckdk_direct_model_inhibition,disconnect_control,26,liver,caloric_restriction,0.93243655828,0.02794954216,1.6473663601921074,1.0323016911433678,1.0323016911433678,1.0323016911433678,0.0,pass,
bckdk_direct_model_inhibition,disconnect_control,27,adipose_subcutaneous,fasted,0.957985416,0.08971713128,1.3166537422678175,1.7083287568556862,1.7083287568556862,1.7083287568556862,0.0,pass,
bckdk_direct_model_inhibition,disconnect_control,28,liver,caloric_restriction,0.93386389852,0.03374871425,0.975951982748594,1.403306030814619,1.403306030814619,1.403306030814619,0.0,pass,
bckdk_direct_model_inhibition,disconnect_control,29,liver,exercise,0.93493816085,0.05434025048,1.424039252102257,2.6402691287445403,2.6402691287445403,2.6402691287445403,0.0,pass,
bckdk_direct_model_inhibition,disconnect_control,30,skeletal_muscle,exercise,0.94563779361,0.02851820835,2.499706483380974,3.1815535809024764,3.1815535809024764,3.1815535809024764,0.0,pass,
bckdk_direct_model_inhibition,disconnect_control,31,liver,caloric_restriction,0.90599054786,0.07139064697,1.629424937795654,2.6941436264528784,2.6941436264528784,2.6941436264528784,0.0,pass,
bckdk_direct_model_inhibition,disconnect_control,32,liver,exercise,0.95945039862,0.05550772674,5.514487292954565,7.291029752643214,7.291029752643214,7.291029752643214,0.0,pass,
bckdk_direct_model_inhibition,disconnect_control,33,adipose_subcutaneous,caloric_restriction,0.93223685857,0.04297722072,3.744440043491855,2.112082659235945,2.112082659235945,2.112082659235945,0.0,pass,
bckdk_direct_model_inhibition,disconnect_control,34,adipose_subcutaneous,caloric_restriction,0.90482691068,0.05780763233,0.9746427397828578,1.488473422296981,1.488473422296981,1.488473422296981,0.0,pass,
bckdk_direct_model_inhibition,disconnect_control,35,adipose_subcutaneous,fasted,0.91862444637,0.09695618337,1.9302260894753425,1.4065112732961984,1.4065112732961984,1.4065112732961984,0.0,pass,
bckdk_direct_model_inhibition,disconnect_control,36,skeletal_muscle,caloric_restriction,0.9197351355,0.0584309260199999,0.5910449295766761,0.9570555098969292,0.9570555098969292,0.9570555098969292,0.0,pass,
bckdk_direct_model_inhibition,disconnect_control,37,skeletal_muscle,exercise,0.93717055481,0.08444936324,3.047912123011752,2.3893199885444414,2.3893199885444414,2.3893199885444414,0.0,pass,
bckdk_direct_model_inhibition,disconnect_control,38,skeletal_muscle,fasted,0.92859121443,0.06959964136,4.223710393583463,4.779799954826982,4.779799954826982,4.779799954826982,0.0,pass,
bckdk_direct_model_inhibition,disconnect_control,39,skeletal_muscle,exercise,0.99784696056,0.02105050872,3.373649541128928,5.709575091154565,5.709575091154565,5.709575091154565,0.0,pass,
bckdk_direct_model_inhibition,disconnect_control,40,liver,exercise,0.9519270706,0.09813603718,3.720729417745362,2.847572582248299,2.847572582248299,2.847572582248299,0.0,pass,
bckdk_direct_model_inhibition,disconnect_control,41,skeletal_muscle,fed,0.90231757323,0.08583693049,8.405683904413513,10.938709302062485,10.938709302062485,10.938709302062485,0.0,pass,
bckdk_direct_model_inhibition,disconnect_control,42,skeletal_muscle,fasted,0.90803981068,0.03798777878,1.3227274775850832,2.258915026084889,2.258915026084889,2.258915026084889,0.0,pass,
bckdk_direct_model_inhibition,disconnect_control,43,liver,fasted,0.91189015229,0.08672758903,6.185546324567879,3.253703925738185,3.253703925738185,3.253703925738185,0.0,pass,
bckdk_direct_model_inhibition,disconnect_control,44,adipose_subcutaneous,caloric_restriction,0.98228076281,0.09423158822,1.674023484007817,1.05624218958234,1.05624218958234,1.05624218958234,0.0,pass,
bckdk_direct_model_inhibition,disconnect_control,45,adipose_subcutaneous,fed,0.96357106457,0.01572761664,15.921974741634664,12.178474423318557,12.178474423318557,12.178474423318557,0.0,pass,
bckdk_direct_model_inhibition,disconnect_control,46,adipose_subcutaneous,fed,0.90505864476,0.07506770168,6.384753396251349,11.82721096673751,11.82721096673751,11.82721096673751,0.0,pass,
bckdk_direct_model_inhibition,disconnect_control,47,liver,caloric_restriction,0.95062075606,0.09634681715,0.6007488145235388,0.9299191548177224,0.9299191548177224,0.9299191548177224,0.0,pass,
bckdk_direct_model_inhibition,disconnect_control,48,liver,caloric_restriction,0.91839180475,0.03350952186,0.9621535193431872,1.3244009693483016,1.3244009693483016,1.3244009693483016,0.0,pass,
bckdk_direct_model_inhibition,disconnect_control,49,adipose_subcutaneous,fed,0.96347929548,0.07344661524,7.225049544571256,7.686277938245826,7.686277938245826,7.686277938245826,0.0,pass,
bckdk_direct_model_inhibition,disconnect_control,50,adipose_subcutaneous,fasted,0.91553865783,0.00300498544,2.141912154528573,1.7060051827683311,1.7060051827683311,1.7060051827683311,0.0,pass,
bckdk_direct_model_inhibition,disconnect_control,51,liver,fasted,0.9115186845,0.03761911149,5.249556233831385,2.7193218381421485,2.7193218381421485,2.7193218381421485,0.0,pass,
bckdk_direct_model_inhibition,disconnect_control,52,adipose_subcutaneous,caloric_restriction,0.92446600828,0.05834408557,2.4509178252564623,1.7232559733147277,1.7232559733147277,1.7232559733147277,0.0,pass,
bckdk_direct_model_inhibition,disconnect_control,53,liver,fasted,0.97472419189,0.02415719756,5.534179050660618,4.319666606918926,4.319666606918926,4.319666606918926,0.0,pass,
bckdk_direct_model_inhibition,disconnect_control,54,skeletal_muscle,caloric_restriction,0.96580665128,0.00825533895,2.6688672673402856,1.9576224785409748,1.9576224785409748,1.9576224785409748,0.0,pass,
bckdk_direct_model_inhibition,disconnect_control,55,liver,exercise,0.90963208496,0.08714028059,7.487759377716178,9.413213840488968,9.413213840488968,9.413213840488968,0.0,pass,
bckdk_direct_model_inhibition,disconnect_control,56,adipose_subcutaneous,fed,0.99801587643,0.05892792006,11.545075961631598,14.944970368563176,14.944970368563176,14.944970368563176,0.0,pass,
bckdk_direct_model_inhibition,disconnect_control,57,adipose_subcutaneous,fasted,0.94678102525,0.0771917057,1.7658524026317273,2.519099664476363,2.519099664476363,2.519099664476363,0.0,pass,
bckdk_direct_model_inhibition,disconnect_control,58,liver,fasted,0.99525888067,0.0611160253899999,2.7639425007362366,2.3226525125208752,2.3226525125208752,2.3226525125208752,0.0,pass,
bckdk_direct_model_inhibition,disconnect_control,59,liver,caloric_restriction,0.98668605355,0.04714407043,3.3875937862919523,1.992966184710365,1.992966184710365,1.992966184710365,0.0,pass,
bckdk_direct_model_inhibition,disconnect_control,60,skeletal_muscle,fed,0.94373295543,0.05586686373,5.153071861840526,5.651572931288313,5.651572931288313,5.651572931288313,0.0,pass,
bckdk_direct_model_inhibition,disconnect_control,61,liver,fasted,0.99841737547,0.07917062491,3.625233904932937,3.550090438858237,3.550090438858237,3.550090438858237,0.0,pass,
bckdk_direct_model_inhibition,disconnect_control,62,adipose_subcutaneous,fed,0.9051114234,0.01202663631,4.465242012584787,5.226541707506443,5.226541707506443,5.226541707506443,0.0,pass,
bckdk_direct_model_inhibition,disconnect_control,63,skeletal_muscle,caloric_restriction,0.90590579628,0.03841467237,1.2392043579812675,1.1118271398919806,1.1118271398919806,1.1118271398919806,0.0,pass,
bckdk_direct_model_inhibition,disconnect_control,64,skeletal_muscle,fasted,0.9289604908,0.05928989241,2.398023385396215,1.5752551448820724,1.5752551448820724,1.5752551448820724,0.0,pass,
bckdk_direct_model_inhibition,disconnect_control,65,adipose_subcutaneous,fasted,0.98035153147,0.0512785743599999,2.2506922305622163,1.9605755641689917,1.9605755641689917,1.9605755641689917,0.0,pass,
bckdk_direct_model_inhibition,disconnect_control,66,liver,fasted,0.90740989204,0.07412717521,2.046496084949841,2.2530779788865702,2.2530779788865702,2.2530779788865702,0.0,pass,
bckdk_direct_model_inhibition,disconnect_control,67,liver,fed,0.91860846944,0.02237375517,10.827046592495712,5.5482772231798085,5.5482772231798085,5.5482772231798085,0.0,pass,
bckdk_direct_model_inhibition,disconnect_control,68,liver,fasted,0.94686027738,0.0865675004,3.038354178542644,3.08789175891554,3.08789175891554,3.08789175891554,0.0,pass,
bckdk_direct_model_inhibition,disconnect_control,69,liver,fasted,0.93919894046,0.03754073873,4.254511843287527,3.3297168278501883,3.3297168278501883,3.3297168278501883,0.0,pass,
bckdk_direct_model_inhibition,disconnect_control,70,skeletal_muscle,exercise,0.92835994697,0.0546145531,6.543393548210597,8.124137827747374,8.124137827747374,8.124137827747374,0.0,pass,
bckdk_direct_model_inhibition,disconnect_control,71,skeletal_muscle,exercise,0.97941247378,0.09457300834,2.9409443219163736,2.513405470615829,2.513405470615829,2.513405470615829,0.0,pass,
bckdk_direct_model_inhibition,disconnect_control,72,skeletal_muscle,fasted,0.96373852418,0.03613554216,4.20720331135692,2.3668682947847075,2.3668682947847075,2.3668682947847075,0.0,pass,
bckdk_direct_model_inhibition,disconnect_control,73,adipose_subcutaneous,fasted,0.94170153826,0.05038121472,1.2835115874962937,1.6646928999539332,1.6646928999539332,1.6646928999539332,0.0,pass,
bckdk_direct_model_inhibition,disconnect_control,74,liver,exercise,0.97702985606,0.07885216718,4.737880233699474,7.064204946368072,7.064204946368072,7.064204946368072,0.0,pass,
bckdk_direct_model_inhibition,disconnect_control,75,skeletal_muscle,caloric_restriction,0.95376546394,0.03480135376,2.1079920769054707,2.6187587444450724,2.6187587444450724,2.6187587444450724,0.0,pass,
bckdk_direct_model_inhibition,disconnect_control,76,skeletal_muscle,caloric_restriction,0.917911684,0.03268979973,2.436654669607793,3.457038249604798,3.457038249604798,3.457038249604798,0.0,pass,
bckdk_direct_model_inhibition,disconnect_control,77,skeletal_muscle,exercise,0.91217047359,0.03874179922,6.041909086819391,5.588123930039811,5.588123930039811,5.588123930039811,0.0,pass,
bckdk_direct_model_inhibition,disconnect_control,78,skeletal_muscle,caloric_restriction,0.93183730575,0.0013244058,1.7355639843217627,3.094003461218642,3.094003461218642,3.094003461218642,0.0,pass,
bckdk_direct_model_inhibition,disconnect_control,79,skeletal_muscle,fed,0.96871741722,0.02411869619,9.649293665902588,13.006328064350903,13.006328064350903,13.006328064350903,0.0,pass,
bckdk_direct_model_inhibition,disconnect_control,80,adipose_subcutaneous,fasted,0.97537962707,0.03198414956,2.655929367115064,2.896754716372397,2.896754716372397,2.896754716372397,0.0,pass,
bckdk_direct_model_inhibition,disconnect_control,81,skeletal_muscle,fed,0.90432734442,0.08687222223,10.164040837763862,15.020753233589708,15.020753233589708,15.020753233589708,0.0,pass,
bckdk_direct_model_inhibition,disconnect_control,82,adipose_subcutaneous,exercise,0.94570260117,0.08224075752,7.465735349133383,3.8373732668761646,3.8373732668761646,3.8373732668761646,0.0,pass,
bckdk_direct_model_inhibition,disconnect_control,83,liver,exercise,0.92071756041,0.05077558335,3.086039561908421,5.370999725827963,5.370999725827963,5.370999725827963,0.0,pass,
bckdk_direct_model_inhibition,disconnect_control,84,adipose_subcutaneous,caloric_restriction,0.93141669817,0.04449447645,0.9688629937257196,1.5406281086790004,1.5406281086790004,1.5406281086790004,0.0,pass,
bckdk_direct_model_inhibition,disconnect_control,85,adipose_subcutaneous,fasted,0.96656153134,0.02652460684,1.59676414096358,1.225683298259408,1.225683298259408,1.225683298259408,0.0,pass,
bckdk_direct_model_inhibition,disconnect_control,86,adipose_subcutaneous,fed,0.91139249564,0.03735441344,4.599863255878868,5.928322532355244,5.928322532355244,5.928322532355244,0.0,pass,
bckdk_direct_model_inhibition,disconnect_control,87,adipose_subcutaneous,fed,0.97334989581,0.0497501764,5.798975609960618,7.64150607616298,7.64150607616298,7.64150607616298,0.0,pass,
bckdk_direct_model_inhibition,disconnect_control,88,adipose_subcutaneous,fed,0.91887351273,0.09396453305,7.048802560803352,7.194587783425972,7.194587783425972,7.194587783425972,0.0,pass,
bckdk_direct_model_inhibition,disconnect_control,89,skeletal_muscle,fed,0.99626638279,0.09667959866,15.703770039370664,9.133531546377217,9.133531546377217,9.133531546377217,0.0,pass,
bckdk_direct_model_inhibition,disconnect_control,90,adipose_subcutaneous,fasted,0.91197784583,0.03337956175,3.5439324813747346,3.981440131831949,3.981440131831949,3.981440131831949,0.0,pass,
bckdk_direct_model_inhibition,disconnect_control,91,liver,fed,0.90119539341,0.06712999289,2.8263104052217374,5.210362226400925,5.210362226400925,5.210362226400925,0.0,pass,
bckdk_direct_model_inhibition,disconnect_control,92,adipose_subcutaneous,exercise,0.97478918891,0.01658561147,2.6735562953791225,3.6534295042324985,3.6534295042324985,3.6534295042324985,0.0,pass,
bckdk_direct_model_inhibition,disconnect_control,93,adipose_subcutaneous,exercise,0.9780076664,0.00756102557,3.3683057663882368,2.7367253078569216,2.7367253078569216,2.7367253078569216,0.0,pass,
bckdk_direct_model_inhibition,disconnect_control,94,liver,caloric_restriction,0.93126190443,0.09469907454,2.0450154880611104,1.700823410842417,1.700823410842417,1.700823410842417,0.0,pass,
bckdk_direct_model_inhibition,disconnect_control,95,adipose_subcutaneous,fed,0.93484028131,0.09672534527,12.385431092700458,7.802796049568792,7.802796049568792,7.802796049568792,0.0,pass,
bckdk_direct_model_inhibition,disconnect_control,96,skeletal_muscle,fasted,0.95500898338,0.01314481166,2.080604595996816,2.7065411030000943,2.7065411030000943,2.7065411030000943,0.0,pass,
bckdk_direct_model_inhibition,disconnect_control,97,skeletal_muscle,fasted,0.94763580352,0.07567343623,1.7320301600481305,2.826553142143335,2.826553142143335,2.826553142143335,0.0,pass,
bckdk_direct_model_inhibition,disconnect_control,98,liver,exercise,0.93543191349,0.0659665979,9.831971141625264,5.632068639695907,5.632068639695907,5.632068639695907,0.0,pass,
bckdk_direct_model_inhibition,disconnect_control,99,adipose_subcutaneous,fasted,0.95048375673,0.05650584485,0.6414936922817879,1.133526528577539,1.133526528577539,1.133526528577539,0.0,pass,
bckdk_direct_model_inhibition,disconnect_control,100,liver,exercise,0.90637836159,0.07331410832,2.608350942768497,3.6730823864774713,3.6730823864774713,3.6730823864774713,0.0,pass,
bckdk_direct_model_inhibition,disconnect_control,101,skeletal_muscle,fasted,0.91955807597,0.02440953974,1.453364127742785,2.145926873668919,2.145926873668919,2.145926873668919,0.0,pass,
bckdk_direct_model_inhibition,disconnect_control,102,liver,exercise,0.9825121235,0.01491775646,2.4617782891859576,2.583144569087106,2.583144569087106,2.583144569087106,0.0,pass,
bckdk_direct_model_inhibition,disconnect_control,103,liver,fasted,0.96543834432,0.00193945823,4.689795412218974,2.491090283869757,2.491090283869757,2.491090283869757,0.0,pass,
bckdk_direct_model_inhibition,disconnect_control,104,liver,caloric_restriction,0.93717093963,0.02294443327,0.6767565379005227,1.0545040629751896,1.0545040629751896,1.0545040629751896,0.0,pass,
bckdk_direct_model_inhibition,disconnect_control,105,skeletal_muscle,caloric_restriction,0.95305063703,0.09863383388,2.393210755745905,3.32939233375558,3.32939233375558,3.32939233375558,0.0,pass,
bckdk_direct_model_inhibition,disconnect_control,106,adipose_subcutaneous,fasted,0.93429417133,0.0389061883,3.1424170965285243,4.543983657475151,4.543983657475151,4.543983657475151,0.0,pass,
bckdk_direct_model_inhibition,disconnect_control,107,skeletal_muscle,caloric_restriction,0.95846076637,0.00680884007,1.587841842122541,1.5772953328800745,1.5772953328800745,1.5772953328800745,0.0,pass,
bckdk_direct_model_inhibition,disconnect_control,108,liver,caloric_restriction,0.90041474022,0.03089580659,0.8719781002394446,1.499705454662312,1.499705454662312,1.499705454662312,0.0,pass,
bckdk_direct_model_inhibition,disconnect_control,109,liver,fasted,0.95793731154,9.892751e-05,2.4297319375925746,1.9519991550937623,1.9519991550937623,1.9519991550937623,0.0,pass,
bckdk_direct_model_inhibition,disconnect_control,110,liver,fasted,0.98132285869,0.04393272476,2.38823117974779,3.179909680202422,3.179909680202422,3.179909680202422,0.0,pass,
bckdk_direct_model_inhibition,disconnect_control,111,skeletal_muscle,caloric_restriction,0.96872977678,0.0597028348299999,1.0440155642822972,1.0615272487114864,1.0615272487114864,1.0615272487114864,0.0,pass,
bckdk_direct_model_inhibition,disconnect_control,112,liver,fed,0.9884289579,0.01922442662,8.091754996023676,5.937343715340222,5.937343715340222,5.937343715340222,0.0,pass,
bckdk_direct_model_inhibition,disconnect_control,113,adipose_subcutaneous,fasted,0.94745713027,0.00599534191,1.4778017167896729,1.6643572392096688,1.6643572392096688,1.6643572392096688,0.0,pass,
bckdk_direct_model_inhibition,disconnect_control,114,liver,fasted,0.917521991,0.06342291289,1.979240410773376,2.0003868186207465,2.0003868186207465,2.0003868186207465,0.0,pass,
bckdk_direct_model_inhibition,disconnect_control,115,adipose_subcutaneous,fed,0.91980505788,0.08681362168,7.986880582335153,14.027954173550103,14.027954173550103,14.027954173550103,0.0,pass,
bckdk_direct_model_inhibition,disconnect_control,116,skeletal_muscle,exercise,0.97015598005,0.09122818584,5.697726712976844,4.096860132175761,4.096860132175761,4.096860132175761,0.0,pass,
bckdk_direct_model_inhibition,disconnect_control,117,skeletal_muscle,caloric_restriction,0.93089879472,0.03803705478,0.7502192273523528,1.0362968562693715,1.0362968562693715,1.0362968562693715,0.0,pass,
bckdk_direct_model_inhibition,disconnect_control,118,skeletal_muscle,fed,0.97816778497,0.06036764922,6.622852939201552,5.138136089340932,5.138136089340932,5.138136089340932,0.0,pass,
bckdk_direct_model_inhibition,disconnect_control,119,liver,exercise,0.99938964087,0.02469111274,4.604226907696749,9.504622884822794,9.504622884822794,9.504622884822794,0.0,pass,
bckdk_direct_model_inhibition,disconnect_control,120,adipose_subcutaneous,fasted,0.97952978752,0.04921325794,2.0417824550287302,1.8112212783235035,1.8112212783235035,1.8112212783235035,0.0,pass,
bckdk_direct_model_inhibition,disconnect_control,121,skeletal_muscle,exercise,0.97188569789,0.02342137105,6.508009133764172,3.3490304941904725,3.3490304941904725,3.3490304941904725,0.0,pass,
bckdk_direct_model_inhibition,disconnect_control,122,liver,exercise,0.97076630889,0.04854679858,2.072435813125852,3.6322755571499887,3.6322755571499887,3.6322755571499887,0.0,pass,
bckdk_direct_model_inhibition,disconnect_control,123,skeletal_muscle,caloric_restriction,0.97327400908,0.06672402197,0.8242043556930946,1.126265900773352,1.126265900773352,1.126265900773352,0.0,pass,
bckdk_direct_model_inhibition,disconnect_control,124,liver,exercise,0.97743275156,0.09755761367,4.708125549631267,7.147897571172631,7.147897571172631,7.147897571172631,0.0,pass,
bckdk_direct_model_inhibition,disconnect_control,125,liver,caloric_restriction,0.90809606356,0.08055401396,0.7113622107969492,0.9635414368056132,0.9635414368056132,0.9635414368056132,0.0,pass,
bckdk_direct_model_inhibition,disconnect_control,126,skeletal_muscle,caloric_restriction,0.92086546004,0.08334898324,2.8472393394130604,1.4229107556036058,1.4229107556036058,1.4229107556036058,0.0,pass,
bckdk_direct_model_inhibition,disconnect_control,127,liver,fasted,0.96228900953,0.00521381382,1.0695215033536922,1.5026728181862463,1.5026728181862463,1.5026728181862463,0.0,pass,
bckdk_direct_model_inhibition,disconnect_control,128,skeletal_muscle,caloric_restriction,0.96870802188,0.09387992841,1.916361099066577,3.723475182935408,3.723475182935408,3.723475182935408,0.0,pass,
bckdk_direct_model_inhibition,disconnect_control,129,adipose_subcutaneous,fed,0.93375572694,0.08941905787,26.75342490018681,16.66955909132397,16.66955909132397,16.66955909132397,0.0,pass,
bckdk_direct_model_inhibition,disconnect_control,130,liver,caloric_restriction,0.91496030679,0.05052614827,3.657119420727136,1.6969242725407754,1.6969242725407754,1.6969242725407754,0.0,pass,
bckdk_direct_model_inhibition,disconnect_control,131,liver,fed,0.96824301072,0.08929798983,7.31453086089864,9.346514410032922,9.346514410032922,9.346514410032922,0.0,pass,
bckdk_direct_model_inhibition,disconnect_control,132,adipose_subcutaneous,exercise,0.95335537921,0.08343658775,4.091959038930255,5.119802927327833,5.119802927327833,5.119802927327833,0.0,pass,
bckdk_direct_model_inhibition,disconnect_control,133,skeletal_muscle,fed,0.90273558099,0.09470903019,13.827785230973484,9.07319540470368,9.07319540470368,9.07319540470368,0.0,pass,
bckdk_direct_model_inhibition,disconnect_control,134,adipose_subcutaneous,caloric_restriction,0.97107989953,0.06512303258,1.5380928917901202,2.9319076314563306,2.9319076314563306,2.9319076314563306,0.0,pass,
bckdk_direct_model_inhibition,disconnect_control,135,skeletal_muscle,fed,0.96402311177,0.08621078332,7.703880502223711,8.807844099630088,8.807844099630088,8.807844099630088,0.0,pass,
bckdk_direct_model_inhibition,disconnect_control,136,liver,fasted,0.96811817677,0.06409076651,1.195915054768089,1.403184435011591,1.403184435011591,1.403184435011591,0.0,pass,
bckdk_direct_model_inhibition,disconnect_control,137,adipose_subcutaneous,exercise,0.93257448241,0.04444872151,11.555611905641191,5.772636226121991,5.772636226121991,5.772636226121991,0.0,pass,
bckdk_direct_model_inhibition,disconnect_control,138,skeletal_muscle,fed,0.9346914108,0.04685184315,5.127336563846895,5.01716708509077,5.01716708509077,5.01716708509077,0.0,pass,
bckdk_direct_model_inhibition,disconnect_control,139,liver,fed,0.92993082538,0.02928571412,7.389243655907288,6.980828539198554,6.980828539198554,6.980828539198554,0.0,pass,
bckdk_direct_model_inhibition,disconnect_control,140,liver,exercise,0.97704493277,0.01950768266,9.145832144248203,9.502185938799062,9.502185938799062,9.502185938799062,0.0,pass,
bckdk_direct_model_inhibition,disconnect_control,141,adipose_subcutaneous,caloric_restriction,0.9507976297,0.08987013967,2.9291244094434554,1.5659614849243173,1.5659614849243173,1.5659614849243173,0.0,pass,
bckdk_direct_model_inhibition,disconnect_control,142,adipose_subcutaneous,fed,0.96172155114,0.05396259409,9.574293557384784,6.58884605363521,6.58884605363521,6.58884605363521,0.0,pass,
bckdk_direct_model_inhibition,disconnect_control,143,skeletal_muscle,exercise,0.97853951595,0.03645316349,1.3282064599989225,2.463727895335638,2.463727895335638,2.463727895335638,0.0,pass,
bckdk_direct_model_inhibition,disconnect_control,144,skeletal_muscle,caloric_restriction,0.99369024537,0.08082400636,5.186248861320007,3.2834583823180363,3.2834583823180363,3.2834583823180363,0.0,pass,
bckdk_direct_model_inhibition,disconnect_control,145,skeletal_muscle,fed,0.99133081879,0.01663085191,3.5868675553736837,5.69725586150422,5.69725586150422,5.69725586150422,0.0,pass,
bckdk_direct_model_inhibition,disconnect_control,146,liver,exercise,0.96626827737,0.012164132,2.6364598883886226,4.714172118851804,4.714172118851804,4.714172118851804,0.0,pass,
bckdk_direct_model_inhibition,disconnect_control,147,liver,exercise,0.94589104818,0.00897778767,5.184593612343031,5.997147660118185,5.997147660118185,5.997147660118185,0.0,pass,
bckdk_direct_model_inhibition,disconnect_control,148,skeletal_muscle,fed,0.9861039915,0.06211838759,13.227616879214668,15.633007296133838,15.633007296133838,15.633007296133838,0.0,pass,
bckdk_direct_model_inhibition,disconnect_control,149,liver,caloric_restriction,0.99255662241,0.00283490393,1.0894668218586816,1.7186601061522435,1.7186601061522435,1.7186601061522435,0.0,pass,
bckdk_direct_model_inhibition,disconnect_control,150,adipose_subcutaneous,exercise,0.96611075791,0.0186487814,4.084505768201635,5.209959092174653,5.209959092174653,5.209959092174653,0.0,pass,
bckdk_direct_model_inhibition,disconnect_control,151,adipose_subcutaneous,caloric_restriction,0.96364977336,0.06212186002,2.549697386255781,2.240939029569386,2.240939029569386,2.240939029569386,0.0,pass,
bckdk_direct_model_inhibition,disconnect_control,152,skeletal_muscle,caloric_restriction,0.95224368,0.08280214446,4.690137360953461,3.52093704889252,3.52093704889252,3.52093704889252,0.0,pass,
bckdk_direct_model_inhibition,disconnect_control,153,liver,exercise,0.90399639912,0.08950917325,5.527061475663666,5.66443734554231,5.66443734554231,5.66443734554231,0.0,pass,
bckdk_direct_model_inhibition,disconnect_control,154,liver,caloric_restriction,0.98347349576,0.07685441796,2.3349558314075542,2.114946945679593,2.114946945679593,2.114946945679593,0.0,pass,
bckdk_direct_model_inhibition,disconnect_control,155,skeletal_muscle,fed,0.97987940374,0.03875823264,7.550906076347695,7.431575347405753,7.431575347405753,7.431575347405753,0.0,pass,
bckdk_direct_model_inhibition,disconnect_control,156,liver,caloric_restriction,0.92999267158,0.08173542278,3.107089921709289,1.7954824743134266,1.7954824743134266,1.7954824743134266,0.0,pass,
bckdk_direct_model_inhibition,disconnect_control,157,adipose_subcutaneous,fasted,0.96389068153,0.04423614313,3.884479291383803,2.0488297172609142,2.0488297172609142,2.0488297172609142,0.0,pass,
bckdk_direct_model_inhibition,disconnect_control,158,liver,fasted,0.93366772666,0.01941167569,1.8852069822399264,3.1461638701696564,3.1461638701696564,3.1461638701696564,0.0,pass,
bckdk_direct_model_inhibition,disconnect_control,159,adipose_subcutaneous,caloric_restriction,0.98342695002,0.07698043037,0.9563044791214718,0.9961780543954885,0.9961780543954885,0.9961780543954885,0.0,pass,
bckdk_direct_model_inhibition,disconnect_control,160,adipose_subcutaneous,fasted,0.9099710994,0.01679325694,1.2164717060613313,1.9965910057112877,1.9965910057112877,1.9965910057112877,0.0,pass,
bckdk_direct_model_inhibition,disconnect_control,161,skeletal_muscle,fasted,0.96690872499,0.05992291081,3.06406783330134,2.847637446310203,2.847637446310203,2.847637446310203,0.0,pass,
bckdk_direct_model_inhibition,disconnect_control,162,skeletal_muscle,exercise,0.98688449971,0.03970979736,2.474668680770155,4.617256263006055,4.617256263006055,4.617256263006055,0.0,pass,
bckdk_direct_model_inhibition,disconnect_control,163,adipose_subcutaneous,exercise,0.92557721372,0.0401099858,4.933265385212084,6.684107511837744,6.684107511837744,6.684107511837744,0.0,pass,
bckdk_direct_model_inhibition,disconnect_control,164,adipose_subcutaneous,fasted,0.9879704207,0.02860629054,2.424748193463269,1.5124756342811685,1.5124756342811685,1.5124756342811685,0.0,pass,
bckdk_direct_model_inhibition,disconnect_control,165,adipose_subcutaneous,caloric_restriction,0.9524909915,0.00596650885,2.3305156638083684,2.073733795160086,2.073733795160086,2.073733795160086,0.0,pass,
bckdk_direct_model_inhibition,disconnect_control,166,adipose_subcutaneous,fasted,0.92980121317,0.09627820173,0.9167465511809602,1.390846844837205,1.390846844837205,1.390846844837205,0.0,pass,
bckdk_direct_model_inhibition,disconnect_control,167,liver,exercise,0.99496987267,0.04631303924,2.6676808863443684,5.071778823547311,5.071778823547311,5.071778823547311,0.0,pass,
bckdk_direct_model_inhibition,disconnect_control,168,liver,fasted,0.96990699242,0.0682500268,3.04003629848364,2.917747756632593,2.917747756632593,2.917747756632593,0.0,pass,
bckdk_direct_model_inhibition,disconnect_control,169,skeletal_muscle,exercise,0.92645228733,0.0374889817,3.059672470382336,2.936856677658512,2.936856677658512,2.936856677658512,0.0,pass,
bckdk_direct_model_inhibition,disconnect_control,170,adipose_subcutaneous,fed,0.96903043278,0.00340320076,12.07030399998832,16.14639164874321,16.14639164874321,16.14639164874321,0.0,pass,
bckdk_direct_model_inhibition,disconnect_control,171,liver,fed,0.90409081018,0.08090421002,8.161877956696234,8.835032680933882,8.835032680933882,8.835032680933882,0.0,pass,
bckdk_direct_model_inhibition,disconnect_control,172,skeletal_muscle,caloric_restriction,0.96531836262,0.08248618536,3.506832569305964,1.792699378546109,1.792699378546109,1.792699378546109,0.0,pass,
bckdk_direct_model_inhibition,disconnect_control,173,skeletal_muscle,caloric_restriction,0.9812662913,0.03688655151,0.9758735927926976,1.1132334170996516,1.1132334170996516,1.1132334170996516,0.0,pass,
bckdk_direct_model_inhibition,disconnect_control,174,skeletal_muscle,fasted,0.97395935716,0.08371281172,1.9633616412529904,2.279837899197484,2.279837899197484,2.279837899197484,0.0,pass,
bckdk_direct_model_inhibition,disconnect_control,175,liver,fed,0.96100232307,0.07806332387,17.602373355688815,9.853857214339875,9.853857214339875,9.853857214339875,0.0,pass,
bckdk_direct_model_inhibition,disconnect_control,176,adipose_subcutaneous,fasted,0.96479114875,0.00779278505,1.671885077729712,3.3459775444345,3.3459775444345,3.3459775444345,0.0,pass,
bckdk_direct_model_inhibition,disconnect_control,177,adipose_subcutaneous,fed,0.94164631692,0.02402661049,3.757749935208767,7.0208309378475775,7.0208309378475775,7.0208309378475775,0.0,pass,
bckdk_direct_model_inhibition,disconnect_control,178,liver,exercise,0.99096789636,0.06024833778,4.16934301384801,3.0034193967668763,3.0034193967668763,3.0034193967668763,0.0,pass,
bckdk_direct_model_inhibition,disconnect_control,179,liver,fed,0.92750375636,0.0570842387,3.896828000759609,6.935200937711555,6.935200937711555,6.935200937711555,0.0,pass,
bckdk_direct_model_inhibition,disconnect_control,180,liver,caloric_restriction,0.99052870427,0.07780582985,2.15002781381961,1.3255174749022671,1.3255174749022671,1.3255174749022671,0.0,pass,
bckdk_direct_model_inhibition,disconnect_control,181,adipose_subcutaneous,caloric_restriction,0.94280424387,0.04714386182,0.9835877900774558,1.213619182454412,1.213619182454412,1.213619182454412,0.0,pass,
bckdk_direct_model_inhibition,disconnect_control,182,adipose_subcutaneous,exercise,0.94029818288,0.04729818848,5.12209391526546,5.403533903487841,5.403533903487841,5.403533903487841,0.0,pass,
bckdk_direct_model_inhibition,disconnect_control,183,adipose_subcutaneous,fasted,0.90466281406,0.02153898906,1.6144965770202722,3.0458165995037354,3.0458165995037354,3.0458165995037354,0.0,pass,
bckdk_direct_model_inhibition,disconnect_control,184,skeletal_muscle,exercise,0.99678021582,0.0819918177,7.198040358758775,5.114027053241271,5.114027053241271,5.114027053241271,0.0,pass,
bckdk_direct_model_inhibition,disconnect_control,185,adipose_subcutaneous,fed,0.97163937989,0.09215042475,10.127362640699902,10.521495465393752,10.521495465393752,10.521495465393752,0.0,pass,
bckdk_direct_model_inhibition,disconnect_control,186,liver,exercise,0.91574756143,0.04861616525,3.455769500672436,4.410494856678906,4.410494856678906,4.410494856678906,0.0,pass,
bckdk_direct_model_inhibition,disconnect_control,187,skeletal_muscle,fasted,0.9100060877,0.02858109155,2.821486295778864,2.0760990985307712,2.0760990985307712,2.0760990985307712,0.0,pass,
bckdk_direct_model_inhibition,disconnect_control,188,liver,fed,0.95939962749,0.01489449549,22.918659554236587,16.51162468816932,16.51162468816932,16.51162468816932,0.0,pass,
bckdk_direct_model_inhibition,disconnect_control,189,skeletal_muscle,fed,0.95285204721,0.00650138564,5.649207453028184,5.485755988412657,5.485755988412657,5.485755988412657,0.0,pass,
bckdk_direct_model_inhibition,disconnect_control,190,skeletal_muscle,exercise,0.95228430882,0.06567546271,6.460619525026096,5.2908063592995465,5.2908063592995465,5.2908063592995465,0.0,pass,
bckdk_direct_model_inhibition,disconnect_control,191,adipose_subcutaneous,exercise,0.92346159904,0.0176030626,1.907564598320729,3.52414231839166,3.52414231839166,3.52414231839166,0.0,pass,
bckdk_direct_model_inhibition,disconnect_control,192,liver,fasted,0.97030290286,0.05531370633,4.979804709399478,2.746879171465081,2.746879171465081,2.746879171465081,0.0,pass,
bckdk_direct_model_inhibition,disconnect_control,193,adipose_subcutaneous,fed,0.90128878222,0.03394544699,13.800697350344334,9.32841864544523,9.32841864544523,9.32841864544523,0.0,pass,
bckdk_direct_model_inhibition,disconnect_control,194,skeletal_muscle,fed,0.90875225213,0.04396749089,15.891322559279258,9.42612273531894,9.42612273531894,9.42612273531894,0.0,pass,
bckdk_direct_model_inhibition,disconnect_control,195,skeletal_muscle,exercise,0.90768546334,0.01646228824,2.09835061144752,3.0268202904810195,3.0268202904810195,3.0268202904810195,0.0,pass,
bckdk_direct_model_inhibition,disconnect_control,196,skeletal_muscle,fed,0.94889043068,0.09663394088,12.071739824320794,8.313010006340535,8.313010006340535,8.313010006340535,0.0,pass,
bckdk_direct_model_inhibition,disconnect_control,197,liver,caloric_restriction,0.95895539828,0.05148214994,1.8947053505670248,1.0647503978467223,1.0647503978467223,1.0647503978467223,0.0,pass,
bckdk_direct_model_inhibition,disconnect_control,198,skeletal_muscle,exercise,0.92420980673,0.0988665333,1.7311119925549316,3.122209340996438,3.122209340996438,3.122209340996438,0.0,pass,
bckdk_direct_model_inhibition,disconnect_control,199,liver,fed,0.9204411068,0.0033084499,6.17754687816476,6.614782848907003,6.614782848907003,6.614782848907003,0.0,pass,
bckdk_direct_model_inhibition,disconnect_control,200,skeletal_muscle,fed,0.92726385044,0.06450888896,5.66901025129365,10.124821536714292,10.124821536714292,10.124821536714292,0.0,pass,
bckdk_direct_model_inhibition,disconnect_control,201,adipose_subcutaneous,exercise,0.97567379303,0.06579424415,7.242173303258912,6.540884365233618,6.540884365233618,6.540884365233618,0.0,pass,
bckdk_direct_model_inhibition,disconnect_control,202,skeletal_muscle,exercise,0.98577740447,0.03786806425,2.0610975188214504,2.724647623602353,2.724647623602353,2.724647623602353,0.0,pass,
bckdk_direct_model_inhibition,disconnect_control,203,adipose_subcutaneous,exercise,0.93351555104,0.02575299816,2.350121508534816,4.284719644717289,4.284719644717289,4.284719644717289,0.0,pass,
bckdk_direct_model_inhibition,disconnect_control,204,liver,fed,0.95733998889,0.02375885379,5.055588516060773,8.7024613118822,8.7024613118822,8.7024613118822,0.0,pass,
bckdk_direct_model_inhibition,disconnect_control,205,liver,fed,0.99676408431,0.01595406366,9.58341466546838,7.853247427457593,7.853247427457593,7.853247427457593,0.0,pass,
bckdk_direct_model_inhibition,disconnect_control,206,liver,caloric_restriction,0.98556630218,0.09865864686,1.657348640567798,1.3229605259054886,1.3229605259054886,1.3229605259054886,0.0,pass,
bckdk_direct_model_inhibition,disconnect_control,207,adipose_subcutaneous,caloric_restriction,0.98718988787,0.08760324928,0.9271176472765146,0.8329596832055786,0.8329596832055786,0.8329596832055786,0.0,pass,
bckdk_direct_model_inhibition,disconnect_control,208,liver,fed,0.96216933561,0.06038755444,13.285061819451425,7.627598589143464,7.627598589143464,7.627598589143464,0.0,pass,
bckdk_direct_model_inhibition,disconnect_control,209,skeletal_muscle,exercise,0.96883445406,0.01016283661,8.998905374573143,6.826284719854303,6.826284719854303,6.826284719854303,0.0,pass,
bckdk_direct_model_inhibition,disconnect_control,210,adipose_subcutaneous,exercise,0.96700361798,0.02292742338,5.973735230375669,5.830629389794137,5.830629389794137,5.830629389794137,0.0,pass,
bckdk_direct_model_inhibition,disconnect_control,211,adipose_subcutaneous,fasted,0.91828095424,0.0576886994899999,1.5054504650269278,1.310533227216768,1.310533227216768,1.310533227216768,0.0,pass,
bckdk_direct_model_inhibition,disconnect_control,212,skeletal_muscle,fasted,0.92416222056,0.06091220487,2.952506813359818,3.0135439284439363,3.0135439284439363,3.0135439284439363,0.0,pass,
bckdk_direct_model_inhibition,disconnect_control,213,liver,exercise,0.99157975617,0.07680187889,7.442370342004767,5.328043376166893,5.328043376166893,5.328043376166893,0.0,pass,
bckdk_direct_model_inhibition,disconnect_control,214,liver,fasted,0.96023254895,0.02339705135,2.9581737505445447,3.031116951402554,3.031116951402554,3.031116951402554,0.0,pass,
bckdk_direct_model_inhibition,disconnect_control,215,adipose_subcutaneous,fasted,0.93223132911,0.06124036037,1.4644517928324976,2.134569287918919,2.134569287918919,2.134569287918919,0.0,pass,
bckdk_direct_model_inhibition,disconnect_control,216,adipose_subcutaneous,fed,0.9318815047,0.03319596353,7.265064287282709,9.09705244788918,9.09705244788918,9.09705244788918,0.0,pass,
bckdk_direct_model_inhibition,disconnect_control,217,skeletal_muscle,fed,0.92645314759,0.05922474271,9.028387951706817,12.706951697171624,12.706951697171624,12.706951697171624,0.0,pass,
bckdk_direct_model_inhibition,disconnect_control,218,skeletal_muscle,fed,0.96195414298,0.04727450342,4.778552487587906,4.925869640690959,4.925869640690959,4.925869640690959,0.0,pass,
bckdk_direct_model_inhibition,disconnect_control,219,adipose_subcutaneous,caloric_restriction,0.98480933049,0.07685486314,0.7354611037401513,0.919329901104093,0.919329901104093,0.919329901104093,0.0,pass,
bckdk_direct_model_inhibition,disconnect_control,220,liver,exercise,0.95087194484,0.01258365188,1.9905630451365068,3.031087091739172,3.031087091739172,3.031087091739172,0.0,pass,
bckdk_direct_model_inhibition,disconnect_control,221,liver,caloric_restriction,0.9333392605,0.03925481634,2.112441561524432,2.6011910892102086,2.6011910892102086,2.6011910892102086,0.0,pass,
bckdk_direct_model_inhibition,disconnect_control,222,skeletal_muscle,exercise,0.9653287509,0.09821640108,4.771748101337255,2.823968438451855,2.823968438451855,2.823968438451855,0.0,pass,
bckdk_direct_model_inhibition,disconnect_control,223,liver,caloric_restriction,0.94636569636,0.02317871923,0.5714537336409687,0.9957269611148843,0.9957269611148843,0.9957269611148843,0.0,pass,
bckdk_direct_model_inhibition,disconnect_control,224,adipose_subcutaneous,caloric_restriction,0.91218920434,0.08335958994,1.8885727896743263,1.9782331940690965,1.9782331940690965,1.9782331940690965,0.0,pass,
bckdk_direct_model_inhibition,disconnect_control,225,liver,caloric_restriction,0.9014117099,0.05862823965,1.2604045693295018,2.1058346291122647,2.1058346291122647,2.1058346291122647,0.0,pass,
bckdk_direct_model_inhibition,disconnect_control,226,adipose_subcutaneous,exercise,0.95886508099,0.0418125661,14.381205226167324,8.967634943327301,8.967634943327301,8.967634943327301,0.0,pass,
bckdk_direct_model_inhibition,disconnect_control,227,adipose_subcutaneous,fasted,0.99306799158,0.08750450679,1.1681531899681188,1.9090845718028688,1.9090845718028688,1.9090845718028688,0.0,pass,
bckdk_direct_model_inhibition,disconnect_control,228,adipose_subcutaneous,fasted,0.99574889809,0.02134038683,4.492016996745558,3.3966063518231357,3.3966063518231357,3.3966063518231357,0.0,pass,
bckdk_direct_model_inhibition,disconnect_control,229,adipose_subcutaneous,fasted,0.94174388698,0.08932964961,3.842748635559512,1.9580458292632037,1.9580458292632037,1.9580458292632037,0.0,pass,
bckdk_direct_model_inhibition,disconnect_control,230,adipose_subcutaneous,exercise,0.93911813143,0.05264185052,4.2991848619046005,4.496045085392462,4.496045085392462,4.496045085392462,0.0,pass,
bckdk_direct_model_inhibition,disconnect_control,231,adipose_subcutaneous,fed,0.95966955529,0.02693150656,9.494434138071306,5.916740508196448,5.916740508196448,5.916740508196448,0.0,pass,
bckdk_direct_model_inhibition,disconnect_control,232,adipose_subcutaneous,exercise,0.97006976036,0.0371823921,14.189660227776148,9.091231858487848,9.091231858487848,9.091231858487848,0.0,pass,
bckdk_direct_model_inhibition,disconnect_control,233,skeletal_muscle,fasted,0.90400518122,0.0714826788,2.5978295848291606,2.223070915695306,2.223070915695306,2.223070915695306,0.0,pass,
bckdk_direct_model_inhibition,disconnect_control,234,adipose_subcutaneous,fed,0.96754494444,0.0741563754,2.686968546970917,4.97041731813275,4.97041731813275,4.97041731813275,0.0,pass,
bckdk_direct_model_inhibition,disconnect_control,235,liver,fasted,0.95617254763,0.02623722511,1.523613482874882,1.3213391590203731,1.3213391590203731,1.3213391590203731,0.0,pass,
bckdk_direct_model_inhibition,disconnect_control,236,liver,fed,0.90939793404,0.06782865272,6.554563756115517,5.801054041745919,5.801054041745919,5.801054041745919,0.0,pass,
bckdk_direct_model_inhibition,disconnect_control,237,skeletal_muscle,exercise,0.90547972082,0.09010667645,4.215278076254758,8.169814183710594,8.169814183710594,8.169814183710594,0.0,pass,
bckdk_direct_model_inhibition,disconnect_control,238,liver,fasted,0.9004053294800001,0.05764439985,0.8137894388686129,1.5901196866065006,1.5901196866065006,1.5901196866065006,0.0,pass,
bckdk_direct_model_inhibition,disconnect_control,239,adipose_subcutaneous,caloric_restriction,0.96091737357,0.06092784612,0.7061111725742496,1.00462982661612,1.00462982661612,1.00462982661612,0.0,pass,
bckdk_direct_model_inhibition,disconnect_control,240,adipose_subcutaneous,caloric_restriction,0.9217249301,0.04598652015,2.3491310035196875,2.391184088767022,2.391184088767022,2.391184088767022,0.0,pass,
bckdk_direct_model_inhibition,disconnect_control,241,adipose_subcutaneous,caloric_restriction,0.94887679934,0.07929076478,1.7300863170638237,1.4901913717231243,1.4901913717231243,1.4901913717231243,0.0,pass,
bckdk_direct_model_inhibition,disconnect_control,242,skeletal_muscle,caloric_restriction,0.96439238409,0.05375446303,1.9052228941617375,1.012106630206673,1.012106630206673,1.012106630206673,0.0,pass,
bckdk_direct_model_inhibition,disconnect_control,243,liver,fed,0.93425808577,0.01908961958,16.667608439494643,15.718193509255933,15.718193509255933,15.718193509255933,0.0,pass,
bckdk_direct_model_inhibition,disconnect_control,244,adipose_subcutaneous,caloric_restriction,0.92433530747,0.0956088221,0.6252025695057107,1.085503167435102,1.085503167435102,1.085503167435102,0.0,pass,
bckdk_direct_model_inhibition,disconnect_control,245,skeletal_muscle,fed,0.99374822857,0.08787529888,10.343374996918412,9.716629018599708,9.716629018599708,9.716629018599708,0.0,pass,
bckdk_direct_model_inhibition,disconnect_control,246,skeletal_muscle,caloric_restriction,0.97178242137,0.04730315938,1.6421480231864876,1.1040281856344123,1.1040281856344123,1.1040281856344123,0.0,pass,
bckdk_direct_model_inhibition,disconnect_control,247,adipose_subcutaneous,caloric_restriction,0.9638151223,0.06988299928,2.3955672363331435,2.176188360189854,2.176188360189854,2.176188360189854,0.0,pass,
bckdk_direct_model_inhibition,disconnect_control,248,skeletal_muscle,exercise,0.94644682462,0.00094133537,7.430068179424945,3.8290650851635375,3.8290650851635375,3.8290650851635375,0.0,pass,
bckdk_direct_model_inhibition,disconnect_control,249,liver,caloric_restriction,0.96269822189,0.01007289862,1.155248411401811,1.0748835820898557,1.0748835820898557,1.0748835820898557,0.0,pass,
bckdk_direct_model_inhibition,disconnect_control,250,liver,exercise,0.94165455714,0.02767338291,8.64288359816625,5.280976684007371,5.280976684007371,5.280976684007371,0.0,pass,
bckdk_direct_model_inhibition,disconnect_control,251,liver,fasted,0.98343176233,0.01240175692,2.4242307144626207,2.2860370707030686,2.2860370707030686,2.2860370707030686,0.0,pass,
bckdk_direct_model_inhibition,disconnect_control,252,skeletal_muscle,fasted,0.97989938111,0.04319326701,2.216188468729618,1.120694381707135,1.120694381707135,1.120694381707135,0.0,pass,
bckdk_direct_model_inhibition,disconnect_control,253,liver,fasted,0.9323884501,0.07313575176,1.8660173867566967,1.9535193121389711,1.9535193121389711,1.9535193121389711,0.0,pass,
bckdk_direct_model_inhibition,disconnect_control,254,skeletal_muscle,caloric_restriction,0.93578000328,0.03450246493,2.814133041814011,2.6383196045073016,2.6383196045073016,2.6383196045073016,0.0,pass,
bckdk_direct_model_inhibition,disconnect_control,255,adipose_subcutaneous,caloric_restriction,0.95579944629,0.0385036634,4.37422423389708,3.4864530626190278,3.4864530626190278,3.4864530626190278,0.0,pass,
bckdk_direct_model_inhibition,disconnect_control,256,adipose_subcutaneous,caloric_restriction,0.98988692487,0.00303777354,2.3527733583391286,1.4089396915970365,1.4089396915970365,1.4089396915970365,0.0,pass,
bckdk_direct_model_inhibition,disconnect_control,257,liver,exercise,0.92783108631,0.00504378453,3.196510340784738,5.799915566985868,5.799915566985868,5.799915566985868,0.0,pass,
bckdk_direct_model_inhibition,disconnect_control,258,adipose_subcutaneous,fasted,0.95325910064,0.0026146306,0.9349751371766124,1.3514535468368123,1.3514535468368123,1.3514535468368123,0.0,pass,
bckdk_direct_model_inhibition,disconnect_control,259,liver,exercise,0.9665840406,0.09080609325,5.081966908085695,3.794273904376514,3.794273904376514,3.794273904376514,0.0,pass,
bckdk_direct_model_inhibition,disconnect_control,260,adipose_subcutaneous,fasted,0.99309287571,0.05135644477,1.1847174733130703,2.1229186000257,2.1229186000257,2.1229186000257,0.0,pass,
bckdk_direct_model_inhibition,disconnect_control,261,skeletal_muscle,exercise,0.957066677,0.03055711998,2.097359217616389,2.7758316108640413,2.7758316108640413,2.7758316108640413,0.0,pass,
bckdk_direct_model_inhibition,disconnect_control,262,liver,caloric_restriction,0.98403472694,0.0996148754,0.5300730148693197,0.9942400219897516,0.9942400219897516,0.9942400219897516,0.0,pass,
bckdk_direct_model_inhibition,disconnect_control,263,liver,fed,0.96604608779,0.03761431376,7.831300278083233,8.07113697412367,8.07113697412367,8.07113697412367,0.0,pass,
bckdk_direct_model_inhibition,disconnect_control,264,liver,fasted,0.9339528198,0.07946696462,2.320994247082111,1.4947737409840722,1.4947737409840722,1.4947737409840722,0.0,pass,
bckdk_direct_model_inhibition,disconnect_control,265,liver,fasted,0.91725331576,0.0161914028,1.4081383631451545,1.3803990450129646,1.3803990450129646,1.3803990450129646,0.0,pass,
bckdk_direct_model_inhibition,disconnect_control,266,liver,fed,0.92330431537,0.04270953172,11.861355918224596,12.508149216509228,12.508149216509228,12.508149216509228,0.0,pass,
bckdk_direct_model_inhibition,disconnect_control,267,liver,exercise,0.99937330164,0.09829074991,9.242627198138369,9.268183271687194,9.268183271687194,9.268183271687194,0.0,pass,
bckdk_direct_model_inhibition,disconnect_control,268,liver,fasted,0.96100009807,0.06124981394,3.885075396136044,2.146028846526706,2.146028846526706,2.146028846526706,0.0,pass,
bckdk_direct_model_inhibition,disconnect_control,269,skeletal_muscle,fasted,0.97972356272,0.07886973577,0.735577761522403,1.2458647770884297,1.2458647770884297,1.2458647770884297,0.0,pass,
bckdk_direct_model_inhibition,disconnect_control,270,skeletal_muscle,caloric_restriction,0.92612039817,0.03773819861,4.5568408633389765,3.3208733552314462,3.3208733552314462,3.3208733552314462,0.0,pass,
bckdk_direct_model_inhibition,disconnect_control,271,adipose_subcutaneous,exercise,0.92511405209,0.0968168818,6.570655672315651,6.236171338019426,6.236171338019426,6.236171338019426,0.0,pass,
bckdk_direct_model_inhibition,disconnect_control,272,liver,fasted,0.92496403788,0.09922127477,3.018768319714483,1.684729332863531,1.684729332863531,1.684729332863531,0.0,pass,
bckdk_direct_model_inhibition,disconnect_control,273,adipose_subcutaneous,fed,0.90239349686,0.02027038766,14.011489376574248,13.013265982582247,13.013265982582247,13.013265982582247,0.0,pass,
bckdk_direct_model_inhibition,disconnect_control,274,skeletal_muscle,fasted,0.9062382767,0.02039535053,1.638055412138682,1.932129893186844,1.932129893186844,1.932129893186844,0.0,pass,
bckdk_direct_model_inhibition,disconnect_control,275,adipose_subcutaneous,caloric_restriction,0.90952766922,0.01540929421,1.6706504495198633,3.3090123782749368,3.3090123782749368,3.3090123782749368,0.0,pass,
bckdk_direct_model_inhibition,disconnect_control,276,adipose_subcutaneous,fasted,0.97740532324,0.05716841191,2.0252667977864864,2.4828196932258084,2.4828196932258084,2.4828196932258084,0.0,pass,
bckdk_direct_model_inhibition,disconnect_control,277,adipose_subcutaneous,exercise,0.9603633058,0.05196714506,13.795463036619456,9.187921996954136,9.187921996954136,9.187921996954136,0.0,pass,
bckdk_direct_model_inhibition,disconnect_control,278,skeletal_muscle,fed,0.93581196135,0.04991027762,12.292785149279258,11.223509282635549,11.223509282635549,11.223509282635549,0.0,pass,
bckdk_direct_model_inhibition,disconnect_control,279,skeletal_muscle,exercise,0.92268821811,0.09806148139,13.734473731869503,9.15156258604296,9.15156258604296,9.15156258604296,0.0,pass,
bckdk_direct_model_inhibition,disconnect_control,280,liver,fed,0.95134970224,0.08089381999,7.63412937687692,7.307687777503209,7.307687777503209,7.307687777503209,0.0,pass,
bckdk_direct_model_inhibition,disconnect_control,281,adipose_subcutaneous,fasted,0.95807608238,0.01253829344,0.9486524100095106,1.6789565305803746,1.6789565305803746,1.6789565305803746,0.0,pass,
bckdk_direct_model_inhibition,disconnect_control,282,skeletal_muscle,exercise,0.91833282028,0.06456009456,6.0428283863480505,5.000261146771251,5.000261146771251,5.000261146771251,0.0,pass,
bckdk_direct_model_inhibition,disconnect_control,283,adipose_subcutaneous,exercise,0.92153802798,0.04008820517,2.899465509438057,2.9885419202222288,2.9885419202222288,2.9885419202222288,0.0,pass,
bckdk_direct_model_inhibition,disconnect_control,284,skeletal_muscle,fasted,0.94557338477,0.04852031276,3.156845310612377,3.62923812671103,3.62923812671103,3.62923812671103,0.0,pass,
bckdk_direct_model_inhibition,disconnect_control,285,adipose_subcutaneous,fed,0.92072011984,0.0985560481,4.130865330067134,4.423062651662798,4.423062651662798,4.423062651662798,0.0,pass,
bckdk_direct_model_inhibition,disconnect_control,286,adipose_subcutaneous,exercise,0.95340825255,0.09086169091,5.855031981945621,7.886392911817995,7.886392911817995,7.886392911817995,0.0,pass,
bckdk_direct_model_inhibition,disconnect_control,287,skeletal_muscle,fed,0.9376546906,0.06316882845,20.38438347419844,16.256675793504815,16.256675793504815,16.256675793504815,0.0,pass,
bckdk_direct_model_inhibition,disconnect_control,288,adipose_subcutaneous,caloric_restriction,0.90988916407,0.00878402749,2.33341502041769,1.1992037880862347,1.1992037880862347,1.1992037880862347,0.0,pass,
bckdk_direct_model_inhibition,disconnect_control,289,skeletal_muscle,caloric_restriction,0.92178473548,0.08577153877,4.807163472440043,3.0056943076972567,3.0056943076972567,3.0056943076972567,0.0,pass,
bckdk_direct_model_inhibition,disconnect_control,290,adipose_subcutaneous,fed,0.98216342888,0.00738665124,3.343386149882569,5.136983753621714,5.136983753621714,5.136983753621714,0.0,pass,
bckdk_direct_model_inhibition,disconnect_control,291,adipose_subcutaneous,caloric_restriction,0.93888522247,0.07981451132,0.8186514229513122,1.2356520129862414,1.2356520129862414,1.2356520129862414,0.0,pass,
bckdk_direct_model_inhibition,disconnect_control,292,adipose_subcutaneous,exercise,0.99549736163,0.01107967605,15.40331595521772,9.085700688784664,9.085700688784664,9.085700688784664,0.0,pass,
bckdk_direct_model_inhibition,disconnect_control,293,skeletal_muscle,exercise,0.93968803274,0.02610025049,5.310911738670198,5.33317278454628,5.33317278454628,5.33317278454628,0.0,pass,
bckdk_direct_model_inhibition,disconnect_control,294,skeletal_muscle,caloric_restriction,0.99575868882,0.01749413603,3.083908805579919,1.576648846265783,1.576648846265783,1.576648846265783,0.0,pass,
bckdk_direct_model_inhibition,disconnect_control,295,liver,caloric_restriction,0.97832242716,0.09396168913,1.705369742750355,1.5200032210695846,1.5200032210695846,1.5200032210695846,0.0,pass,
bckdk_direct_model_inhibition,disconnect_control,296,skeletal_muscle,fed,0.99030653438,0.07991117055,11.164552214447507,7.214394257608001,7.214394257608001,7.214394257608001,0.0,pass,
bckdk_direct_model_inhibition,disconnect_control,297,skeletal_muscle,caloric_restriction,0.93977474168,0.00694901591,1.02158261852932,1.7136089736666662,1.7136089736666662,1.7136089736666662,0.0,pass,
bckdk_direct_model_inhibition,disconnect_control,298,liver,fasted,0.98528993393,0.07832392151,3.3180236068599167,2.716784893148432,2.716784893148432,2.716784893148432,0.0,pass,
bckdk_direct_model_inhibition,disconnect_control,299,liver,fasted,0.96531244799,0.03846888198,2.2712046562845414,3.5449053708932743,3.5449053708932743,3.5449053708932743,0.0,pass,
bckdk_direct_model_inhibition,disconnect_control,300,skeletal_muscle,exercise,0.91503903342,0.07027537953,3.61062850461634,2.568838140092824,2.568838140092824,2.568838140092824,0.0,pass,
bckdk_direct_model_inhibition,disconnect_control,301,skeletal_muscle,caloric_restriction,0.9620930891,0.076350891,0.7247654602364539,1.0339434068715645,1.0339434068715645,1.0339434068715645,0.0,pass,
bckdk_direct_model_inhibition,disconnect_control,302,adipose_subcutaneous,caloric_restriction,0.93896867511,0.03539874549,2.035328332374689,1.2299702323878017,1.2299702323878017,1.2299702323878017,0.0,pass,
bckdk_direct_model_inhibition,disconnect_control,303,skeletal_muscle,caloric_restriction,0.91127501068,0.05902647138,1.1100277982791529,2.187868277028427,2.187868277028427,2.187868277028427,0.0,pass,
bckdk_direct_model_inhibition,disconnect_control,304,liver,exercise,0.94691210109,0.03236690454,4.698232897759853,7.197173668536568,7.197173668536568,7.197173668536568,0.0,pass,
bckdk_direct_model_inhibition,disconnect_control,305,skeletal_muscle,fasted,0.99546407921,0.03908196097,2.802426666601053,2.158943628847163,2.158943628847163,2.158943628847163,0.0,pass,
bckdk_direct_model_inhibition,disconnect_control,306,liver,exercise,0.97519042295,0.06849247609,1.9903702515318693,2.658641430486146,2.658641430486146,2.658641430486146,0.0,pass,
bckdk_direct_model_inhibition,disconnect_control,307,skeletal_muscle,caloric_restriction,0.9449878804,0.04054747479,3.219209193191003,2.647623793780252,2.647623793780252,2.647623793780252,0.0,pass,
bckdk_direct_model_inhibition,disconnect_control,308,skeletal_muscle,exercise,0.90819141425,0.07089185683,4.203871755695967,3.748757029982455,3.748757029982455,3.748757029982455,0.0,pass,
bckdk_direct_model_inhibition,disconnect_control,309,liver,fed,0.93217792849,0.04276810436,11.589797296887587,10.41206688674945,10.41206688674945,10.41206688674945,0.0,pass,
bckdk_direct_model_inhibition,disconnect_control,310,adipose_subcutaneous,caloric_restriction,0.91304848853,0.02074809019,1.0562398516837035,1.908120872745196,1.908120872745196,1.908120872745196,0.0,pass,
bckdk_direct_model_inhibition,disconnect_control,311,adipose_subcutaneous,fed,0.96491087309,0.0812882752,6.358640393522324,6.256143626000084,6.256143626000084,6.256143626000084,0.0,pass,
bckdk_direct_model_inhibition,disconnect_control,312,liver,exercise,0.93111093128,0.07958204978,3.1552714618232343,6.103786159904649,6.103786159904649,6.103786159904649,0.0,pass,
bckdk_direct_model_inhibition,disconnect_control,313,adipose_subcutaneous,caloric_restriction,0.97850983126,0.08085500677,3.626019888411776,2.1978903344448533,2.1978903344448533,2.1978903344448533,0.0,pass,
bckdk_direct_model_inhibition,disconnect_control,314,skeletal_muscle,fed,0.99025443421,0.0846401824,19.75596372171582,15.427450963685372,15.427450963685372,15.427450963685372,0.0,pass,
bckdk_direct_model_inhibition,disconnect_control,315,adipose_subcutaneous,caloric_restriction,0.95337866216,0.08178681996,0.9712527851306352,1.6459877590869838,1.6459877590869838,1.6459877590869838,0.0,pass,
bckdk_direct_model_inhibition,disconnect_control,316,adipose_subcutaneous,fasted,0.9602084263,0.0513926877199999,2.7692822201147687,2.1021795822930445,2.1021795822930445,2.1021795822930445,0.0,pass,
bckdk_direct_model_inhibition,disconnect_control,317,liver,fed,0.99176302671,0.02030151229,18.19216712368048,9.470522290693353,9.470522290693353,9.470522290693353,0.0,pass,
bckdk_direct_model_inhibition,disconnect_control,318,adipose_subcutaneous,caloric_restriction,0.93042706136,0.06989920308,1.9546288277221864,1.0055240137066073,1.0055240137066073,1.0055240137066073,0.0,pass,
bckdk_direct_model_inhibition,disconnect_control,319,skeletal_muscle,fasted,0.904263491,0.00533002829,5.451684558545134,3.098328486033948,3.098328486033948,3.098328486033948,0.0,pass,
bckdk_direct_model_inhibition,disconnect_control,320,liver,caloric_restriction,0.93498009227,0.09861514231,3.08817548566974,2.887489961682782,2.887489961682782,2.887489961682782,0.0,pass,
bckdk_direct_model_inhibition,disconnect_control,321,adipose_subcutaneous,exercise,0.94198227677,0.02006378336,6.528078611856455,3.722925360604777,3.722925360604777,3.722925360604777,0.0,pass,
bckdk_direct_model_inhibition,disconnect_control,322,liver,fasted,0.91498695322,0.04173837479,0.8912239237656079,1.264299291508043,1.264299291508043,1.264299291508043,0.0,pass,
bckdk_direct_model_inhibition,disconnect_control,323,adipose_subcutaneous,exercise,0.96480919095,0.02610320395,1.423749199390531,2.62491849341421,2.62491849341421,2.62491849341421,0.0,pass,
bckdk_direct_model_inhibition,disconnect_control,324,adipose_subcutaneous,fasted,0.90629647547,0.00522866239,2.901845744106545,1.414982534030615,1.414982534030615,1.414982534030615,0.0,pass,
bckdk_direct_model_inhibition,disconnect_control,325,liver,fasted,0.91094034397,0.03613016051,0.735687339987204,1.320989593179398,1.320989593179398,1.320989593179398,0.0,pass,
bckdk_direct_model_inhibition,disconnect_control,326,adipose_subcutaneous,fasted,0.9157539941,0.0685760092,3.078153819011925,2.304782426168841,2.304782426168841,2.304782426168841,0.0,pass,
bckdk_direct_model_inhibition,disconnect_control,327,skeletal_muscle,fasted,0.98480411798,0.01082369234,1.861299360454316,3.4501657389395004,3.4501657389395004,3.4501657389395004,0.0,pass,
bckdk_direct_model_inhibition,disconnect_control,328,skeletal_muscle,fed,0.91804881326,0.01220642818,2.134468681697301,4.227896399417426,4.227896399417426,4.227896399417426,0.0,pass,
bckdk_direct_model_inhibition,disconnect_control,329,adipose_subcutaneous,exercise,0.97796572429,0.06490967183,1.657457613179022,3.0530896440427653,3.0530896440427653,3.0530896440427653,0.0,pass,
bckdk_direct_model_inhibition,disconnect_control,330,skeletal_muscle,fasted,0.94529605077,0.04364020566,0.9711140806461503,1.804400559900139,1.804400559900139,1.804400559900139,0.0,pass,
bckdk_direct_model_inhibition,disconnect_control,331,adipose_subcutaneous,exercise,0.96830890683,0.04044211823,1.833809250530392,2.58778651251295,2.58778651251295,2.58778651251295,0.0,pass,
bckdk_direct_model_inhibition,disconnect_control,332,liver,exercise,0.97230317209,0.03139008487,3.053259570527149,3.920965627670956,3.920965627670956,3.920965627670956,0.0,pass,
bckdk_direct_model_inhibition,disconnect_control,333,liver,fasted,0.94790879108,0.07944385496,3.706955887436964,3.923423127648687,3.923423127648687,3.923423127648687,0.0,pass,
bckdk_direct_model_inhibition,disconnect_control,334,adipose_subcutaneous,exercise,0.97056334378,0.05581211078,7.152672753918273,9.656628057338542,9.656628057338542,9.656628057338542,0.0,pass,
bckdk_direct_model_inhibition,disconnect_control,335,skeletal_muscle,fasted,0.98140958133,0.08462369652,7.678038788118629,4.357535368219638,4.357535368219638,4.357535368219638,0.0,pass,
bckdk_direct_model_inhibition,disconnect_control,336,skeletal_muscle,fasted,0.96687121611,0.00207042356,2.249393983657036,2.4828706738897424,2.4828706738897424,2.4828706738897424,0.0,pass,
bckdk_direct_model_inhibition,disconnect_control,337,adipose_subcutaneous,fed,0.97922528664,0.06570929255,6.695871802896759,7.210501939480085,7.210501939480085,7.210501939480085,0.0,pass,
bckdk_direct_model_inhibition,disconnect_control,338,adipose_subcutaneous,caloric_restriction,0.91693472734,0.08657856264,3.287231725910715,2.263275849542649,2.263275849542649,2.263275849542649,0.0,pass,
bckdk_direct_model_inhibition,disconnect_control,339,adipose_subcutaneous,fed,0.98957008807,0.0480437445,8.81359112276879,5.5967864383504144,5.5967864383504144,5.5967864383504144,0.0,pass,
bckdk_direct_model_inhibition,disconnect_control,340,adipose_subcutaneous,fed,0.98090363826,0.03796335271,20.68597402204064,15.51837968670652,15.51837968670652,15.51837968670652,0.0,pass,
bckdk_direct_model_inhibition,disconnect_control,341,liver,exercise,0.95435187613,0.08843946947,4.564799970313097,3.432500363605958,3.432500363605958,3.432500363605958,0.0,pass,
bckdk_direct_model_inhibition,disconnect_control,342,adipose_subcutaneous,caloric_restriction,0.93400169767,0.03060299387,1.3233502970614208,1.56689466974882,1.56689466974882,1.56689466974882,0.0,pass,
bckdk_direct_model_inhibition,disconnect_control,343,skeletal_muscle,fasted,0.97346496353,0.02224541866,3.210799198000444,2.063394269047436,2.063394269047436,2.063394269047436,0.0,pass,
bckdk_direct_model_inhibition,disconnect_control,344,liver,caloric_restriction,0.98923092116,0.03601306428,1.0608362958266326,1.6189757605083406,1.6189757605083406,1.6189757605083406,0.0,pass,
bckdk_direct_model_inhibition,disconnect_control,345,skeletal_muscle,exercise,0.90709628044,0.0150937558199999,4.67957949270354,4.400228294717062,4.400228294717062,4.400228294717062,0.0,pass,
bckdk_direct_model_inhibition,disconnect_control,346,adipose_subcutaneous,exercise,0.99862773219,0.02203191741,3.7642048814641447,6.608357757887244,6.608357757887244,6.608357757887244,0.0,pass,
bckdk_direct_model_inhibition,disconnect_control,347,skeletal_muscle,caloric_restriction,0.96095612573,0.08390519216,1.2099752435024893,1.6296469963070177,1.6296469963070177,1.6296469963070177,0.0,pass,
bckdk_direct_model_inhibition,disconnect_control,348,liver,fed,0.99783123906,0.00862590079,11.156625683537795,9.797780782425686,9.797780782425686,9.797780782425686,0.0,pass,
bckdk_direct_model_inhibition,disconnect_control,349,skeletal_muscle,caloric_restriction,0.95949354118,0.06935492271,2.946885894335582,2.5883542782517406,2.5883542782517406,2.5883542782517406,0.0,pass,
bckdk_direct_model_inhibition,disconnect_control,350,adipose_subcutaneous,fasted,0.97136543014,0.09297024591,0.830573499061387,1.4142852254039129,1.4142852254039129,1.4142852254039129,0.0,pass,
bckdk_direct_model_inhibition,disconnect_control,351,skeletal_muscle,fasted,0.95359132895,0.00961414117,1.4841217074034,1.523025245797378,1.523025245797378,1.523025245797378,0.0,pass,
bckdk_direct_model_inhibition,disconnect_control,352,adipose_subcutaneous,fasted,0.93989323188,0.09798130758,2.5665141061301493,2.792938342873388,2.792938342873388,2.792938342873388,0.0,pass,
bckdk_direct_model_inhibition,disconnect_control,353,liver,exercise,0.92437228248,0.05895891108,2.683111919446826,3.7721091357903385,3.7721091357903385,3.7721091357903385,0.0,pass,
bckdk_direct_model_inhibition,disconnect_control,354,liver,exercise,0.92148743564,0.07752720793,3.174525305895654,2.952446714766162,2.952446714766162,2.952446714766162,0.0,pass,
bckdk_direct_model_inhibition,disconnect_control,355,skeletal_muscle,fasted,0.9837973939,0.05154773,2.7831511394473547,2.914508130413306,2.914508130413306,2.914508130413306,0.0,pass,
bckdk_direct_model_inhibition,disconnect_control,356,adipose_subcutaneous,exercise,0.99976902093,0.09261867201,3.472384478798168,4.8995832075206165,4.8995832075206165,4.8995832075206165,0.0,pass,
bckdk_direct_model_inhibition,disconnect_control,357,liver,fasted,0.98715314635,0.01413511884,2.635845549000791,1.5244101685515936,1.5244101685515936,1.5244101685515936,0.0,pass,
bckdk_direct_model_inhibition,disconnect_control,358,liver,caloric_restriction,0.98506955071,0.04992311743,0.8104811501166099,1.2511546209410165,1.2511546209410165,1.2511546209410165,0.0,pass,
bckdk_direct_model_inhibition,disconnect_control,359,liver,exercise,0.94124678121,0.00743413871,4.304477491869839,7.001568172106493,7.001568172106493,7.001568172106493,0.0,pass,
bckdk_direct_model_inhibition,disconnect_control,360,liver,exercise,0.94698511462,0.00630316743,4.025268666330375,2.936458865612883,2.936458865612883,2.936458865612883,0.0,pass,
bckdk_direct_model_inhibition,disconnect_control,361,liver,exercise,0.91423469269,0.02785315718,1.8730696663325732,2.34864927765572,2.34864927765572,2.34864927765572,0.0,pass,
bckdk_direct_model_inhibition,disconnect_control,362,skeletal_muscle,fed,0.96119926985,0.07058959942,6.846516762557555,7.503094238233525,7.503094238233525,7.503094238233525,0.0,pass,
bckdk_direct_model_inhibition,disconnect_control,363,adipose_subcutaneous,exercise,0.98228132285,0.09368236612,7.873987409109727,6.550771021275319,6.550771021275319,6.550771021275319,0.0,pass,
bckdk_direct_model_inhibition,disconnect_control,364,skeletal_muscle,fasted,0.99895545749,0.03703904486,2.919329129156141,3.3016589895772874,3.3016589895772874,3.3016589895772874,0.0,pass,
bckdk_direct_model_inhibition,disconnect_control,365,skeletal_muscle,fasted,0.99607219835,0.08170028618,2.377528921565897,2.960866108494276,2.960866108494276,2.960866108494276,0.0,pass,
bckdk_direct_model_inhibition,disconnect_control,366,adipose_subcutaneous,fasted,0.9433645923,0.00479924669,1.570898567675536,2.9297628977785983,2.9297628977785983,2.9297628977785983,0.0,pass,
bckdk_direct_model_inhibition,disconnect_control,367,adipose_subcutaneous,caloric_restriction,0.93828968488,0.07906050468,1.2437827845843976,1.3529732277574056,1.3529732277574056,1.3529732277574056,0.0,pass,
bckdk_direct_model_inhibition,disconnect_control,368,skeletal_muscle,exercise,0.93680579264,0.01912824819,2.539329525156414,3.64078953237887,3.64078953237887,3.64078953237887,0.0,pass,
bckdk_direct_model_inhibition,disconnect_control,369,skeletal_muscle,fasted,0.99492459028,0.04513945959,1.2461160839233416,1.3184020897232165,1.3184020897232165,1.3184020897232165,0.0,pass,
bckdk_direct_model_inhibition,disconnect_control,370,liver,fasted,0.95430940408,0.04195936658,1.6540299083215937,1.4443083486826849,1.4443083486826849,1.4443083486826849,0.0,pass,
bckdk_direct_model_inhibition,disconnect_control,371,liver,caloric_restriction,0.92311159196,0.0207610691,6.066230039482648,3.1741140651062083,3.1741140651062083,3.1741140651062083,0.0,pass,
bckdk_direct_model_inhibition,disconnect_control,372,skeletal_muscle,fed,0.97273287322,0.08348002648,17.150932760969813,10.101705779426874,10.101705779426874,10.101705779426874,0.0,pass,
bckdk_direct_model_inhibition,disconnect_control,373,adipose_subcutaneous,fed,0.97771449783,0.0130844951,9.663966714846875,5.512199710744481,5.512199710744481,5.512199710744481,0.0,pass,
bckdk_direct_model_inhibition,disconnect_control,374,skeletal_muscle,caloric_restriction,0.97650217769,0.07356686456,4.12690079443002,2.1369086080932664,2.1369086080932664,2.1369086080932664,0.0,pass,
bckdk_direct_model_inhibition,disconnect_control,375,liver,fed,0.9489485936,0.07139270682,10.01998298441437,5.977703366126574,5.977703366126574,5.977703366126574,0.0,pass,
bckdk_direct_model_inhibition,disconnect_control,376,skeletal_muscle,fasted,0.97829570973,0.00801808566,3.1697116081766503,1.6276378499349478,1.6276378499349478,1.6276378499349478,0.0,pass,
bckdk_direct_model_inhibition,disconnect_control,377,skeletal_muscle,exercise,0.99315333983,0.06507132401,6.1371295709836655,6.065744927760703,6.065744927760703,6.065744927760703,0.0,pass,
bckdk_direct_model_inhibition,disconnect_control,378,skeletal_muscle,fasted,0.90091326645,0.08541065095,4.302463548158342,2.281077165162204,2.281077165162204,2.281077165162204,0.0,pass,
bckdk_direct_model_inhibition,disconnect_control,379,skeletal_muscle,caloric_restriction,0.96716184568,0.02438367828,1.762013293400083,1.10061758839587,1.10061758839587,1.10061758839587,0.0,pass,
bckdk_direct_model_inhibition,disconnect_control,380,adipose_subcutaneous,fed,0.95088698808,0.00499694151,5.857749750998006,5.515762368079741,5.515762368079741,5.515762368079741,0.0,pass,
bckdk_direct_model_inhibition,disconnect_control,381,adipose_subcutaneous,fed,0.92333706033,0.09991339415,4.941243731676347,7.266903256077285,7.266903256077285,7.266903256077285,0.0,pass,
bckdk_direct_model_inhibition,disconnect_control,382,skeletal_muscle,caloric_restriction,0.92486678572,0.02945472725,2.0831982632244417,1.2054665075433642,1.2054665075433642,1.2054665075433642,0.0,pass,
bckdk_direct_model_inhibition,disconnect_control,383,skeletal_muscle,fed,0.94168654358,0.00263464202,10.30761990902556,13.68408117036554,13.68408117036554,13.68408117036554,0.0,pass,
bckdk_direct_model_inhibition,disconnect_control,384,skeletal_muscle,fasted,0.9060879227,0.00011174906,0.9563432169084912,1.4372849390154727,1.4372849390154727,1.4372849390154727,0.0,pass,
bckdk_direct_model_inhibition,disconnect_control,385,adipose_subcutaneous,fed,0.96411473577,0.07088145338,7.198721914177498,5.352674688026043,5.352674688026043,5.352674688026043,0.0,pass,
bckdk_direct_model_inhibition,disconnect_control,386,liver,exercise,0.92395537017,0.0548355209799999,5.060147801802399,2.7316759613979724,2.7316759613979724,2.7316759613979724,0.0,pass,
bckdk_direct_model_inhibition,disconnect_control,387,skeletal_muscle,caloric_restriction,0.95462796951,0.08101123935,3.927479869121925,2.959654033490537,2.959654033490537,2.959654033490537,0.0,pass,
bckdk_direct_model_inhibition,disconnect_control,388,skeletal_muscle,caloric_restriction,0.91563559877,0.05297134839,2.135580493977952,1.6500536708686615,1.6500536708686615,1.6500536708686615,0.0,pass,
bckdk_direct_model_inhibition,disconnect_control,389,liver,caloric_restriction,0.96702616612,0.08049266932,5.139819428207948,2.7589560628196845,2.7589560628196845,2.7589560628196845,0.0,pass,
bckdk_direct_model_inhibition,disconnect_control,390,liver,fed,0.91310615095,0.04566376325,4.710525507929893,5.770603382418623,5.770603382418623,5.770603382418623,0.0,pass,
bckdk_direct_model_inhibition,disconnect_control,391,liver,fasted,0.9574445272,0.0951187973,1.1834007544308538,2.034660142728938,2.034660142728938,2.034660142728938,0.0,pass,
bckdk_direct_model_inhibition,disconnect_control,392,skeletal_muscle,fed,0.94420496607,0.02598448024,6.451783899046312,5.086069878054047,5.086069878054047,5.086069878054047,0.0,pass,
bckdk_direct_model_inhibition,disconnect_control,393,liver,exercise,0.94879321321,0.02178453607,7.75755755519943,4.940458158131968,4.940458158131968,4.940458158131968,0.0,pass,
bckdk_direct_model_inhibition,disconnect_control,394,liver,caloric_restriction,0.90437091702,0.01885478328,0.5573917897668531,1.1431954249527718,1.1431954249527718,1.1431954249527718,0.0,pass,
bckdk_direct_model_inhibition,disconnect_control,395,liver,caloric_restriction,0.99754895639,0.00413846721,2.303114112438053,3.0480770001271384,3.0480770001271384,3.0480770001271384,0.0,pass,
bckdk_direct_model_inhibition,disconnect_control,396,skeletal_muscle,caloric_restriction,0.97188314739,0.0889685685,1.7534322810682037,0.9080984373986948,0.9080984373986948,0.9080984373986948,0.0,pass,
bckdk_direct_model_inhibition,disconnect_control,397,adipose_subcutaneous,fed,0.93112524833,0.08669334723,4.193897991617533,6.665319597644755,6.665319597644755,6.665319597644755,0.0,pass,
bckdk_direct_model_inhibition,disconnect_control,398,liver,fed,0.9366767378,0.02732361057,5.8527461711912006,9.903041675409453,9.903041675409453,9.903041675409453,0.0,pass,
bckdk_direct_model_inhibition,disconnect_control,399,skeletal_muscle,exercise,0.9000180465400001,0.07041306543,6.3222080586395935,4.53789001791589,4.53789001791589,4.53789001791589,0.0,pass,
bckdk_direct_model_inhibition,disconnect_control,400,skeletal_muscle,fasted,0.9093951744,0.0082761947,3.4194870696892705,4.247750564239519,4.247750564239519,4.247750564239519,0.0,pass,
bckdk_direct_model_inhibition,disconnect_control,401,skeletal_muscle,fasted,0.94361976341,0.06121703636,1.3426410910779532,2.6964169577501256,2.6964169577501256,2.6964169577501256,0.0,pass,
bckdk_direct_model_inhibition,disconnect_control,402,adipose_subcutaneous,exercise,0.92656545592,0.05508062718,4.27287079813047,4.260064653398341,4.260064653398341,4.260064653398341,0.0,pass,
bckdk_direct_model_inhibition,disconnect_control,403,skeletal_muscle,exercise,0.91541133846,0.08715518225,9.938428287946842,5.119956870424163,5.119956870424163,5.119956870424163,0.0,pass,
bckdk_direct_model_inhibition,disconnect_control,404,liver,exercise,0.92404396447,0.02330072076,4.274388309540813,2.627858685693629,2.627858685693629,2.627858685693629,0.0,pass,
bckdk_direct_model_inhibition,disconnect_control,405,skeletal_muscle,fed,0.94961913592,0.09023720305,7.358417534787415,6.088074252143636,6.088074252143636,6.088074252143636,0.0,pass,
bckdk_direct_model_inhibition,disconnect_control,406,skeletal_muscle,fed,0.92594244933,0.08570281312,5.18391032265873,5.533628939077582,5.533628939077582,5.533628939077582,0.0,pass,
bckdk_direct_model_inhibition,disconnect_control,407,liver,fed,0.99924185011,0.0322697585899999,21.583091006147548,14.726441003565512,14.726441003565512,14.726441003565512,0.0,pass,
bckdk_direct_model_inhibition,disconnect_control,408,liver,exercise,0.91109934862,0.01429326548,12.689968807695603,6.376052738169555,6.376052738169555,6.376052738169555,0.0,pass,
bckdk_direct_model_inhibition,disconnect_control,409,skeletal_muscle,exercise,0.98055837909,0.08837319541,7.027327551376151,7.834423225243544,7.834423225243544,7.834423225243544,0.0,pass,
bckdk_direct_model_inhibition,disconnect_control,410,adipose_subcutaneous,exercise,0.96130986724,0.02787046592,4.958164601430934,4.753583663461536,4.753583663461536,4.753583663461536,0.0,pass,
bckdk_direct_model_inhibition,disconnect_control,411,skeletal_muscle,fed,0.90831578409,0.0675213761,8.567108888988429,4.763750939420207,4.763750939420207,4.763750939420207,0.0,pass,
bckdk_direct_model_inhibition,disconnect_control,412,skeletal_muscle,fasted,0.94768330196,0.00674320382,1.8652002179568803,1.6159256926240224,1.6159256926240224,1.6159256926240224,0.0,pass,
bckdk_direct_model_inhibition,disconnect_control,413,adipose_subcutaneous,caloric_restriction,0.96190160264,0.09754212212,2.32214234133998,1.486341282200514,1.486341282200514,1.486341282200514,0.0,pass,
bckdk_direct_model_inhibition,disconnect_control,414,liver,caloric_restriction,0.96229528778,0.03651923244,0.9895879572820664,1.2670663631111094,1.2670663631111094,1.2670663631111094,0.0,pass,
bckdk_direct_model_inhibition,disconnect_control,415,adipose_subcutaneous,caloric_restriction,0.91865707693,0.04069779332,5.95445914044638,3.5995485288948434,3.5995485288948434,3.5995485288948434,0.0,pass,
bckdk_direct_model_inhibition,disconnect_control,416,liver,exercise,0.96420013869,0.01816287946,2.5576677301138284,3.073175942001892,3.073175942001892,3.073175942001892,0.0,pass,
bckdk_direct_model_inhibition,disconnect_control,417,liver,fasted,0.90871807127,0.04217355018,3.1164420141650315,1.8463330456492089,1.8463330456492089,1.8463330456492089,0.0,pass,
bckdk_direct_model_inhibition,disconnect_control,418,adipose_subcutaneous,caloric_restriction,0.94918496835,0.09399639864,1.2319518086783323,1.2243612940779427,1.2243612940779427,1.2243612940779427,0.0,pass,
bckdk_direct_model_inhibition,disconnect_control,419,skeletal_muscle,exercise,0.92456675759,0.00147799913,4.728883250635564,2.5200768672691254,2.5200768672691254,2.5200768672691254,0.0,pass,
bckdk_direct_model_inhibition,disconnect_control,420,skeletal_muscle,fasted,0.91492720299,0.09831920738,1.4798258061752907,1.5681238137312845,1.5681238137312845,1.5681238137312845,0.0,pass,
bckdk_direct_model_inhibition,disconnect_control,421,liver,caloric_restriction,0.98407470051,0.0646846931,2.8521170722645075,1.4524312637131211,1.4524312637131211,1.4524312637131211,0.0,pass,
bckdk_direct_model_inhibition,disconnect_control,422,skeletal_muscle,exercise,0.95917851601,0.06958592763,3.2690608104023737,3.604481963662552,3.604481963662552,3.604481963662552,0.0,pass,
bckdk_direct_model_inhibition,disconnect_control,423,liver,fasted,0.92100720579,0.01190877369,2.5098885967950486,1.4121820828196725,1.4121820828196725,1.4121820828196725,0.0,pass,
bckdk_direct_model_inhibition,disconnect_control,424,adipose_subcutaneous,exercise,0.95412809316,0.05370088423,7.627274332244169,8.703501439341217,8.703501439341217,8.703501439341217,0.0,pass,
bckdk_direct_model_inhibition,disconnect_control,425,skeletal_muscle,exercise,0.96437053303,0.04161065065,7.809411027600856,4.584827005477875,4.584827005477875,4.584827005477875,0.0,pass,
bckdk_direct_model_inhibition,disconnect_control,426,liver,exercise,0.95393814354,0.09568371144,5.988095237994652,5.148252698379055,5.148252698379055,5.148252698379055,0.0,pass,
bckdk_direct_model_inhibition,disconnect_control,427,skeletal_muscle,fasted,0.92010562865,0.03236754892,1.8774404775175797,2.333954591722082,2.333954591722082,2.333954591722082,0.0,pass,
bckdk_direct_model_inhibition,disconnect_control,428,liver,exercise,0.94910564098,0.03747400502,4.131992112884707,2.6536496497180555,2.6536496497180555,2.6536496497180555,0.0,pass,
bckdk_direct_model_inhibition,disconnect_control,429,skeletal_muscle,fasted,0.97514088189,0.04584888323,2.839213473796676,2.5386904547423663,2.5386904547423663,2.5386904547423663,0.0,pass,
bckdk_direct_model_inhibition,disconnect_control,430,adipose_subcutaneous,exercise,0.94097549697,0.06290555107,4.270836527223248,3.2801175759754893,3.2801175759754893,3.2801175759754893,0.0,pass,
bckdk_direct_model_inhibition,disconnect_control,431,liver,caloric_restriction,0.96555651145,0.07927810391,1.286435581837268,2.173484795825157,2.173484795825157,2.173484795825157,0.0,pass,
bckdk_direct_model_inhibition,disconnect_control,432,skeletal_muscle,fed,0.90453355611,0.07658344905,9.627560375553395,4.630627417062465,4.630627417062465,4.630627417062465,0.0,pass,
bckdk_direct_model_inhibition,disconnect_control,433,liver,caloric_restriction,0.9914827174,0.04538158918,4.071190568388679,2.1504383538566096,2.1504383538566096,2.1504383538566096,0.0,pass,
bckdk_direct_model_inhibition,disconnect_control,434,liver,fed,0.96401722748,0.08697505661,5.48142426664425,6.704140462381812,6.704140462381812,6.704140462381812,0.0,pass,
bckdk_direct_model_inhibition,disconnect_control,435,liver,exercise,0.93046062647,0.01187131026,2.961905974021022,2.564153836409361,2.564153836409361,2.564153836409361,0.0,pass,
bckdk_direct_model_inhibition,disconnect_control,436,skeletal_muscle,fasted,0.95391578413,0.00115613177,2.137890392779415,1.347625193754721,1.347625193754721,1.347625193754721,0.0,pass,
bckdk_direct_model_inhibition,disconnect_control,437,adipose_subcutaneous,exercise,0.96839120981,0.05699788966,9.116149039187611,4.874439949972549,4.874439949972549,4.874439949972549,0.0,pass,
bckdk_direct_model_inhibition,disconnect_control,438,liver,fasted,0.98272684578,0.07292988251,2.092809826775995,1.6749570975061236,1.6749570975061236,1.6749570975061236,0.0,pass,
bckdk_direct_model_inhibition,disconnect_control,439,liver,fasted,0.92243324462,0.07993156353,0.8208806337354181,1.3842539958803224,1.3842539958803224,1.3842539958803224,0.0,pass,
bckdk_direct_model_inhibition,disconnect_control,440,adipose_subcutaneous,exercise,0.92489513135,0.02456213485,5.192723099786184,7.577872069672681,7.577872069672681,7.577872069672681,0.0,pass,
bckdk_direct_model_inhibition,disconnect_control,441,adipose_subcutaneous,fed,0.92902788198,0.0844959815,23.077168640820556,18.29161980947997,18.29161980947997,18.29161980947997,0.0,pass,
bckdk_direct_model_inhibition,disconnect_control,442,liver,exercise,0.92259835662,0.06564813331,6.928457317376906,6.757012450359943,6.757012450359943,6.757012450359943,0.0,pass,
bckdk_direct_model_inhibition,disconnect_control,443,skeletal_muscle,exercise,0.95259985305,0.08506178548,2.6634287171515263,2.212975306451151,2.212975306451151,2.212975306451151,0.0,pass,
bckdk_direct_model_inhibition,disconnect_control,444,skeletal_muscle,exercise,0.91537932775,0.00144461145,8.011281509464888,7.755782909380883,7.755782909380883,7.755782909380883,0.0,pass,
bckdk_direct_model_inhibition,disconnect_control,445,skeletal_muscle,fed,0.97242785319,0.04655620629,9.194190959758762,10.635147229788709,10.635147229788709,10.635147229788709,0.0,pass,
bckdk_direct_model_inhibition,disconnect_control,446,skeletal_muscle,exercise,0.98019283387,0.01155028999,4.489505651847964,6.41096574918611,6.41096574918611,6.41096574918611,0.0,pass,
bckdk_direct_model_inhibition,disconnect_control,447,liver,exercise,0.97987567353,0.01824634765,14.198689877263137,8.785143319544204,8.785143319544204,8.785143319544204,0.0,pass,
bckdk_direct_model_inhibition,disconnect_control,448,liver,caloric_restriction,0.91866162447,0.06103873397,0.934264462647875,0.9997280667722984,0.9997280667722984,0.9997280667722984,0.0,pass,
bckdk_direct_model_inhibition,disconnect_control,449,adipose_subcutaneous,fasted,0.95187785415,0.02806993685,1.364103887074668,1.3568816487512658,1.3568816487512658,1.3568816487512658,0.0,pass,
bckdk_direct_model_inhibition,disconnect_control,450,liver,fed,0.96242236531,0.01527052552,32.986717562290195,16.616913916877678,16.616913916877678,16.616913916877678,0.0,pass,
bckdk_direct_model_inhibition,disconnect_control,451,skeletal_muscle,caloric_restriction,0.94029982388,0.06172244655,2.2735669746823746,2.886872170911018,2.886872170911018,2.886872170911018,0.0,pass,
bckdk_direct_model_inhibition,disconnect_control,452,liver,fasted,0.90690824898,0.07189368688,2.993615595855494,1.8994978372826985,1.8994978372826985,1.8994978372826985,0.0,pass,
bckdk_direct_model_inhibition,disconnect_control,453,skeletal_muscle,caloric_restriction,0.99232228366,0.02247865458,3.488762736778084,3.691378937115157,3.691378937115157,3.691378937115157,0.0,pass,
bckdk_direct_model_inhibition,disconnect_control,454,skeletal_muscle,caloric_restriction,0.94835673174,0.02926124247,1.413368323439709,1.5187318849723277,1.5187318849723277,1.5187318849723277,0.0,pass,
bckdk_direct_model_inhibition,disconnect_control,455,adipose_subcutaneous,caloric_restriction,0.91114440028,0.067655178,0.8872696417033064,1.015668269832494,1.015668269832494,1.015668269832494,0.0,pass,
bckdk_direct_model_inhibition,disconnect_control,456,adipose_subcutaneous,fed,0.94384275724,0.03304221953,20.71346771715483,11.739524433344492,11.739524433344492,11.739524433344492,0.0,pass,
bckdk_direct_model_inhibition,disconnect_control,457,adipose_subcutaneous,fasted,0.92922973808,0.0988606839,1.383679711382662,1.1078729561790444,1.1078729561790444,1.1078729561790444,0.0,pass,
bckdk_direct_model_inhibition,disconnect_control,458,adipose_subcutaneous,fed,0.96189290251,0.01741210777,9.594844017118168,5.714637049097162,5.714637049097162,5.714637049097162,0.0,pass,
bckdk_direct_model_inhibition,disconnect_control,459,adipose_subcutaneous,fed,0.99035286139,0.01955194674,11.174418036121,8.603013188021013,8.603013188021013,8.603013188021013,0.0,pass,
bckdk_direct_model_inhibition,disconnect_control,460,liver,fed,0.90437615241,0.02986535808,7.609834394845604,5.797535165380919,5.797535165380919,5.797535165380919,0.0,pass,
bckdk_direct_model_inhibition,disconnect_control,461,adipose_subcutaneous,caloric_restriction,0.94999322174,0.02954465931,1.6753160263030928,1.4918609091334143,1.4918609091334143,1.4918609091334143,0.0,pass,
bckdk_direct_model_inhibition,disconnect_control,462,liver,fasted,0.93723628268,0.05547472418,1.771300842736583,1.8357636689903143,1.8357636689903143,1.8357636689903143,0.0,pass,
bckdk_direct_model_inhibition,disconnect_control,463,liver,fasted,0.90686682262,0.09850179444,2.4541142909628424,1.3009915584510263,1.3009915584510263,1.3009915584510263,0.0,pass,
bckdk_direct_model_inhibition,disconnect_control,464,skeletal_muscle,fasted,0.90653212156,0.09049245539,1.083300341124206,1.7309894027146018,1.7309894027146018,1.7309894027146018,0.0,pass,
bckdk_direct_model_inhibition,disconnect_control,465,adipose_subcutaneous,fasted,0.99852134535,0.08011170767,0.9524856634495922,1.547923236223549,1.547923236223549,1.547923236223549,0.0,pass,
bckdk_direct_model_inhibition,disconnect_control,466,liver,caloric_restriction,0.99256110934,0.02963843601,0.5473055821015367,1.035594885555422,1.035594885555422,1.035594885555422,0.0,pass,
bckdk_direct_model_inhibition,disconnect_control,467,skeletal_muscle,caloric_restriction,0.94377201836,0.04417307228,1.2834090046555855,0.9700276558475766,0.9700276558475766,0.9700276558475766,0.0,pass,
bckdk_direct_model_inhibition,disconnect_control,468,adipose_subcutaneous,exercise,0.96555545328,0.02598268288,1.9520608863350437,2.6218969697144345,2.6218969697144345,2.6218969697144345,0.0,pass,
bckdk_direct_model_inhibition,disconnect_control,469,adipose_subcutaneous,exercise,0.98164172531,0.06854875883,3.3719936843971565,2.5788077031330348,2.5788077031330348,2.5788077031330348,0.0,pass,
bckdk_direct_model_inhibition,disconnect_control,470,liver,fasted,0.97850996414,0.02688948919,3.271779196827168,2.731485273927908,2.731485273927908,2.731485273927908,0.0,pass,
bckdk_direct_model_inhibition,disconnect_control,471,liver,caloric_restriction,0.9192908096,0.04196787123,5.661715553126784,3.118874756746737,3.118874756746737,3.118874756746737,0.0,pass,
bckdk_direct_model_inhibition,disconnect_control,472,adipose_subcutaneous,fed,0.91345393982,0.08470717313,3.65813434533723,4.337279591601842,4.337279591601842,4.337279591601842,0.0,pass,
bckdk_direct_model_inhibition,disconnect_control,473,skeletal_muscle,fed,0.91653168568,0.05286022872,7.705933062325514,5.329718472119384,5.329718472119384,5.329718472119384,0.0,pass,
bckdk_direct_model_inhibition,disconnect_control,474,adipose_subcutaneous,fasted,0.96098356535,0.03413346834,2.144067293272145,4.151292218001746,4.151292218001746,4.151292218001746,0.0,pass,
bckdk_direct_model_inhibition,disconnect_control,475,adipose_subcutaneous,exercise,0.97301292856,0.0459733446,2.350592838572484,4.071396362710415,4.071396362710415,4.071396362710415,0.0,pass,
bckdk_direct_model_inhibition,disconnect_control,476,liver,exercise,0.92897907671,0.09629521097,1.7778184114656796,2.56664969737262,2.56664969737262,2.56664969737262,0.0,pass,
bckdk_direct_model_inhibition,disconnect_control,477,liver,caloric_restriction,0.96924792653,0.01551432904,0.8796136224988349,0.8363545306357969,0.8363545306357969,0.8363545306357969,0.0,pass,
bckdk_direct_model_inhibition,disconnect_control,478,skeletal_muscle,caloric_restriction,0.92772599404,0.05563612145,0.858505410727789,0.9163856658174752,0.9163856658174752,0.9163856658174752,0.0,pass,
bckdk_direct_model_inhibition,disconnect_control,479,skeletal_muscle,fasted,0.99819729431,0.09796478914,6.474824425923013,4.056475169286307,4.056475169286307,4.056475169286307,0.0,pass,
bckdk_direct_model_inhibition,disconnect_control,480,liver,caloric_restriction,0.95543692514,0.07876217472,0.6537694229035053,1.31717055018062,1.31717055018062,1.31717055018062,0.0,pass,
bckdk_direct_model_inhibition,disconnect_control,481,adipose_subcutaneous,caloric_restriction,0.98253192204,0.04302143643,2.315494398154613,2.514679665180044,2.514679665180044,2.514679665180044,0.0,pass,
bckdk_direct_model_inhibition,disconnect_control,482,liver,caloric_restriction,0.95667159588,0.08189044752,1.4047541109289263,2.6412548115464425,2.6412548115464425,2.6412548115464425,0.0,pass,
bckdk_direct_model_inhibition,disconnect_control,483,liver,exercise,0.93049290334,0.07483763643,2.837604891233027,2.7087593107718093,2.7087593107718093,2.7087593107718093,0.0,pass,
bckdk_direct_model_inhibition,disconnect_control,484,liver,caloric_restriction,0.93104557712,0.09429694783,2.5467779813539617,3.053568777610796,3.053568777610796,3.053568777610796,0.0,pass,
bckdk_direct_model_inhibition,disconnect_control,485,liver,fasted,0.93159241094,0.09888891036,0.7276398504465013,1.4038318723232737,1.4038318723232737,1.4038318723232737,0.0,pass,
bckdk_direct_model_inhibition,disconnect_control,486,liver,caloric_restriction,0.92227160582,0.01481947972,1.044330906437586,1.754121547219942,1.754121547219942,1.754121547219942,0.0,pass,
bckdk_direct_model_inhibition,disconnect_control,487,adipose_subcutaneous,fasted,0.95858198771,0.00011462549,1.0142864666293017,1.8132646849118368,1.8132646849118368,1.8132646849118368,0.0,pass,
bckdk_direct_model_inhibition,disconnect_control,488,liver,caloric_restriction,0.93654723144,0.02172454836,0.6142866269297768,1.0546696995970168,1.0546696995970168,1.0546696995970168,0.0,pass,
bckdk_direct_model_inhibition,disconnect_control,489,adipose_subcutaneous,exercise,0.96733480124,0.0512827015,12.551771099290187,9.979766091736288,9.979766091736288,9.979766091736288,0.0,pass,
bckdk_direct_model_inhibition,disconnect_control,490,liver,fed,0.93136760478,0.06403729844,10.500471994577415,6.389535259699692,6.389535259699692,6.389535259699692,0.0,pass,
bckdk_direct_model_inhibition,disconnect_control,491,adipose_subcutaneous,fed,0.95650357926,0.00214104196,10.825721128331423,8.172834838963373,8.172834838963373,8.172834838963373,0.0,pass,
bckdk_direct_model_inhibition,disconnect_control,492,adipose_subcutaneous,fed,0.94422932169,0.03228969002,16.594291299481718,16.658599930765547,16.658599930765547,16.658599930765547,0.0,pass,
bckdk_direct_model_inhibition,disconnect_control,493,adipose_subcutaneous,fasted,0.97649810043,0.01458297904,2.239837167477658,4.401858072105249,4.401858072105249,4.401858072105249,0.0,pass,
bckdk_direct_model_inhibition,disconnect_control,494,adipose_subcutaneous,fed,0.99313220537,0.08618511756,20.29716040871556,18.663965933105224,18.663965933105224,18.663965933105224,0.0,pass,
bckdk_direct_model_inhibition,disconnect_control,495,adipose_subcutaneous,caloric_restriction,0.9091482799,0.01845809452,0.7386718479510409,1.4286522473919638,1.4286522473919638,1.4286522473919638,0.0,pass,
bckdk_direct_model_inhibition,disconnect_control,496,adipose_subcutaneous,caloric_restriction,0.92555258412,0.05424641559,4.130864783714714,2.5470085601502217,2.5470085601502217,2.5470085601502217,0.0,pass,
bckdk_direct_model_inhibition,disconnect_control,497,skeletal_muscle,fed,0.90748840637,0.04778069259,3.2801230417396567,5.540322119095171,5.540322119095171,5.540322119095171,0.0,pass,
bckdk_direct_model_inhibition,disconnect_control,498,adipose_subcutaneous,fed,0.94319638955,0.08601600046,13.032258838381916,12.787229985622464,12.787229985622464,12.787229985622464,0.0,pass,
bckdk_direct_model_inhibition,disconnect_control,499,adipose_subcutaneous,fasted,0.9254676287,0.00543503024,1.8095448470178008,3.5760050335165365,3.5760050335165365,3.5760050335165365,0.0,pass,
bckdk_direct_model_inhibition,disconnect_control,500,adipose_subcutaneous,fed,0.99027623978,0.09407397511,3.445025082122012,4.872379680571068,4.872379680571068,4.872379680571068,0.0,pass,
bckdk_direct_model_inhibition,disconnect_control,501,adipose_subcutaneous,caloric_restriction,0.90483579815,0.0139414906499999,1.476538857346225,1.2525283897235868,1.2525283897235868,1.2525283897235868,0.0,pass,
bckdk_direct_model_inhibition,disconnect_control,502,liver,exercise,0.98950946269,0.06757191195,3.9839007816031815,6.858021440707989,6.858021440707989,6.858021440707989,0.0,pass,
bckdk_direct_model_inhibition,disconnect_control,503,skeletal_muscle,fed,0.95855413823,0.08342259038,9.125634193934252,10.59964607231722,10.59964607231722,10.59964607231722,0.0,pass,
bckdk_direct_model_inhibition,disconnect_control,504,liver,fed,0.94288706591,0.03072630597,6.591952236322839,6.172904736847457,6.172904736847457,6.172904736847457,0.0,pass,
bckdk_direct_model_inhibition,disconnect_control,505,liver,fed,0.91285272891,0.03042736661,8.62539944171295,9.221958051834372,9.221958051834372,9.221958051834372,0.0,pass,
bckdk_direct_model_inhibition,disconnect_control,506,adipose_subcutaneous,caloric_restriction,0.95379773812,0.02771148221,2.3821229825285197,1.3984269697431857,1.3984269697431857,1.3984269697431857,0.0,pass,
bckdk_direct_model_inhibition,disconnect_control,507,skeletal_muscle,fasted,0.99589669415,0.02779812949,4.967964679420314,3.6099306979543617,3.6099306979543617,3.6099306979543617,0.0,pass,
bckdk_direct_model_inhibition,disconnect_control,508,adipose_subcutaneous,fed,0.99002118969,0.02081882442,15.393090245907567,10.225734285204735,10.225734285204735,10.225734285204735,0.0,pass,
bckdk_direct_model_inhibition,disconnect_control,509,skeletal_muscle,exercise,0.91031657776,0.03215312003,5.171316567741661,6.803199890297288,6.803199890297288,6.803199890297288,0.0,pass,
bckdk_direct_model_inhibition,disconnect_control,510,adipose_subcutaneous,caloric_restriction,0.91262877158,0.05191304866,3.552825720241966,3.386077067968404,3.386077067968404,3.386077067968404,0.0,pass,
bckdk_direct_model_inhibition,disconnect_control,511,liver,fed,0.98906613828,0.02523172594,8.534597630155277,5.598971515706162,5.598971515706162,5.598971515706162,0.0,pass,
bckdk_direct_model_inhibition,disconnect_control,512,liver,fed,0.93242633291,0.08077199971,10.582204221309569,12.364693672727787,12.364693672727787,12.364693672727787,0.0,pass,
bckdk_direct_model_inhibition,disconnect_control,513,liver,fed,0.99749261268,0.02031446534,3.726761531726637,4.800806880541038,4.800806880541038,4.800806880541038,0.0,pass,
bckdk_direct_model_inhibition,disconnect_control,514,liver,fed,0.90945625527,0.03730356086,5.582374318829451,5.789998694984622,5.789998694984622,5.789998694984622,0.0,pass,
bckdk_direct_model_inhibition,disconnect_control,515,skeletal_muscle,exercise,0.97622770632,0.05391507417,2.4816021333583165,3.842430099623285,3.842430099623285,3.842430099623285,0.0,pass,
bckdk_direct_model_inhibition,disconnect_control,516,liver,fasted,0.95298182248,0.09786216722,4.791916292325573,3.193123256299442,3.193123256299442,3.193123256299442,0.0,pass,
bckdk_direct_model_inhibition,disconnect_control,517,skeletal_muscle,fasted,0.90822931412,0.08771450595,0.5828904068806136,1.118156728051301,1.118156728051301,1.118156728051301,0.0,pass,
bckdk_direct_model_inhibition,disconnect_control,518,skeletal_muscle,fasted,0.9431836237,0.03656422024,0.9208125500743488,1.364537283935629,1.364537283935629,1.364537283935629,0.0,pass,
bckdk_direct_model_inhibition,disconnect_control,519,liver,fasted,0.92394490174,0.00162578871,3.245608999360052,3.2810038445168117,3.2810038445168117,3.2810038445168117,0.0,pass,
bckdk_direct_model_inhibition,disconnect_control,520,liver,fasted,0.92966877258,0.09824891984,3.3583707000626126,2.6750812462259503,2.6750812462259503,2.6750812462259503,0.0,pass,
bckdk_direct_model_inhibition,disconnect_control,521,adipose_subcutaneous,exercise,0.92161894475,0.08640431793,3.022430699377466,6.088449098988903,6.088449098988903,6.088449098988903,0.0,pass,
bckdk_direct_model_inhibition,disconnect_control,522,liver,caloric_restriction,0.9232547643,0.05167559422,0.9299719656293294,0.9618520297560952,0.9618520297560952,0.9618520297560952,0.0,pass,
bckdk_direct_model_inhibition,disconnect_control,523,adipose_subcutaneous,exercise,0.98734092278,0.05929541831,3.3832877755683577,4.440816332292205,4.440816332292205,4.440816332292205,0.0,pass,
bckdk_direct_model_inhibition,disconnect_control,524,liver,fed,0.90659074007,0.06793570949,15.450292649271166,9.108312769960436,9.108312769960436,9.108312769960436,0.0,pass,
bckdk_direct_model_inhibition,disconnect_control,525,adipose_subcutaneous,fasted,0.9396124652,0.0626058771,1.249198061352844,1.1491498669650797,1.1491498669650797,1.1491498669650797,0.0,pass,
bckdk_direct_model_inhibition,disconnect_control,526,skeletal_muscle,fasted,0.98054075991,0.02036572904,1.9109394705509504,1.7011270873900104,1.7011270873900104,1.7011270873900104,0.0,pass,
bckdk_direct_model_inhibition,disconnect_control,527,skeletal_muscle,fasted,0.9214727074,0.08448635273,4.117014304603793,4.325797047821675,4.325797047821675,4.325797047821675,0.0,pass,
bckdk_direct_model_inhibition,disconnect_control,528,liver,caloric_restriction,0.99925898199,0.07244646676,1.4030888694995802,1.4691388642109802,1.4691388642109802,1.4691388642109802,0.0,pass,
bckdk_direct_model_inhibition,disconnect_control,529,adipose_subcutaneous,caloric_restriction,0.93095755759,0.08037999427,0.5347985200015761,1.0544930663978458,1.0544930663978458,1.0544930663978458,0.0,pass,
bckdk_direct_model_inhibition,disconnect_control,530,adipose_subcutaneous,exercise,0.90542348206,0.07815167752,5.618889880071836,7.706535298889234,7.706535298889234,7.706535298889234,0.0,pass,
bckdk_direct_model_inhibition,disconnect_control,531,adipose_subcutaneous,fasted,0.95376636706,0.0797041557,6.981316726940302,3.5574398149841038,3.5574398149841038,3.5574398149841038,0.0,pass,
bckdk_direct_model_inhibition,disconnect_control,532,adipose_subcutaneous,fed,0.91039689295,0.02037655865,4.5588380493225005,8.406125871244171,8.406125871244171,8.406125871244171,0.0,pass,
bckdk_direct_model_inhibition,disconnect_control,533,skeletal_muscle,fed,0.95293700085,0.02381904788,11.368613110919004,13.28886499555468,13.28886499555468,13.28886499555468,0.0,pass,
bckdk_direct_model_inhibition,disconnect_control,534,adipose_subcutaneous,fasted,0.91058594267,0.04869557026,4.420151782612217,3.5123129730683256,3.5123129730683256,3.5123129730683256,0.0,pass,
bckdk_direct_model_inhibition,disconnect_control,535,adipose_subcutaneous,fasted,0.90561413653,0.08107062932,1.2006378314440502,2.1229614886371477,2.1229614886371477,2.1229614886371477,0.0,pass,
bckdk_direct_model_inhibition,disconnect_control,536,skeletal_muscle,fed,0.99046145681,0.07619231385,5.202813450849362,5.733724739215635,5.733724739215635,5.733724739215635,0.0,pass,
bckdk_direct_model_inhibition,disconnect_control,537,skeletal_muscle,fed,0.97072965434,0.08863591442,6.803372050253444,9.720158261057634,9.720158261057634,9.720158261057634,0.0,pass,
bckdk_direct_model_inhibition,disconnect_control,538,skeletal_muscle,fed,0.98788786283,0.04216603587,12.00522168059364,7.276939727993357,7.276939727993357,7.276939727993357,0.0,pass,
bckdk_direct_model_inhibition,disconnect_control,539,skeletal_muscle,caloric_restriction,0.99478301271,0.07559743881,1.2630673262219934,1.5442620400454854,1.5442620400454854,1.5442620400454854,0.0,pass,
bckdk_direct_model_inhibition,disconnect_control,540,liver,caloric_restriction,0.97950108094,0.06174420032,1.5415889616472758,1.8354947213862585,1.8354947213862585,1.8354947213862585,0.0,pass,
bckdk_direct_model_inhibition,disconnect_control,541,skeletal_muscle,fed,0.91566348905,0.05876283442,6.338313036405707,5.995940358316492,5.995940358316492,5.995940358316492,0.0,pass,
bckdk_direct_model_inhibition,disconnect_control,542,liver,caloric_restriction,0.98749057274,0.07372265185,2.0634595508122726,3.413690841061833,3.413690841061833,3.413690841061833,0.0,pass,
bckdk_direct_model_inhibition,disconnect_control,543,liver,fasted,0.91625551939,0.07057529338,3.672408917884947,2.77544204713559,2.77544204713559,2.77544204713559,0.0,pass,
bckdk_direct_model_inhibition,disconnect_control,544,liver,exercise,0.90022817171,0.0593449957,7.228859214786261,7.168230692138981,7.168230692138981,7.168230692138981,0.0,pass,
bckdk_direct_model_inhibition,disconnect_control,545,adipose_subcutaneous,caloric_restriction,0.97398747968,0.07793787597,3.98105130706758,3.180930416694008,3.180930416694008,3.180930416694008,0.0,pass,
bckdk_direct_model_inhibition,disconnect_control,546,adipose_subcutaneous,fasted,0.94162825376,0.00146111825,0.889078084325229,1.2273048080870788,1.2273048080870788,1.2273048080870788,0.0,pass,
bckdk_direct_model_inhibition,disconnect_control,547,liver,caloric_restriction,0.97158629035,0.03226314322,0.6332483309278027,1.1743047237043571,1.1743047237043571,1.1743047237043571,0.0,pass,
bckdk_direct_model_inhibition,disconnect_control,548,skeletal_muscle,exercise,0.93055078124,0.08214457934,9.269441411066412,8.230025673134499,8.230025673134499,8.230025673134499,0.0,pass,
bckdk_direct_model_inhibition,disconnect_control,549,liver,fasted,0.95532728004,0.09522377927,3.9067236905985303,2.100305668772881,2.100305668772881,2.100305668772881,0.0,pass,
bckdk_direct_model_inhibition,disconnect_control,550,adipose_subcutaneous,exercise,0.94058875388,0.05977419658,6.320594572985038,3.1752587601984303,3.1752587601984303,3.1752587601984303,0.0,pass,
bckdk_direct_model_inhibition,disconnect_control,551,adipose_subcutaneous,fasted,0.97257360133,0.00211774454,2.392235569279925,2.47420419318729,2.47420419318729,2.47420419318729,0.0,pass,
bckdk_direct_model_inhibition,disconnect_control,552,skeletal_muscle,exercise,0.98479485773,0.09518528852,5.37912366345538,5.550356347347424,5.550356347347424,5.550356347347424,0.0,pass,
bckdk_direct_model_inhibition,disconnect_control,553,skeletal_muscle,caloric_restriction,0.95929912202,0.03465410161,1.8416897759353872,1.63378848481313,1.63378848481313,1.63378848481313,0.0,pass,
bckdk_direct_model_inhibition,disconnect_control,554,adipose_subcutaneous,fed,0.93806505775,0.08933117203,3.477255471615957,6.052614712476129,6.052614712476129,6.052614712476129,0.0,pass,
bckdk_direct_model_inhibition,disconnect_control,555,adipose_subcutaneous,fed,0.92598407608,0.04979866123,30.47016950009799,16.908902685672896,16.908902685672896,16.908902685672896,0.0,pass,
bckdk_direct_model_inhibition,disconnect_control,556,liver,fed,0.91350719175,0.03762761554,11.023646787597787,6.119465534960492,6.119465534960492,6.119465534960492,0.0,pass,
bckdk_direct_model_inhibition,disconnect_control,557,skeletal_muscle,fed,0.95791125949,0.07190260042,9.04220536826718,6.244380979510799,6.244380979510799,6.244380979510799,0.0,pass,
bckdk_direct_model_inhibition,disconnect_control,558,adipose_subcutaneous,caloric_restriction,0.92301990527,0.05805812652,4.29931125220618,2.897097964630106,2.897097964630106,2.897097964630106,0.0,pass,
bckdk_direct_model_inhibition,disconnect_control,559,liver,fasted,0.90798631631,0.08255510981,2.784504436316833,1.9169053920092725,1.9169053920092725,1.9169053920092725,0.0,pass,
bckdk_direct_model_inhibition,disconnect_control,560,adipose_subcutaneous,fed,0.90167691387,0.01000222427,11.901154838120124,6.77081164549247,6.77081164549247,6.77081164549247,0.0,pass,
bckdk_direct_model_inhibition,disconnect_control,561,liver,fed,0.95723029135,0.08973564951,2.847372703363833,4.447839553387713,4.447839553387713,4.447839553387713,0.0,pass,
bckdk_direct_model_inhibition,disconnect_control,562,skeletal_muscle,exercise,0.99649069774,0.08200600798,3.025507826111877,3.3484188275002325,3.3484188275002325,3.3484188275002325,0.0,pass,
bckdk_direct_model_inhibition,disconnect_control,563,skeletal_muscle,fasted,0.93664062961,0.00381155311,4.281457499302071,3.529333420063381,3.529333420063381,3.529333420063381,0.0,pass,
bckdk_direct_model_inhibition,disconnect_control,564,liver,fasted,0.9239205831,0.04392492626,1.6549243951905548,1.6572895090081017,1.6572895090081017,1.6572895090081017,0.0,pass,
bckdk_direct_model_inhibition,disconnect_control,565,adipose_subcutaneous,exercise,0.95351158804,0.07279194846,6.980167561215549,6.483002446308607,6.483002446308607,6.483002446308607,0.0,pass,
bckdk_direct_model_inhibition,disconnect_control,566,skeletal_muscle,fasted,0.94055613441,0.05265065282,2.911237078204408,2.4210219799598525,2.4210219799598525,2.4210219799598525,0.0,pass,
bckdk_direct_model_inhibition,disconnect_control,567,adipose_subcutaneous,caloric_restriction,0.94207862612,0.08192522499,2.2273187412463447,3.440458270679548,3.440458270679548,3.440458270679548,0.0,pass,
bckdk_direct_model_inhibition,disconnect_control,568,skeletal_muscle,fasted,0.90240184847,0.04653527334,3.764212353038925,2.3635059260618334,2.3635059260618334,2.3635059260618334,0.0,pass,
bckdk_direct_model_inhibition,disconnect_control,569,liver,fed,0.96683474035,0.06444653704,6.452910898115985,5.991139151321188,5.991139151321188,5.991139151321188,0.0,pass,
bckdk_direct_model_inhibition,disconnect_control,570,adipose_subcutaneous,caloric_restriction,0.94091799299,0.062730417,2.3110341513327364,2.129378139304337,2.129378139304337,2.129378139304337,0.0,pass,
bckdk_direct_model_inhibition,disconnect_control,571,liver,caloric_restriction,0.95646587369,0.07654549587,3.0278354083645262,2.048926013756246,2.048926013756246,2.048926013756246,0.0,pass,
bckdk_direct_model_inhibition,disconnect_control,572,liver,caloric_restriction,0.95103514001,0.06707711573,1.1450237490851227,1.3114281073662473,1.3114281073662473,1.3114281073662473,0.0,pass,
bckdk_direct_model_inhibition,disconnect_control,573,liver,fasted,0.97703251546,0.05320569388,2.9712263775364343,3.1812758790610944,3.1812758790610944,3.1812758790610944,0.0,pass,
bckdk_direct_model_inhibition,disconnect_control,574,skeletal_muscle,fasted,0.99630684746,0.0468584995,6.817882680988836,4.562828211464822,4.562828211464822,4.562828211464822,0.0,pass,
bckdk_direct_model_inhibition,disconnect_control,575,adipose_subcutaneous,fed,0.90141725454,0.04598532467,9.69975199178979,5.253645551888461,5.253645551888461,5.253645551888461,0.0,pass,
bckdk_direct_model_inhibition,disconnect_control,576,liver,caloric_restriction,0.91656507918,0.01665307021,1.2364701935313605,2.0179285194317496,2.0179285194317496,2.0179285194317496,0.0,pass,
bckdk_direct_model_inhibition,disconnect_control,577,liver,fasted,0.96235376317,0.07002287969,3.687660659417329,2.040441490103179,2.040441490103179,2.040441490103179,0.0,pass,
bckdk_direct_model_inhibition,disconnect_control,578,adipose_subcutaneous,caloric_restriction,0.90554070008,0.01556605009,1.4640013531314375,2.365167812738186,2.365167812738186,2.365167812738186,0.0,pass,
bckdk_direct_model_inhibition,disconnect_control,579,skeletal_muscle,fed,0.96911439464,0.0310565955299999,9.10549744954913,8.834169584692967,8.834169584692967,8.834169584692967,0.0,pass,
bckdk_direct_model_inhibition,disconnect_control,580,adipose_subcutaneous,fasted,0.96213375276,0.0448227621,1.6816098495334544,1.1005426037443249,1.1005426037443249,1.1005426037443249,0.0,pass,
bckdk_direct_model_inhibition,disconnect_control,581,skeletal_muscle,fasted,0.9476388205,0.0743407632,2.062412074662058,2.194170647042336,2.194170647042336,2.194170647042336,0.0,pass,
bckdk_direct_model_inhibition,disconnect_control,582,adipose_subcutaneous,fed,0.93003758585,0.07669820775,11.752583554299983,11.461364126857426,11.461364126857426,11.461364126857426,0.0,pass,
bckdk_direct_model_inhibition,disconnect_control,583,skeletal_muscle,exercise,0.98008834267,0.08336962355,2.2818696279517208,2.788217751199211,2.788217751199211,2.788217751199211,0.0,pass,
bckdk_direct_model_inhibition,disconnect_control,584,adipose_subcutaneous,exercise,0.98302758822,0.06805915387,8.078869028005773,4.587635701325773,4.587635701325773,4.587635701325773,0.0,pass,
bckdk_direct_model_inhibition,disconnect_control,585,liver,caloric_restriction,0.91012472083,0.08434410603,1.330317890761337,1.1501928551467606,1.1501928551467606,1.1501928551467606,0.0,pass,
bckdk_direct_model_inhibition,disconnect_control,586,adipose_subcutaneous,exercise,0.91694598259,0.03634477933,6.272731770016414,6.045826038183906,6.045826038183906,6.045826038183906,0.0,pass,
bckdk_direct_model_inhibition,disconnect_control,587,skeletal_muscle,exercise,0.99849310723,0.08422567635,1.650965568403849,2.968926892602912,2.968926892602912,2.968926892602912,0.0,pass,
bckdk_direct_model_inhibition,disconnect_control,588,skeletal_muscle,fed,0.93421243542,0.09402605238,27.01206227761836,17.165897207738354,17.165897207738354,17.165897207738354,0.0,pass,
bckdk_direct_model_inhibition,disconnect_control,589,adipose_subcutaneous,fasted,0.93964275955,0.03591391636,2.090770522686093,3.192698613373977,3.192698613373977,3.192698613373977,0.0,pass,
bckdk_direct_model_inhibition,disconnect_control,590,liver,fed,0.92958091675,0.00792747298,6.637714981851326,10.415231318947663,10.415231318947663,10.415231318947663,0.0,pass,
bckdk_direct_model_inhibition,disconnect_control,591,liver,exercise,0.91684566096,0.09529050274,2.497174772118085,4.778830188064859,4.778830188064859,4.778830188064859,0.0,pass,
bckdk_direct_model_inhibition,disconnect_control,592,skeletal_muscle,caloric_restriction,0.90057788033,0.08246548724,1.1279263502495227,1.1704860228597929,1.1704860228597929,1.1704860228597929,0.0,pass,
bckdk_direct_model_inhibition,disconnect_control,593,adipose_subcutaneous,caloric_restriction,0.9593522982,0.06334067533,0.5605986911358459,0.9559675780160886,0.9559675780160886,0.9559675780160886,0.0,pass,
bckdk_direct_model_inhibition,disconnect_control,594,liver,caloric_restriction,0.91949427194,0.09622800012,1.4024649844942425,1.5822774556599564,1.5822774556599564,1.5822774556599564,0.0,pass,
bckdk_direct_model_inhibition,disconnect_control,595,liver,fasted,0.92691406382,0.03313760182,1.6252806295614015,1.6905358513732276,1.6905358513732276,1.6905358513732276,0.0,pass,
bckdk_direct_model_inhibition,disconnect_control,596,liver,fasted,0.95750032539,0.05485910614,1.441481702548982,2.219564849261447,2.219564849261447,2.219564849261447,0.0,pass,
bckdk_direct_model_inhibition,disconnect_control,597,adipose_subcutaneous,fed,0.90823933403,0.04101501946,4.520774694824842,5.432023098305729,5.432023098305729,5.432023098305729,0.0,pass,
bckdk_direct_model_inhibition,disconnect_control,598,adipose_subcutaneous,exercise,0.90516668777,0.01599741359,2.8783969331366226,5.046518975859622,5.046518975859622,5.046518975859622,0.0,pass,
bckdk_direct_model_inhibition,disconnect_control,599,liver,caloric_restriction,0.94642265015,0.07076251247,1.3425529941997068,1.887336445603968,1.887336445603968,1.887336445603968,0.0,pass,
bckdk_direct_model_inhibition,disconnect_control,600,skeletal_muscle,caloric_restriction,0.91201459588,0.03098257381,7.000908454869624,3.3431100978475223,3.3431100978475223,3.3431100978475223,0.0,pass,
bckdk_direct_model_inhibition,disconnect_control,601,skeletal_muscle,exercise,0.9583664453,0.00126688271,7.258798388606106,7.15742716609003,7.15742716609003,7.15742716609003,0.0,pass,
bckdk_direct_model_inhibition,disconnect_control,602,skeletal_muscle,caloric_restriction,0.93271411,0.06844295596,1.130143279736366,1.2349949003861689,1.2349949003861689,1.2349949003861689,0.0,pass,
bckdk_direct_model_inhibition,disconnect_control,603,skeletal_muscle,caloric_restriction,0.95568572561,0.04794482353,2.1897720296882697,1.7739025375908697,1.7739025375908697,1.7739025375908697,0.0,pass,
bckdk_direct_model_inhibition,disconnect_control,604,liver,caloric_restriction,0.9757094026,0.07722960678,0.6598231797199018,0.9550508417530804,0.9550508417530804,0.9550508417530804,0.0,pass,
bckdk_direct_model_inhibition,disconnect_control,605,adipose_subcutaneous,exercise,0.96526955567,0.0698838277,3.5517940695187558,3.605803695761633,3.605803695761633,3.605803695761633,0.0,pass,
bckdk_direct_model_inhibition,disconnect_control,606,adipose_subcutaneous,fed,0.98269339,0.00850486895,8.318186035289175,9.448516122130275,9.448516122130275,9.448516122130275,0.0,pass,
bckdk_direct_model_inhibition,disconnect_control,607,liver,fasted,0.93822726015,0.06050302871,1.365699729167449,2.52076095388816,2.52076095388816,2.52076095388816,0.0,pass,
bckdk_direct_model_inhibition,disconnect_control,608,adipose_subcutaneous,exercise,0.95968854348,0.09923992494,4.207395015209188,2.8203782676604288,2.8203782676604288,2.8203782676604288,0.0,pass,
bckdk_direct_model_inhibition,disconnect_control,609,adipose_subcutaneous,exercise,0.95080644137,0.04486093313,6.54895083390935,5.447394933067271,5.447394933067271,5.447394933067271,0.0,pass,
bckdk_direct_model_inhibition,disconnect_control,610,adipose_subcutaneous,fed,0.98871154883,0.07168699985,6.481296755876584,6.113349197066931,6.113349197066931,6.113349197066931,0.0,pass,
bckdk_direct_model_inhibition,disconnect_control,611,adipose_subcutaneous,caloric_restriction,0.97306350735,0.03819159602,4.740722115610836,2.6144454035222813,2.6144454035222813,2.6144454035222813,0.0,pass,
bckdk_direct_model_inhibition,disconnect_control,612,liver,fed,0.98922854858,0.03684826174,6.752632346212172,8.294000068582957,8.294000068582957,8.294000068582957,0.0,pass,
bckdk_direct_model_inhibition,disconnect_control,613,adipose_subcutaneous,fasted,0.9975458321,0.08413481526,1.0355794472290532,1.508769534654867,1.508769534654867,1.508769534654867,0.0,pass,
bckdk_direct_model_inhibition,disconnect_control,614,adipose_subcutaneous,exercise,0.93159306879,0.04017116814,9.929322872944784,5.727706683291691,5.727706683291691,5.727706683291691,0.0,pass,
bckdk_direct_model_inhibition,disconnect_control,615,liver,caloric_restriction,0.93025199793,0.07756181596,3.4005578016448466,2.32503904288554,2.32503904288554,2.32503904288554,0.0,pass,
bckdk_direct_model_inhibition,disconnect_control,616,liver,fed,0.99022655822,0.01953924086,4.693002595176777,5.319153124999236,5.319153124999236,5.319153124999236,0.0,pass,
bckdk_direct_model_inhibition,disconnect_control,617,adipose_subcutaneous,fasted,0.93329888293,0.08349320535,1.3118466956956696,1.403043451799661,1.403043451799661,1.403043451799661,0.0,pass,
bckdk_direct_model_inhibition,disconnect_control,618,adipose_subcutaneous,fed,0.96729373957,0.09612534987,9.815882764446505,10.660932715452434,10.660932715452434,10.660932715452434,0.0,pass,
bckdk_direct_model_inhibition,disconnect_control,619,skeletal_muscle,caloric_restriction,0.94859621626,0.04872355883,1.2493767505617528,1.3842517499024622,1.3842517499024622,1.3842517499024622,0.0,pass,
bckdk_direct_model_inhibition,disconnect_control,620,skeletal_muscle,fed,0.94522346137,0.05997136092,13.998828752481051,9.074739754756123,9.074739754756123,9.074739754756123,0.0,pass,
bckdk_direct_model_inhibition,disconnect_control,621,liver,fasted,0.91125922816,0.01777655821,2.299081125611328,1.2664297471154125,1.2664297471154125,1.2664297471154125,0.0,pass,
bckdk_direct_model_inhibition,disconnect_control,622,adipose_subcutaneous,fed,0.98475827087,0.06851951278,29.320472023996658,17.553826341042708,17.553826341042708,17.553826341042708,0.0,pass,
bckdk_direct_model_inhibition,disconnect_control,623,adipose_subcutaneous,fasted,0.99243183716,0.07816425963,1.192648897935792,1.1207866066029388,1.1207866066029388,1.1207866066029388,0.0,pass,
bckdk_direct_model_inhibition,disconnect_control,624,skeletal_muscle,fed,0.93878644186,0.01291882871,3.9185144591590086,5.1207984517017335,5.1207984517017335,5.1207984517017335,0.0,pass,
bckdk_direct_model_inhibition,disconnect_control,625,adipose_subcutaneous,exercise,0.9221369493,0.03767746668,2.1457938232428417,2.3199295424706525,2.3199295424706525,2.3199295424706525,0.0,pass,
bckdk_direct_model_inhibition,disconnect_control,626,skeletal_muscle,fed,0.98954617468,0.04961885376,20.292749945787563,11.139076117381896,11.139076117381896,11.139076117381896,0.0,pass,
bckdk_direct_model_inhibition,disconnect_control,627,liver,fed,0.92422015035,0.04198896482,3.2449693570265805,4.511590639161084,4.511590639161084,4.511590639161084,0.0,pass,
bckdk_direct_model_inhibition,disconnect_control,628,adipose_subcutaneous,fed,0.9768459157,0.08907970729,9.697978775082555,5.477907700760012,5.477907700760012,5.477907700760012,0.0,pass,
bckdk_direct_model_inhibition,disconnect_control,629,skeletal_muscle,fed,0.91917933844,0.03549092528,33.60157879417599,17.503334461202453,17.503334461202453,17.503334461202453,0.0,pass,
bckdk_direct_model_inhibition,disconnect_control,630,liver,exercise,0.97372918137,0.04488048521,6.941834124511164,6.83082725667797,6.83082725667797,6.83082725667797,0.0,pass,
bckdk_direct_model_inhibition,disconnect_control,631,adipose_subcutaneous,exercise,0.99436854225,0.04304171687,6.46046949340233,4.017860937850774,4.017860937850774,4.017860937850774,0.0,pass,
bckdk_direct_model_inhibition,disconnect_control,632,liver,exercise,0.91408838764,0.08203649599,2.3140930377985054,3.318307962636442,3.318307962636442,3.318307962636442,0.0,pass,
bckdk_direct_model_inhibition,disconnect_control,633,skeletal_muscle,fasted,0.97264827051,0.05338830474,2.302277641381182,3.4112469318585124,3.4112469318585124,3.4112469318585124,0.0,pass,
bckdk_direct_model_inhibition,disconnect_control,634,skeletal_muscle,exercise,0.94286277705,0.0305114646,4.734740682309974,2.36604415861065,2.36604415861065,2.36604415861065,0.0,pass,
bckdk_direct_model_inhibition,disconnect_control,635,adipose_subcutaneous,fasted,0.98994234416,0.05046526426,2.078775136491744,2.2766010036797955,2.2766010036797955,2.2766010036797955,0.0,pass,
bckdk_direct_model_inhibition,disconnect_control,636,liver,fasted,0.97146744158,0.06890697143,1.4988182569347863,1.408237485011402,1.408237485011402,1.408237485011402,0.0,pass,
bckdk_direct_model_inhibition,disconnect_control,637,skeletal_muscle,exercise,0.92833526676,0.04527186006,1.419814917531328,2.5116647562617143,2.5116647562617143,2.5116647562617143,0.0,pass,
bckdk_direct_model_inhibition,disconnect_control,638,adipose_subcutaneous,fed,0.96730302478,0.06251990628,26.78163254515356,17.163863898849634,17.163863898849634,17.163863898849634,0.0,pass,
bckdk_direct_model_inhibition,disconnect_control,639,skeletal_muscle,exercise,0.91226850311,0.03145857642,5.21526806252538,3.881454376906576,3.881454376906576,3.881454376906576,0.0,pass,
bckdk_direct_model_inhibition,disconnect_control,640,liver,exercise,0.97931366994,0.09957386446,12.385117223269296,8.1065411667295,8.1065411667295,8.1065411667295,0.0,pass,
bckdk_direct_model_inhibition,disconnect_control,641,skeletal_muscle,caloric_restriction,0.97595589469,0.04192677018,2.7130336513840967,1.7697110169265666,1.7697110169265666,1.7697110169265666,0.0,pass,
bckdk_direct_model_inhibition,disconnect_control,642,liver,exercise,0.93625235509,0.07293344578,4.049974336387284,4.5102395248571225,4.5102395248571225,4.5102395248571225,0.0,pass,
bckdk_direct_model_inhibition,disconnect_control,643,skeletal_muscle,fed,0.95738713051,0.01153101193,8.336618303993781,7.37487223530618,7.37487223530618,7.37487223530618,0.0,pass,
bckdk_direct_model_inhibition,disconnect_control,644,adipose_subcutaneous,fasted,0.98113634981,0.01430707191,4.785727811704554,2.615155435333913,2.615155435333913,2.615155435333913,0.0,pass,
bckdk_direct_model_inhibition,disconnect_control,645,liver,exercise,0.92272585055,0.01389041437,1.8644645012063237,2.6951610184286787,2.6951610184286787,2.6951610184286787,0.0,pass,
bckdk_direct_model_inhibition,disconnect_control,646,skeletal_muscle,caloric_restriction,0.98091365773,0.07780499916,1.629855699222429,1.762378265579446,1.762378265579446,1.762378265579446,0.0,pass,
bckdk_direct_model_inhibition,disconnect_control,647,skeletal_muscle,caloric_restriction,0.97106997213,0.09111728362,0.6540230849290363,1.1095622981950313,1.1095622981950313,1.1095622981950313,0.0,pass,
bckdk_direct_model_inhibition,disconnect_control,648,skeletal_muscle,fed,0.98899131217,0.05900298517,7.059145954450322,5.985965664190605,5.985965664190605,5.985965664190605,0.0,pass,
bckdk_direct_model_inhibition,disconnect_control,649,adipose_subcutaneous,caloric_restriction,0.90514517222,0.0283499439099999,1.0570407853626125,0.9917975722163094,0.9917975722163094,0.9917975722163094,0.0,pass,
bckdk_direct_model_inhibition,disconnect_control,650,liver,fed,0.99233108448,0.0583183141699999,6.309311495595229,7.504237669515665,7.504237669515665,7.504237669515665,0.0,pass,
bckdk_direct_model_inhibition,disconnect_control,651,adipose_subcutaneous,fed,0.90072642879,0.08670156374,22.776528274072515,12.372508716238292,12.372508716238292,12.372508716238292,0.0,pass,
bckdk_direct_model_inhibition,disconnect_control,652,skeletal_muscle,fasted,0.95576432839,0.05509133282,2.875532194608,4.572296618862234,4.572296618862234,4.572296618862234,0.0,pass,
bckdk_direct_model_inhibition,disconnect_control,653,skeletal_muscle,fasted,0.95982576644,0.00833399416,3.802809986675889,3.291561906532022,3.291561906532022,3.291561906532022,0.0,pass,
bckdk_direct_model_inhibition,disconnect_control,654,adipose_subcutaneous,fed,0.99222844201,0.02338252596,13.007601072913866,9.543144832807432,9.543144832807432,9.543144832807432,0.0,pass,
bckdk_direct_model_inhibition,disconnect_control,655,skeletal_muscle,fed,0.96915607745,0.06348205879,6.485035213802623,10.264888205503407,10.264888205503407,10.264888205503407,0.0,pass,
bckdk_direct_model_inhibition,disconnect_control,656,skeletal_muscle,caloric_restriction,0.91548723947,0.07236365846,1.0653280868792936,1.2732104177111487,1.2732104177111487,1.2732104177111487,0.0,pass,
bckdk_direct_model_inhibition,disconnect_control,657,liver,exercise,0.90505267093,0.01905933104,11.89144782553308,5.8559723387671685,5.8559723387671685,5.8559723387671685,0.0,pass,
bckdk_direct_model_inhibition,disconnect_control,658,skeletal_muscle,caloric_restriction,0.94974729904,0.02933580966,1.0841487100653495,1.6258818164072222,1.6258818164072222,1.6258818164072222,0.0,pass,
bckdk_direct_model_inhibition,disconnect_control,659,skeletal_muscle,fasted,0.90862815872,0.02079809375,7.71608150614199,4.133403026168365,4.133403026168365,4.133403026168365,0.0,pass,
bckdk_direct_model_inhibition,disconnect_control,660,adipose_subcutaneous,fed,0.91942296656,0.05557956211,23.850781040383804,12.33848269663839,12.33848269663839,12.33848269663839,0.0,pass,
bckdk_direct_model_inhibition,disconnect_control,661,adipose_subcutaneous,exercise,0.91125082869,0.01565400431,2.6892946678129914,3.3110996155854773,3.3110996155854773,3.3110996155854773,0.0,pass,
bckdk_direct_model_inhibition,disconnect_control,662,adipose_subcutaneous,fasted,0.91214363681,0.04831976743,2.710465201683255,1.568621096854466,1.568621096854466,1.568621096854466,0.0,pass,
bckdk_direct_model_inhibition,disconnect_control,663,adipose_subcutaneous,exercise,0.92145456954,0.08537294057,2.4164757300497146,3.650364420298127,3.650364420298127,3.650364420298127,0.0,pass,
bckdk_direct_model_inhibition,disconnect_control,664,liver,exercise,0.9189980209,0.08631300297,8.77383206365467,7.531264618706,7.531264618706,7.531264618706,0.0,pass,
bckdk_direct_model_inhibition,disconnect_control,665,liver,fed,0.97544831877,0.08826409332,5.132443111585875,5.993833508719973,5.993833508719973,5.993833508719973,0.0,pass,
bckdk_direct_model_inhibition,disconnect_control,666,liver,caloric_restriction,0.97888161322,0.05217250946,2.964509910312863,2.249780105118486,2.249780105118486,2.249780105118486,0.0,pass,
bckdk_direct_model_inhibition,disconnect_control,667,skeletal_muscle,fasted,0.95772035588,0.04813585063,4.355546898233103,2.463918313036544,2.463918313036544,2.463918313036544,0.0,pass,
bckdk_direct_model_inhibition,disconnect_control,668,adipose_subcutaneous,fasted,0.90486174828,0.09355428634,3.4205242891109946,3.870637847285121,3.870637847285121,3.870637847285121,0.0,pass,
bckdk_direct_model_inhibition,disconnect_control,669,adipose_subcutaneous,fasted,0.92930221229,0.08364492369,3.663759083915292,3.0634330751113863,3.0634330751113863,3.0634330751113863,0.0,pass,
bckdk_direct_model_inhibition,disconnect_control,670,liver,fasted,0.95239057765,0.02373922788,7.5644410887315505,5.045826573915377,5.045826573915377,5.045826573915377,0.0,pass,
bckdk_direct_model_inhibition,disconnect_control,671,liver,fasted,0.9068119379,0.00371244908,1.881273610886449,2.4235569216073016,2.4235569216073016,2.4235569216073016,0.0,pass,
bckdk_direct_model_inhibition,disconnect_control,672,liver,fasted,0.98731615544,0.01666274765,2.6349064328509746,3.1935449744674287,3.1935449744674287,3.1935449744674287,0.0,pass,
bckdk_direct_model_inhibition,disconnect_control,673,skeletal_muscle,fed,0.96316455749,0.00873331666,9.73262950583438,5.5173011810389525,5.5173011810389525,5.5173011810389525,0.0,pass,
bckdk_direct_model_inhibition,disconnect_control,674,adipose_subcutaneous,caloric_restriction,0.98218494596,0.0461290383,0.9875603658934242,1.6153290885584184,1.6153290885584184,1.6153290885584184,0.0,pass,
bckdk_direct_model_inhibition,disconnect_control,675,skeletal_muscle,caloric_restriction,0.91806588514,0.05990361035,2.117001770368265,2.3482475348240706,2.3482475348240706,2.3482475348240706,0.0,pass,
bckdk_direct_model_inhibition,disconnect_control,676,adipose_subcutaneous,fasted,0.96003334022,0.08447300956,1.1072672943419275,1.37478111085552,1.37478111085552,1.37478111085552,0.0,pass,
bckdk_direct_model_inhibition,disconnect_control,677,skeletal_muscle,exercise,0.90528704388,0.05311285365,1.889751324991829,2.7644028939173744,2.7644028939173744,2.7644028939173744,0.0,pass,
bckdk_direct_model_inhibition,disconnect_control,678,liver,fasted,0.9004948379100001,0.0441530891,2.7763712711842503,3.727237178472337,3.727237178472337,3.727237178472337,0.0,pass,
bckdk_direct_model_inhibition,disconnect_control,679,adipose_subcutaneous,exercise,0.98915416325,0.06996865066,5.131653328333193,2.9435108545756155,2.9435108545756155,2.9435108545756155,0.0,pass,
bckdk_direct_model_inhibition,disconnect_control,680,skeletal_muscle,exercise,0.93271850008,0.0721114184,3.0400542372974986,4.327369369128348,4.327369369128348,4.327369369128348,0.0,pass,
bckdk_direct_model_inhibition,disconnect_control,681,skeletal_muscle,caloric_restriction,0.96918954919,0.07636095693,5.055014915326575,3.2077785432285943,3.2077785432285943,3.2077785432285943,0.0,pass,
bckdk_direct_model_inhibition,disconnect_control,682,skeletal_muscle,fed,0.99588725537,0.0855631992,7.777515098839502,12.104042026343915,12.104042026343915,12.104042026343915,0.0,pass,
bckdk_direct_model_inhibition,disconnect_control,683,skeletal_muscle,fed,0.92625630289,0.0485991998,6.27759438265782,5.536386601037199,5.536386601037199,5.536386601037199,0.0,pass,
bckdk_direct_model_inhibition,disconnect_control,684,adipose_subcutaneous,fasted,0.90792568121,0.09687276343,1.0714751075866755,1.919424476615736,1.919424476615736,1.919424476615736,0.0,pass,
bckdk_direct_model_inhibition,disconnect_control,685,liver,caloric_restriction,0.96746008451,0.01866008265,1.1951011024233429,1.434049344008975,1.434049344008975,1.434049344008975,0.0,pass,
bckdk_direct_model_inhibition,disconnect_control,686,adipose_subcutaneous,caloric_restriction,0.99348724501,0.03577668442,4.418137823811912,3.199489223914461,3.199489223914461,3.199489223914461,0.0,pass,
bckdk_direct_model_inhibition,disconnect_control,687,skeletal_muscle,caloric_restriction,0.94173146879,0.02980526341,0.4343455729677602,0.8148273382775119,0.8148273382775119,0.8148273382775119,0.0,pass,
bckdk_direct_model_inhibition,disconnect_control,688,skeletal_muscle,exercise,0.92012675484,0.03936137976,2.527128412522011,3.039322848282623,3.039322848282623,3.039322848282623,0.0,pass,
bckdk_direct_model_inhibition,disconnect_control,689,skeletal_muscle,caloric_restriction,0.99189091544,0.08688191361,1.3472791675117313,2.528301199259525,2.528301199259525,2.528301199259525,0.0,pass,
bckdk_direct_model_inhibition,disconnect_control,690,skeletal_muscle,fasted,0.9567086388,0.07983723118,2.6216231021326517,2.4482110308196003,2.4482110308196003,2.4482110308196003,0.0,pass,
bckdk_direct_model_inhibition,disconnect_control,691,skeletal_muscle,exercise,0.91805657395,0.03982781777,5.879462557951963,3.692189908407972,3.692189908407972,3.692189908407972,0.0,pass,
bckdk_direct_model_inhibition,disconnect_control,692,skeletal_muscle,exercise,0.90051894994,0.07909832884,1.5496872902126158,2.9674176072231666,2.9674176072231666,2.9674176072231666,0.0,pass,
bckdk_direct_model_inhibition,disconnect_control,693,adipose_subcutaneous,caloric_restriction,0.93075359909,0.00957208263,1.6910342589194152,3.045716461479665,3.045716461479665,3.045716461479665,0.0,pass,
bckdk_direct_model_inhibition,disconnect_control,694,liver,exercise,0.97242932374,0.03147095912,4.0958592625890775,4.045840734917503,4.045840734917503,4.045840734917503,0.0,pass,
bckdk_direct_model_inhibition,disconnect_control,695,liver,fed,0.98958086068,0.07511926197,9.157935296092436,10.56722360682675,10.56722360682675,10.56722360682675,0.0,pass,
bckdk_direct_model_inhibition,disconnect_control,696,skeletal_muscle,caloric_restriction,0.96745718492,0.07133371507,1.1121459203769648,1.033680380000304,1.033680380000304,1.033680380000304,0.0,pass,
bckdk_direct_model_inhibition,disconnect_control,697,adipose_subcutaneous,caloric_restriction,0.95616645577,0.03742460051,1.937055366788592,3.495879327551017,3.495879327551017,3.495879327551017,0.0,pass,
bckdk_direct_model_inhibition,disconnect_control,698,liver,exercise,0.93890661668,0.08576107087,5.581383058457588,2.8530620114232823,2.8530620114232823,2.8530620114232823,0.0,pass,
bckdk_direct_model_inhibition,disconnect_control,699,adipose_subcutaneous,fasted,0.99244160026,0.07685723137,5.138213750962284,3.095987465492951,3.095987465492951,3.095987465492951,0.0,pass,
bckdk_direct_model_inhibition,disconnect_control,700,adipose_subcutaneous,fasted,0.93107822961,0.0052127471,1.987904049060473,1.1863479102530918,1.1863479102530918,1.1863479102530918,0.0,pass,
bckdk_direct_model_inhibition,disconnect_control,701,adipose_subcutaneous,exercise,0.95150835414,0.00575586269,13.979461848244624,8.479709513003526,8.479709513003526,8.479709513003526,0.0,pass,
bckdk_direct_model_inhibition,disconnect_control,702,skeletal_muscle,fed,0.99033180269,0.04036156675,8.552807760950113,10.65664075885868,10.65664075885868,10.65664075885868,0.0,pass,
bckdk_direct_model_inhibition,disconnect_control,703,skeletal_muscle,fed,0.90212476853,0.01112924474,3.4295559694016493,5.486951082095756,5.486951082095756,5.486951082095756,0.0,pass,
bckdk_direct_model_inhibition,disconnect_control,704,liver,fasted,0.91004200667,0.08140410624,3.5097946114324112,1.764491917249547,1.764491917249547,1.764491917249547,0.0,pass,
bckdk_direct_model_inhibition,disconnect_control,705,adipose_subcutaneous,fed,0.99321823673,0.05202224129,5.118948283038345,5.0164720099879725,5.0164720099879725,5.0164720099879725,0.0,pass,
bckdk_direct_model_inhibition,disconnect_control,706,liver,fed,0.98797823462,0.03669878117,14.392872271439694,9.85704423967785,9.85704423967785,9.85704423967785,0.0,pass,
bckdk_direct_model_inhibition,disconnect_control,707,liver,caloric_restriction,0.98744737199,0.07304528428,0.6621529572077608,1.140283888295094,1.140283888295094,1.140283888295094,0.0,pass,
bckdk_direct_model_inhibition,disconnect_control,708,adipose_subcutaneous,caloric_restriction,0.9085546097,0.05704349337,5.450745433405082,3.746802251538909,3.746802251538909,3.746802251538909,0.0,pass,
bckdk_direct_model_inhibition,disconnect_control,709,skeletal_muscle,fed,0.93283408446,0.0225143844,6.160333016327041,6.339575414073317,6.339575414073317,6.339575414073317,0.0,pass,
bckdk_direct_model_inhibition,disconnect_control,710,adipose_subcutaneous,caloric_restriction,0.91449230684,0.02991460165,6.597143297960188,3.966344455439785,3.966344455439785,3.966344455439785,0.0,pass,
bckdk_direct_model_inhibition,disconnect_control,711,liver,fasted,0.96806349952,0.0257619878,3.928802393857408,2.1169008357619425,2.1169008357619425,2.1169008357619425,0.0,pass,
bckdk_direct_model_inhibition,disconnect_control,712,liver,fasted,0.95500028567,0.03525723046,1.2537849752381058,2.415275435692322,2.415275435692322,2.415275435692322,0.0,pass,
bckdk_direct_model_inhibition,disconnect_control,713,liver,fasted,0.97404275394,0.08455709372,3.425866071151967,2.7601503054116896,2.7601503054116896,2.7601503054116896,0.0,pass,
bckdk_direct_model_inhibition,disconnect_control,714,liver,fed,0.91949196363,0.09449218135,24.111932492114438,16.04246170053394,16.04246170053394,16.04246170053394,0.0,pass,
bckdk_direct_model_inhibition,disconnect_control,715,adipose_subcutaneous,fasted,0.99030969476,0.03756743147,3.919674499410556,2.6386589781285537,2.6386589781285537,2.6386589781285537,0.0,pass,
bckdk_direct_model_inhibition,disconnect_control,716,adipose_subcutaneous,fed,0.98548075217,0.07838821443,3.895586235576823,4.48775519780032,4.48775519780032,4.48775519780032,0.0,pass,
bckdk_direct_model_inhibition,disconnect_control,717,adipose_subcutaneous,exercise,0.96455857889,0.08349511567,1.5501797362720584,2.4215840081668905,2.4215840081668905,2.4215840081668905,0.0,pass,
bckdk_direct_model_inhibition,disconnect_control,718,skeletal_muscle,fed,0.93024251627,0.06796404131,5.542740531224501,5.433721354324819,5.433721354324819,5.433721354324819,0.0,pass,
bckdk_direct_model_inhibition,disconnect_control,719,liver,exercise,0.92951963916,0.03715665615,6.365526214666399,5.121258393394346,5.121258393394346,5.121258393394346,0.0,pass,
bckdk_direct_model_inhibition,disconnect_control,720,skeletal_muscle,fasted,0.90590018371,0.02498665755,1.3831078490206723,2.1065049467817984,2.1065049467817984,2.1065049467817984,0.0,pass,
bckdk_direct_model_inhibition,disconnect_control,721,skeletal_muscle,exercise,0.90067071668,0.07564788847,12.269536731535132,7.851632177178509,7.851632177178509,7.851632177178509,0.0,pass,
bckdk_direct_model_inhibition,disconnect_control,722,liver,fasted,0.92914356354,0.0640659791,0.9313568663964708,1.334986219012141,1.334986219012141,1.334986219012141,0.0,pass,
bckdk_direct_model_inhibition,disconnect_control,723,liver,fed,0.98696443822,0.01974737213,10.251769918294167,9.913727207080912,9.913727207080912,9.913727207080912,0.0,pass,
bckdk_direct_model_inhibition,disconnect_control,724,skeletal_muscle,caloric_restriction,0.94985093384,0.04276277579,1.825083251954058,0.947386547042838,0.947386547042838,0.947386547042838,0.0,pass,
bckdk_direct_model_inhibition,disconnect_control,725,liver,exercise,0.92588271365,0.04480982571,7.765234411222575,4.0124338714941565,4.0124338714941565,4.0124338714941565,0.0,pass,
bckdk_direct_model_inhibition,disconnect_control,726,liver,caloric_restriction,0.92723863473,0.05440709523,4.274536129163743,3.3902433266490077,3.3902433266490077,3.3902433266490077,0.0,pass,
bckdk_direct_model_inhibition,disconnect_control,727,liver,fed,0.94025934234,0.01455545539,4.693883813907267,6.208709675271677,6.208709675271677,6.208709675271677,0.0,pass,
bckdk_direct_model_inhibition,disconnect_control,728,adipose_subcutaneous,fed,0.9287911243,0.03176404514,12.16536537701954,8.743401404460897,8.743401404460897,8.743401404460897,0.0,pass,
bckdk_direct_model_inhibition,disconnect_control,729,liver,exercise,0.91600116251,0.09588618432,7.427401551859226,4.530992992038737,4.530992992038737,4.530992992038737,0.0,pass,
bckdk_direct_model_inhibition,disconnect_control,730,skeletal_muscle,exercise,0.94972353239,0.00116682103,6.561726526930062,9.355911446766784,9.355911446766784,9.355911446766784,0.0,pass,
bckdk_direct_model_inhibition,disconnect_control,731,skeletal_muscle,fasted,0.91626043523,0.06884089794,1.1361231244387002,1.8208251920802443,1.8208251920802443,1.8208251920802443,0.0,pass,
bckdk_direct_model_inhibition,disconnect_control,732,liver,fasted,0.91576979941,0.08506366994,2.8926476225674307,2.401325787699851,2.401325787699851,2.401325787699851,0.0,pass,
bckdk_direct_model_inhibition,disconnect_control,733,liver,fed,0.92520644561,0.04270256725,4.824049661188004,6.72943355683301,6.72943355683301,6.72943355683301,0.0,pass,
bckdk_direct_model_inhibition,disconnect_control,734,adipose_subcutaneous,exercise,0.99410241572,0.06706392003,6.294231490113707,3.8355114989136982,3.8355114989136982,3.8355114989136982,0.0,pass,
bckdk_direct_model_inhibition,disconnect_control,735,skeletal_muscle,fasted,0.99124789406,0.04743979167,5.704586649236412,3.516515165191388,3.516515165191388,3.516515165191388,0.0,pass,
bckdk_direct_model_inhibition,disconnect_control,736,liver,caloric_restriction,0.98981988071,0.00023609026,0.7878229299902328,1.2155365359317505,1.2155365359317505,1.2155365359317505,0.0,pass,
bckdk_direct_model_inhibition,disconnect_control,737,skeletal_muscle,exercise,0.90844303983,0.07701001591,9.683018343574814,4.882734023587335,4.882734023587335,4.882734023587335,0.0,pass,
bckdk_direct_model_inhibition,disconnect_control,738,liver,caloric_restriction,0.95199588099,0.09585180761,2.59120552245115,2.2461435391477598,2.2461435391477598,2.2461435391477598,0.0,pass,
bckdk_direct_model_inhibition,disconnect_control,739,liver,fasted,0.95034945742,0.01876925949,3.3131243088527484,4.064390609265205,4.064390609265205,4.064390609265205,0.0,pass,
bckdk_direct_model_inhibition,disconnect_control,740,liver,exercise,0.93952443603,0.01242824343,1.933234292855767,2.141105918661478,2.141105918661478,2.141105918661478,0.0,pass,
bckdk_direct_model_inhibition,disconnect_control,741,adipose_subcutaneous,exercise,0.92813847845,0.01218701303,6.739369631348299,8.589799187719215,8.589799187719215,8.589799187719215,0.0,pass,
bckdk_direct_model_inhibition,disconnect_control,742,skeletal_muscle,fasted,0.95166017534,0.0730528030799999,2.333760095521338,4.16383947237161,4.16383947237161,4.16383947237161,0.0,pass,
bckdk_direct_model_inhibition,disconnect_control,743,adipose_subcutaneous,exercise,0.90442046454,0.03335752668,1.8602906179612304,3.716643384868432,3.716643384868432,3.716643384868432,0.0,pass,
bckdk_direct_model_inhibition,disconnect_control,744,adipose_subcutaneous,fed,0.96547304116,0.08443945167,9.131424440359082,12.980966445965056,12.980966445965056,12.980966445965056,0.0,pass,
bckdk_direct_model_inhibition,disconnect_control,745,skeletal_muscle,caloric_restriction,0.98407819175,0.00138404252,1.882858802735199,3.027945104641769,3.027945104641769,3.027945104641769,0.0,pass,
bckdk_direct_model_inhibition,disconnect_control,746,skeletal_muscle,fasted,0.97802607473,0.06350300565,3.406493367743938,3.1056838746110738,3.1056838746110738,3.1056838746110738,0.0,pass,
bckdk_direct_model_inhibition,disconnect_control,747,adipose_subcutaneous,exercise,0.97639927027,0.01354558943,2.3480960441354246,2.236881323889164,2.236881323889164,2.236881323889164,0.0,pass,
bckdk_direct_model_inhibition,disconnect_control,748,skeletal_muscle,fed,0.98081945778,0.06355801105,4.16073819515968,4.617354646596694,4.617354646596694,4.617354646596694,0.0,pass,
bckdk_direct_model_inhibition,disconnect_control,749,skeletal_muscle,fasted,0.96194427301,0.03745754205,2.305009774537897,1.6636714970162412,1.6636714970162412,1.6636714970162412,0.0,pass,
bckdk_direct_model_inhibition,disconnect_control,750,adipose_subcutaneous,caloric_restriction,0.96711589285,0.04753354737,0.6129511283938497,1.0950037574069855,1.0950037574069855,1.0950037574069855,0.0,pass,
bckdk_direct_model_inhibition,disconnect_control,751,skeletal_muscle,fasted,0.94755710033,0.06353178763,3.2877411211627776,4.0114872328803575,4.0114872328803575,4.0114872328803575,0.0,pass,
bckdk_direct_model_inhibition,disconnect_control,752,skeletal_muscle,exercise,0.90978388462,0.08043732385,4.603003078084189,3.4438079651357025,3.4438079651357025,3.4438079651357025,0.0,pass,
bckdk_direct_model_inhibition,disconnect_control,753,liver,fasted,0.92042174756,0.02067771595,1.2898452619777616,2.290234207442535,2.290234207442535,2.290234207442535,0.0,pass,
bckdk_direct_model_inhibition,disconnect_control,754,skeletal_muscle,fed,0.98991556199,0.01218779211,4.688916134068282,7.194320709272597,7.194320709272597,7.194320709272597,0.0,pass,
bckdk_direct_model_inhibition,disconnect_control,755,liver,exercise,0.92100631973,0.02552382035,3.153937557484087,5.841066555544021,5.841066555544021,5.841066555544021,0.0,pass,
bckdk_direct_model_inhibition,disconnect_control,756,skeletal_muscle,caloric_restriction,0.93442239794,0.04382895772,1.717490434148236,2.9709950870961928,2.9709950870961928,2.9709950870961928,0.0,pass,
bckdk_direct_model_inhibition,disconnect_control,757,adipose_subcutaneous,exercise,0.93031606678,0.07446887131,10.748461824554264,7.847491701597456,7.847491701597456,7.847491701597456,0.0,pass,
bckdk_direct_model_inhibition,disconnect_control,758,adipose_subcutaneous,exercise,0.94906235091,0.00018371295,8.76791863512839,4.914699748689462,4.914699748689462,4.914699748689462,0.0,pass,
bckdk_direct_model_inhibition,disconnect_control,759,skeletal_muscle,fed,0.9488420738,0.00803252516,4.65732902233673,9.084582503990244,9.084582503990244,9.084582503990244,0.0,pass,
bckdk_direct_model_inhibition,disconnect_control,760,adipose_subcutaneous,fed,0.96754159797,0.07946686303,20.198213967584945,14.872722161381647,14.872722161381647,14.872722161381647,0.0,pass,
bckdk_direct_model_inhibition,disconnect_control,761,adipose_subcutaneous,fed,0.95756940338,0.05679443058,10.028764140147082,8.656397945292971,8.656397945292971,8.656397945292971,0.0,pass,
bckdk_direct_model_inhibition,disconnect_control,762,adipose_subcutaneous,fed,0.90373613937,0.09256859766,15.976735559469006,12.21072457996492,12.21072457996492,12.21072457996492,0.0,pass,
bckdk_direct_model_inhibition,disconnect_control,763,adipose_subcutaneous,exercise,0.92231633836,0.01757117884,5.139712342732593,5.579018111728516,5.579018111728516,5.579018111728516,0.0,pass,
bckdk_direct_model_inhibition,disconnect_control,764,liver,exercise,0.90751457004,0.04066165781,2.003304852809684,3.256337458736257,3.256337458736257,3.256337458736257,0.0,pass,
bckdk_direct_model_inhibition,disconnect_control,765,liver,fed,0.90143662808,0.05332178965,9.910818733231356,12.86625832063226,12.86625832063226,12.86625832063226,0.0,pass,
bckdk_direct_model_inhibition,disconnect_control,766,skeletal_muscle,caloric_restriction,0.97415501075,0.04305466471,2.238080467008481,2.508717299317105,2.508717299317105,2.508717299317105,0.0,pass,
bckdk_direct_model_inhibition,disconnect_control,767,adipose_subcutaneous,fed,0.96429669893,0.02142223244,6.360300068721685,9.691533043076136,9.691533043076136,9.691533043076136,0.0,pass,
bckdk_direct_model_inhibition,disconnect_control,768,skeletal_muscle,caloric_restriction,0.92778976345,0.07136841159,2.52716354542555,1.5454822400103585,1.5454822400103585,1.5454822400103585,0.0,pass,
bckdk_direct_model_inhibition,disconnect_control,769,liver,caloric_restriction,0.95545619458,0.01262609753,1.4699188641647596,1.1800925832158076,1.1800925832158076,1.1800925832158076,0.0,pass,
bckdk_direct_model_inhibition,disconnect_control,770,liver,fasted,0.9916642953,0.09366217352,4.644407881302901,2.758060119573277,2.758060119573277,2.758060119573277,0.0,pass,
bckdk_direct_model_inhibition,disconnect_control,771,skeletal_muscle,exercise,0.95367318328,0.01810259417,2.614166590175759,4.368452051373175,4.368452051373175,4.368452051373175,0.0,pass,
bckdk_direct_model_inhibition,disconnect_control,772,liver,exercise,0.92055784907,0.01039453129,1.99157319482354,2.786577686939668,2.786577686939668,2.786577686939668,0.0,pass,
bckdk_direct_model_inhibition,disconnect_control,773,liver,fasted,0.99922013968,0.08646827302,2.171421441042913,1.6716149693372744,1.6716149693372744,1.6716149693372744,0.0,pass,
bckdk_direct_model_inhibition,disconnect_control,774,liver,fed,0.9702051103,0.07159387658,13.67981850160761,17.828464570939623,17.828464570939623,17.828464570939623,0.0,pass,
bckdk_direct_model_inhibition,disconnect_control,775,skeletal_muscle,caloric_restriction,0.95005481841,0.04307192712,1.5235223760259586,2.4718729336551477,2.4718729336551477,2.4718729336551477,0.0,pass,
bckdk_direct_model_inhibition,disconnect_control,776,adipose_subcutaneous,caloric_restriction,0.92738696301,0.0957581097,2.131933723281402,1.4704999621403925,1.4704999621403925,1.4704999621403925,0.0,pass,
bckdk_direct_model_inhibition,disconnect_control,777,liver,fed,0.952138303,0.04223467823,12.536917619369875,14.432103765137173,14.432103765137173,14.432103765137173,0.0,pass,
bckdk_direct_model_inhibition,disconnect_control,778,liver,fed,0.98122554128,0.0184242292,10.012016878549176,13.305062219133012,13.305062219133012,13.305062219133012,0.0,pass,
bckdk_direct_model_inhibition,disconnect_control,779,skeletal_muscle,fed,0.93194162858,0.01614902232,6.979501268154118,10.428488471003073,10.428488471003073,10.428488471003073,0.0,pass,
bckdk_direct_model_inhibition,disconnect_control,780,skeletal_muscle,fed,0.93055399312,0.06930078835,19.572840765111145,17.74648427333346,17.74648427333346,17.74648427333346,0.0,pass,
bckdk_direct_model_inhibition,disconnect_control,781,liver,exercise,0.99851147188,0.03671754847,2.5024682131093368,2.8500176381337967,2.8500176381337967,2.8500176381337967,0.0,pass,
bckdk_direct_model_inhibition,disconnect_control,782,skeletal_muscle,fed,0.94153676775,0.0092151324,13.165559172830978,13.90112768238038,13.90112768238038,13.90112768238038,0.0,pass,
bckdk_direct_model_inhibition,disconnect_control,783,liver,fed,0.9091402292,0.0508601379599999,5.2388427683564,7.275006069754266,7.275006069754266,7.275006069754266,0.0,pass,
bckdk_direct_model_inhibition,disconnect_control,784,liver,fed,0.91511976212,0.04259999064,18.948155903819814,16.304105257818037,16.304105257818037,16.304105257818037,0.0,pass,
bckdk_direct_model_inhibition,disconnect_control,785,adipose_subcutaneous,fasted,0.91644833701,0.02665186261,1.6724758313944896,2.8551118372828483,2.8551118372828483,2.8551118372828483,0.0,pass,
bckdk_direct_model_inhibition,disconnect_control,786,liver,caloric_restriction,0.94353708285,0.01147709619,3.256301362337224,3.451741507907624,3.451741507907624,3.451741507907624,0.0,pass,
bckdk_direct_model_inhibition,disconnect_control,787,skeletal_muscle,exercise,0.94183512818,0.08313251095,1.4977858764104168,3.003223817375283,3.003223817375283,3.003223817375283,0.0,pass,
bckdk_direct_model_inhibition,disconnect_control,788,liver,fed,0.97177000172,0.05741366187,14.727649911927625,17.410178869614512,17.410178869614512,17.410178869614512,0.0,pass,
bckdk_direct_model_inhibition,disconnect_control,789,adipose_subcutaneous,caloric_restriction,0.91450466043,0.08448278211,2.3558728585029183,3.1538626751933867,3.1538626751933867,3.1538626751933867,0.0,pass,
bckdk_direct_model_inhibition,disconnect_control,790,skeletal_muscle,fed,0.97301232068,0.0544101104,3.699098213679528,5.162790889236579,5.162790889236579,5.162790889236579,0.0,pass,
bckdk_direct_model_inhibition,disconnect_control,791,adipose_subcutaneous,exercise,0.99011334321,0.05997061127,7.148251064159632,4.428302813772351,4.428302813772351,4.428302813772351,0.0,pass,
bckdk_direct_model_inhibition,disconnect_control,792,adipose_subcutaneous,fed,0.94222468086,0.01320375952,6.390583267027865,4.973788460574759,4.973788460574759,4.973788460574759,0.0,pass,
bckdk_direct_model_inhibition,disconnect_control,793,liver,caloric_restriction,0.97546744948,0.03830202318,4.022555284733125,3.4747724333401595,3.4747724333401595,3.4747724333401595,0.0,pass,
bckdk_direct_model_inhibition,disconnect_control,794,liver,exercise,0.91602352372,0.0308940534,9.373174117833596,5.663226178901837,5.663226178901837,5.663226178901837,0.0,pass,
bckdk_direct_model_inhibition,disconnect_control,795,adipose_subcutaneous,exercise,0.99139961429,0.05117988997,5.781432698972119,3.133583948877384,3.133583948877384,3.133583948877384,0.0,pass,
bckdk_direct_model_inhibition,disconnect_control,796,skeletal_muscle,caloric_restriction,0.95166278547,0.0088431491,1.90040986777424,1.4283510482901485,1.4283510482901485,1.4283510482901485,0.0,pass,
bckdk_direct_model_inhibition,disconnect_control,797,adipose_subcutaneous,fasted,0.96441675057,0.03199770969,1.6903139690000764,2.773960632585068,2.773960632585068,2.773960632585068,0.0,pass,
bckdk_direct_model_inhibition,disconnect_control,798,skeletal_muscle,caloric_restriction,0.91522694972,0.05777792246,1.18745497591805,1.6405460106304326,1.6405460106304326,1.6405460106304326,0.0,pass,
bckdk_direct_model_inhibition,disconnect_control,799,adipose_subcutaneous,fed,0.987285376,0.05804904717,6.990985721744663,8.557189607711196,8.557189607711196,8.557189607711196,0.0,pass,
bckdk_direct_model_inhibition,disconnect_control,800,adipose_subcutaneous,fed,0.90689958396,0.07551504903,7.502378922471339,5.351462097352657,5.351462097352657,5.351462097352657,0.0,pass,
bckdk_direct_model_inhibition,disconnect_control,801,adipose_subcutaneous,fed,0.93401579813,0.0584590254,16.91019662982407,11.256359622384783,11.256359622384783,11.256359622384783,0.0,pass,
bckdk_direct_model_inhibition,disconnect_control,802,adipose_subcutaneous,caloric_restriction,0.90404623836,0.0746032378799999,1.1938349507499564,1.6230832667796535,1.6230832667796535,1.6230832667796535,0.0,pass,
bckdk_direct_model_inhibition,disconnect_control,803,liver,exercise,0.90799199681,0.053354639,6.226769041120279,3.789235242886675,3.789235242886675,3.789235242886675,0.0,pass,
bckdk_direct_model_inhibition,disconnect_control,804,skeletal_muscle,fed,0.93090988454,0.02123015215,6.820401786463172,10.494900037731757,10.494900037731757,10.494900037731757,0.0,pass,
bckdk_direct_model_inhibition,disconnect_control,805,skeletal_muscle,exercise,0.98158889111,0.06063983948,2.397476271614204,2.2812482272855297,2.2812482272855297,2.2812482272855297,0.0,pass,
bckdk_direct_model_inhibition,disconnect_control,806,adipose_subcutaneous,caloric_restriction,0.93476069523,0.07768018463,1.2176907119158196,1.897830402109285,1.897830402109285,1.897830402109285,0.0,pass,
bckdk_direct_model_inhibition,disconnect_control,807,adipose_subcutaneous,fasted,0.96948353205,0.08039453242,5.488728964794607,3.76544283749217,3.76544283749217,3.76544283749217,0.0,pass,
bckdk_direct_model_inhibition,disconnect_control,808,adipose_subcutaneous,fasted,0.90474890788,0.07436615165,3.93700297866629,2.253215097494347,2.253215097494347,2.253215097494347,0.0,pass,
bckdk_direct_model_inhibition,disconnect_control,809,adipose_subcutaneous,fasted,0.96112768894,0.07118034866,0.7341599773593773,1.0803011747223903,1.0803011747223903,1.0803011747223903,0.0,pass,
bckdk_direct_model_inhibition,disconnect_control,810,adipose_subcutaneous,exercise,0.91839826276,0.08817859763,8.940640198255359,5.714131256394301,5.714131256394301,5.714131256394301,0.0,pass,
bckdk_direct_model_inhibition,disconnect_control,811,skeletal_muscle,caloric_restriction,0.96257431925,0.047829756,1.2710615057126906,1.497068077481219,1.497068077481219,1.497068077481219,0.0,pass,
bckdk_direct_model_inhibition,disconnect_control,812,skeletal_muscle,fasted,0.96015036847,0.00678525182,2.0236094214500846,1.413744169454647,1.413744169454647,1.413744169454647,0.0,pass,
bckdk_direct_model_inhibition,disconnect_control,813,adipose_subcutaneous,caloric_restriction,0.91631980853,0.09602891112,1.1319666540837532,1.7093750901249978,1.7093750901249978,1.7093750901249978,0.0,pass,
bckdk_direct_model_inhibition,disconnect_control,814,liver,exercise,0.93023439242,0.00542705346,4.89683188627122,7.694503252008003,7.694503252008003,7.694503252008003,0.0,pass,
bckdk_direct_model_inhibition,disconnect_control,815,liver,caloric_restriction,0.95099927901,0.06255127283,1.6584809224041386,2.950917794692278,2.950917794692278,2.950917794692278,0.0,pass,
bckdk_direct_model_inhibition,disconnect_control,816,skeletal_muscle,exercise,0.90973839736,0.04734077025,4.121877999548978,6.738089601620374,6.738089601620374,6.738089601620374,0.0,pass,
bckdk_direct_model_inhibition,disconnect_control,817,adipose_subcutaneous,fed,0.97114973081,0.01977089875,7.793489156940659,5.98826986628177,5.98826986628177,5.98826986628177,0.0,pass,
bckdk_direct_model_inhibition,disconnect_control,818,adipose_subcutaneous,caloric_restriction,0.9424272125,0.03144849277,2.62629680255948,1.558647587463305,1.558647587463305,1.558647587463305,0.0,pass,
bckdk_direct_model_inhibition,disconnect_control,819,skeletal_muscle,caloric_restriction,0.97555733151,0.06841429417,2.0193946626363606,1.4509998090227507,1.4509998090227507,1.4509998090227507,0.0,pass,
bckdk_direct_model_inhibition,disconnect_control,820,adipose_subcutaneous,exercise,0.92781212184,0.02678303074,6.607822363562433,8.54002228770373,8.54002228770373,8.54002228770373,0.0,pass,
bckdk_direct_model_inhibition,disconnect_control,821,liver,caloric_restriction,0.96431719901,0.0978354639,2.4699928772664568,1.8058522878618333,1.8058522878618333,1.8058522878618333,0.0,pass,
bckdk_direct_model_inhibition,disconnect_control,822,adipose_subcutaneous,caloric_restriction,0.92069875012,0.07883157488,2.5640934397668205,2.860309805494629,2.860309805494629,2.860309805494629,0.0,pass,
bckdk_direct_model_inhibition,disconnect_control,823,liver,caloric_restriction,0.99814341309,0.03754378924,1.093238353792653,1.0449014881343586,1.0449014881343586,1.0449014881343586,0.0,pass,
bckdk_direct_model_inhibition,disconnect_control,824,adipose_subcutaneous,caloric_restriction,0.97047829818,0.01608115443,1.1339252062272902,1.808008881867518,1.808008881867518,1.808008881867518,0.0,pass,
bckdk_direct_model_inhibition,disconnect_control,825,liver,fasted,0.99097343448,0.05245964576,2.1533008113372074,1.178709395382895,1.178709395382895,1.178709395382895,0.0,pass,
bckdk_direct_model_inhibition,disconnect_control,826,skeletal_muscle,fasted,0.91631365889,0.02328745199,1.7533435894933758,3.0673080715038408,3.0673080715038408,3.0673080715038408,0.0,pass,
bckdk_direct_model_inhibition,disconnect_control,827,liver,exercise,0.9447263127,0.05456240047,3.189858662370657,3.62026163880548,3.62026163880548,3.62026163880548,0.0,pass,
bckdk_direct_model_inhibition,disconnect_control,828,adipose_subcutaneous,fed,0.94097388171,0.02279744028,4.978957915032514,9.555001793296858,9.555001793296858,9.555001793296858,0.0,pass,
bckdk_direct_model_inhibition,disconnect_control,829,skeletal_muscle,fed,0.91856672429,0.07181137708,11.044534850088928,17.235935556644986,17.235935556644986,17.235935556644986,0.0,pass,
bckdk_direct_model_inhibition,disconnect_control,830,adipose_subcutaneous,exercise,0.97385258718,0.0351594594,1.9448311068566893,3.585057389782633,3.585057389782633,3.585057389782633,0.0,pass,
bckdk_direct_model_inhibition,disconnect_control,831,liver,caloric_restriction,0.92209372558,0.00191106579,4.563404785221897,2.86746243640116,2.86746243640116,2.86746243640116,0.0,pass,
bckdk_direct_model_inhibition,disconnect_control,832,adipose_subcutaneous,exercise,0.92376690893,0.08973705233,9.037576159040931,4.593108741679629,4.593108741679629,4.593108741679629,0.0,pass,
bckdk_direct_model_inhibition,disconnect_control,833,adipose_subcutaneous,caloric_restriction,0.96893534357,0.02868752394,0.9579342847824048,1.041600216111867,1.041600216111867,1.041600216111867,0.0,pass,
bckdk_direct_model_inhibition,disconnect_control,834,liver,fed,0.94766348723,0.06992890517,12.310406051327986,8.760223721441633,8.760223721441633,8.760223721441633,0.0,pass,
bckdk_direct_model_inhibition,disconnect_control,835,adipose_subcutaneous,caloric_restriction,0.9566603786,0.04675829726,1.2159604179443262,0.8859741000815673,0.8859741000815673,0.8859741000815673,0.0,pass,
bckdk_direct_model_inhibition,disconnect_control,836,skeletal_muscle,fasted,0.93856343125,0.03793674515,3.0600151720300603,3.159243066977809,3.159243066977809,3.159243066977809,0.0,pass,
bckdk_direct_model_inhibition,disconnect_control,837,adipose_subcutaneous,fasted,0.98689609679,0.08348028095,1.887674766626304,3.597759997775102,3.597759997775102,3.597759997775102,0.0,pass,
bckdk_direct_model_inhibition,disconnect_control,838,liver,exercise,0.93578762017,0.02978596019,6.316644021740526,8.650631794537354,8.650631794537354,8.650631794537354,0.0,pass,
bckdk_direct_model_inhibition,disconnect_control,839,adipose_subcutaneous,exercise,0.99799913925,0.00557305432,4.147297289597782,5.244593958944501,5.244593958944501,5.244593958944501,0.0,pass,
bckdk_direct_model_inhibition,disconnect_control,840,adipose_subcutaneous,exercise,0.91913027742,0.07773171526,4.178492582109183,3.609368702511775,3.609368702511775,3.609368702511775,0.0,pass,
bckdk_direct_model_inhibition,disconnect_control,841,skeletal_muscle,exercise,0.95279828655,0.00361513957,1.2357880649132655,2.1865879813994886,2.1865879813994886,2.1865879813994886,0.0,pass,
bckdk_direct_model_inhibition,disconnect_control,842,adipose_subcutaneous,caloric_restriction,0.95780557517,0.09710509173,0.6490891813423141,1.0349491616069038,1.0349491616069038,1.0349491616069038,0.0,pass,
bckdk_direct_model_inhibition,disconnect_control,843,skeletal_muscle,exercise,0.9536784052,0.0206510056,4.3296402465886095,5.033763225937141,5.033763225937141,5.033763225937141,0.0,pass,
bckdk_direct_model_inhibition,disconnect_control,844,skeletal_muscle,caloric_restriction,0.97872743004,0.02767023347,1.2414779952241872,1.1246958807365246,1.1246958807365246,1.1246958807365246,0.0,pass,
bckdk_direct_model_inhibition,disconnect_control,845,skeletal_muscle,exercise,0.92116714201,0.02763114978,2.730765793229526,2.566915279185377,2.566915279185377,2.566915279185377,0.0,pass,
bckdk_direct_model_inhibition,disconnect_control,846,adipose_subcutaneous,fasted,0.90309772438,0.0608110381399999,2.508572580817294,3.863222567705863,3.863222567705863,3.863222567705863,0.0,pass,
bckdk_direct_model_inhibition,disconnect_control,847,skeletal_muscle,fasted,0.97783422649,0.08452807099,3.721497435877971,2.2781891201419766,2.2781891201419766,2.2781891201419766,0.0,pass,
bckdk_direct_model_inhibition,disconnect_control,848,adipose_subcutaneous,caloric_restriction,0.91400280271,0.05061990771,1.827594763669464,1.0155106898314368,1.0155106898314368,1.0155106898314368,0.0,pass,
bckdk_direct_model_inhibition,disconnect_control,849,skeletal_muscle,fed,0.92511058857,0.00711320718,8.711477217103965,9.04419935443811,9.04419935443811,9.04419935443811,0.0,pass,
bckdk_direct_model_inhibition,disconnect_control,850,skeletal_muscle,fasted,0.98380308407,0.01188241835,1.972930721126024,3.299258120027697,3.299258120027697,3.299258120027697,0.0,pass,
bckdk_direct_model_inhibition,disconnect_control,851,skeletal_muscle,caloric_restriction,0.99887619932,0.07368267859,4.491096723474352,2.7977564973910125,2.7977564973910125,2.7977564973910125,0.0,pass,
bckdk_direct_model_inhibition,disconnect_control,852,liver,exercise,0.98310998574,0.04827667129,1.6137748257016389,2.3030170952157047,2.3030170952157047,2.3030170952157047,0.0,pass,
bckdk_direct_model_inhibition,disconnect_control,853,adipose_subcutaneous,caloric_restriction,0.97173791955,0.09615077948,1.8443391173974375,1.509298150423445,1.509298150423445,1.509298150423445,0.0,pass,
bckdk_direct_model_inhibition,disconnect_control,854,skeletal_muscle,caloric_restriction,0.99391029179,0.03933795342,3.293389304304851,1.985241323875689,1.985241323875689,1.985241323875689,0.0,pass,
bckdk_direct_model_inhibition,disconnect_control,855,adipose_subcutaneous,caloric_restriction,0.98515187568,0.07047861722,2.525026564589378,1.4413360502918586,1.4413360502918586,1.4413360502918586,0.0,pass,
bckdk_direct_model_inhibition,disconnect_control,856,liver,fed,0.96484036344,0.08939941724,11.15806829600838,11.504911241143343,11.504911241143343,11.504911241143343,0.0,pass,
bckdk_direct_model_inhibition,disconnect_control,857,skeletal_muscle,fed,0.96758045639,0.00749998027,13.483042423945522,7.439818067307961,7.439818067307961,7.439818067307961,0.0,pass,
bckdk_direct_model_inhibition,disconnect_control,858,skeletal_muscle,fed,0.92119984689,0.05565639804,28.604717982681358,15.27300826581217,15.27300826581217,15.27300826581217,0.0,pass,
bckdk_direct_model_inhibition,disconnect_control,859,skeletal_muscle,exercise,0.92410348809,0.01794364483,5.635451246770444,8.055313562598705,8.055313562598705,8.055313562598705,0.0,pass,
bckdk_direct_model_inhibition,disconnect_control,860,liver,fed,0.95593232943,0.07928559681,14.28599712508263,10.429671203392576,10.429671203392576,10.429671203392576,0.0,pass,
bckdk_direct_model_inhibition,disconnect_control,861,liver,exercise,0.99667755407,0.07441027288,3.5401479418315955,5.175594297804095,5.175594297804095,5.175594297804095,0.0,pass,
bckdk_direct_model_inhibition,disconnect_control,862,adipose_subcutaneous,fasted,0.90849714347,0.07597188192,1.610349422941329,2.919782791603524,2.919782791603524,2.919782791603524,0.0,pass,
bckdk_direct_model_inhibition,disconnect_control,863,skeletal_muscle,caloric_restriction,0.93123275288,0.08927070463,2.083711921520246,3.4343341520021413,3.4343341520021413,3.4343341520021413,0.0,pass,
bckdk_direct_model_inhibition,disconnect_control,864,skeletal_muscle,exercise,0.90675407088,0.07450016371,1.395435505681127,2.608358639036977,2.608358639036977,2.608358639036977,0.0,pass,
bckdk_direct_model_inhibition,disconnect_control,865,skeletal_muscle,fasted,0.90503972002,0.09086571895,4.361292070692049,2.4522411338318197,2.4522411338318197,2.4522411338318197,0.0,pass,
bckdk_direct_model_inhibition,disconnect_control,866,skeletal_muscle,fasted,0.99694833618,0.06708282927,7.331687566292842,4.445996502758828,4.445996502758828,4.445996502758828,0.0,pass,
bckdk_direct_model_inhibition,disconnect_control,867,liver,fed,0.98590241189,0.00184661768,4.158586192015998,6.456182676483915,6.456182676483915,6.456182676483915,0.0,pass,
bckdk_direct_model_inhibition,disconnect_control,868,skeletal_muscle,exercise,0.97654544248,0.02767006213,3.329019415945617,4.8423491308754905,4.8423491308754905,4.8423491308754905,0.0,pass,
bckdk_direct_model_inhibition,disconnect_control,869,adipose_subcutaneous,caloric_restriction,0.9301067247,0.0297758562,5.130025179978824,2.811113429992289,2.811113429992289,2.811113429992289,0.0,pass,
bckdk_direct_model_inhibition,disconnect_control,870,adipose_subcutaneous,fasted,0.92749265201,0.03656434145,4.629196492416142,3.5595080885637067,3.5595080885637067,3.5595080885637067,0.0,pass,
bckdk_direct_model_inhibition,disconnect_control,871,adipose_subcutaneous,fasted,0.94999528716,0.05155710158,1.368559935550112,1.5296320479161265,1.5296320479161265,1.5296320479161265,0.0,pass,
bckdk_direct_model_inhibition,disconnect_control,872,skeletal_muscle,caloric_restriction,0.92339202567,0.04196821464,2.5038400260541387,3.3458731923346026,3.3458731923346026,3.3458731923346026,0.0,pass,
bckdk_direct_model_inhibition,disconnect_control,873,adipose_subcutaneous,exercise,0.97201220735,0.04036926031,1.9561351970319236,3.509997568957165,3.509997568957165,3.509997568957165,0.0,pass,
bckdk_direct_model_inhibition,disconnect_control,874,liver,fasted,0.98600086709,0.0919570428,5.183992740549441,2.949506244378968,2.949506244378968,2.949506244378968,0.0,pass,
bckdk_direct_model_inhibition,disconnect_control,875,adipose_subcutaneous,fed,0.96271417052,0.01604545862,16.177343570922037,8.09616144833457,8.09616144833457,8.09616144833457,0.0,pass,
bckdk_direct_model_inhibition,disconnect_control,876,skeletal_muscle,exercise,0.91591931107,0.04155730952,1.86786856387146,3.497051599447385,3.497051599447385,3.497051599447385,0.0,pass,
bckdk_direct_model_inhibition,disconnect_control,877,liver,fed,0.94897642833,0.01058514203,26.56092493834997,14.45615946044131,14.45615946044131,14.45615946044131,0.0,pass,
bckdk_direct_model_inhibition,disconnect_control,878,liver,caloric_restriction,0.93375652971,0.01954763413,3.2142746249669205,2.0728494933280768,2.0728494933280768,2.0728494933280768,0.0,pass,
bckdk_direct_model_inhibition,disconnect_control,879,adipose_subcutaneous,caloric_restriction,0.9270839996,0.002719324,1.3126562403464843,1.6471595002963042,1.6471595002963042,1.6471595002963042,0.0,pass,
bckdk_direct_model_inhibition,disconnect_control,880,liver,fed,0.95431498934,0.04911490388,9.197134948864628,8.27668192259083,8.27668192259083,8.27668192259083,0.0,pass,
bckdk_direct_model_inhibition,disconnect_control,881,skeletal_muscle,fed,0.9740896424,0.08376754577,5.1915630711026415,8.299705053531437,8.299705053531437,8.299705053531437,0.0,pass,
bckdk_direct_model_inhibition,disconnect_control,882,skeletal_muscle,fasted,0.95456885931,0.05232996159,1.3718795599125888,2.5078509383026333,2.5078509383026333,2.5078509383026333,0.0,pass,
bckdk_direct_model_inhibition,disconnect_control,883,skeletal_muscle,fasted,0.91386493678,0.09156968281,2.167686214572682,1.5711853779845804,1.5711853779845804,1.5711853779845804,0.0,pass,
bckdk_direct_model_inhibition,disconnect_control,884,adipose_subcutaneous,fed,0.97657484059,0.08064080079,16.43372304279677,13.507511187934824,13.507511187934824,13.507511187934824,0.0,pass,
bckdk_direct_model_inhibition,disconnect_control,885,skeletal_muscle,exercise,0.92474007563,0.00697375607,4.706779692902871,8.868083249656838,8.868083249656838,8.868083249656838,0.0,pass,
bckdk_direct_model_inhibition,disconnect_control,886,liver,fasted,0.95454723435,0.03763905368,0.9115970234077632,1.7346299466123218,1.7346299466123218,1.7346299466123218,0.0,pass,
bckdk_direct_model_inhibition,disconnect_control,887,adipose_subcutaneous,caloric_restriction,0.93232585496,0.01016925969,1.1805512068136927,1.4116928062471907,1.4116928062471907,1.4116928062471907,0.0,pass,
bckdk_direct_model_inhibition,disconnect_control,888,liver,fasted,0.92357600457,0.0253129395599999,0.7681915023496115,1.1773452723875468,1.1773452723875468,1.1773452723875468,0.0,pass,
bckdk_direct_model_inhibition,disconnect_control,889,liver,fed,0.96837497074,0.02995723054,11.302949967773907,7.4408132991384175,7.4408132991384175,7.4408132991384175,0.0,pass,
bckdk_direct_model_inhibition,disconnect_control,890,skeletal_muscle,fed,0.90422527303,0.0880337496,13.843467980337458,19.718393754225435,19.718393754225435,19.718393754225435,0.0,pass,
bckdk_direct_model_inhibition,disconnect_control,891,liver,caloric_restriction,0.97498493537,0.0783795597,3.849573610509447,3.176134550635743,3.176134550635743,3.176134550635743,0.0,pass,
bckdk_direct_model_inhibition,disconnect_control,892,adipose_subcutaneous,fasted,0.95535427782,0.06953706184,5.700145051243264,3.0071025786744894,3.0071025786744894,3.0071025786744894,0.0,pass,
bckdk_direct_model_inhibition,disconnect_control,893,liver,fasted,0.90018526651,0.07912320244,1.671104713917554,3.022912619425636,3.022912619425636,3.022912619425636,0.0,pass,
bckdk_direct_model_inhibition,disconnect_control,894,skeletal_muscle,exercise,0.98637965787,0.04907208515,2.5301271889613584,4.334026859091177,4.334026859091177,4.334026859091177,0.0,pass,
bckdk_direct_model_inhibition,disconnect_control,895,adipose_subcutaneous,caloric_restriction,0.90942415496,0.05474345387,2.35246916984103,1.528420913258624,1.528420913258624,1.528420913258624,0.0,pass,
bckdk_direct_model_inhibition,disconnect_control,896,liver,fed,0.96883903256,0.04200864887,10.20076582622181,14.089787448736304,14.089787448736304,14.089787448736304,0.0,pass,
bckdk_direct_model_inhibition,disconnect_control,897,liver,caloric_restriction,0.98907333609,0.00918255744,1.0810401835469965,1.6641820749772718,1.6641820749772718,1.6641820749772718,0.0,pass,
bckdk_direct_model_inhibition,disconnect_control,898,liver,caloric_restriction,0.90849067712,0.07383306148,3.3524685425961587,1.9858218792126832,1.9858218792126832,1.9858218792126832,0.0,pass,
bckdk_direct_model_inhibition,disconnect_control,899,adipose_subcutaneous,caloric_restriction,0.99251334467,0.0201892476,0.9094133459003716,1.586817401893588,1.586817401893588,1.586817401893588,0.0,pass,
bckdk_direct_model_inhibition,disconnect_control,900,liver,fed,0.9554922781,0.00263104327,10.172150658032146,12.988919126948336,12.988919126948336,12.988919126948336,0.0,pass,
bckdk_direct_model_inhibition,disconnect_control,901,liver,exercise,0.95074421663,0.0880265994,5.2771004622134825,5.30645883840946,5.30645883840946,5.30645883840946,0.0,pass,
bckdk_direct_model_inhibition,disconnect_control,902,adipose_subcutaneous,exercise,0.92173452296,0.06077450709,3.4823490108988837,5.746834104495019,5.746834104495019,5.746834104495019,0.0,pass,
bckdk_direct_model_inhibition,disconnect_control,903,skeletal_muscle,fasted,0.90958954079,0.05850048277,1.7741910119035291,1.4479260522252837,1.4479260522252837,1.4479260522252837,0.0,pass,
bckdk_direct_model_inhibition,disconnect_control,904,adipose_subcutaneous,caloric_restriction,0.99768972345,0.08803250724,4.424707606732233,2.957227599153294,2.957227599153294,2.957227599153294,0.0,pass,
bckdk_direct_model_inhibition,disconnect_control,905,liver,fed,0.90437133169,0.08037001049,9.847796765516478,12.531277893145283,12.531277893145283,12.531277893145283,0.0,pass,
bckdk_direct_model_inhibition,disconnect_control,906,adipose_subcutaneous,fasted,0.91001760807,0.00837909871,7.743458387699947,4.305250667601323,4.305250667601323,4.305250667601323,0.0,pass,
bckdk_direct_model_inhibition,disconnect_control,907,skeletal_muscle,fasted,0.93342305396,0.07211517769,1.7500372064843774,1.51658617518431,1.51658617518431,1.51658617518431,0.0,pass,
bckdk_direct_model_inhibition,disconnect_control,908,skeletal_muscle,fed,0.90869407528,0.0972950703,16.740318835852428,17.030470680354767,17.030470680354767,17.030470680354767,0.0,pass,
bckdk_direct_model_inhibition,disconnect_control,909,skeletal_muscle,fed,0.92184433742,0.0696049974,12.782647061080514,7.724644971546646,7.724644971546646,7.724644971546646,0.0,pass,
bckdk_direct_model_inhibition,disconnect_control,910,skeletal_muscle,exercise,0.97134278509,0.04979823719,3.616357613902567,2.4851046122361264,2.4851046122361264,2.4851046122361264,0.0,pass,
bckdk_direct_model_inhibition,disconnect_control,911,liver,caloric_restriction,0.94072883668,0.01465903555,1.438505638021905,1.3885813953396045,1.3885813953396045,1.3885813953396045,0.0,pass,
bckdk_direct_model_inhibition,disconnect_control,912,adipose_subcutaneous,fed,0.94309269256,0.06234933638,7.049979942112873,8.137135157001014,8.137135157001014,8.137135157001014,0.0,pass,
bckdk_direct_model_inhibition,disconnect_control,913,liver,fasted,0.94956118774,0.03251988231,2.313059634115893,3.2479012953532846,3.2479012953532846,3.2479012953532846,0.0,pass,
bckdk_direct_model_inhibition,disconnect_control,914,liver,fasted,0.92960056128,0.02196100728,6.611011964304699,4.251524199508996,4.251524199508996,4.251524199508996,0.0,pass,
bckdk_direct_model_inhibition,disconnect_control,915,skeletal_muscle,fasted,0.98741943763,0.05039806566,1.451023672237062,2.943985631046213,2.943985631046213,2.943985631046213,0.0,pass,
bckdk_direct_model_inhibition,disconnect_control,916,skeletal_muscle,fasted,0.99405005421,0.03329923864,2.5845069393058577,1.444395825003307,1.444395825003307,1.444395825003307,0.0,pass,
bckdk_direct_model_inhibition,disconnect_control,917,skeletal_muscle,fasted,0.91256814998,0.02808580382,1.9979178656840837,1.2264391466465825,1.2264391466465825,1.2264391466465825,0.0,pass,
bckdk_direct_model_inhibition,disconnect_control,918,skeletal_muscle,caloric_restriction,0.90835211304,0.06828675176,1.523963905976785,1.0705921393959863,1.0705921393959863,1.0705921393959863,0.0,pass,
bckdk_direct_model_inhibition,disconnect_control,919,skeletal_muscle,fasted,0.99320319412,0.03643011537,2.286867382805413,1.8527595579655087,1.8527595579655087,1.8527595579655087,0.0,pass,
bckdk_direct_model_inhibition,disconnect_control,920,liver,exercise,0.91315779529,0.07167482384,7.099703303998746,6.631274169314699,6.631274169314699,6.631274169314699,0.0,pass,
bckdk_direct_model_inhibition,disconnect_control,921,liver,caloric_restriction,0.9706891112,0.0302279812,4.011184172099123,3.1810441857496423,3.1810441857496423,3.1810441857496423,0.0,pass,
bckdk_direct_model_inhibition,disconnect_control,922,skeletal_muscle,exercise,0.97109533294,0.08451433667,10.2617160489095,7.414605217773226,7.414605217773226,7.414605217773226,0.0,pass,
bckdk_direct_model_inhibition,disconnect_control,923,liver,fasted,0.94316451636,0.02721861755,0.9338452865235132,1.8493705308505648,1.8493705308505648,1.8493705308505648,0.0,pass,
bckdk_direct_model_inhibition,disconnect_control,924,liver,fed,0.92084261291,0.09035819204,12.19899754229087,7.0958989469946605,7.0958989469946605,7.0958989469946605,0.0,pass,
bckdk_direct_model_inhibition,disconnect_control,925,adipose_subcutaneous,exercise,0.98283068565,0.07078000406,1.7553577450580362,2.9665807267363657,2.9665807267363657,2.9665807267363657,0.0,pass,
bckdk_direct_model_inhibition,disconnect_control,926,liver,fed,0.99526178021,0.07176008289,10.21231768638858,6.589318998131786,6.589318998131786,6.589318998131786,0.0,pass,
bckdk_direct_model_inhibition,disconnect_control,927,adipose_subcutaneous,fasted,0.97194810378,0.01966169676,3.403954319065756,3.2167498917205144,3.2167498917205144,3.2167498917205144,0.0,pass,
bckdk_direct_model_inhibition,disconnect_control,928,liver,fed,0.93111710431,0.06035048156,5.786112394017644,7.04050606734587,7.04050606734587,7.04050606734587,0.0,pass,
bckdk_direct_model_inhibition,disconnect_control,929,liver,exercise,0.99070163704,0.07620899082,8.076590376544411,5.8604244152601,5.8604244152601,5.8604244152601,0.0,pass,
bckdk_direct_model_inhibition,disconnect_control,930,skeletal_muscle,fed,0.90254729348,0.0596340855,11.813802777153136,12.353904451712689,12.353904451712689,12.353904451712689,0.0,pass,
bckdk_direct_model_inhibition,disconnect_control,931,skeletal_muscle,fasted,0.90685029773,0.04851263095,4.426012869119639,3.7842974241952927,3.7842974241952927,3.7842974241952927,0.0,pass,
bckdk_direct_model_inhibition,disconnect_control,932,skeletal_muscle,exercise,0.96514661113,0.09656052363,4.867452903076324,7.1050881987454,7.1050881987454,7.1050881987454,0.0,pass,
bckdk_direct_model_inhibition,disconnect_control,933,liver,fed,0.92681013592,0.06617821642,7.821228045675559,11.065998607057448,11.065998607057448,11.065998607057448,0.0,pass,
bckdk_direct_model_inhibition,disconnect_control,934,skeletal_muscle,caloric_restriction,0.94380367121,0.09301364556,1.7967811015750688,1.3305338064850307,1.3305338064850307,1.3305338064850307,0.0,pass,
bckdk_direct_model_inhibition,disconnect_control,935,skeletal_muscle,caloric_restriction,0.98473009792,0.01256512102,0.922874678104354,1.382922147940632,1.382922147940632,1.382922147940632,0.0,pass,
bckdk_direct_model_inhibition,disconnect_control,936,skeletal_muscle,fed,0.94371606685,0.05139244175,5.162056019299659,6.192001875088471,6.192001875088471,6.192001875088471,0.0,pass,
bckdk_direct_model_inhibition,disconnect_control,937,skeletal_muscle,caloric_restriction,0.95243283496,0.0669122050499999,1.24876171788893,1.4539676554795316,1.4539676554795316,1.4539676554795316,0.0,pass,
bckdk_direct_model_inhibition,disconnect_control,938,skeletal_muscle,caloric_restriction,0.91006629222,0.07121138988,1.3427660469062566,2.043994582074092,2.043994582074092,2.043994582074092,0.0,pass,
bckdk_direct_model_inhibition,disconnect_control,939,liver,caloric_restriction,0.96663003021,0.08794822555,4.466076435882202,2.5383586082808027,2.5383586082808027,2.5383586082808027,0.0,pass,
bckdk_direct_model_inhibition,disconnect_control,940,skeletal_muscle,exercise,0.98119898433,0.05528903867,3.9224546581295434,4.381800448794737,4.381800448794737,4.381800448794737,0.0,pass,
bckdk_direct_model_inhibition,disconnect_control,941,adipose_subcutaneous,fasted,0.9134991322,0.09799334018,3.811933105934715,2.94935931029406,2.94935931029406,2.94935931029406,0.0,pass,
bckdk_direct_model_inhibition,disconnect_control,942,liver,caloric_restriction,0.96279117111,0.09002605042,0.8784420915177421,1.0497552130187902,1.0497552130187902,1.0497552130187902,0.0,pass,
bckdk_direct_model_inhibition,disconnect_control,943,adipose_subcutaneous,exercise,0.96420612269,0.06904578467,6.043137758009986,4.080922391279967,4.080922391279967,4.080922391279967,0.0,pass,
bckdk_direct_model_inhibition,disconnect_control,944,liver,caloric_restriction,0.94720999395,0.07488133998,0.9666918712323463,1.4735994926223814,1.4735994926223814,1.4735994926223814,0.0,pass,
bckdk_direct_model_inhibition,disconnect_control,945,skeletal_muscle,fed,0.91394077934,0.06101824278,4.120375380560482,6.179592925876197,6.179592925876197,6.179592925876197,0.0,pass,
bckdk_direct_model_inhibition,disconnect_control,946,skeletal_muscle,fed,0.93929951328,0.06690279843,6.476444107498054,5.7721134633465,5.7721134633465,5.7721134633465,0.0,pass,
bckdk_direct_model_inhibition,disconnect_control,947,liver,fed,0.94645546245,0.0289649249399999,10.66876959093676,7.179430371602616,7.179430371602616,7.179430371602616,0.0,pass,
bckdk_direct_model_inhibition,disconnect_control,948,skeletal_muscle,exercise,0.94886944345,0.08048080936,3.9044598598611824,6.154537779326764,6.154537779326764,6.154537779326764,0.0,pass,
bckdk_direct_model_inhibition,disconnect_control,949,skeletal_muscle,caloric_restriction,0.97561451815,0.06108473972,1.539999106874226,1.677428748302865,1.677428748302865,1.677428748302865,0.0,pass,
bckdk_direct_model_inhibition,disconnect_control,950,liver,fed,0.96081562022,0.02488068727,14.669441873150165,7.762784075748611,7.762784075748611,7.762784075748611,0.0,pass,
bckdk_direct_model_inhibition,disconnect_control,951,skeletal_muscle,caloric_restriction,0.92940356658,0.05909242523,4.253062230650482,2.7113077105450207,2.7113077105450207,2.7113077105450207,0.0,pass,
bckdk_direct_model_inhibition,disconnect_control,952,liver,caloric_restriction,0.91523982744,0.06624348986,1.3092224841266216,1.0819341366505189,1.0819341366505189,1.0819341366505189,0.0,pass,
bckdk_direct_model_inhibition,disconnect_control,953,liver,exercise,0.9332773968,0.07921697973,2.602878941873464,4.60485159918169,4.60485159918169,4.60485159918169,0.0,pass,
bckdk_direct_model_inhibition,disconnect_control,954,adipose_subcutaneous,fed,0.95339220621,0.02129853798,10.799986651843811,8.67504099183262,8.67504099183262,8.67504099183262,0.0,pass,
bckdk_direct_model_inhibition,disconnect_control,955,liver,exercise,0.98093972854,0.04283473261,2.4643930290399894,2.515203221265884,2.515203221265884,2.515203221265884,0.0,pass,
bckdk_direct_model_inhibition,disconnect_control,956,skeletal_muscle,fasted,0.97679606899,0.00115309776,2.7700711479383155,3.54152154395086,3.54152154395086,3.54152154395086,0.0,pass,
bckdk_direct_model_inhibition,disconnect_control,957,skeletal_muscle,caloric_restriction,0.98860108951,0.0655813106999999,1.0674256140241225,0.895195345825385,0.895195345825385,0.895195345825385,0.0,pass,
bckdk_direct_model_inhibition,disconnect_control,958,liver,fed,0.93689211422,0.08900288051,2.9077330177375464,5.871062855699615,5.871062855699615,5.871062855699615,0.0,pass,
bckdk_direct_model_inhibition,disconnect_control,959,adipose_subcutaneous,fasted,0.97758975608,0.03337266247,1.16162716729635,1.8894639262577828,1.8894639262577828,1.8894639262577828,0.0,pass,
bckdk_direct_model_inhibition,disconnect_control,960,liver,fed,0.90507979409,0.05979421133,2.8405140120745034,4.924500177870993,4.924500177870993,4.924500177870993,0.0,pass,
bckdk_direct_model_inhibition,disconnect_control,961,liver,fasted,0.99130945698,0.00304554019,2.3983152951600384,1.431845831793608,1.431845831793608,1.431845831793608,0.0,pass,
bckdk_direct_model_inhibition,disconnect_control,962,skeletal_muscle,caloric_restriction,0.97536848095,0.09607650645,1.3644928040060516,1.980778930214618,1.980778930214618,1.980778930214618,0.0,pass,
bckdk_direct_model_inhibition,disconnect_control,963,adipose_subcutaneous,fasted,0.95438761426,0.07392750626,5.858444181751717,3.403589106636347,3.403589106636347,3.403589106636347,0.0,pass,
bckdk_direct_model_inhibition,disconnect_control,964,adipose_subcutaneous,fed,0.90349245518,0.09770651003,3.795519859712982,5.600409697620379,5.600409697620379,5.600409697620379,0.0,pass,
bckdk_direct_model_inhibition,disconnect_control,965,liver,exercise,0.90968678518,0.02791599757,8.809502412811343,5.4154721506069805,5.4154721506069805,5.4154721506069805,0.0,pass,
bckdk_direct_model_inhibition,disconnect_control,966,liver,fasted,0.90505399364,0.00943473177,1.2266421544083643,1.941204942255708,1.941204942255708,1.941204942255708,0.0,pass,
bckdk_direct_model_inhibition,disconnect_control,967,liver,exercise,0.91329047858,0.01081806906,7.730577218473223,5.982426308427395,5.982426308427395,5.982426308427395,0.0,pass,
bckdk_direct_model_inhibition,disconnect_control,968,adipose_subcutaneous,exercise,0.95599706058,0.01748437739,3.4905888259411784,5.382669978602719,5.382669978602719,5.382669978602719,0.0,pass,
bckdk_direct_model_inhibition,disconnect_control,969,skeletal_muscle,exercise,0.97113220286,0.06031957619,16.515676444543736,8.548620044241225,8.548620044241225,8.548620044241225,0.0,pass,
bckdk_direct_model_inhibition,disconnect_control,970,adipose_subcutaneous,exercise,0.93666165411,0.09680800794,4.373678092718111,3.635361205435066,3.635361205435066,3.635361205435066,0.0,pass,
bckdk_direct_model_inhibition,disconnect_control,971,skeletal_muscle,exercise,0.97883721631,0.00260016811,2.605309843038408,3.3284400395033256,3.3284400395033256,3.3284400395033256,0.0,pass,
bckdk_direct_model_inhibition,disconnect_control,972,liver,fasted,0.93113215604,0.0533453478,1.7860722367507704,3.0313282622252284,3.0313282622252284,3.0313282622252284,0.0,pass,
bckdk_direct_model_inhibition,disconnect_control,973,liver,exercise,0.95125011688,0.07701823268,11.20760471167852,8.11598717101649,8.11598717101649,8.11598717101649,0.0,pass,
bckdk_direct_model_inhibition,disconnect_control,974,liver,caloric_restriction,0.92861962345,0.07983896635,2.370736752267217,3.2852919438140065,3.2852919438140065,3.2852919438140065,0.0,pass,
bckdk_direct_model_inhibition,disconnect_control,975,adipose_subcutaneous,fed,0.97374201686,0.09598169488,8.763422320338888,5.2551336895853344,5.2551336895853344,5.2551336895853344,0.0,pass,
bckdk_direct_model_inhibition,disconnect_control,976,adipose_subcutaneous,exercise,0.91015734045,0.01894230573,3.3403702777496496,4.950458263198467,4.950458263198467,4.950458263198467,0.0,pass,
bckdk_direct_model_inhibition,disconnect_control,977,skeletal_muscle,caloric_restriction,0.97994488035,0.0384970426,1.3128301563590208,1.735914259423125,1.735914259423125,1.735914259423125,0.0,pass,
bckdk_direct_model_inhibition,disconnect_control,978,liver,fasted,0.95048386885,0.07161224081,2.670473239691466,2.6212990448635445,2.6212990448635445,2.6212990448635445,0.0,pass,
bckdk_direct_model_inhibition,disconnect_control,979,liver,fed,0.93777755356,0.00054808668,5.90648589839477,6.22275746567265,6.22275746567265,6.22275746567265,0.0,pass,
bckdk_direct_model_inhibition,disconnect_control,980,skeletal_muscle,fasted,0.95779311735,0.06208576356,2.5650336671048923,1.48192682478423,1.48192682478423,1.48192682478423,0.0,pass,
bckdk_direct_model_inhibition,disconnect_control,981,skeletal_muscle,fasted,0.96609111453,0.01299095638,1.4081877237323766,2.6133872081544305,2.6133872081544305,2.6133872081544305,0.0,pass,
bckdk_direct_model_inhibition,disconnect_control,982,skeletal_muscle,fed,0.98552397195,0.06306101894,3.2711139273060383,5.616801457250613,5.616801457250613,5.616801457250613,0.0,pass,
bckdk_direct_model_inhibition,disconnect_control,983,skeletal_muscle,caloric_restriction,0.94628800653,0.03139238017,1.8883028616435071,1.1214151365332377,1.1214151365332377,1.1214151365332377,0.0,pass,
bckdk_direct_model_inhibition,disconnect_control,984,liver,caloric_restriction,0.92276249651,0.0951176967,1.9405384318686183,2.730778976954301,2.730778976954301,2.730778976954301,0.0,pass,
bckdk_direct_model_inhibition,disconnect_control,985,adipose_subcutaneous,exercise,0.91638198439,0.09095037392,2.852703533753648,4.121174949812836,4.121174949812836,4.121174949812836,0.0,pass,
bckdk_direct_model_inhibition,disconnect_control,986,liver,fed,0.93216246707,0.07902930436,15.03268397055452,12.186611787377911,12.186611787377911,12.186611787377911,0.0,pass,
bckdk_direct_model_inhibition,disconnect_control,987,liver,fed,0.91899230069,0.02696811954,17.417289037377202,9.836621559611016,9.836621559611016,9.836621559611016,0.0,pass,
bckdk_direct_model_inhibition,disconnect_control,988,adipose_subcutaneous,caloric_restriction,0.95949273594,0.05925714903,0.9220589841997272,1.742722790725855,1.742722790725855,1.742722790725855,0.0,pass,
bckdk_direct_model_inhibition,disconnect_control,989,liver,fasted,0.91502189262,0.02364558711,1.2853565212921243,1.937726676877544,1.937726676877544,1.937726676877544,0.0,pass,
bckdk_direct_model_inhibition,disconnect_control,990,liver,caloric_restriction,0.92521940249,0.0636814762,1.7925393520645123,1.928724925832614,1.928724925832614,1.928724925832614,0.0,pass,
bckdk_direct_model_inhibition,disconnect_control,991,adipose_subcutaneous,exercise,0.94769759601,0.0264275007299999,3.5173876036056924,2.498379394788841,2.498379394788841,2.498379394788841,0.0,pass,
bckdk_direct_model_inhibition,disconnect_control,992,adipose_subcutaneous,fed,0.97581508325,0.09632550578,6.716052116015908,6.94039958670993,6.94039958670993,6.94039958670993,0.0,pass,
bckdk_direct_model_inhibition,disconnect_control,993,liver,exercise,0.95197877347,0.01684031539,5.9572516442758765,3.0648792855419527,3.0648792855419527,3.0648792855419527,0.0,pass,
bckdk_direct_model_inhibition,disconnect_control,994,adipose_subcutaneous,caloric_restriction,0.9361612832,0.0844065206,2.718100491795008,2.2013510452165157,2.2013510452165157,2.2013510452165157,0.0,pass,
bckdk_direct_model_inhibition,disconnect_control,995,adipose_subcutaneous,fasted,0.94841846681,0.09874024463,1.6392199558511131,1.1325312209374014,1.1325312209374014,1.1325312209374014,0.0,pass,
bckdk_direct_model_inhibition,disconnect_control,996,liver,fed,0.97059802162,0.08641464083,3.7384025570966526,5.501848025824152,5.501848025824152,5.501848025824152,0.0,pass,
bckdk_direct_model_inhibition,disconnect_control,997,skeletal_muscle,fed,0.94492303988,0.09898133602,9.890287814210136,8.819601472741287,8.819601472741287,8.819601472741287,0.0,pass,
bckdk_direct_model_inhibition,disconnect_control,998,liver,fed,0.92591765042,0.01368331428,8.990747194845955,5.015857329567798,5.015857329567798,5.015857329567798,0.0,pass,
bckdk_direct_model_inhibition,disconnect_control,999,adipose_subcutaneous,fasted,0.96177207453,0.07602988955,2.24996857842975,2.419065897623983,2.419065897623983,2.419065897623983,0.0,pass,
slc25a44_activation,positive,0,skeletal_muscle,fed,0.23351826916,0.8895446537,4.970649643910124,9.021155722755688,2.1016644224400003,8.0059018833,0.6544879217600331,pass,
slc25a44_activation,positive,1,liver,fed,0.4227655114,0.855570966775,4.32695656492072,4.784417501158147,3.8048896026,4.784417501158147,0.2047329478083875,pass,
slc25a44_activation,positive,2,adipose_subcutaneous,fed,0.47969004156,0.9024585621,31.50871719785548,18.94660050261112,18.94660050261113,18.946600502611005,-6.37540571262745e-15,pass,
slc25a44_activation,positive,3,skeletal_muscle,fed,0.369903141,0.8808638883,9.076142226262784,10.450117609782076,3.329128269,7.927774994699999,0.4400569349951936,pass,
slc25a44_activation,positive,4,adipose_subcutaneous,exercise,0.2529935552,0.8417097106,8.402333238035688,6.138856428679666,6.13885642867978,6.13885642867969,-1.4757504082710343e-14,pass,
slc25a44_activation,positive,5,liver,caloric_restriction,0.2150738696,0.824071557775,0.7107072404533608,1.370603965289784,0.3871329652799999,1.370603965289591,0.7175457133612317,pass,
slc25a44_activation,positive,6,adipose_subcutaneous,fasted,0.4273677134,0.920704834775,0.9532945844110624,1.4945864437011092,1.494586443701216,1.4945864437012,-1.0696745994171091e-14,pass,
slc25a44_activation,positive,7,adipose_subcutaneous,fasted,0.17086676396,0.868071216525,2.1100212556155142,2.8945025259644743,2.894502525964439,2.894502525964431,-2.76165099377054e-15,pass,
slc25a44_activation,positive,8,skeletal_muscle,exercise,0.10905437188,0.839391750075,2.2010918032530404,2.6884265795997395,0.49074467346,2.6884265795996334,0.8174602657242105,pass,
slc25a44_activation,positive,9,adipose_subcutaneous,fasted,0.3997125355600001,0.753435177475,0.8055452027468663,1.2934177291820554,1.2934177291821758,1.2934177291821152,-4.68666663343697e-14,pass,
slc25a44_activation,positive,10,adipose_subcutaneous,fed,0.3853051362,0.977578705475,6.225847436113274,8.448659738939732,8.44865973893975,8.448659738939767,2.1025309271399005e-15,pass,
slc25a44_activation,positive,11,adipose_subcutaneous,fed,0.12101843248,0.803886121775,7.033647713122121,7.908977328865713,7.908977328865618,7.908977328865656,4.716601410811635e-15,pass,
slc25a44_activation,positive,12,skeletal_muscle,fed,0.18754536712,0.96513823315,4.876141650525735,8.098944775714417,1.68790830408,7.720168514177381,0.7448205139249475,pass,
slc25a44_activation,positive,13,skeletal_muscle,exercise,0.1613280636,0.97291066685,4.6501249154739295,3.0008396639766683,0.7259762862241992,3.00083966397672,0.7580756163219682,pass,
slc25a44_activation,positive,14,liver,exercise,0.34643547888,0.975186274275,5.202420493933151,4.845094013021715,1.5589596549599998,4.3883382342375,0.5839677355430541,pass,
slc25a44_activation,positive,15,adipose_subcutaneous,caloric_restriction,0.1377597214,0.978245464075,3.065528705181792,3.2644816133543566,3.264481613354268,3.264481613354483,6.597778523125677e-14,pass,
slc25a44_activation,positive,16,adipose_subcutaneous,fed,0.37473247888,0.869788403925,7.601020120246503,10.63920080423912,10.639200804239216,10.63920080423927,5.008901153625579e-15,pass,
slc25a44_activation,positive,17,skeletal_muscle,exercise,0.22230278148,0.791056662925,1.9435427073272835,3.743868300549957,1.0003625166266548,3.550632679117046,0.6811858638605872,pass,
slc25a44_activation,positive,18,adipose_subcutaneous,exercise,0.17475546868,0.93724007765,5.191206586871352,6.77368394768456,6.773683947684583,6.773683947684585,2.6224383262042514e-16,pass,
slc25a44_activation,positive,19,adipose_subcutaneous,caloric_restriction,0.2594699268,0.818070658025,2.8452036979968414,2.659266187617569,2.659266187617564,2.659266187617591,1.0186810905576622e-14,pass,
slc25a44_activation,positive,20,liver,fed,0.39246380352,0.919895954825,26.70560515949922,13.863443065296188,3.532174231679999,8.279063593424999,0.3424033509848431,pass,
slc25a44_activation,positive,21,skeletal_muscle,exercise,0.4275674426,0.836189419325,7.73381931271953,7.16812349305116,1.9240534917,3.7628523869625,0.2565244442349587,pass,
slc25a44_activation,positive,22,liver,fed,0.20174492808,0.900032638075,4.501762499336466,6.183406676718413,1.81570435272,6.183406676718413,0.7063585742214824,pass,
slc25a44_activation,positive,23,skeletal_muscle,fasted,0.2538060322,0.869202687875,1.1186437447191453,1.7550986982866077,0.5710635724309645,1.7550986982866492,0.6746259495329714,pass,
slc25a44_activation,positive,24,liver,caloric_restriction,0.3856227706,0.92792006085,1.1532703163613325,0.9465130524846932,0.69412098708,0.9465130524850492,0.2666546063390191,pass,
slc25a44_activation,positive,25,skeletal_muscle,exercise,0.39813272816,0.82743592675,2.018084588314132,3.968480573872692,1.79159727672,3.555390973365207,0.444450631371993,pass,
slc25a44_activation,positive,26,liver,caloric_restriction,0.22974623312,0.8198738554,1.6473663601921074,1.0323016911433678,0.413543219616,1.0323016911433651,0.5993969368024903,pass,
slc25a44_activation,positive,27,adipose_subcutaneous,fasted,0.331941664,0.9742928282,1.3166537422678175,1.7083287568556862,1.7083287568556895,1.7083287568556862,-2.079642846579221e-15,pass,
slc25a44_activation,positive,28,liver,caloric_restriction,0.23545559408,0.834371785625,0.975951982748594,1.403306030814619,0.4238200693439999,1.36133600775202,0.6680766118163065,pass,
slc25a44_activation,positive,29,liver,exercise,0.2397526434,0.8858506262,1.424039252102257,2.6402691287445403,1.0788868953,2.640269128744388,0.5913723780828478,pass,
slc25a44_activation,positive,30,skeletal_muscle,exercise,0.28255117444,0.821295520875,2.499706483380974,3.1815535809024764,1.2714802850223823,3.1815535809024764,0.6003586761340302,pass,
slc25a44_activation,positive,31,liver,caloric_restriction,0.12396219144,0.928476617425,1.629424937795654,2.6941436264528784,0.2231319445845622,1.6712579113092914,0.5375088219150878,pass,
slc25a44_activation,positive,32,liver,exercise,0.33780159448,0.8887693168499999,5.514487292954565,7.291029752643214,1.5201071751599995,3.999461925825,0.3400554976155679,pass,
slc25a44_activation,positive,33,adipose_subcutaneous,caloric_restriction,0.22894743428,0.8574430518,3.744440043491855,2.112082659235945,2.112082659235916,2.112082659235964,2.2918479853041263e-14,pass,
slc25a44_activation,positive,34,adipose_subcutaneous,caloric_restriction,0.11930764272,0.894519080825,0.9746427397828578,1.488473422296981,1.4884734222970533,1.488473422296981,-4.8333044391676175e-14,pass,
slc25a44_activation,positive,35,adipose_subcutaneous,fasted,0.17449778548,0.992390458425,1.9302260894753425,1.4065112732961984,1.4065112732961018,1.4065112732962577,1.1066620723747857e-13,pass,
slc25a44_activation,positive,36,skeletal_muscle,caloric_restriction,0.178940542,0.89607731505,0.5910449295766761,0.9570555098969292,0.3220929756,0.9570555098969168,0.6634542382659699,pass,
slc25a44_activation,positive,37,skeletal_muscle,exercise,0.24868221924,0.9611234081,3.047912123011752,2.3893199885444414,1.11906998658,2.3893199885444414,0.5316366196468602,pass,
slc25a44_activation,positive,38,skeletal_muscle,fasted,0.21436485772,0.9239991034,4.223710393583463,4.779799954826982,0.4823209298860774,2.0789979827193,0.3340468362532169,pass,
slc25a44_activation,positive,39,skeletal_muscle,exercise,0.49138784224,0.8026262718,3.373649541128928,5.709575091154565,2.21124529008,3.6118182231,0.2453024805978657,pass,
slc25a44_activation,positive,40,liver,exercise,0.3077082824,0.99534009295,3.720729417745362,2.847572582248299,1.3846872708000002,2.847572582248241,0.5137306492441436,pass,
slc25a44_activation,positive,41,skeletal_muscle,fed,0.10927029292,0.964592326225,8.405683904413513,10.938709302062485,0.9834326363127812,8.681330936314378,0.7037300368289489,pass,
slc25a44_activation,positive,42,skeletal_muscle,fasted,0.13215924272,0.84496944695,1.3227274775850832,2.258915026084889,0.297358296110088,1.9011812555741272,0.7099970299652025,pass,
slc25a44_activation,positive,43,liver,fasted,0.14756060916,0.966818972575,6.185546324567879,3.253703925738185,0.3320113706100001,2.17534268829375,0.5665332063874078,pass,
slc25a44_activation,positive,44,adipose_subcutaneous,caloric_restriction,0.42912305124,0.98557897055,1.674023484007817,1.05624218958234,1.0562421895824672,1.0562421895823138,-1.4526291746012073e-13,pass,
slc25a44_activation,positive,45,adipose_subcutaneous,fed,0.35428425828,0.7893190416,15.921974741634664,12.178474423318557,12.17847442331846,12.178474423318557,7.876460219347824e-15,pass,
slc25a44_activation,positive,46,adipose_subcutaneous,fed,0.12023457904,0.9376692542,6.384753396251349,11.82721096673751,11.827210966737423,11.827210966737653,1.9374815662550275e-14,pass,
slc25a44_activation,positive,47,liver,caloric_restriction,0.30248302424,0.990867042875,0.6007488145235388,0.9299191548177224,0.5444694436501492,0.9299191548177224,0.4144980874634494,pass,
slc25a44_activation,positive,48,liver,caloric_restriction,0.173567219,0.8337738046500001,0.9621535193431872,1.3244009693483016,0.3124209941895859,1.324400969348532,0.7641039221353871,pass,
slc25a44_activation,positive,49,adipose_subcutaneous,fed,0.35391718192,0.9336165381,7.225049544571256,7.686277938245826,7.686277938245839,7.686277938245853,1.84886037551294e-15,pass,
slc25a44_activation,positive,50,adipose_subcutaneous,fasted,0.16215463132,0.7575124636,2.141912154528573,1.7060051827683311,1.7060051827683778,1.7060051827682727,-6.156317647236718e-14,pass,
slc25a44_activation,positive,51,liver,fasted,0.146074738,0.844047778725,5.249556233831385,2.7193218381421485,0.3286681605,1.8991075021312505,0.5775113925846235,pass,
slc25a44_activation,positive,52,adipose_subcutaneous,caloric_restriction,0.19786403312,0.895860213925,2.4509178252564623,1.7232559733147277,1.7232559733146895,1.7232559733147368,2.7316578020362016e-14,pass,
slc25a44_activation,positive,53,liver,fasted,0.39889676756,0.8103929939,5.534179050660618,4.319666606918926,0.89751772701,1.8233842362750003,0.2143374925699162,pass,
slc25a44_activation,positive,54,skeletal_muscle,caloric_restriction,0.36322660512,0.770638347375,2.6688672673402856,1.9576224785409748,0.6538078892160001,1.387149025275,0.3746080483329771,pass,
slc25a44_activation,positive,55,liver,exercise,0.13852833984,0.967850701475,7.487759377716178,9.413213840488968,0.6233775292592209,4.355328156492322,0.3964587111769306,pass,
slc25a44_activation,positive,56,adipose_subcutaneous,fed,0.49206350572,0.89731980015,11.545075961631598,14.944970368563176,14.944970368563112,14.944970368563393,1.8779855275967533e-14,pass,
slc25a44_activation,positive,57,adipose_subcutaneous,fasted,0.287124101,0.94297926425,1.7658524026317273,2.519099664476363,2.5190996644764376,2.5190996644764008,-1.4631975438421982e-14,pass,
slc25a44_activation,positive,58,liver,fasted,0.48103552268,0.902790063475,2.7639425007362366,2.3226525125208752,1.08232992603,2.03127764281875,0.4085620693036066,pass,
slc25a44_activation,positive,59,liver,caloric_restriction,0.4467442142,0.867860176075,3.3875937862919523,1.992966184710365,0.80413958556,1.562148316935,0.3803419933515632,pass,
slc25a44_activation,positive,60,skeletal_muscle,fed,0.2749318217199999,0.8896671593250001,5.153071861840526,5.651572931288313,2.47438639548,5.651572931288313,0.5621773928137299,pass,
slc25a44_activation,positive,61,liver,fasted,0.49366950188,0.947926562275,3.625233904932937,3.550090438858237,1.11075637923,2.13283476511875,0.2879020699589461,pass,
slc25a44_activation,positive,62,adipose_subcutaneous,fed,0.1204456936,0.780066590775,4.465242012584787,5.226541707506443,5.226541707506421,5.226541707506466,8.666744080440412e-15,pass,
slc25a44_activation,positive,63,skeletal_muscle,caloric_restriction,0.12362318512,0.846036680925,1.2392043579812675,1.1118271398919806,0.222521733216,1.111827139892218,0.799859415882417,pass,
slc25a44_activation,positive,64,skeletal_muscle,fasted,0.2158419632,0.898224731025,2.398023385396215,1.5752551448820724,0.4856444172,1.5752551448819605,0.6917042811902903,pass,
slc25a44_activation,positive,65,adipose_subcutaneous,fasted,0.42140612588,0.8781964359,2.2506922305622163,1.9605755641689917,1.9605755641688416,1.9605755641689304,4.541517715624389e-14,pass,
slc25a44_activation,positive,66,liver,fasted,0.12963956816,0.935317938025,2.046496084949841,2.2530779788865702,0.29168902836,2.0758811109026123,0.7918909595061274,pass,
slc25a44_activation,positive,67,liver,fed,0.17443387776,0.805934387925,10.827046592495712,5.5482772231798085,1.56990489984,5.5482772231798085,0.7170464205931906,pass,
slc25a44_activation,positive,68,liver,fasted,0.28744110952,0.966418751,3.038354178542644,3.08789175891554,0.6467424964199999,2.17444218975,0.4947387449443903,pass,
slc25a44_activation,positive,69,liver,fasted,0.2567957618399999,0.843851846825,4.254511843287527,3.3297168278501883,0.5777904641399999,1.89866665535625,0.3966932503593904,pass,
slc25a44_activation,positive,70,skeletal_muscle,exercise,0.21343978788,0.88653638275,6.543393548210597,8.124137827747374,0.9604790454920158,3.989413722507981,0.3728315227088921,pass,
slc25a44_activation,positive,71,skeletal_muscle,exercise,0.41764989512,0.98643252085,2.9409443219163736,2.513405470615829,1.87942452804,2.5134054706159543,0.2522398196342819,pass,
slc25a44_activation,positive,72,skeletal_muscle,fasted,0.35495409672,0.8403388554,4.20720331135692,2.3668682947847075,0.7986467176200001,1.89076242465,0.4614180304989635,pass,
slc25a44_activation,positive,73,adipose_subcutaneous,fasted,0.26680615304,0.8759530368,1.2835115874962937,1.6646928999539332,1.6646928999539568,1.6646928999539623,3.468002853986206e-15,pass,
slc25a44_activation,positive,74,liver,exercise,0.40811942424,0.94713041795,4.737880233699474,7.064204946368072,1.83653740908,4.262086880775,0.3433577437390248,pass,
slc25a44_activation,positive,75,skeletal_muscle,caloric_restriction,0.31506185576,0.8370033844,2.1079920769054707,2.6187587444450724,0.5671113403679999,1.5066060919200002,0.3587557477544896,pass,
slc25a44_activation,positive,76,skeletal_muscle,caloric_restriction,0.171646736,0.831724499325,2.436654669607793,3.457038249604798,0.3089641248,1.497104098785,0.3436872513981659,pass,
slc25a44_activation,positive,77,skeletal_muscle,exercise,0.14868189436,0.84685449805,6.041909086819391,5.588123930039811,0.66906852462,3.810845241225001,0.5622238797740152,pass,
slc25a44_activation,positive,78,skeletal_muscle,caloric_restriction,0.227349223,0.7533110145,1.7355639843217627,3.094003461218642,0.4092286014,1.3559598261,0.305989064513557,pass,
slc25a44_activation,positive,79,skeletal_muscle,fed,0.37486966888,0.810296740475,9.649293665902588,13.006328064350903,3.373827019807539,7.29267066403191,0.3013028446487941,pass,
slc25a44_activation,positive,80,adipose_subcutaneous,fasted,0.40151850828,0.8299603739,2.655929367115064,2.896754716372397,2.896754716372341,2.8967547163724525,3.832644228902776e-14,pass,
slc25a44_activation,positive,81,skeletal_muscle,fed,0.11730937768,0.967180555575,10.164040837763862,15.020753233589708,1.0557843991200002,8.704625000175,0.509218178483254,pass,
slc25a44_activation,positive,82,adipose_subcutaneous,exercise,0.28281040468,0.9556018938,7.465735349133383,3.8373732668761646,3.837373266876232,3.8373732668761646,-1.74748365675534e-14,pass,
slc25a44_activation,positive,83,liver,exercise,0.18287024164,0.876938958375,3.086039561908421,5.370999725827963,0.8229160873800001,3.946225312687501,0.5815135700506908,pass,
slc25a44_activation,positive,84,adipose_subcutaneous,caloric_restriction,0.22566679268,0.8612361911249999,0.9688629937257196,1.5406281086790004,1.5406281086789928,1.5406281086789435,-3.19959774949346e-14,pass,
slc25a44_activation,positive,85,adipose_subcutaneous,fasted,0.36624612536,0.8163115170999999,1.59676414096358,1.225683298259408,1.2256832982594816,1.225683298259408,-6.01450708676527e-14,pass,
slc25a44_activation,positive,86,adipose_subcutaneous,fed,0.14556998256,0.8433860336,4.599863255878868,5.928322532355244,5.928322532355231,5.928322532355232,2.9963903443265045e-16,pass,
slc25a44_activation,positive,87,adipose_subcutaneous,fed,0.39339958324,0.874375441,5.798975609960618,7.64150607616298,7.641506076162965,7.64150607616298,1.859692915710889e-15,pass,
slc25a44_activation,positive,88,adipose_subcutaneous,fed,0.17549405092,0.984911332625,7.048802560803352,7.194587783425972,7.194587783425969,7.194587783425932,-5.184938282821508e-15,pass,
slc25a44_activation,positive,89,skeletal_muscle,fed,0.48506553116,0.99169899665,15.703770039370664,9.133531546377217,4.365589780440001,8.481003912719785,0.4505830095821095,pass,
slc25a44_activation,positive,90,adipose_subcutaneous,fasted,0.14791138332,0.833448904375,3.5439324813747346,3.981440131831949,3.98144013183213,3.981440131831936,-4.885445152350653e-14,pass,
slc25a44_activation,positive,91,liver,fed,0.10478157364,0.917824982225,2.8263104052217374,5.210362226400925,0.94303416276,5.210362226400925,0.8190079457467194,pass,
slc25a44_activation,positive,92,adipose_subcutaneous,exercise,0.3991567556400001,0.791464028675,2.6735562953791225,3.6534295042324985,3.653429504232593,3.6534295042325615,-8.630338662023326e-15,pass,
slc25a44_activation,positive,93,adipose_subcutaneous,exercise,0.4120306656,0.768902563925,3.3683057663882368,2.7367253078569216,2.736725307856841,2.7367253078568883,1.7200650759125322e-14,pass,
slc25a44_activation,positive,94,liver,caloric_restriction,0.22504761772,0.98674768635,2.0450154880611104,1.700823410842417,0.4050857118959999,1.69739136837645,0.7598117760152254,pass,
slc25a44_activation,positive,95,adipose_subcutaneous,fed,0.23936112524,0.991813363175,12.385431092700458,7.802796049568792,7.802796049568862,7.802796049568831,-3.9839878541003655e-15,pass,
slc25a44_activation,positive,96,skeletal_muscle,fasted,0.32003593352,0.78286202915,2.080604595996816,2.7065411030000943,0.7200808504200001,1.7614395655875,0.3847562906076671,pass,
slc25a44_activation,positive,97,skeletal_muscle,fasted,0.29054321408,0.939183590575,1.7320301600481305,2.826553142143335,0.65372223168,2.1131630787937503,0.5163323573697529,pass,
slc25a44_activation,positive,98,liver,exercise,0.24172765396,0.91491649475,9.831971141625264,5.632068639695907,1.08777444282,4.117124226375,0.5378751534034152,pass,
slc25a44_activation,positive,99,adipose_subcutaneous,fasted,0.3019350269199999,0.891264612125,0.6414936922817879,1.133526528577539,1.1335265285775926,1.133526528577539,-4.720908460262119e-14,pass,
slc25a44_activation,positive,100,liver,exercise,0.12551344636,0.9332852708,2.608350942768497,3.6730823864774713,0.5648105086199999,3.6730823864774713,0.8462298284679479,pass,
slc25a44_activation,positive,101,skeletal_muscle,fasted,0.17823230388,0.81102384935,1.453364127742785,2.145926873668919,0.40102268373,1.8248036610375,0.6634806594659226,pass,
slc25a44_activation,positive,102,liver,exercise,0.430048494,0.78729439115,2.4617782891859576,2.583144569087106,1.935218223,2.583144569087078,0.2508285265334791,pass,
slc25a44_activation,positive,103,liver,fasted,0.36175337728,0.754848645575,4.689795412218974,2.491090283869757,0.8139450988800001,1.69840945254375,0.3550511032822898,pass,
slc25a44_activation,positive,104,liver,caloric_restriction,0.24868375852,0.807361083175,0.6767565379005227,1.0545040629751896,0.4476307653360001,1.0545040629752702,0.5755058884524645,pass,
slc25a44_activation,positive,105,skeletal_muscle,caloric_restriction,0.31220254812,0.9965845847,2.393210755745905,3.32939233375558,0.5619645866347323,1.793852252519795,0.3700037551583727,pass,
slc25a44_activation,positive,106,adipose_subcutaneous,fasted,0.23717668532,0.84726547075,3.1424170965285243,4.543983657475151,4.543983657475172,4.543983657475183,2.3455500371063533e-15,pass,
slc25a44_activation,positive,107,skeletal_muscle,caloric_restriction,0.33384306548,0.7670221001749999,1.587841842122541,1.5772953328800745,0.6009175178840305,1.380639780361021,0.4943413235448118,pass,
slc25a44_activation,positive,108,liver,caloric_restriction,0.10165896088,0.827239516475,0.8719781002394446,1.499705454662312,0.182986129584,1.4217709863664325,0.8260187711735495,pass,
slc25a44_activation,positive,109,liver,fasted,0.33174924616,0.750247318775,2.4297319375925746,1.9519991550937623,0.74643580386,1.68805646724375,0.4823878437275861,pass,
slc25a44_activation,positive,110,liver,fasted,0.42529143476,0.8598318119,2.38823117974779,3.179909680202422,0.9569057282099998,1.934621576775,0.3074665468180098,pass,
slc25a44_activation,positive,111,skeletal_muscle,caloric_restriction,0.37491910712,0.899257087075,1.0440155642822972,1.0615272487114864,0.674854392816,1.061527248711415,0.3642608857801531,pass,
slc25a44_activation,positive,112,liver,fed,0.4537158316,0.79806106655,8.091754996023676,5.937343715340222,4.0834424844,5.937343715340258,0.3122442155656852,pass,
slc25a44_activation,positive,113,adipose_subcutaneous,fasted,0.28982852108,0.764988354775,1.4778017167896729,1.6643572392096688,1.664357239209828,1.664357239209704,-7.457709873153981e-14,pass,
slc25a44_activation,positive,114,liver,fasted,0.170087964,0.908557282225,1.979240410773376,2.0003868186207465,0.382697919,1.8929157749104315,0.7549629110992225,pass,
slc25a44_activation,positive,115,adipose_subcutaneous,fed,0.17922023152,0.9670340542,7.986880582335153,14.027954173550103,14.027954173550285,14.027954173550189,-6.838008460882923e-15,pass,
slc25a44_activation,positive,116,skeletal_muscle,exercise,0.3806239202,0.9780704646,5.697726712976844,4.096860132175761,1.7128076409,4.025642109632262,0.5645383035090245,pass,
slc25a44_activation,positive,117,skeletal_muscle,caloric_restriction,0.22359517888,0.84509263695,0.7502192273523528,1.0362968562693715,0.402471321984,1.0362968562694352,0.6116254531227494,pass,
slc25a44_activation,positive,118,skeletal_muscle,fed,0.41267113988,0.90091912305,6.622852939201552,5.138136089340932,3.714040258920001,5.138136089340932,0.2771619524393718,pass,
slc25a44_activation,positive,119,liver,exercise,0.49755856348,0.81172778185,4.604226907696749,9.504622884822794,2.23901353566,3.652775018325,0.1487446161512128,pass,
slc25a44_activation,positive,120,adipose_subcutaneous,fasted,0.41811915008,0.8730331448499999,2.0417824550287302,1.8112212783235035,1.8112212783234625,1.8112212783234776,8.581570087968028e-15,pass,
slc25a44_activation,positive,121,skeletal_muscle,exercise,0.38754279156,0.808553427625,6.508009133764172,3.3490304941904725,1.7439425620200004,3.349030494190433,0.4792694288555334,pass,
slc25a44_activation,positive,122,liver,exercise,0.38306523556,0.87136699645,2.072435813125852,3.6322755571499887,1.7237935599625405,3.6322755571499887,0.5254232414803106,pass,
slc25a44_activation,positive,123,skeletal_muscle,caloric_restriction,0.39309603632,0.916810054925,0.8242043556930946,1.126265900773352,0.7075728653524143,1.126265900773352,0.3717532734795944,pass,
slc25a44_activation,positive,124,liver,exercise,0.40973100624,0.993894034175,4.708125549631267,7.147897571172631,1.84378952814146,4.472523153936584,0.3677631918505337,pass,
slc25a44_activation,positive,125,liver,caloric_restriction,0.13238425424,0.9513850349,0.7113622107969492,0.9635414368056132,0.238291657639943,0.9635414368055392,0.7526918422626276,pass,
slc25a44_activation,positive,126,skeletal_muscle,caloric_restriction,0.18346184016,0.9583724581,2.8472393394130604,1.4229107556036058,0.3302313122769922,1.4229107556036875,0.7679184650362526,pass,
slc25a44_activation,positive,127,liver,fasted,0.3491560381199999,0.76303453455,1.0695215033536922,1.5026728181862463,0.78560108577,1.502672818186369,0.477197513482601,pass,
slc25a44_activation,positive,128,skeletal_muscle,caloric_restriction,0.3748320875200001,0.984699821025,1.916361099066577,3.723475182935408,0.6746977575360001,1.772459677845,0.2948218710681932,pass,
slc25a44_activation,positive,129,adipose_subcutaneous,fed,0.23502290776,0.973547644675,26.75342490018681,16.66955909132397,16.669559091324004,16.669559091324004,0.0,pass,
slc25a44_activation,positive,130,liver,caloric_restriction,0.15984122716,0.876315370675,3.657119420727136,1.6969242725407754,0.287714208888,1.5026936169404563,0.715989173891236,pass,
slc25a44_activation,positive,131,liver,fed,0.3729720428799999,0.973244974575,7.31453086089864,9.346514410032922,3.35674838592,8.485218103219532,0.5487039865679154,pass,
slc25a44_activation,positive,132,adipose_subcutaneous,exercise,0.3134215168399999,0.958591469375,4.091959038930255,5.119802927327833,5.119802927327892,5.119802927327907,2.9491434239213445e-15,pass,
slc25a44_activation,positive,133,skeletal_muscle,fed,0.11094232396,0.986772575475,13.827785230973484,9.07319540470368,0.99848091564,8.619516432876924,0.8399505551578956,pass,
slc25a44_activation,positive,134,adipose_subcutaneous,caloric_restriction,0.38431959812,0.91280758145,1.5380928917901202,2.9319076314563306,2.931907631456274,2.9319076314562524,-7.573383367972537e-15,pass,
slc25a44_activation,positive,135,skeletal_muscle,fed,0.35609244708,0.9655269583,7.703880502223711,8.807844099630088,3.20483202372,8.543150394881135,0.6060868370030906,pass,
slc25a44_activation,positive,136,liver,fasted,0.37247270708,0.910226916275,1.195915054768089,1.403184435011591,0.8380635909020645,1.403184435011591,0.4027416710226395,pass,
slc25a44_activation,positive,137,adipose_subcutaneous,exercise,0.23029792964,0.861121803775,11.555611905641191,5.772636226121991,5.772636226121998,5.772636226121916,-1.4155129720915264e-14,pass,
slc25a44_activation,positive,138,skeletal_muscle,fed,0.2387656432,0.867129607875,5.127336563846895,5.01716708509077,2.1488907888,5.017167085090633,0.5716924008399334,pass,
slc25a44_activation,positive,139,liver,fed,0.21972330152,0.8232142853,7.389243655907288,6.980828539198554,1.97750971368,6.980828539198525,0.7167227783097706,pass,
slc25a44_activation,positive,140,liver,exercise,0.40817973108,0.79876920665,9.145832144248203,9.502185938799062,1.83680878986,3.594461429925,0.1849735051898112,pass,
slc25a44_activation,positive,141,adipose_subcutaneous,caloric_restriction,0.3031905188,0.974675349175,2.9291244094434554,1.5659614849243173,1.5659614849242929,1.5659614849243173,1.5597386511031524e-14,pass,
slc25a44_activation,positive,142,adipose_subcutaneous,fed,0.3468862045599999,0.884906485225,9.574293557384784,6.58884605363521,6.588846053635262,6.588846053635194,-1.0244822742514592e-14,pass,
slc25a44_activation,positive,143,skeletal_muscle,exercise,0.4141580638000001,0.841132908725,1.3282064599989225,2.463727895335638,1.8637112870378767,2.4637278953355826,0.243540128531915,pass,
slc25a44_activation,positive,144,skeletal_muscle,caloric_restriction,0.47476098148,0.9520600159,5.186248861320007,3.2834583823180363,0.854569766664,1.71370802862,0.2616565102766646,pass,
slc25a44_activation,positive,145,skeletal_muscle,fed,0.46532327516,0.791577129775,3.5868675553736837,5.69725586150422,4.187909476440001,5.697255861504191,0.2649251537503679,pass,
slc25a44_activation,positive,146,liver,exercise,0.36507310948,0.78041033,2.6364598883886226,4.714172118851804,1.6428289927147612,3.511846485117061,0.396467809252905,pass,
slc25a44_activation,positive,147,liver,exercise,0.28356419272,0.772444469175,5.184593612343031,5.997147660118185,1.276038867282535,3.476000111403367,0.3668345968452405,pass,
slc25a44_activation,positive,148,skeletal_muscle,fed,0.444415966,0.905295968975,13.227616879214668,15.633007296133838,3.999743694,8.147663720775,0.2653309083915551,pass,
slc25a44_activation,positive,149,liver,caloric_restriction,0.47022648964,0.757087259825,1.0894668218586816,1.7186601061522435,0.8464076813520001,1.362757067685,0.300437174566767,pass,
slc25a44_activation,positive,150,adipose_subcutaneous,exercise,0.36444303164,0.7966219535,4.084505768201635,5.209959092174653,5.2099590921746834,5.209959092174623,-1.1592438917672763e-14,pass,
slc25a44_activation,positive,151,adipose_subcutaneous,caloric_restriction,0.3545990934399999,0.90530465005,2.549697386255781,2.240939029569386,2.2409390295694105,2.240939029569413,1.1890262180012933e-15,pass,
slc25a44_activation,positive,152,skeletal_muscle,caloric_restriction,0.30897472,0.95700536115,4.690137360953461,3.52093704889252,0.5561544960185385,1.7226096501274202,0.3312911131074553,pass,
slc25a44_activation,positive,153,liver,exercise,0.11598559648,0.973772933125,5.527061475663666,5.66443734554231,0.5219351841773979,4.381978199208566,0.6814521513012888,pass,
slc25a44_activation,positive,154,liver,caloric_restriction,0.43389398304,0.9421360449,2.3349558314075542,2.114946945679593,0.781009169472,1.69584488082,0.432557286232084,pass,
slc25a44_activation,positive,155,skeletal_muscle,fed,0.41951761496,0.8468955816,7.550906076347695,7.431575347405753,3.77565853464,7.163562272249346,0.455879618954817,pass,
slc25a44_activation,positive,156,liver,caloric_restriction,0.21997068632,0.95433855695,3.107089921709289,1.7954824743134266,0.3959472353760001,1.6543636551380194,0.700879255445378,pass,
slc25a44_activation,positive,157,adipose_subcutaneous,fasted,0.35556272612,0.860590357825,3.884479291383803,2.0488297172609142,2.0488297172608845,2.0488297172608747,-4.768557647515415e-15,pass,
slc25a44_activation,positive,158,liver,fasted,0.23467090664,0.798529189225,1.8852069822399264,3.1461638701696564,0.52800953994,1.7966906757562502,0.4032469979854662,pass,
slc25a44_activation,positive,159,adipose_subcutaneous,caloric_restriction,0.43370780008,0.942451075925,0.9563044791214718,0.9961780543954885,0.9961780543953662,0.9961780543954885,1.227045250313269e-13,pass,
slc25a44_activation,positive,160,adipose_subcutaneous,fasted,0.1398843976,0.79198314235,1.2164717060613313,1.9965910057112877,1.996591005711252,1.9965910057112857,1.690420314028261e-14,pass,
slc25a44_activation,positive,161,skeletal_muscle,fasted,0.36763489996,0.899807277025,3.06406783330134,2.847637446310203,0.8271785249375725,2.024566373373736,0.4204846547399024,pass,
slc25a44_activation,positive,162,skeletal_muscle,exercise,0.44753799884,0.8492744934,2.474668680770155,4.617256263006055,2.01392099478,3.8217352203,0.3915343057747083,pass,
slc25a44_activation,positive,163,adipose_subcutaneous,exercise,0.20230885488,0.8502749645,4.933265385212084,6.684107511837744,6.6841075118377375,6.684107511837697,-6.112440177517831e-15,pass,
slc25a44_activation,positive,164,adipose_subcutaneous,fasted,0.4518816827999999,0.82151572635,2.424748193463269,1.5124756342811685,1.512475634281112,1.5124756342811925,5.3291563685979e-14,pass,
slc25a44_activation,positive,165,adipose_subcutaneous,caloric_restriction,0.309963966,0.764916272125,2.3305156638083684,2.073733795160086,2.073733795160118,2.0737337951601558,1.7988564257605467e-14,pass,
slc25a44_activation,positive,166,adipose_subcutaneous,fasted,0.21920485268,0.990695504325,0.9167465511809602,1.390846844837205,1.3908468448371656,1.390846844837205,2.857682312694376e-14,pass,
slc25a44_activation,positive,167,liver,exercise,0.47987949068,0.8657825981,2.6676808863443684,5.071778823547311,2.15945770806,3.89602169145,0.3423974198810605,pass,
slc25a44_activation,positive,168,liver,fasted,0.37962796968,0.920625067,3.04003629848364,2.917747756632593,0.854162931808472,2.071406400819047,0.4171859840329069,pass,
slc25a44_activation,positive,169,skeletal_muscle,exercise,0.20580914932,0.84372245425,3.059672470382336,2.936856677658512,0.9261411719708714,2.936856677658545,0.6846488359420966,pass,
slc25a44_activation,positive,170,adipose_subcutaneous,fed,0.37612173112,0.7585080019,12.07030399998832,16.14639164874321,16.14639164874329,16.14639164874309,-1.2321760201345907e-14,pass,
slc25a44_activation,positive,171,liver,fed,0.11636324072,0.95226052505,8.161877956696234,8.835032680933882,1.04726916648,8.148122987991409,0.803715625957462,pass,
slc25a44_activation,positive,172,skeletal_muscle,caloric_restriction,0.36127345048,0.9562154634,3.506832569305964,1.792699378546109,0.6502922108856765,1.6490131951113254,0.5571045520390698,pass,
slc25a44_activation,positive,173,skeletal_muscle,caloric_restriction,0.4250651652,0.842216378775,0.9758735927926976,1.1132334170996516,0.7651172973855039,1.1132334170995215,0.312707213390142,pass,
slc25a44_activation,positive,174,skeletal_muscle,fasted,0.39583742864,0.9592820293,1.9633616412529904,2.279837899197484,0.89063421444,2.058721414927441,0.5123553744319344,pass,
slc25a44_activation,positive,175,liver,fed,0.34400929228,0.945158309675,17.602373355688815,9.853857214339875,3.09608363052,8.443640892068068,0.542686700773988,pass,
slc25a44_activation,positive,176,adipose_subcutaneous,fasted,0.3591645950000001,0.769481962625,1.671885077729712,3.3459775444345,3.345977544434418,3.34597754443436,-1.725403010445645e-14,pass,
slc25a44_activation,positive,177,adipose_subcutaneous,fed,0.26658526768,0.810066526225,3.757749935208767,7.0208309378475775,7.0208309378476805,7.0208309378475455,-1.9228937570145773e-14,pass,
slc25a44_activation,positive,178,liver,exercise,0.46387158544,0.90062084445,4.16934301384801,3.0034193967668763,2.08742213448,3.0034193967668763,0.3049847994166015,pass,
slc25a44_activation,positive,179,liver,fed,0.21001502544,0.89271059675,3.896828000759609,6.935200937711555,1.89013522896,6.93520093771158,0.727457755595518,pass,
slc25a44_activation,positive,180,liver,caloric_restriction,0.46211481708,0.944514574625,2.15002781381961,1.3255174749022671,0.831806670744,1.3255174749022671,0.3724664619715174,pass,
slc25a44_activation,positive,181,adipose_subcutaneous,caloric_restriction,0.27121697548,0.86785965455,0.9835877900774558,1.213619182454412,1.2136191824544371,1.2136191824543965,-3.3664767248964e-14,pass,
slc25a44_activation,positive,182,adipose_subcutaneous,exercise,0.26119273152,0.8682454712,5.12209391526546,5.403533903487841,5.4035339034877765,5.40353390348783,9.86219502529812e-15,pass,
slc25a44_activation,positive,183,adipose_subcutaneous,fasted,0.11865125624,0.80384747265,1.6144965770202722,3.0458165995037354,3.045816599503704,3.045816599503868,5.39471114811362e-14,pass,
slc25a44_activation,positive,184,skeletal_muscle,exercise,0.48712086328,0.95497954425,7.198040358758775,5.114027053241271,2.1920438847600003,4.297407949125001,0.4116841859549062,pass,
slc25a44_activation,positive,185,adipose_subcutaneous,fed,0.38655751956,0.980376061875,10.127362640699902,10.521495465393752,10.521495465393796,10.521495465393812,1.5194809147792525e-15,pass,
slc25a44_activation,positive,186,liver,exercise,0.16299024572,0.871540413125,3.455769500672436,4.410494856678906,0.73345610574,3.911459140063807,0.7205547535128147,pass,
slc25a44_activation,positive,187,skeletal_muscle,fasted,0.1400243508,0.821452728875,2.821486295778864,2.0760990985307712,0.3150547892894982,1.8415572833755085,0.7352743879934712,pass,
slc25a44_activation,positive,188,liver,fed,0.3375985099599999,0.787236238725,22.918659554236587,16.51162468816932,3.038386589538721,7.085126148288831,0.2450842745747257,pass,
slc25a44_activation,positive,189,skeletal_muscle,fed,0.31140818884,0.7662534641,5.649207453028184,5.485755988412657,2.80267369956,5.485755988412445,0.489099824075262,pass,
slc25a44_activation,positive,190,skeletal_muscle,exercise,0.30913723528,0.914188656775,6.460619525026096,5.2908063592995465,1.3911175587600002,4.1138489554875,0.514615582545713,pass,
slc25a44_activation,positive,191,adipose_subcutaneous,exercise,0.19384639616,0.7940076565,1.907564598320729,3.52414231839166,3.52414231839168,3.524142318391632,-1.360944886178586e-14,pass,
slc25a44_activation,positive,192,liver,fasted,0.38121161144,0.888284265825,4.979804709399478,2.746879171465081,0.8577261257114093,1.9986395980396288,0.4153489837413195,pass,
slc25a44_activation,positive,193,adipose_subcutaneous,fed,0.10515512888,0.834863617475,13.800697350344334,9.32841864544523,9.328418645445264,9.3284186454451,-1.770945241023094e-14,pass,
slc25a44_activation,positive,194,skeletal_muscle,fed,0.13500900852,0.859918727225,15.891322559279258,9.42612273531894,1.2150810766394975,7.739268544767023,0.6921390322748406,pass,
slc25a44_activation,positive,195,skeletal_muscle,exercise,0.13074185336,0.7911557206,2.09835061144752,3.0268202904810195,0.58833834012,3.026820290481344,0.8056249517125519,pass,
slc25a44_activation,positive,196,skeletal_muscle,fed,0.29556172272,0.9915848522,12.071739824320794,8.313010006340535,2.660055504568669,8.193545607418246,0.6656421799840309,pass,
slc25a44_activation,positive,197,liver,caloric_restriction,0.33582159312,0.87870537485,1.8947053505670248,1.0647503978467223,0.6044788676160001,1.0647503978467223,0.4322811535563111,pass,
slc25a44_activation,positive,198,skeletal_muscle,exercise,0.19683922692,0.99716633325,1.7311119925549316,3.122209340996438,0.88577652114,3.122209340996186,0.7162981644089375,pass,
slc25a44_activation,positive,199,liver,fed,0.1817644272,0.75827112475,6.17754687816476,6.614782848907003,1.6358798447999998,6.359291834694981,0.7140690930882874,pass,
slc25a44_activation,positive,200,skeletal_muscle,fed,0.20905540176,0.9112722224,5.66901025129365,10.124821536714292,1.88149861584,8.201450001600001,0.6242037316749538,pass,
slc25a44_activation,positive,201,adipose_subcutaneous,exercise,0.40269517212,0.914485610375,7.242173303258912,6.540884365233618,6.540884365233662,6.540884365233544,-1.805990187626525e-14,pass,
slc25a44_activation,positive,202,skeletal_muscle,exercise,0.44310961788,0.844670160625,2.0610975188214504,2.724647623602353,1.9939932803935336,2.724647623602346,0.2681647112380675,pass,
slc25a44_activation,positive,203,adipose_subcutaneous,exercise,0.23406220416,0.8143824954,2.350121508534816,4.284719644717289,4.284719644717189,4.284719644717394,4.7883929863109225e-14,pass,
slc25a44_activation,positive,204,liver,fed,0.32935995556,0.809397134475,5.055588516060773,8.7024613118822,2.964239600040001,7.284574210275,0.4964497347820535,pass,
slc25a44_activation,positive,205,liver,fed,0.4870563372399999,0.78988515915,9.58341466546838,7.853247427457593,4.383507035013883,7.085081523019222,0.3440073056350837,pass,
slc25a44_activation,positive,206,liver,caloric_restriction,0.4422652087199999,0.99664661715,1.657348640567798,1.3229605259054886,0.796077375696,1.3229605259056132,0.398260673612308,pass,
slc25a44_activation,positive,207,adipose_subcutaneous,caloric_restriction,0.44875955148,0.9690081232,0.9271176472765146,0.8329596832055786,0.832959683205571,0.832959683205571,0.0,pass,
slc25a44_activation,positive,208,liver,fed,0.34867734244,0.9009688861,13.285061819451425,7.627598589143464,3.13809608196,7.516356474971371,0.5740024651065211,pass,
slc25a44_activation,positive,209,skeletal_muscle,exercise,0.37533781624,0.775407091525,8.998905374573143,6.826284719854303,1.6890201730800003,3.4893319118625,0.2637322954822378,pass,
slc25a44_activation,positive,210,adipose_subcutaneous,exercise,0.36801447192,0.80731855845,5.973735230375669,5.830629389794137,5.830629389794065,5.830629389794064,-1.5232976756416414e-16,pass,
slc25a44_activation,positive,211,adipose_subcutaneous,fasted,0.17312381696,0.8942217487249999,1.5054504650269278,1.310533227216768,1.3105332272167167,1.310533227216768,3.9138499255462415e-14,pass,
slc25a44_activation,positive,212,skeletal_muscle,fasted,0.19664888224,0.902280512175,2.952506813359818,3.0135439284439363,0.44245998504,2.03013115239375,0.5268452045341694,pass,
slc25a44_activation,positive,213,liver,exercise,0.4663190246800001,0.942004697225,7.442370342004767,5.328043376166893,2.09843561106,4.2390211375125,0.4017582769741792,pass,
slc25a44_activation,positive,214,liver,fasted,0.3409301958,0.808492628375,2.9581737505445447,3.031116951402554,0.76709294055,1.8191084138437497,0.3470718847740147,pass,
slc25a44_activation,positive,215,adipose_subcutaneous,fasted,0.22892531644,0.903100900925,1.4644517928324976,2.134569287918919,2.1345692879189686,2.134569287918919,-2.3301183889747926e-14,pass,
slc25a44_activation,positive,216,adipose_subcutaneous,fed,0.2275260188,0.832989908825,7.265064287282709,9.09705244788918,9.097052447889268,9.097052447889194,-8.201226461228311e-15,pass,
slc25a44_activation,positive,217,skeletal_muscle,fed,0.20581259036,0.8980618567750001,9.028387951706817,12.706951697171624,1.85231331324,8.082556710975,0.4903019659012128,pass,
slc25a44_activation,positive,218,skeletal_muscle,fed,0.34781657192,0.86818625855,4.778552487587906,4.925869640690959,3.13034914728,4.925869640690937,0.3645083253074228,pass,
slc25a44_activation,positive,219,adipose_subcutaneous,caloric_restriction,0.43923732196,0.94213715785,0.7354611037401513,0.919329901104093,0.9193299011042068,0.919329901104093,-1.2378348608851958e-13,pass,
slc25a44_activation,positive,220,liver,exercise,0.30348777936,0.7814591297,1.9905630451365068,3.031087091739172,1.365695007074477,3.031087091739172,0.5494372264008848,pass,
slc25a44_activation,positive,221,liver,caloric_restriction,0.233357042,0.84813704085,2.112441561524432,2.6011910892102086,0.4200426756,1.52664667353,0.4254220316685748,pass,
slc25a44_activation,positive,222,skeletal_muscle,exercise,0.3613150036,0.9955410027,4.771748101337255,2.823968438451855,1.6259175162,2.8239684384517885,0.4242437365583941,pass,
slc25a44_activation,positive,223,liver,caloric_restriction,0.28546278544,0.807946798075,0.5714537336409687,0.9957269611148843,0.5138330138091278,0.9957269611148843,0.4839619354749569,pass,
slc25a44_activation,positive,224,adipose_subcutaneous,caloric_restriction,0.14875681736,0.95839897485,1.8885727896743263,1.9782331940690965,1.978233194069136,1.9782331940690965,-1.9754926054203356e-14,pass,
slc25a44_activation,positive,225,liver,caloric_restriction,0.1056468396,0.896570599125,1.2604045693295018,2.1058346291122647,0.19016431128,1.613827078425,0.6760562997034383,pass,
slc25a44_activation,positive,226,adipose_subcutaneous,exercise,0.33546032396,0.85453141525,14.381205226167324,8.967634943327301,8.967634943327333,8.967634943327276,-6.338730247165609e-15,pass,
slc25a44_activation,positive,227,adipose_subcutaneous,fasted,0.47227196632,0.968761266975,1.1681531899681188,1.9090845718028688,1.909084571802808,1.9090845718028688,3.175248390766052e-14,pass,
slc25a44_activation,positive,228,adipose_subcutaneous,fasted,0.48299559236,0.803350967075,4.492016996745558,3.3966063518231357,3.396606351823197,3.396606351823218,6.014268813381349e-15,pass,
slc25a44_activation,positive,229,adipose_subcutaneous,fasted,0.26697554792,0.973324124025,3.842748635559512,1.9580458292632037,1.9580458292632816,1.9580458292631944,-4.4566643145617215e-14,pass,
slc25a44_activation,positive,230,adipose_subcutaneous,exercise,0.25647252572,0.8816046263,4.2991848619046005,4.496045085392462,4.49604508539239,4.496045085392421,6.914130997151879e-15,pass,
slc25a44_activation,positive,231,adipose_subcutaneous,fed,0.33867822116,0.8173287664,9.494434138071306,5.916740508196448,5.916740508196384,5.916740508196414,5.103834827295694e-15,pass,
slc25a44_activation,positive,232,adipose_subcutaneous,exercise,0.38027904144,0.84295598025,14.189660227776148,9.091231858487848,9.091231858487896,9.09123185848786,-3.907846300810797e-15,pass,
slc25a44_activation,positive,233,skeletal_muscle,fasted,0.11602072488,0.928706697,2.5978295848291606,2.223070915695306,0.26104663098,2.044541362230723,0.8022662339104473,pass,
slc25a44_activation,positive,234,adipose_subcutaneous,fed,0.37017977776,0.9353909385,2.686968546970917,4.97041731813275,4.970417318132581,4.970417318132672,1.8226678568600862e-14,pass,
slc25a44_activation,positive,235,liver,fasted,0.32469019052,0.815593062775,1.523613482874882,1.3213391590203731,0.7305529286700001,1.3213391590203196,0.4471117247356251,pass,
slc25a44_activation,positive,236,liver,fed,0.13759173616,0.9195716318,6.554563756115517,5.801054041745919,1.23832562544,5.801054041745643,0.7865343752137185,pass,
slc25a44_activation,positive,237,skeletal_muscle,exercise,0.12191888328,0.975266691125,4.215278076254758,8.169814183710594,0.54863497476,4.3887001100625,0.470030902656149,pass,
slc25a44_activation,positive,238,liver,fasted,0.10162131792,0.8941109996250001,0.8137894388686129,1.5901196866065006,0.22864796532,1.5901196866065006,0.8562070721808613,pass,
slc25a44_activation,positive,239,adipose_subcutaneous,caloric_restriction,0.34366949428,0.9023196153,0.7061111725742496,1.00462982661612,1.0046298266161573,1.00462982661612,-3.7131580846105355e-14,pass,
slc25a44_activation,positive,240,adipose_subcutaneous,caloric_restriction,0.1868997204,0.864966300375,2.3491310035196875,2.391184088767022,2.3911840887670643,2.3911840887670603,-1.6714743575896974e-15,pass,
slc25a44_activation,positive,241,adipose_subcutaneous,caloric_restriction,0.29550719736,0.94822691195,1.7300863170638237,1.4901913717231243,1.49019137172315,1.490191371723209,3.948608307743311e-14,pass,
slc25a44_activation,positive,242,skeletal_muscle,caloric_restriction,0.35756953636,0.884386157575,1.9052228941617375,1.012106630206673,0.6436251654265458,1.0121066302064867,0.3640737584188108,pass,
slc25a44_activation,positive,243,liver,fed,0.23703234308,0.79772404895,16.667608439494643,15.718193509255933,2.13329108772,7.17951644055,0.3210435951089698,pass,
slc25a44_activation,positive,244,adipose_subcutaneous,caloric_restriction,0.19734122988,0.98902205525,0.6252025695057107,1.085503167435102,1.085503167435106,1.0855031674351363,2.802397246486892e-14,pass,
slc25a44_activation,positive,245,skeletal_muscle,fed,0.47499291428,0.9696882472,10.343374996918412,9.716629018599708,4.27493622852,8.7271942248,0.4582101454894928,pass,
slc25a44_activation,positive,246,skeletal_muscle,caloric_restriction,0.38712968548,0.86825789845,1.6421480231864876,1.1040281856344123,0.6968334338640001,1.104028185634433,0.368826409568923,pass,
slc25a44_activation,positive,247,adipose_subcutaneous,caloric_restriction,0.3552604892000001,0.9247074982,2.3955672363331435,2.176188360189854,2.176188360189852,2.176188360189905,2.4284026575506092e-14,pass,
slc25a44_activation,positive,248,skeletal_muscle,exercise,0.28578729848,0.752353338425,7.430068179424945,3.8290650851635375,1.28604284316,3.3855900229125,0.5483184884706209,pass,
slc25a44_activation,positive,249,liver,caloric_restriction,0.35079288756,0.77518224655,1.155248411401811,1.0748835820898557,0.6314271976080001,1.0748835820897398,0.4125622456894765,pass,
slc25a44_activation,positive,250,liver,exercise,0.26661822856,0.819183457275,8.64288359816625,5.280976684007371,1.19978202852,3.6863255577375,0.4708491777188898,pass,
slc25a44_activation,positive,251,liver,fasted,0.43372704932,0.7810043923,2.4242307144626207,2.2860370707030686,0.97588586097,1.757259882675,0.3418028656309975,pass,
slc25a44_activation,positive,252,skeletal_muscle,fasted,0.41959752444,0.857983167525,2.216188468729618,1.120694381707135,0.94409442999,1.120694381707135,0.1575808307775428,pass,
slc25a44_activation,positive,253,liver,fasted,0.2295538004,0.9328393794,1.8660173867566967,1.9535193121389711,0.5164960509000001,1.907288426651458,0.7119419639771233,pass,
slc25a44_activation,positive,254,skeletal_muscle,caloric_restriction,0.24312001312,0.836256162325,2.814133041814011,2.6383196045073016,0.4376160236014128,1.5052610921348246,0.4046685878046952,pass,
slc25a44_activation,positive,255,adipose_subcutaneous,caloric_restriction,0.32319778516,0.8462591585,4.37422423389708,3.4864530626190278,3.4864530626190677,3.486453062619015,-1.5030326185703062e-14,pass,
slc25a44_activation,positive,256,adipose_subcutaneous,caloric_restriction,0.4595476994799999,0.75759443385,2.3527733583391286,1.4089396915970365,1.4089396915969947,1.408939691597087,6.55603332063921e-14,pass,
slc25a44_activation,positive,257,liver,exercise,0.21132434524,0.762609461325,3.196510340784738,5.799915566985868,0.9509595535483014,3.431742575848108,0.4277274373476842,pass,
slc25a44_activation,positive,258,adipose_subcutaneous,fasted,0.31303640256,0.7565365765,0.9349751371766124,1.3514535468368123,1.3514535468368414,1.3514535468368123,-2.1359075720964902e-14,pass,
slc25a44_activation,positive,259,liver,exercise,0.3663361624,0.977015233125,5.081966908085695,3.794273904376514,1.6485127307450496,3.794273904376514,0.5655261659303066,pass,
slc25a44_activation,positive,260,adipose_subcutaneous,fasted,0.47237150284,0.878391111925,1.1847174733130703,2.1229186000257,2.122918600025639,2.122918600025661,1.0668590732625835e-14,pass,
slc25a44_activation,positive,261,skeletal_muscle,exercise,0.328266708,0.82639279995,2.097359217616389,2.7758316108640413,1.4772001859507602,2.7758316108640653,0.4678350876294964,pass,
slc25a44_activation,positive,262,liver,caloric_restriction,0.4361389077600001,0.9990371885,0.5300730148693197,0.9942400219897516,0.7799456090235983,0.9942400219897516,0.2155358949816668,pass,
slc25a44_activation,positive,263,liver,fed,0.36418435116,0.8440357844,7.831300278083233,8.07113697412367,3.277659160330745,7.592113086635916,0.5345534266284232,pass,
slc25a44_activation,positive,264,liver,fasted,0.2358112792,0.94866741155,2.320994247082111,1.4947737409840722,0.5305753782176859,1.494773740983791,0.6450463614187743,pass,
slc25a44_activation,positive,265,liver,fasted,0.16901326304,0.790478507,1.4081383631451545,1.3803990450129646,0.380279841852676,1.380399045013175,0.7245145574199566,pass,
slc25a44_activation,positive,266,liver,fed,0.19321726148,0.8567738293,11.861355918224596,12.508149216509228,1.7389553533199995,7.710964463700001,0.4774494617075465,pass,
slc25a44_activation,positive,267,liver,exercise,0.49749320656,0.995726874775,9.242627198138369,9.268183271687194,2.23871942952,4.480770936487501,0.241908413034581,pass,
slc25a44_activation,positive,268,liver,fasted,0.34400039228,0.90312453485,3.885075396136044,2.146028846526706,0.7740008826042,2.0320302033447657,0.586212679655567,pass,
slc25a44_activation,positive,269,skeletal_muscle,fasted,0.41889425088,0.947174339425,0.735577761522403,1.2458647770884297,0.94251206448,1.2458647770884297,0.2434876707224687,pass,
slc25a44_activation,positive,270,skeletal_muscle,caloric_restriction,0.20448159268,0.844345496525,4.5568408633389765,3.3208733552314462,0.3680668668239999,1.519821893745,0.3468229299098728,pass,
slc25a44_activation,positive,271,adipose_subcutaneous,exercise,0.20045620836,0.9920422045,6.570655672315651,6.236171338019426,6.236171338019298,6.23617133801954,3.888166239113344e-14,pass,
slc25a44_activation,positive,272,liver,fasted,0.19985615152,0.998053186925,3.018768319714483,1.684729332863531,0.4496763409200001,1.68472933286368,0.7330868928627621,pass,
slc25a44_activation,positive,273,adipose_subcutaneous,fed,0.10957398744,0.80067596915,14.011489376574248,13.013265982582247,13.013265982582466,13.013265982582222,-1.870098462012253e-14,pass,
slc25a44_activation,positive,274,skeletal_muscle,fasted,0.1249531068,0.800988376325,1.638055412138682,1.932129893186844,0.2811444903,1.7597758617595622,0.7652856967192389,pass,
slc25a44_activation,positive,275,adipose_subcutaneous,caloric_restriction,0.13811067688,0.788523235525,1.6706504495198633,3.3090123782749368,3.3090123782749243,3.3090123782749776,1.6104716178121153e-14,pass,
slc25a44_activation,positive,276,adipose_subcutaneous,fasted,0.40962129296,0.892921029775,2.0252667977864864,2.4828196932258084,2.482819693225804,2.482819693225808,1.6097837871817865e-15,pass,
slc25a44_activation,positive,277,adipose_subcutaneous,exercise,0.3414532232,0.8799178626499999,13.795463036619456,9.187921996954136,9.187921996954026,9.18792199695408,5.9934185379091066e-15,pass,
slc25a44_activation,positive,278,skeletal_muscle,fed,0.2432478454,0.87477569405,12.292785149279258,11.223509282635549,2.1892306086,7.872981246449999,0.5064147491412168,pass,
slc25a44_activation,positive,279,skeletal_muscle,exercise,0.19075287244,0.995153703475,13.734473731869503,9.15156258604296,0.858387925951387,4.478191665488227,0.3955394180505741,pass,
slc25a44_activation,positive,280,liver,fed,0.30539880896,0.952234549975,7.63412937687692,7.307687777503209,2.74858928064,7.180150026763337,0.6064244780361226,pass,
slc25a44_activation,positive,281,adipose_subcutaneous,fasted,0.33230432952,0.7813457336,0.9486524100095106,1.6789565305803746,1.6789565305804337,1.6789565305804566,1.3754161285057624e-14,pass,
slc25a44_activation,positive,282,skeletal_muscle,exercise,0.17333128112,0.9114002364,6.0428283863480505,5.000261146771251,0.7799907650659997,4.10130106393671,0.6642273676076565,pass,
slc25a44_activation,positive,283,adipose_subcutaneous,exercise,0.18615211192,0.850220512925,2.899465509438057,2.9885419202222288,2.9885419202222145,2.9885419202222288,4.755113059998596e-15,pass,
slc25a44_activation,positive,284,skeletal_muscle,fasted,0.28229353908,0.8713007819,3.156845310612377,3.62923812671103,0.63516046293,1.960426759275,0.3651637754467252,pass,
slc25a44_activation,positive,285,adipose_subcutaneous,fed,0.18288047936,0.99639012025,4.130865330067134,4.423062651662798,4.423062651662693,4.423062651662812,2.690803129254209e-14,pass,
slc25a44_activation,positive,286,adipose_subcutaneous,exercise,0.3136330102,0.977154227275,5.855031981945621,7.886392911817995,7.886392911818023,7.886392911817989,-4.279621916634183e-15,pass,
slc25a44_activation,positive,287,skeletal_muscle,fed,0.2506187624,0.907922071125,20.38438347419844,16.256675793504815,2.2555688616,8.171298640124999,0.3638954146387397,pass,
slc25a44_activation,positive,288,adipose_subcutaneous,caloric_restriction,0.13955665628,0.771960068725,2.33341502041769,1.1992037880862347,1.199203788086297,1.1992037880862485,-4.036488573047767e-14,pass,
slc25a44_activation,positive,289,skeletal_muscle,caloric_restriction,0.18713894192,0.964428846925,4.807163472440043,3.0056943076972567,0.336850095456,1.7359719244649998,0.4654903944908837,pass,
slc25a44_activation,positive,290,adipose_subcutaneous,fed,0.42865371552,0.7684666281,3.343386149882569,5.136983753621714,5.136983753621719,5.136983753621748,5.705660997942588e-15,pass,
slc25a44_activation,positive,291,adipose_subcutaneous,caloric_restriction,0.25554088988,0.9495362783,0.8186514229513122,1.2356520129862414,1.2356520129863275,1.2356520129862414,-6.972295258331073e-14,pass,
slc25a44_activation,positive,292,adipose_subcutaneous,exercise,0.48198944652,0.777699190125,15.40331595521772,9.085700688784664,9.085700688784671,9.085700688784698,2.7371577166636857e-15,pass,
slc25a44_activation,positive,293,skeletal_muscle,exercise,0.25875213096,0.815250626225,5.310911738670198,5.33317278454628,1.1643845893200004,3.6686278180125,0.4695597404886157,pass,
slc25a44_activation,positive,294,skeletal_muscle,caloric_restriction,0.48303475528,0.793735340075,3.083908805579919,1.576648846265783,0.869462559475018,1.359478706249834,0.3107959948947386,pass,
slc25a44_activation,positive,295,liver,caloric_restriction,0.41328970864,0.984904222825,1.705369742750355,1.5200032210695846,0.743921475552,1.5137654861498084,0.5064752494774913,pass,
slc25a44_activation,positive,296,skeletal_muscle,fed,0.4612261375200001,0.949777926375,11.164552214447507,7.214394257608001,4.15103523768,7.2143942576079265,0.4246176339333596,pass,
slc25a44_activation,positive,297,skeletal_muscle,caloric_restriction,0.25909896672,0.767372539775,1.02158261852932,1.7136089736666662,0.4663781400959999,1.3812705715949998,0.5338980161508924,pass,
slc25a44_activation,positive,298,liver,fasted,0.44115973572,0.945809803775,3.3180236068599167,2.716784893148432,0.99260940537,2.1280720584937503,0.4179435243428063,pass,
slc25a44_activation,positive,299,liver,fasted,0.36124979196,0.84617220495,2.2712046562845414,3.5449053708932743,0.8128120319100001,1.9038874611375,0.3077868983996494,pass,
slc25a44_activation,positive,300,skeletal_muscle,exercise,0.16015613368,0.925688448825,3.61062850461634,2.568838140092824,0.72070260156,2.568838140092806,0.7194441368991915,pass,
slc25a44_activation,positive,301,skeletal_muscle,caloric_restriction,0.3483723563999999,0.9408772275,0.7247654602364539,1.0339434068715645,0.62707024152,1.0339434068715645,0.3935158952100227,pass,
slc25a44_activation,positive,302,adipose_subcutaneous,caloric_restriction,0.25587470044,0.838496863725,2.035328332374689,1.2299702323878017,1.2299702323877928,1.2299702323878017,7.221137522782652e-15,pass,
slc25a44_activation,positive,303,skeletal_muscle,caloric_restriction,0.14510004272,0.89756617845,1.1100277982791529,2.187868277028427,0.261180076896,1.6156191212099995,0.6190679112334886,pass,
slc25a44_activation,positive,304,liver,exercise,0.28764840436,0.83091726135,4.698232897759853,7.197173668536568,1.294417819576853,3.739127675950363,0.3396763742218553,pass,
slc25a44_activation,positive,305,skeletal_muscle,fasted,0.4818563168399999,0.847704902425,2.802426666601053,2.158943628847163,1.084176712926139,1.814342521542692,0.3382051290549204,pass,
slc25a44_activation,positive,306,liver,exercise,0.4007616918,0.921231190225,1.9903702515318693,2.658641430486146,1.8034276131,2.658641430485709,0.3216732454324723,pass,
slc25a44_activation,positive,307,skeletal_muscle,caloric_restriction,0.2799515216,0.851368686975,3.219209193191003,2.647623793780252,0.50391273888,1.532463636555,0.3884807577614509,pass,
slc25a44_activation,positive,308,skeletal_muscle,exercise,0.132765657,0.927229642075,4.203871755695967,3.748757029982455,0.5974454564800852,3.6705135535202897,0.819756541291391,pass,
slc25a44_activation,positive,309,liver,fed,0.22871171396,0.8569202609,11.589797296887587,10.41206688674945,2.05840542564,7.7122823481,0.5430119671681332,pass,
slc25a44_activation,positive,310,adipose_subcutaneous,caloric_restriction,0.15219395412,0.801870225475,1.0562398516837035,1.908120872745196,1.9081208727452248,1.9081208727452104,-7.44756525552649e-15,pass,
slc25a44_activation,positive,311,adipose_subcutaneous,fed,0.35964349236,0.953220688,6.358640393522324,6.256143626000084,6.256143626000217,6.256143626000083,-2.1437318161518363e-14,pass,
slc25a44_activation,positive,312,liver,exercise,0.22444372512,0.94895512445,3.1552714618232343,6.103786159904649,1.00999676304,4.2702980600250005,0.5341440888610572,pass,
slc25a44_activation,positive,313,adipose_subcutaneous,caloric_restriction,0.4140393250399999,0.952137516925,3.626019888411776,2.1978903344448533,2.197890334444971,2.1978903344448164,-7.031426573285173e-14,pass,
slc25a44_activation,positive,314,skeletal_muscle,fed,0.46101773684,0.961600456,19.75596372171582,15.427450963685372,4.14915963156,8.654404104,0.2920277940305809,pass,
slc25a44_activation,positive,315,adipose_subcutaneous,caloric_restriction,0.31351464864,0.9544670499,0.9712527851306352,1.6459877590869838,1.6459877590870282,1.6459877590869838,-2.6980104037735694e-14,pass,
slc25a44_activation,positive,316,adipose_subcutaneous,fasted,0.3408337052,0.8784817193,2.7692822201147687,2.1021795822930445,2.10217958229313,2.102179582293048,-3.9081582046689744e-14,pass,
slc25a44_activation,positive,317,liver,fed,0.46705210684,0.800753780725,18.19216712368048,9.470522290693353,4.20346896156,7.206784026525,0.3171224324044248,pass,
slc25a44_activation,positive,318,adipose_subcutaneous,caloric_restriction,0.22170824544,0.9247480077,1.9546288277221864,1.0055240137066073,1.0055240137066916,1.00552401370661,-8.126351384806772e-14,pass,
slc25a44_activation,positive,319,skeletal_muscle,fasted,0.117053964,0.763325070725,5.451684558545134,3.098328486033948,0.2633714189912209,1.7174814090740005,0.4693207955958635,pass,
slc25a44_activation,positive,320,liver,caloric_restriction,0.23992036908,0.996537855775,3.08817548566974,2.887489961682782,0.431856664344,1.7937681403949997,0.4716592937546698,pass,
slc25a44_activation,positive,321,adipose_subcutaneous,exercise,0.26792910708,0.8001594584,6.528078611856455,3.722925360604777,3.722925360604849,3.722925360604688,-4.318117566010178e-14,pass,
slc25a44_activation,positive,322,liver,fasted,0.15994781288,0.8543459369749999,0.8912239237656079,1.264299291508043,0.35988257898,1.2642992915079272,0.7153501695386922,pass,
slc25a44_activation,positive,323,adipose_subcutaneous,exercise,0.3592367638,0.815258009875,1.423749199390531,2.62491849341421,2.6249184934140657,2.62491849341421,5.498418086633343e-14,pass,
slc25a44_activation,positive,324,adipose_subcutaneous,fasted,0.12518590188,0.763071655975,2.901845744106545,1.414982534030615,1.4149825340306987,1.414982534030691,-5.4923371741123904e-15,pass,
slc25a44_activation,positive,325,liver,fasted,0.14376137588,0.840325401275,0.735687339987204,1.320989593179398,0.32346309573,1.3209895931793063,0.7551357729082705,pass,
slc25a44_activation,positive,326,adipose_subcutaneous,fasted,0.1630159763999999,0.921440023,3.078153819011925,2.304782426168841,2.304782426168897,2.304782426168853,-1.888279868466766e-14,pass,
slc25a44_activation,positive,327,skeletal_muscle,fasted,0.43921647192,0.77705923085,1.861299360454316,3.4501657389395004,0.98823706182,1.7483832694125,0.2203216497727297,pass,
slc25a44_activation,positive,328,skeletal_muscle,fed,0.17219525304,0.78051607045,2.134468681697301,4.227896399417426,1.5497572773600004,4.227896399417461,0.6334448314359097,pass,
slc25a44_activation,positive,329,adipose_subcutaneous,exercise,0.41186289716,0.912274179575,1.657457613179022,3.0530896440427653,3.0530896440428097,3.0530896440427653,-1.4545567331001112e-14,pass,
slc25a44_activation,positive,330,skeletal_muscle,fasted,0.28118420308,0.85910051415,0.9711140806461503,1.804400559900139,0.6326644569300001,1.8044005599002548,0.6493769338195629,pass,
slc25a44_activation,positive,331,adipose_subcutaneous,exercise,0.37323562732,0.851105295575,1.833809250530392,2.58778651251295,2.587786512512991,2.5877865125128907,-3.8783787202234256e-14,pass,
slc25a44_activation,positive,332,liver,exercise,0.38921268836,0.828475212175,3.053259570527149,3.920965627670956,1.75145709762,3.68942254355,0.4942571881409596,pass,
slc25a44_activation,positive,333,liver,fasted,0.29163516432,0.9486096374,3.706955887436964,3.923423127648687,0.6561791197200001,2.13437168415,0.3767609346065824,pass,
slc25a44_activation,positive,334,adipose_subcutaneous,exercise,0.38225337512,0.88953027695,7.152672753918273,9.656628057338542,9.656628057338487,9.656628057338516,2.9432333172245322e-15,pass,
slc25a44_activation,positive,335,skeletal_muscle,fasted,0.42563832532,0.9615592413,7.678038788118629,4.357535368219638,0.9576862320019228,2.163508292997117,0.2767211184995747,pass,
slc25a44_activation,positive,336,skeletal_muscle,fasted,0.36748486444,0.7551760589,2.249393983657036,2.4828706738897424,0.82684094499,1.699146132525,0.3513292885965822,pass,
slc25a44_activation,positive,337,adipose_subcutaneous,fed,0.41690114656,0.914273231375,6.695871802896759,7.210501939480085,7.21050193948005,7.210501939480104,7.51388517144123e-15,pass,
slc25a44_activation,positive,338,adipose_subcutaneous,caloric_restriction,0.16773890936,0.9664464066,3.287231725910715,2.263275849542649,2.2632758495425462,2.2632758495427328,8.241040002910685e-14,pass,
slc25a44_activation,positive,339,adipose_subcutaneous,fed,0.4582803522799999,0.87010936125,8.81359112276879,5.5967864383504144,5.596786438350565,5.5967864383504144,-2.6978040525970805e-14,pass,
slc25a44_activation,positive,340,adipose_subcutaneous,fed,0.42361455304,0.844908381775,20.68597402204064,15.51837968670652,15.51837968670644,15.518379686706634,1.2591472581471378e-14,pass,
slc25a44_activation,positive,341,liver,exercise,0.31740750452,0.971098673675,4.564799970313097,3.432500363605958,1.4283337702923888,3.432500363606069,0.5838794992022186,pass,
slc25a44_activation,positive,342,adipose_subcutaneous,caloric_restriction,0.23600679068,0.826507484675,1.3233502970614208,1.56689466974882,1.566894669748947,1.5668946697488773,-4.4496932239635846e-14,pass,
slc25a44_activation,positive,343,skeletal_muscle,fasted,0.39385985412,0.80561354665,3.210799198000444,2.063394269047436,0.88618467177,1.7991841715778196,0.4424745738143902,pass,
slc25a44_activation,positive,344,liver,caloric_restriction,0.45692368464,0.8400326607,1.0608362958266326,1.6189757605083406,0.8224626323245845,1.5033177578465842,0.4205468309841888,pass,
slc25a44_activation,positive,345,skeletal_muscle,exercise,0.12838512176,0.78773438955,4.67957949270354,4.400228294717062,0.57773304792,3.544804752975,0.6742994922825442,pass,
slc25a44_activation,positive,346,adipose_subcutaneous,exercise,0.49451092876,0.805079793525,3.7642048814641447,6.608357757887244,6.608357757887091,6.608357757887039,-7.795332854236527e-15,pass,
slc25a44_activation,positive,347,skeletal_muscle,caloric_restriction,0.34382450292,0.9597629804,1.2099752435024893,1.6296469963070177,0.6188841052353705,1.5429252613449669,0.567019212261053,pass,
slc25a44_activation,positive,348,liver,fed,0.49132495624,0.771564751975,11.156625683537795,9.797780782425686,4.4219246060126025,6.94408276754353,0.2574213709756531,pass,
slc25a44_activation,positive,349,skeletal_muscle,caloric_restriction,0.3379741647199999,0.923387306775,2.946885894335582,2.5883542782517406,0.6083534965162783,1.6620971522504036,0.407109515334917,pass,
slc25a44_activation,positive,350,adipose_subcutaneous,fasted,0.38546172056,0.982425614775,0.830573499061387,1.4142852254039129,1.4142852254037863,1.4142852254038742,6.217251087042935e-14,pass,
slc25a44_activation,positive,351,skeletal_muscle,fasted,0.3143653158,0.774035352925,1.4841217074034,1.523025245797378,0.7073219605500001,1.5086148735658078,0.5261192585132046,pass,
slc25a44_activation,positive,352,adipose_subcutaneous,fasted,0.25957292752,0.99495326895,2.5665141061301493,2.792938342873388,2.792938342873325,2.792938342873297,-1.0176275284746752e-14,pass,
slc25a44_activation,positive,353,liver,exercise,0.19748912992,0.8973972777,2.683111919446826,3.7721091357903385,0.8887010846400001,3.5730412995272265,0.7116284599026584,pass,
slc25a44_activation,positive,354,liver,exercise,0.18594974256,0.943818019825,3.174525305895654,2.952446714766162,0.83677384152,2.9524467147662543,0.7165829149989651,pass,
slc25a44_activation,positive,355,skeletal_muscle,fasted,0.4351895756,0.878869325,2.7831511394473547,2.914508130413306,0.9791765451000002,1.97745598125,0.3425207244175482,pass,
slc25a44_activation,positive,356,adipose_subcutaneous,exercise,0.49907608372,0.981546680025,3.472384478798168,4.8995832075206165,4.899583207520527,4.899583207520616,1.812763212872506e-14,pass,
slc25a44_activation,positive,357,liver,fasted,0.4486125854,0.7853377971,2.635845549000791,1.5244101685515936,1.009378317116354,1.5244101685515634,0.3378564785647966,pass,
slc25a44_activation,positive,358,liver,caloric_restriction,0.4402782028399999,0.874807793575,0.8104811501166099,1.2511546209410165,0.7925007651119998,1.2511546209409967,0.3665844717769853,pass,
slc25a44_activation,positive,359,liver,exercise,0.26498712484,0.768585346775,4.304477491869839,7.001568172106493,1.1924420617799998,3.4586340604874994,0.3236692042413825,pass,
slc25a44_activation,positive,360,liver,exercise,0.28794045848,0.765757918575,4.025268666330375,2.936458865612883,1.2957320631600002,2.93645886561289,0.5587433291392098,pass,
slc25a44_activation,positive,361,liver,exercise,0.15693877076,0.81963289295,1.8730696663325732,2.34864927765572,0.7062244684200001,2.348649277655719,0.6993061181425472,pass,
slc25a44_activation,positive,362,skeletal_muscle,fed,0.3447970794,0.92647399855,6.846516762557555,7.503094238233525,3.1031737146000005,7.503094238233524,0.5864141358125085,pass,
slc25a44_activation,positive,363,adipose_subcutaneous,exercise,0.4291252914,0.9842059153,7.873987409109727,6.550771021275319,6.550771021275271,6.550771021275374,1.5727720653126522e-14,pass,
slc25a44_activation,positive,364,skeletal_muscle,fasted,0.49582182996,0.84259761215,2.919329129156141,3.3016589895772874,1.11559911741,1.8958446273375,0.236319229935795,pass,
slc25a44_activation,positive,365,skeletal_muscle,fasted,0.4842887934000001,0.95425071545,2.377528921565897,2.960866108494276,1.0896497851500002,2.1470641097625,0.3571300713595046,pass,
slc25a44_activation,positive,366,adipose_subcutaneous,fasted,0.2734583692,0.761998116725,1.570898567675536,2.9297628977785983,2.929762897778705,2.929762897778419,-9.761658575179785e-14,pass,
slc25a44_activation,positive,367,adipose_subcutaneous,caloric_restriction,0.25315873952,0.9476512617,1.2437827845843976,1.3529732277574056,1.3529732277573283,1.3529732277574056,5.711238103505625e-14,pass,
slc25a44_activation,positive,368,skeletal_muscle,exercise,0.24722317056,0.797820620475,2.539329525156414,3.64078953237887,1.11250426752,3.5723863781574208,0.6756452381443067,pass,
slc25a44_activation,positive,369,skeletal_muscle,fasted,0.4796983611199999,0.862848648975,1.2461160839233416,1.3184020897232165,1.07932131252,1.318402089723284,0.1813413214882543,pass,
slc25a44_activation,positive,370,liver,fasted,0.31723761632,0.85489841645,1.6540299083215937,1.4443083486826849,0.7137846367437929,1.4443083486826849,0.5057948412506119,pass,
slc25a44_activation,positive,371,liver,caloric_restriction,0.19244636784,0.80190267275,6.066230039482648,3.1741140651062083,0.346403462112,1.44342481095,0.3456149736072238,pass,
slc25a44_activation,positive,372,skeletal_muscle,fed,0.39093149288,0.9587000662,17.150932760969813,10.101705779426874,3.5183834359200006,8.6283005958,0.5058469600537023,pass,
slc25a44_activation,positive,373,adipose_subcutaneous,fed,0.41085799132,0.78271123775,9.663966714846875,5.512199710744481,5.5121997107443885,5.512199710744481,1.6757476233809644e-14,pass,
slc25a44_activation,positive,374,skeletal_muscle,caloric_restriction,0.40600871076,0.9339171614,4.12690079443002,2.1369086080932664,0.730815679368,1.68105089052,0.4446775157127012,pass,
slc25a44_activation,positive,375,liver,fed,0.2957943744,0.92848176705,10.01998298441437,5.977703366126574,2.6621493696,5.977703366126574,0.5546534836965293,pass,
slc25a44_activation,positive,376,skeletal_muscle,fasted,0.4131828389199999,0.77004521415,3.1697116081766503,1.6276378499349478,0.9296613875699996,1.6200876699418068,0.4241891292951939,pass,
slc25a44_activation,positive,377,skeletal_muscle,exercise,0.47261335932,0.912678310025,6.1371295709836655,6.065744927760703,2.126760116869108,4.107052394975598,0.3264714065115753,pass,
slc25a44_activation,positive,378,skeletal_muscle,fasted,0.1036530658,0.963526627375,4.302463548158342,2.281077165162204,0.23321939805,2.1679349115937505,0.8481587309240265,pass,
slc25a44_activation,positive,379,skeletal_muscle,caloric_restriction,0.3686473827199999,0.8109591957,1.762013293400083,1.10061758839587,0.663565288896,1.100617588396058,0.3970973243640907,pass,
slc25a44_activation,positive,380,adipose_subcutaneous,fed,0.30354795232,0.762492353775,5.857749750998006,5.515762368079741,5.515762368079834,5.515762368079741,-1.674665249963822e-14,pass,
slc25a44_activation,positive,381,adipose_subcutaneous,fed,0.19334824132,0.999783485375,4.941243731676347,7.266903256077285,7.266903256077351,7.26690325607732,-4.277784304271159e-15,pass,
slc25a44_activation,positive,382,skeletal_muscle,caloric_restriction,0.19946714288,0.823636818125,2.0831982632244417,1.2054665075433642,0.359040857184,1.2054665075433533,0.7021560906609468,pass,
slc25a44_activation,positive,383,skeletal_muscle,fed,0.26674617432,0.75658660505,10.30761990902556,13.68408117036554,2.4007155688800004,6.8092794454500005,0.322167328714569,pass,
slc25a44_activation,positive,384,skeletal_muscle,fasted,0.1243516908,0.75027937265,0.9563432169084912,1.4372849390154727,0.2797913043,1.4372849390154003,0.8053334473178806,pass,
slc25a44_activation,positive,385,adipose_subcutaneous,fed,0.35645894308,0.92720363345,7.198721914177498,5.352674688026043,5.352674688026017,5.352674688026043,4.812019349676255e-15,pass,
slc25a44_activation,positive,386,liver,exercise,0.19582148068,0.88708880245,5.060147801802399,2.7316759613979724,0.8811966630600001,2.731675961397751,0.6774153759403962,pass,
slc25a44_activation,positive,387,skeletal_muscle,caloric_restriction,0.31851187804,0.952528098375,3.927479869121925,2.959654033490537,0.5733213804720001,1.7145505770749998,0.3855954728793299,pass,
slc25a44_activation,positive,388,skeletal_muscle,caloric_restriction,0.16254239508,0.882428370975,2.135580493977952,1.6500536708686615,0.2925763111439999,1.5130481942521683,0.7396558697788645,pass,
slc25a44_activation,positive,389,liver,caloric_restriction,0.36810466448,0.9512316733,5.139819428207948,2.7589560628196845,0.6625883960419138,1.712217011882926,0.3804441215958618,pass,
slc25a44_activation,positive,390,liver,fed,0.1524246038,0.864159408125,4.710525507929893,5.770603382418623,1.3718214341542727,5.770603382418665,0.7622741777170516,pass,
slc25a44_activation,positive,391,liver,fasted,0.3297781088,0.98779699325,1.1834007544308538,2.034660142728938,0.7420007448,2.034660142728938,0.6353195655541718,pass,
slc25a44_activation,positive,392,skeletal_muscle,fed,0.27681986428,0.8149612006,6.451783899046312,5.086069878054047,2.491378778520001,5.086069878054026,0.5101564000781613,pass,
slc25a44_activation,positive,393,liver,exercise,0.29517285284,0.804461340175,7.75755755519943,4.940458158131968,1.3282778377357245,3.620076030666831,0.4638837370090502,pass,
slc25a44_activation,positive,394,liver,caloric_restriction,0.11748366808,0.7971369582,0.5573917897668531,1.1431954249527718,0.211470602544,1.143195424952567,0.815017976866955,pass,
slc25a44_activation,positive,395,liver,caloric_restriction,0.4901958255599999,0.760346168025,2.303114112438053,3.0480770001271384,0.8823524860079999,1.368623102445,0.1595335735995899,pass,
slc25a44_activation,positive,396,skeletal_muscle,caloric_restriction,0.38753258956,0.97242142125,1.7534322810682037,0.9080984373986948,0.697558661208,0.9080984373987032,0.2318468654057016,pass,
slc25a44_activation,positive,397,adipose_subcutaneous,fed,0.22450099332,0.966733368075,4.193897991617533,6.665319597644755,6.665319597644822,6.665319597644755,-9.994026618175634e-15,pass,
slc25a44_activation,positive,398,liver,fed,0.2467069512,0.818309026425,5.8527461711912006,9.903041675409453,2.2203625608,7.364781237824999,0.5194786456164538,pass,
slc25a44_activation,positive,399,skeletal_muscle,exercise,0.10007218616,0.926032663575,6.3222080586395935,4.53789001791589,0.45032483772,4.1671469860875,0.8190639556475015,pass,
slc25a44_activation,positive,400,skeletal_muscle,fasted,0.1375806976,0.77069048675,3.4194870696892705,4.247750564239519,0.3095565696,1.7340535951874998,0.335353266168662,pass,
slc25a44_activation,positive,401,skeletal_muscle,fasted,0.27447905364,0.9030425909,1.3426410910779532,2.6964169577501256,0.6175778706900001,2.031845829525,0.5244989855037319,pass,
slc25a44_activation,positive,402,adipose_subcutaneous,exercise,0.20626182368,0.88770156795,4.27287079813047,4.260064653398341,4.260064653398423,4.26006465339841,-3.1273413385578804e-15,pass,
slc25a44_activation,positive,403,skeletal_muscle,exercise,0.16164535384,0.967887955625,9.938428287946842,5.119956870424163,0.72740409228,4.3554958003125,0.7086176309395221,pass,
slc25a44_activation,positive,404,liver,exercise,0.19617585788,0.8082518019,4.274388309540813,2.627858685693629,0.8827913604600002,2.6278586856935897,0.6640643710158164,pass,
slc25a44_activation,positive,405,skeletal_muscle,fed,0.29847654368,0.975593007625,7.358417534787415,6.088074252143636,2.686288893209543,6.088074252143565,0.5587621336478017,pass,
slc25a44_activation,positive,406,skeletal_muscle,fed,0.20376979732,0.9642570328,5.18391032265873,5.533628939077582,1.83392817588,5.533628939077572,0.6685849022277027,pass,
slc25a44_activation,positive,407,liver,fed,0.49696740044,0.830674396475,21.583091006147548,14.726441003565512,4.47270660396,7.476069568274999,0.2039435708592345,pass,
slc25a44_activation,positive,408,liver,exercise,0.14439739448,0.7857331637,12.689968807695603,6.376052738169555,0.6497882751816596,3.5357992367678603,0.4526328561100829,pass,
slc25a44_activation,positive,409,skeletal_muscle,exercise,0.42223351636,0.970932988525,7.027327551376151,7.834423225243544,1.9000508236200004,4.3691984483625,0.3151664843413846,pass,
slc25a44_activation,positive,410,adipose_subcutaneous,exercise,0.34523946896,0.8196761647999999,4.958164601430934,4.753583663461536,4.753583663461504,4.753583663461591,1.8310708571231727e-14,pass,
slc25a44_activation,positive,411,skeletal_muscle,fed,0.13326313636,0.91880344025,8.567108888988429,4.763750939420207,1.19936822724,4.763750939420331,0.748230282713762,pass,
slc25a44_activation,positive,412,skeletal_muscle,fasted,0.29073320784,0.76685800955,1.8652002179568803,1.6159256926240224,0.65414971764,1.5634156875931011,0.562690459161268,pass,
slc25a44_activation,positive,413,adipose_subcutaneous,caloric_restriction,0.3476064105599999,0.9938553053,2.32214234133998,1.486341282200514,1.486341282200509,1.4863412822005722,4.2426775434339136e-14,pass,
slc25a44_activation,positive,414,liver,caloric_restriction,0.34918115112,0.8412980811,0.9895879572820664,1.2670663631111094,0.628526072016,1.267066363110986,0.5039517342462924,pass,
slc25a44_activation,positive,415,adipose_subcutaneous,caloric_restriction,0.17462830772,0.8517444833,5.95445914044638,3.5995485288948434,3.5995485288948075,3.5995485288948106,8.636151017263457e-16,pass,
slc25a44_activation,positive,416,liver,exercise,0.35680055476,0.79540719865,2.5576677301138284,3.073175942001892,1.6056024964200004,3.07317594200172,0.4775429305963296,pass,
slc25a44_activation,positive,417,liver,fasted,0.13487228508,0.85543387545,3.1164420141650315,1.8463330456492089,0.30346264143,1.8396433821284224,0.8320171403086538,pass,
slc25a44_activation,positive,418,adipose_subcutaneous,caloric_restriction,0.2967398734,0.9849909966,1.2319518086783323,1.2243612940779427,1.2243612940778932,1.2243612940779427,4.044226743999782e-14,pass,
slc25a44_activation,positive,419,skeletal_muscle,exercise,0.19826703036,0.753694997825,4.728883250635564,2.5200768672691254,0.8922016366497401,2.5200768672691254,0.6459625306522606,pass,
slc25a44_activation,positive,420,skeletal_muscle,fasted,0.15970881196,0.99579801845,1.4798258061752907,1.5681238137312845,0.3593448269219781,1.5681238137312132,0.7708440980390423,pass,
slc25a44_activation,positive,421,liver,caloric_restriction,0.43629880204,0.91171173275,2.8521170722645075,1.4524312637131211,0.785337843672,1.4356348001155403,0.4477299357912916,pass,
slc25a44_activation,positive,422,skeletal_muscle,exercise,0.33671406404,0.923964819075,3.2690608104023737,3.604481963662552,1.5152132881294929,3.604481963662639,0.5796307754055781,pass,
slc25a44_activation,positive,423,liver,fasted,0.18402882316,0.779771934225,2.5098885967950486,1.4121820828196725,0.41406485211,1.4121820828199616,0.7067907480578164,pass,
slc25a44_activation,positive,424,adipose_subcutaneous,exercise,0.31651237264,0.884252210575,7.627274332244169,8.703501439341217,8.703501439341212,8.703501439341217,6.12290416143611e-16,pass,
slc25a44_activation,positive,425,skeletal_muscle,exercise,0.35748213212,0.854026626625,7.809411027600856,4.584827005477875,1.6086695945400002,3.8431198198124994,0.4873575867972369,pass,
slc25a44_activation,positive,426,liver,exercise,0.31575257416,0.9892092786,5.988095237994652,5.148252698379055,1.42088658372,4.4514417537,0.5886570352178285,pass,
slc25a44_activation,positive,427,skeletal_muscle,fasted,0.1804225146,0.8309188723,1.8774404775175797,2.333954591722082,0.40595065785,1.8695674626750003,0.6270973779935827,pass,
slc25a44_activation,positive,428,liver,exercise,0.29642256392,0.84368501255,4.131992112884707,2.6536496497180555,1.33390153764,2.653649649718127,0.4973332151131357,pass,
slc25a44_activation,positive,429,skeletal_muscle,fasted,0.40056352756,0.864622208075,2.839213473796676,2.5386904547423663,0.9012679370400424,1.9453999682335965,0.4112876499941446,pass,
slc25a44_activation,positive,430,adipose_subcutaneous,exercise,0.26390198788,0.907263877675,4.270836527223248,3.2801175759754893,3.2801175759755035,3.2801175759754875,-4.873975150066913e-15,pass,
slc25a44_activation,positive,431,liver,caloric_restriction,0.3622260458,0.948195259775,1.286435581837268,2.173484795825157,0.6520068824400002,1.7067514675949995,0.4852781060079,pass,
slc25a44_activation,positive,432,skeletal_muscle,fed,0.11813422444,0.941458622625,9.627560375553395,4.630627417062465,1.06320801996,4.630627417062504,0.7703965523025325,pass,
slc25a44_activation,positive,433,liver,caloric_restriction,0.4659308696000001,0.86345397295,4.071190568388679,2.1504383538566096,0.8386755652800001,1.55421715131,0.3327421986995085,pass,
slc25a44_activation,positive,434,liver,fed,0.35606890992,0.967437641525,5.48142426664425,6.704140462381812,3.204620189386821,6.704140462381812,0.5219938771616518,pass,
slc25a44_activation,positive,435,liver,exercise,0.22184250588,0.77967827565,2.961905974021022,2.564153836409361,0.99829127646,2.564153836409249,0.6106741872172382,pass,
slc25a44_activation,positive,436,skeletal_muscle,fasted,0.31566313652,0.752890329425,2.137890392779415,1.347625193754721,0.71024205717,1.3476251937546635,0.4729676615860838,pass,
slc25a44_activation,positive,437,adipose_subcutaneous,exercise,0.37356483924,0.89249472415,9.116149039187611,4.874439949972549,4.874439949972508,4.874439949972516,1.8221137788457668e-15,pass,
slc25a44_activation,positive,438,liver,fasted,0.43090738312,0.932324706275,2.092809826775995,1.6749570975061236,0.969541611987682,1.6749570975061236,0.4211543606512361,pass,
slc25a44_activation,positive,439,liver,fasted,0.18973297848,0.949828908825,0.8208806337354181,1.3842539958803224,0.42689920158,1.3842539958803826,0.6916034175444432,pass,
slc25a44_activation,positive,440,adipose_subcutaneous,exercise,0.1995805254,0.811405337125,5.192723099786184,7.577872069672681,7.577872069672816,7.577872069672814,-2.344136748506733e-16,pass,
slc25a44_activation,positive,441,adipose_subcutaneous,fed,0.21611152792,0.96123995375,23.077168640820556,18.29161980947997,18.291619809480068,18.29161980947989,-9.711315115349276e-15,pass,
slc25a44_activation,positive,442,liver,exercise,0.19039342648,0.914120333275,6.928457317376906,6.757012450359943,0.8567704191885591,4.113541499874618,0.4819838803926685,pass,
slc25a44_activation,positive,443,skeletal_muscle,exercise,0.3103994122,0.9626544637,2.6634287171515263,2.212975306451151,1.3967973549,2.212975306451151,0.3688147577480287,pass,
slc25a44_activation,positive,444,skeletal_muscle,exercise,0.161517311,0.753611528625,8.011281509464888,7.755782909380883,0.7268278995242277,3.3912518789255417,0.3435402989656405,pass,
slc25a44_activation,positive,445,skeletal_muscle,fed,0.38971141276,0.866390515725,9.194190959758762,10.635147229788709,3.507402714956913,7.797514641784918,0.4033899892623525,pass,
slc25a44_activation,positive,446,skeletal_muscle,exercise,0.42077133548,0.778875724975,4.489505651847964,6.41096574918611,1.89347100966,3.5049407623875,0.2513614665516003,pass,
slc25a44_activation,positive,447,liver,exercise,0.4195026941200001,0.795615869125,14.198689877263137,8.785143319544204,1.8877621234770747,3.580271410943157,0.1926558538550848,pass,
slc25a44_activation,positive,448,liver,caloric_restriction,0.17464649788,0.902596834925,0.934264462647875,0.9997280667722984,0.3143636961839999,0.999728066772333,0.6855507946286697,pass,
slc25a44_activation,positive,449,adipose_subcutaneous,fasted,0.3075114166,0.820174842125,1.364103887074668,1.3568816487512658,1.3568816487513042,1.3568816487511892,-8.47672348262783e-14,pass,
slc25a44_activation,positive,450,liver,fed,0.34968946124,0.7881763138,32.986717562290195,16.616913916877678,3.14720515116,7.093586824199999,0.2374918527459956,pass,
slc25a44_activation,positive,451,skeletal_muscle,caloric_restriction,0.26119929552,0.904306116375,2.2735669746823746,2.886872170911018,0.4701587319359999,1.6277510094749998,0.4009849446065689,pass,
slc25a44_activation,positive,452,liver,fasted,0.12763299592,0.9297342172,2.993615595855494,1.8994978372826985,0.28717424082,1.8994978372826985,0.848815705296715,pass,
slc25a44_activation,positive,453,skeletal_muscle,caloric_restriction,0.46928913464,0.80619663645,3.488762736778084,3.691378937115157,0.8447204423519998,1.4511539456099998,0.1642837307111939,pass,
slc25a44_activation,positive,454,skeletal_muscle,caloric_restriction,0.29342692696,0.823153106175,1.413368323439709,1.5187318849723277,0.5281684685279999,1.4483485570487442,0.6058871204495128,pass,
slc25a44_activation,positive,455,adipose_subcutaneous,caloric_restriction,0.14457760112,0.919137945,0.8872696417033064,1.015668269832494,1.015668269832375,1.015668269832494,1.1761714035761737e-13,pass,
slc25a44_activation,positive,456,adipose_subcutaneous,fed,0.27537102896,0.832605548825,20.71346771715483,11.739524433344492,11.739524433344446,11.739524433344402,-3.782855194616647e-15,pass,
slc25a44_activation,positive,457,adipose_subcutaneous,fasted,0.21691895232,0.99715170975,1.383679711382662,1.1078729561790444,1.1078729561790353,1.1078729561790444,8.217394197728757e-15,pass,
slc25a44_activation,positive,458,adipose_subcutaneous,fed,0.34757161004,0.793530269425,9.594844017118168,5.714637049097162,5.714637049097243,5.714637049097162,-1.4298793415991488e-14,pass,
slc25a44_activation,positive,459,adipose_subcutaneous,fed,0.46141144556,0.79887986685,11.174418036121,8.603013188021013,8.603013188020949,8.603013188021118,1.9615673724410848e-14,pass,
slc25a44_activation,positive,460,liver,fed,0.11750460964,0.8246633952,7.609834394845604,5.797535165380919,1.05754148676,5.797535165380746,0.8175877408945931,pass,
slc25a44_activation,positive,461,adipose_subcutaneous,caloric_restriction,0.29997288696,0.823861648275,1.6753160263030928,1.4918609091334143,1.4918609091334498,1.4918609091334014,-3.2446539471145827e-14,pass,
slc25a44_activation,positive,462,liver,fasted,0.24894513072,0.88868681045,1.771300842736583,1.8357636689903143,0.5601265441386709,1.8357636689903147,0.6948809078203705,pass,
slc25a44_activation,positive,463,liver,fasted,0.12746729048,0.9962544861,2.4541142909628424,1.3009915584510263,0.28680140358,1.300991558450876,0.7795516798574627,pass,
slc25a44_activation,positive,464,skeletal_muscle,fasted,0.12612848624,0.976231138475,1.083300341124206,1.7309894027146018,0.28378909404,1.7309894027145103,0.8360538235560293,pass,
slc25a44_activation,positive,465,adipose_subcutaneous,fasted,0.4940853814,0.950279269175,0.9524856634495922,1.547923236223549,1.5479232362235098,1.547923236223549,2.5390080174527862e-14,pass,
slc25a44_activation,positive,466,liver,caloric_restriction,0.47024443736,0.8240960900250001,0.5473055821015367,1.035594885555422,0.846439987248,1.0355948855554546,0.1826533724198579,pass,
slc25a44_activation,positive,467,skeletal_muscle,caloric_restriction,0.2750880734399999,0.8604326807,1.2834090046555855,0.9700276558475766,0.4951585321754946,0.9700276558474132,0.4895418401828909,pass,
slc25a44_activation,positive,468,adipose_subcutaneous,exercise,0.36222181312,0.8149567072,1.9520608863350437,2.6218969697144345,2.62189696971439,2.6218969697145136,4.7086823686959674e-14,pass,
slc25a44_activation,positive,469,adipose_subcutaneous,exercise,0.4265669012400001,0.921371897075,3.3719936843971565,2.5788077031330348,2.57880770313308,2.5788077031330348,-1.739292547496414e-14,pass,
slc25a44_activation,positive,470,liver,fasted,0.41403985656,0.817223722975,3.271779196827168,2.731485273927908,0.9315896772289468,1.8387533766324584,0.3321137068035513,pass,
slc25a44_activation,positive,471,liver,caloric_restriction,0.1771632384,0.854919678075,5.661715553126784,3.118874756746737,0.3188938291199999,1.5388554205349998,0.3911544023292322,pass,
slc25a44_activation,positive,472,adipose_subcutaneous,fed,0.15381575928,0.961767932825,3.65813434533723,4.337279591601842,4.337279591601924,4.337279591601842,-1.88395543535236e-14,pass,
slc25a44_activation,positive,473,skeletal_muscle,fed,0.16612674272,0.8821505718,7.705933062325514,5.329718472119384,1.49514068448,5.329718472119384,0.7194709828856212,pass,
slc25a44_activation,positive,474,adipose_subcutaneous,fasted,0.3439342614,0.83533367085,2.144067293272145,4.151292218001746,4.151292218001751,4.151292218001772,5.1348546316172715e-15,pass,
slc25a44_activation,positive,475,adipose_subcutaneous,exercise,0.39205171424,0.8649333615,2.350592838572484,4.071396362710415,4.07139636271036,4.071396362710367,1.7452064905001704e-15,pass,
slc25a44_activation,positive,476,liver,exercise,0.21591630684,0.990738027425,1.7778184114656796,2.56664969737262,0.97162338078,2.5666496973725086,0.6214429332624843,pass,
slc25a44_activation,positive,477,liver,caloric_restriction,0.37699170612,0.7887858226,0.8796136224988349,0.8363545306357969,0.678585071016,0.8363545306357969,0.1886394511426399,pass,
slc25a44_activation,positive,478,skeletal_muscle,caloric_restriction,0.21090397616,0.889090303625,0.858505410727789,0.9163856658174752,0.3796271570879999,0.9163856658175352,0.5857342915231134,pass,
slc25a44_activation,positive,479,skeletal_muscle,fasted,0.49278917724,0.99491197285,6.474824425923013,4.056475169286307,1.10877564879,2.2385519389125,0.2785118219573058,pass,
slc25a44_activation,positive,480,liver,caloric_restriction,0.32174770056,0.9469054368,0.6537694229035053,1.31717055018062,0.579145861008,1.3171705501806334,0.5603106515488294,pass,
slc25a44_activation,positive,481,adipose_subcutaneous,caloric_restriction,0.43012768816,0.857553591075,2.315494398154613,2.514679665180044,2.514679665179931,2.5146796651799184,-4.944764157430557e-15,pass,
slc25a44_activation,positive,482,liver,caloric_restriction,0.32668638352,0.9547261188,1.4047541109289263,2.6412548115464425,0.588035490336,1.71850701384,0.4280054762463884,pass,
slc25a44_activation,positive,483,liver,exercise,0.22197161336,0.937094091075,2.837604891233027,2.7087593107718093,0.99887226012,2.7087593107714487,0.6312436265015546,pass,
slc25a44_activation,positive,484,liver,caloric_restriction,0.22418230848,0.985742369575,2.5467779813539617,3.053568777610796,0.403528155264,1.774336265235,0.4489200046915471,pass,
slc25a44_activation,positive,485,liver,fasted,0.22636964376,0.9972222759,0.7276398504465013,1.4038318723232737,0.50933169846,1.4038318723233052,0.6371846882083898,pass,
slc25a44_activation,positive,486,liver,caloric_restriction,0.18908642328,0.7870486993,1.044330906437586,1.754121547219942,0.340355561904,1.3964560387605878,0.6020680143461962,pass,
slc25a44_activation,positive,487,adipose_subcutaneous,fasted,0.33432795084,0.750286563725,1.0142864666293017,1.8132646849118368,1.8132646849118048,1.813264684911872,3.6981622840473445e-14,pass,
slc25a44_activation,positive,488,liver,caloric_restriction,0.24618892576,0.8043113709,0.6142866269297768,1.0546696995970168,0.443140066368,1.0546696995970168,0.5798304753257619,pass,
slc25a44_activation,positive,489,adipose_subcutaneous,exercise,0.36933920496,0.87820675375,12.551771099290187,9.979766091736288,9.979766091736211,9.97976609173626,4.805887655375133e-15,pass,
slc25a44_activation,positive,490,liver,fed,0.22547041912,0.9100932461,10.500471994577415,6.389535259699692,2.0292337720800004,6.389535259699683,0.682412931519626,pass,
slc25a44_activation,positive,491,adipose_subcutaneous,fed,0.32601431704,0.7553526049,10.825721128331423,8.172834838963373,8.172834838963455,8.172834838963256,-2.4343079229295023e-14,pass,
slc25a44_activation,positive,492,adipose_subcutaneous,fed,0.27691728676,0.83072422505,16.594291299481718,16.658599930765547,16.658599930765583,16.65859993076561,1.7061283390277016e-15,pass,
slc25a44_activation,positive,493,adipose_subcutaneous,fasted,0.40599240172,0.7864574476,2.239837167477658,4.401858072105249,4.401858072105165,4.401858072105358,4.378485492212818e-14,pass,
slc25a44_activation,positive,494,adipose_subcutaneous,fed,0.4725288214799999,0.9654627939,20.29716040871556,18.663965933105224,18.66396593310526,18.663965933105157,-5.710544626261141e-15,pass,
slc25a44_activation,positive,495,adipose_subcutaneous,caloric_restriction,0.1365931196,0.7961452363,0.7386718479510409,1.4286522473919638,1.4286522473919852,1.428652247391876,-7.646783590796592e-14,pass,
slc25a44_activation,positive,496,adipose_subcutaneous,caloric_restriction,0.20221033648,0.885616038975,4.130864783714714,2.5470085601502217,2.547008560150245,2.547008560150246,3.487143441904022e-16,pass,
slc25a44_activation,positive,497,skeletal_muscle,fed,0.12995362548,0.869451731475,3.2801230417396567,5.540322119095171,1.16958262932,5.540322119095151,0.7888962763935768,pass,
slc25a44_activation,positive,498,adipose_subcutaneous,fed,0.2727855582,0.96504000115,13.032258838381916,12.787229985622464,12.787229985622576,12.787229985622558,-1.3891646911782513e-15,pass,
slc25a44_activation,positive,499,adipose_subcutaneous,fasted,0.2018705148,0.7635875756,1.8095448470178008,3.5760050335165365,3.5760050335165507,3.5760050335164983,-1.4653929810265484e-14,pass,
slc25a44_activation,positive,500,adipose_subcutaneous,fed,0.46110495912,0.985184937775,3.445025082122012,4.872379680571068,4.872379680571016,4.872379680571068,1.0572728670555803e-14,pass,
slc25a44_activation,positive,501,adipose_subcutaneous,caloric_restriction,0.1193431926,0.784853726625,1.476538857346225,1.2525283897235868,1.252528389723617,1.2525283897235868,-2.410968606984509e-14,pass,
slc25a44_activation,positive,502,liver,exercise,0.45803785076,0.918929779875,3.9839007816031815,6.858021440707989,2.0611703284200003,4.1351840094375,0.3024215801814975,pass,
slc25a44_activation,positive,503,skeletal_muscle,fed,0.3342165529199999,0.95855647595,9.125634193934252,10.59964607231722,3.00794897628,8.627008283550001,0.5301176349600136,pass,
slc25a44_activation,positive,504,liver,fed,0.27154826364,0.826815764925,6.591952236322839,6.172904736847457,2.443934372841465,6.172904736847446,0.604086815360509,pass,
slc25a44_activation,positive,505,liver,fed,0.15141091564,0.826068416525,8.62539944171295,9.221958051834372,1.36269824076,7.434615748724999,0.6584195540509113,pass,
slc25a44_activation,positive,506,adipose_subcutaneous,caloric_restriction,0.31519095248,0.819278705525,2.3821229825285197,1.3984269697431857,1.3984269697432476,1.3984269697432063,-2.9533395314622994e-14,pass,
slc25a44_activation,positive,507,skeletal_muscle,fasted,0.4835867766,0.819495323725,4.967964679420314,3.6099306979543617,1.08807024735,1.84386447838125,0.2093653020706285,pass,
slc25a44_activation,positive,508,adipose_subcutaneous,fed,0.46008475876,0.80204706105,15.393090245907567,10.225734285204735,10.225734285204805,10.22573428520473,-7.122288569612688e-15,pass,
slc25a44_activation,positive,509,skeletal_muscle,exercise,0.14126631104,0.830382800075,5.171316567741661,6.803199890297288,0.6356983996800001,3.7367226003375,0.4558184752266614,pass,
slc25a44_activation,positive,510,adipose_subcutaneous,caloric_restriction,0.15051508632,0.87978262165,3.552825720241966,3.386077067968404,3.386077067968385,3.386077067968458,2.1640003506838095e-14,pass,
slc25a44_activation,positive,511,liver,fed,0.45626455312,0.81307931485,8.534597630155277,5.598971515706162,4.106380978080001,5.598971515706389,0.2665829846498402,pass,
slc25a44_activation,positive,512,liver,fed,0.22970533164,0.951929999275,10.582204221309569,12.364693672727787,2.06734798476,8.567369993475,0.5256921182812467,pass,
slc25a44_activation,positive,513,liver,fed,0.48997045072,0.80078616335,3.726761531726637,4.800806880541038,4.40973405648,4.800806880541069,0.0814598116092094,pass,
slc25a44_activation,positive,514,liver,fed,0.13782502108,0.84325890215,5.582374318829451,5.789998694984622,1.2404251897199998,5.789998694984622,0.7857641676509403,pass,
slc25a44_activation,positive,515,skeletal_muscle,exercise,0.40491082528,0.884787685425,2.4816021333583165,3.842430099623285,1.82209871376,3.6669192689114425,0.4801181823274574,pass,
slc25a44_activation,positive,516,liver,fasted,0.3119272899199999,0.99465541805,4.791916292325573,3.193123256299442,0.7018364023433945,2.237974690687099,0.4810770412050921,pass,
slc25a44_activation,positive,517,skeletal_muscle,fasted,0.13291725648,0.969286264875,0.5828904068806136,1.118156728051301,0.29906382708,1.1181567280513576,0.7325385434999391,pass,
slc25a44_activation,positive,518,skeletal_muscle,fasted,0.2727344948,0.8414105506,0.9208125500743488,1.364537283935629,0.6136526133,1.364537283935494,0.5502851988549377,pass,
slc25a44_activation,positive,519,liver,fasted,0.19577960696,0.754064471775,3.245608999360052,3.2810038445168117,0.44050411566,1.6966450614937498,0.3828526284518084,pass,
slc25a44_activation,positive,520,liver,fasted,0.21867509032,0.9956222996,3.3583707000626126,2.6750812462259503,0.49201895322,2.204502045215447,0.6401611518945255,pass,
slc25a44_activation,positive,521,adipose_subcutaneous,exercise,0.186475779,0.966010794825,3.022430699377466,6.088449098988903,6.088449098988901,6.088449098988831,-1.1524461158419184e-14,pass,
slc25a44_activation,positive,522,liver,caloric_restriction,0.1930190572,0.87918898555,0.9299719656293294,0.9618520297560952,0.34743430296,0.9618520297562884,0.6387861207218031,pass,
slc25a44_activation,positive,523,adipose_subcutaneous,exercise,0.4493636911199999,0.898238545775,3.3832877755683577,4.440816332292205,4.440816332292289,4.440816332292121,-3.7800644918065515e-14,pass,
slc25a44_activation,positive,524,liver,fed,0.12636296028,0.919839273725,15.450292649271166,9.108312769960436,1.1372666425199998,8.278553463525,0.7840405793438756,pass,
slc25a44_activation,positive,525,adipose_subcutaneous,fasted,0.2584498608,0.90651469275,1.249198061352844,1.1491498669650797,1.1491498669651763,1.1491498669650797,-8.42461462428691e-14,pass,
slc25a44_activation,positive,526,skeletal_muscle,fasted,0.42216303964,0.8009143226,1.9109394705509504,1.7011270873900104,0.94986683919,1.5953818286747197,0.3794631184640734,pass,
slc25a44_activation,positive,527,skeletal_muscle,fasted,0.1858908296,0.961215881825,4.117014304603793,4.325797047821675,0.4182543666,2.1627357341062505,0.4032739743036979,pass,
slc25a44_activation,positive,528,liver,caloric_restriction,0.4970359279599999,0.9311161669,1.4030888694995802,1.4691388642109802,0.8946646703279999,1.4691388642108714,0.3910278380603594,pass,
slc25a44_activation,positive,529,adipose_subcutaneous,caloric_restriction,0.22383023036,0.950949985675,0.5347985200015761,1.0544930663978458,1.0544930663978749,1.0544930663978458,-2.7374099991818627e-14,pass,
slc25a44_activation,positive,530,adipose_subcutaneous,exercise,0.12169392824,0.9453791938,5.618889880071836,7.706535298889234,7.706535298889293,7.706535298889287,-6.915001763462819e-16,pass,
slc25a44_activation,positive,531,adipose_subcutaneous,fasted,0.31506546824,0.94926038925,6.981316726940302,3.5574398149841038,3.5574398149841944,3.5574398149842086,3.994685912983044e-15,pass,
slc25a44_activation,positive,532,adipose_subcutaneous,fed,0.1415875718,0.800941396625,4.5588380493225005,8.406125871244171,8.406125871244289,8.406125871244292,4.22633890238747e-16,pass,
slc25a44_activation,positive,533,skeletal_muscle,fed,0.3117480034,0.8095476197,11.368613110919004,13.28886499555468,2.8057320306000006,7.2859285773,0.3371391422968546,pass,
slc25a44_activation,positive,534,adipose_subcutaneous,fasted,0.14234377068,0.87173892565,4.420151782612217,3.5123129730683256,3.5123129730682763,3.512312973068257,-5.436826436019664e-15,pass,
slc25a44_activation,positive,535,adipose_subcutaneous,fasted,0.12245654612,0.9526765733,1.2006378314440502,2.1229614886371477,2.1229614886371677,2.122961488637088,-3.723472129683172e-14,pass,
slc25a44_activation,positive,536,skeletal_muscle,fed,0.46184582724,0.940480784625,5.202813450849362,5.733724739215635,4.156612445298554,5.733724739215635,0.2750589478302767,pass,
slc25a44_activation,positive,537,skeletal_muscle,fed,0.38291861736,0.97158978605,6.803372050253444,9.720158261057634,3.44626755624,8.612940214488514,0.5315420304366874,pass,
slc25a44_activation,positive,538,skeletal_muscle,fed,0.4515514513199999,0.855415089675,12.00522168059364,7.276939727993357,4.06396306188,7.147730783601608,0.4237726073034231,pass,
slc25a44_activation,positive,539,skeletal_muscle,caloric_restriction,0.47913205084,0.938993597025,1.2630673262219934,1.5442620400454854,0.8624376914832521,1.5359036445574228,0.4361085978998318,pass,
slc25a44_activation,positive,540,liver,caloric_restriction,0.4180043237600001,0.9043605008,1.5415889616472758,1.8354947213862585,0.752407782768,1.624944357016428,0.4753686099350066,pass,
slc25a44_activation,positive,541,skeletal_muscle,fed,0.1626539562,0.89690708605,6.338313036405707,5.995940358316492,1.4638856057999998,5.995940358316544,0.7558538747355101,pass,
slc25a44_activation,positive,542,liver,caloric_restriction,0.44996229096,0.934306629625,2.0634595508122726,3.413690841061833,0.8099321237549978,1.6817519333810584,0.2553892107449542,pass,
slc25a44_activation,positive,543,liver,fasted,0.16502207756,0.92643823345,3.672408917884947,2.77544204713559,0.3712996745100001,2.0809411912830384,0.6159889083389376,pass,
slc25a44_activation,positive,544,liver,exercise,0.10091268684,0.89836248925,7.228859214786261,7.168230692138981,0.45410709078,4.042631201625,0.5006150422558727,pass,
slc25a44_activation,positive,545,adipose_subcutaneous,caloric_restriction,0.39594991872,0.944844689925,3.98105130706758,3.180930416694008,3.180930416694026,3.1809304166939585,-2.122069679454509e-14,pass,
slc25a44_activation,positive,546,adipose_subcutaneous,fasted,0.26651301504,0.753652795625,0.889078084325229,1.2273048080870788,1.2273048080870568,1.2273048080870277,-2.370058607569252e-14,pass,
slc25a44_activation,positive,547,liver,caloric_restriction,0.3863451614000001,0.83065785805,0.6332483309278027,1.1743047237043571,0.69542129052,1.174304723704357,0.4078016749125507,pass,
slc25a44_activation,positive,548,skeletal_muscle,exercise,0.22220312496,0.95536144835,9.269441411066412,8.230025673134499,0.99991406232,4.299126517574999,0.4008751110005294,pass,
slc25a44_activation,positive,549,liver,fasted,0.32130912016,0.988059448175,3.9067236905985303,2.100305668772881,0.7229455203359019,2.082613693544737,0.6473668063769169,pass,
slc25a44_activation,positive,550,adipose_subcutaneous,exercise,0.26235501552,0.89943549145,6.320594572985038,3.1752587601984303,3.1752587601985467,3.1752587601985147,-1.0069863757247406e-14,pass,
slc25a44_activation,positive,551,adipose_subcutaneous,fasted,0.39029440532,0.75529436135,2.392235569279925,2.47420419318729,2.4742041931871936,2.474204193187255,2.476930203580396e-14,pass,
slc25a44_activation,positive,552,skeletal_muscle,exercise,0.43917943092,0.9879632213,5.37912366345538,5.550356347347424,1.97630743914,4.44583449585,0.4449312624567273,pass,
slc25a44_activation,positive,553,skeletal_muscle,caloric_restriction,0.33719648808,0.8366352540249999,1.8416897759353872,1.63378848481313,0.606953678544,1.455542997624578,0.5193997429707912,pass,
slc25a44_activation,positive,554,adipose_subcutaneous,fed,0.252260231,0.973327930075,3.477255471615957,6.052614712476129,6.052614712476135,6.052614712476129,-1.0272005130419736e-15,pass,
slc25a44_activation,positive,555,adipose_subcutaneous,fed,0.20393630432,0.874496653075,30.47016950009799,16.908902685672896,16.908902685673016,16.90890268567287,-8.614471532457335e-15,pass,
slc25a44_activation,positive,556,liver,fed,0.154028767,0.84406903885,11.023646787597787,6.119465534960492,1.386258903,6.119465534960492,0.7734673240530066,pass,
slc25a44_activation,positive,557,skeletal_muscle,fed,0.33164503796,0.92975650105,9.04220536826718,6.244380979510799,2.98480534164,6.244380979511037,0.5220014039128024,pass,
slc25a44_activation,positive,558,adipose_subcutaneous,caloric_restriction,0.19207962108,0.8951453163,4.29931125220618,2.897097964630106,2.897097964630118,2.8970979646301958,2.667204335417657e-14,pass,
slc25a44_activation,positive,559,liver,fasted,0.13194526524,0.956387774525,2.784504436316833,1.9169053920092725,0.2968768467998959,1.9169053920091983,0.8451270218981501,pass,
slc25a44_activation,positive,560,adipose_subcutaneous,fed,0.10670765548,0.775005560675,11.901154838120124,6.77081164549247,6.770811645492547,6.770811645492498,-7.214764734450656e-15,pass,
slc25a44_activation,positive,561,liver,fed,0.3289211654,0.974339123775,2.847372703363833,4.447839553387713,2.9602904886,4.447839553387878,0.3344430586878703,pass,
slc25a44_activation,positive,562,skeletal_muscle,exercise,0.48596279096,0.95501501995,3.025507826111877,3.3484188275002325,2.1868325593200004,3.34841882750025,0.3469059063460809,pass,
slc25a44_activation,positive,563,skeletal_muscle,fasted,0.24656251844,0.759528882775,4.281457499302071,3.529333420063381,0.55476566649,1.7089399862437498,0.3270233164122597,pass,
slc25a44_activation,positive,564,liver,fasted,0.1956823324,0.85981231565,1.6549243951905548,1.6572895090081017,0.4402852479146762,1.6572895090081152,0.7343341368411992,pass,
slc25a44_activation,positive,565,adipose_subcutaneous,exercise,0.31404635216,0.93197987115,6.980167561215549,6.483002446308607,6.4830024463084985,6.483002446308689,2.9318233856914854e-14,pass,
slc25a44_activation,positive,566,skeletal_muscle,fasted,0.26222453764,0.88162663205,2.911237078204408,2.4210219799598525,0.5900052097096669,1.9836599221786224,0.5756472778871946,pass,
slc25a44_activation,positive,567,adipose_subcutaneous,caloric_restriction,0.26831450448,0.954813062475,2.2273187412463447,3.440458270679548,3.440458270679567,3.440458270679518,-1.4327714047123318e-14,pass,
slc25a44_activation,positive,568,skeletal_muscle,fasted,0.10960739388,0.86633818335,3.764212353038925,2.3635059260618334,0.24661663623,1.9492609125375,0.7203892562878034,pass,
slc25a44_activation,positive,569,liver,fed,0.3673389614,0.9111163426,6.452910898115985,5.991139151321188,3.3060506526,5.991139151321188,0.4481766206563676,pass,
slc25a44_activation,positive,570,adipose_subcutaneous,caloric_restriction,0.26367197196,0.9068260425,2.3110341513327364,2.129378139304337,2.129378139304276,2.1293781393043774,4.7550192226023884e-14,pass,
slc25a44_activation,positive,571,liver,caloric_restriction,0.32586349476,0.941363739675,3.0278354083645262,2.048926013756246,0.586554290568,1.694454731415,0.5407225216570476,pass,
slc25a44_activation,positive,572,liver,caloric_restriction,0.30414056004,0.917692789325,1.1450237490851227,1.3114281073662473,0.5474530080719999,1.3114281073661127,0.5825520247758078,pass,
slc25a44_activation,positive,573,liver,fasted,0.40813006184,0.8830142347000001,2.9712263775364343,3.1812758790610944,0.91829263914,1.986782028075,0.3358681955147973,pass,
slc25a44_activation,positive,574,skeletal_muscle,fasted,0.48522738984,0.86714624875,6.817882680988836,4.562828211464822,1.09176162714,1.9510790596875,0.1883299990098969,pass,
slc25a44_activation,positive,575,adipose_subcutaneous,fed,0.10566901816,0.864963311675,9.69975199178979,5.253645551888461,5.253645551888452,5.253645551888461,1.6905944851587166e-15,pass,
slc25a44_activation,positive,576,liver,caloric_restriction,0.16626031672,0.791632675525,1.2364701935313605,2.0179285194317496,0.299268570096,1.424938815945,0.5578345491474543,pass,
slc25a44_activation,positive,577,liver,fasted,0.34941505268,0.925057199225,3.687660659417329,2.040441490103179,0.7861838685037938,1.9203245437011904,0.5558310202465283,pass,
slc25a44_activation,positive,578,adipose_subcutaneous,caloric_restriction,0.12216280032,0.788915125225,1.4640013531314375,2.365167812738186,2.3651678127381563,2.365167812738145,-4.694056035456684e-15,pass,
slc25a44_activation,positive,579,skeletal_muscle,fed,0.37645757856,0.827641488825,9.10549744954913,8.834169584692967,3.38811820704,7.448773399425001,0.459653298870437,pass,
slc25a44_activation,positive,580,adipose_subcutaneous,fasted,0.34853501104,0.86205690525,1.6816098495334544,1.1005426037443249,1.100542603744301,1.100542603744267,-3.086915893845965e-14,pass,
slc25a44_activation,positive,581,skeletal_muscle,fasted,0.290555282,0.935851908,2.062412074662058,2.194170647042336,0.6537493845,2.0678655288309185,0.6444877686414668,pass,
slc25a44_activation,positive,582,adipose_subcutaneous,fed,0.2201503434,0.941745519375,11.752583554299983,11.461364126857426,11.461364126857394,11.46136412685739,-3.099730223626194e-16,pass,
slc25a44_activation,positive,583,skeletal_muscle,exercise,0.42035337068,0.958424058875,2.2818696279517208,2.788217751199211,1.89159016806,2.788217751199129,0.3215773168194952,pass,
slc25a44_activation,positive,584,adipose_subcutaneous,exercise,0.43211035288,0.920147884675,8.078869028005773,4.587635701325773,4.587635701325883,4.58763570132574,-3.1170026323231335e-14,pass,
slc25a44_activation,positive,585,liver,caloric_restriction,0.14049888332,0.960860265075,1.330317890761337,1.1501928551467606,0.252897989976,1.1501928551467606,0.780125577337436,pass,
slc25a44_activation,positive,586,adipose_subcutaneous,exercise,0.16778393036,0.8408619483249999,6.272731770016414,6.045826038183906,6.045826038183984,6.045826038183873,-1.8363462951353035e-14,pass,
slc25a44_activation,positive,587,skeletal_muscle,exercise,0.49397242892,0.960564190875,1.650965568403849,2.968926892602912,2.2111845771088903,2.9689268926028376,0.2552243092889434,pass,
slc25a44_activation,positive,588,skeletal_muscle,fed,0.23684974168,0.98506513095,27.01206227761836,17.165897207738354,2.13164767512,8.86558617855,0.392285845705423,pass,
slc25a44_activation,positive,589,adipose_subcutaneous,fasted,0.2585710382,0.8397847909,2.090770522686093,3.192698613373977,3.192698613373935,3.1926986133739472,3.894666982882306e-15,pass,
slc25a44_activation,positive,590,liver,fed,0.218323667,0.76981868245,6.637714981851326,10.415231318947663,1.964913003,6.928368142049999,0.4765573597986585,pass,
slc25a44_activation,positive,591,liver,exercise,0.16738264384,0.98822625685,2.497174772118085,4.778830188064859,0.75322189728,4.389769612999915,0.7609702736042395,pass,
slc25a44_activation,positive,592,skeletal_muscle,caloric_restriction,0.10231152132,0.9561637181,1.1279263502495227,1.1704860228597929,0.184160738376,1.170486022859765,0.8426630179435408,pass,
slc25a44_activation,positive,593,adipose_subcutaneous,caloric_restriction,0.3374091928,0.908351688325,0.5605986911358459,0.9559675780160886,0.9559675780161144,0.9559675780160886,-2.7175836684904228e-14,pass,
slc25a44_activation,positive,594,liver,caloric_restriction,0.17797708776,0.9905700003,1.4024649844942425,1.5822774556599564,0.320358757968,1.56156826317552,0.7844449156294276,pass,
slc25a44_activation,positive,595,liver,fasted,0.20765625528,0.83284400455,1.6252806295614015,1.6905358513732276,0.46722657438,1.6905358513732276,0.7236222029834679,pass,
slc25a44_activation,positive,596,liver,fasted,0.3300013015599999,0.88714776535,1.441481702548982,2.219564849261447,0.74250292853475,1.930348969879326,0.5351706852538362,pass,
slc25a44_activation,positive,597,adipose_subcutaneous,fed,0.13295733612,0.85253754865,4.520774694824842,5.432023098305729,5.432023098305854,5.432023098305729,-2.3054606895316483e-14,pass,
slc25a44_activation,positive,598,adipose_subcutaneous,exercise,0.12066675108,0.789993533975,2.8783969331366226,5.046518975859622,5.046518975859619,5.046518975859676,1.1263886875829161e-14,pass,
slc25a44_activation,positive,599,liver,caloric_restriction,0.2856906006,0.926906281175,1.3425529941997068,1.887336445603968,0.5142430810799999,1.6684313061149998,0.6115434414056723,pass,
slc25a44_activation,positive,600,skeletal_muscle,caloric_restriction,0.14805838352,0.827456434525,7.000908454869624,3.3431100978475223,0.266505090336,1.489421582145,0.3658020394232247,pass,
slc25a44_activation,positive,601,skeletal_muscle,exercise,0.3334657812,0.753167206775,7.258798388606106,7.15742716609003,1.5005960154000002,3.3892524304875,0.263873647787217,pass,
slc25a44_activation,positive,602,skeletal_muscle,caloric_restriction,0.23085644,0.9211073899,1.130143279736366,1.2349949003861689,0.4155415919999999,1.2349949003863152,0.6635276859281617,pass,
slc25a44_activation,positive,603,skeletal_muscle,caloric_restriction,0.32274290244,0.869862058825,2.1897720296882697,1.7739025375908697,0.580937224392,1.5359724071497496,0.5383808650811106,pass,
slc25a44_activation,positive,604,liver,caloric_restriction,0.4028376104,0.94307401695,0.6598231797199018,0.9550508417530804,0.72510769872,0.9550508417530804,0.2407653425141215,pass,
slc25a44_activation,positive,605,adipose_subcutaneous,exercise,0.36107822268,0.92470956925,3.5517940695187558,3.605803695761633,3.605803695761733,3.6058036957616864,-1.3054913749031362e-14,pass,
slc25a44_activation,positive,606,adipose_subcutaneous,fed,0.43077356,0.7712621723749999,8.318186035289175,9.448516122130275,9.448516122130297,9.44851612213031,1.504030318783856e-15,pass,
slc25a44_activation,positive,607,liver,fasted,0.2529090405999999,0.901257571775,1.365699729167449,2.52076095388816,0.5690453413499998,2.02782953649375,0.5787078671199033,pass,
slc25a44_activation,positive,608,adipose_subcutaneous,exercise,0.33875417392,0.99809981235,4.207395015209188,2.8203782676604288,2.8203782676604963,2.820378267660409,-3.0861635167404434e-14,pass,
slc25a44_activation,positive,609,adipose_subcutaneous,exercise,0.30322576548,0.862152332825,6.54895083390935,5.447394933067271,5.447394933067331,5.447394933067427,1.7609016879854146e-14,pass,
slc25a44_activation,positive,610,adipose_subcutaneous,fed,0.45484619532,0.929217499625,6.481296755876584,6.113349197066931,6.113349197067006,6.113349197066931,-1.2203946617445891e-14,pass,
slc25a44_activation,positive,611,adipose_subcutaneous,caloric_restriction,0.3922540294,0.84547899005,4.740722115610836,2.6144454035222813,2.614445403522315,2.614445403522317,6.79439255838762e-16,pass,
slc25a44_activation,positive,612,liver,fed,0.45691419432,0.8421206543499999,6.752632346212172,8.294000068582957,4.112227749017075,7.579085889402635,0.4179959141208301,pass,
slc25a44_activation,positive,613,adipose_subcutaneous,fasted,0.4901833284,0.96033703815,1.0355794472290532,1.508769534654867,1.5087695346548768,1.5087695346547596,-7.770540742475639e-14,pass,
slc25a44_activation,positive,614,adipose_subcutaneous,exercise,0.22637227516,0.85042792035,9.929322872944784,5.727706683291691,5.7277066832918,5.727706683291774,-4.652010667503451e-15,pass,
slc25a44_activation,positive,615,liver,caloric_restriction,0.22100799172,0.9439045399,3.4005578016448466,2.32503904288554,0.397814385096,1.6990281718199998,0.5596524457108042,pass,
slc25a44_activation,positive,616,liver,fed,0.46090623288,0.79884810215,4.693002595176777,5.319153124999236,4.148156095919999,5.319153124999216,0.2201472681009508,pass,
slc25a44_activation,positive,617,adipose_subcutaneous,fasted,0.23319553172,0.958733013375,1.3118466956956696,1.403043451799661,1.4030434517996522,1.403043451799661,6.3303700149904354e-15,pass,
slc25a44_activation,positive,618,adipose_subcutaneous,fed,0.36917495828,0.990313374675,9.815882764446505,10.660932715452434,10.660932715452429,10.66093271545244,1.1663611625443086e-15,pass,
slc25a44_activation,positive,619,skeletal_muscle,caloric_restriction,0.29438486504,0.871808897075,1.2493767505617528,1.3842517499024622,0.529892757072,1.3792470221935769,0.6135836672638662,pass,
slc25a44_activation,positive,620,skeletal_muscle,fed,0.28089384548,0.8999284023,13.998828752481051,9.074739754756123,2.52804460932,7.922277965709563,0.5944229258544207,pass,
slc25a44_activation,positive,621,liver,fasted,0.14503691264,0.794441395525,2.299081125611328,1.2664297471154125,0.3263330534400001,1.2664297471154111,0.7423204451859249,pass,
slc25a44_activation,positive,622,adipose_subcutaneous,fed,0.43903308348,0.92129878195,29.320472023996658,17.553826341042708,17.553826341042672,17.553826341042818,8.297977774238832e-15,pass,
slc25a44_activation,positive,623,adipose_subcutaneous,fasted,0.46972734864,0.945410649075,1.192648897935792,1.1207866066029388,1.1207866066030778,1.1207866066029388,-1.2401997120966052e-13,pass,
slc25a44_activation,positive,624,skeletal_muscle,fed,0.25514576744,0.782297071775,3.9185144591590086,5.1207984517017335,2.2963119068834565,5.120798451701666,0.5515715120323827,pass,
slc25a44_activation,positive,625,adipose_subcutaneous,exercise,0.1885477972,0.8441936667,2.1457938232428417,2.3199295424706525,2.319929542470739,2.3199295424706383,-4.345315182658805e-14,pass,
slc25a44_activation,positive,626,skeletal_muscle,fed,0.45818469872,0.8740471344,20.292749945787563,11.139076117381896,4.12366228848,7.8664242096,0.3360029038027339,pass,
slc25a44_activation,positive,627,liver,fed,0.1968806014,0.85497241205,3.2449693570265805,4.511590639161084,1.7719254126000004,4.511590639161233,0.6072504013951641,pass,
slc25a44_activation,positive,628,adipose_subcutaneous,fed,0.4073836628,0.972699268225,9.697978775082555,5.477907700760012,5.477907700760072,5.477907700760063,-1.7835208532896384e-15,pass,
slc25a44_activation,positive,629,skeletal_muscle,fed,0.17671735376,0.8387273132,33.60157879417599,17.503334461202453,1.59045618384,7.548545818800001,0.3403974053153464,pass,
slc25a44_activation,positive,630,liver,exercise,0.39491672548,0.862201213025,6.941834124511164,6.83082725667797,1.7771252646007625,3.8799054584831696,0.3078368277907602,pass,
slc25a44_activation,positive,631,adipose_subcutaneous,exercise,0.477474169,0.857604292175,6.46046949340233,4.017860937850774,4.017860937850789,4.017860937850774,-3.757978030712749e-15,pass,
slc25a44_activation,positive,632,liver,exercise,0.15635355056,0.955091239975,2.3140930377985054,3.318307962636442,0.70359097752,3.318307962636442,0.7879669441648246,pass,
slc25a44_activation,positive,633,skeletal_muscle,fasted,0.39059308204,0.88347076185,2.302277641381182,3.4112469318585124,0.8788344345899999,1.9878092141625,0.3250936685982768,pass,
slc25a44_activation,positive,634,skeletal_muscle,exercise,0.2714511082,0.8262786615,4.734740682309974,2.36604415861065,1.2215299869000005,2.3660441586106504,0.48372477223025,pass,
slc25a44_activation,positive,635,adipose_subcutaneous,fasted,0.45976937664,0.87616316065,2.078775136491744,2.2766010036797955,2.2766010036797995,2.2766010036796573,-6.242136717076122e-14,pass,
slc25a44_activation,positive,636,liver,fasted,0.38586976632,0.922267428575,1.4988182569347863,1.408237485011402,0.86820697422,1.4082374850114017,0.3834797159848569,pass,
slc25a44_activation,positive,637,skeletal_muscle,exercise,0.21334106704,0.86317965015,1.419814917531328,2.5116647562617143,0.96003480168,2.511664756261544,0.6177695294378948,pass,
slc25a44_activation,positive,638,adipose_subcutaneous,fed,0.3692120991199999,0.9062997657,26.78163254515356,17.163863898849634,17.163863898849606,17.1638638988496,-4.139759788049371e-16,pass,
slc25a44_activation,positive,639,skeletal_muscle,exercise,0.14907401244,0.82864644105,5.21526806252538,3.881454376906576,0.6708330559800001,3.723653212138687,0.7865145019665822,pass,
slc25a44_activation,positive,640,liver,exercise,0.4172546797599999,0.99893466115,12.385117223269296,8.1065411667295,1.87764605892,4.495205975175001,0.3228947910605662,pass,
slc25a44_activation,positive,641,skeletal_muscle,caloric_restriction,0.4038235787600001,0.85481692545,2.7130336513840967,1.7697110169265666,0.7268824417680001,1.53867046581,0.4587121944077746,pass,
slc25a44_activation,positive,642,liver,exercise,0.24500942036,0.93233361445,4.049974336387284,4.5102395248571225,1.10254239162,4.195501265024999,0.6857637729346491,pass,
slc25a44_activation,positive,643,skeletal_muscle,fed,0.3295485220399999,0.778827529825,8.336618303993781,7.37487223530618,2.965936698458864,7.009447768658649,0.5482821859397151,pass,
slc25a44_activation,positive,644,adipose_subcutaneous,fasted,0.42454539924,0.785767679775,4.785727811704554,2.615155435333913,2.615155435333932,2.6151554353339286,-1.1886958713616642e-15,pass,
slc25a44_activation,positive,645,liver,exercise,0.1909034022,0.784726035925,1.8644645012063237,2.6951610184286787,0.8590653098713645,2.6951610184286787,0.6812564058335138,pass,
slc25a44_activation,positive,646,skeletal_muscle,caloric_restriction,0.42365463092,0.9445124979,1.629855699222429,1.762378265579446,0.7625783356305809,1.651614239459053,0.5044523761964173,pass,
slc25a44_activation,positive,647,skeletal_muscle,caloric_restriction,0.38427988852,0.97779320905,0.6540230849290363,1.1095622981950313,0.6917037993360001,1.1095622981950313,0.3765976002778555,pass,
slc25a44_activation,positive,648,skeletal_muscle,fed,0.45596524868,0.8975074629249999,7.059145954450322,5.985965664190605,4.103687238256789,5.985965664190459,0.3144485838256446,pass,
slc25a44_activation,positive,649,adipose_subcutaneous,caloric_restriction,0.12058068888,0.820874859775,1.0570407853626125,0.9917975722163094,0.9917975722163408,0.9917975722163092,-3.1903038571782304e-14,pass,
slc25a44_activation,positive,650,liver,fed,0.46932433792,0.895795785425,6.309311495595229,7.504237669515665,4.223919041420798,7.281634077351596,0.4074651111267572,pass,
slc25a44_activation,positive,651,adipose_subcutaneous,fed,0.10290571516,0.96675390935,22.776528274072515,12.372508716238292,12.372508716238247,12.372508716238237,-1.0050102336547236e-15,pass,
slc25a44_activation,positive,652,skeletal_muscle,fasted,0.32305731356,0.88772833205,2.875532194608,4.572296618862234,0.72687895551,1.9973887471125,0.2778712532256169,pass,
slc25a44_activation,positive,653,skeletal_muscle,fasted,0.33930306576,0.7708349854,3.802809986675889,3.291561906532022,0.76343189796,1.7343787171499998,0.2949805735882349,pass,
slc25a44_activation,positive,654,adipose_subcutaneous,fed,0.46891376804,0.8084563149,13.007601072913866,9.543144832807432,9.543144832807354,9.54314483280739,3.722791324079017e-15,pass,
slc25a44_activation,positive,655,skeletal_muscle,fed,0.3766243098,0.908705146975,6.485035213802623,10.264888205503407,3.389618788087013,8.178346322502389,0.4665153130306817,pass,
slc25a44_activation,positive,656,skeletal_muscle,caloric_restriction,0.16194895788,0.93090914615,1.0653280868792936,1.2732104177111487,0.291508124184,1.2732104177111487,0.7710448170004417,pass,
slc25a44_activation,positive,657,liver,exercise,0.12021068372,0.7976483276,11.89144782553308,5.8559723387671685,0.5409480767219684,3.589417474080353,0.5205744189017404,pass,
slc25a44_activation,positive,658,skeletal_muscle,caloric_restriction,0.2989891961599999,0.82333952415,1.0841487100653495,1.6258818164072222,0.538180553088,1.48201114347,0.5805038108290191,pass,
slc25a44_activation,positive,659,skeletal_muscle,fasted,0.13451263488,0.801995234375,7.71608150614199,4.133403026168365,0.30265342848,1.80448927734375,0.3633412564310094,pass,
slc25a44_activation,positive,660,adipose_subcutaneous,fed,0.17769186624,0.888948905275,23.850781040383804,12.33848269663839,12.33848269663844,12.338482696638334,-8.638129418705029e-15,pass,
slc25a44_activation,positive,661,adipose_subcutaneous,exercise,0.14500331476,0.789135010775,2.6892946678129914,3.3110996155854773,3.3110996155854995,3.311099615585424,-2.2800632550936223e-14,pass,
slc25a44_activation,positive,662,adipose_subcutaneous,fasted,0.14857454724,0.870799418575,2.710465201683255,1.568621096854466,1.5686210968545085,1.568621096854466,-2.703681572670813e-14,pass,
slc25a44_activation,positive,663,adipose_subcutaneous,exercise,0.18581827816,0.963432351425,2.4164757300497146,3.650364420298127,3.650364420298089,3.650364420298127,1.046242721267436e-14,pass,
slc25a44_activation,positive,664,liver,exercise,0.1759920836,0.965782507425,8.77383206365467,7.531264618706,0.7919643762000002,4.3460212834125,0.4719070550761164,pass,
slc25a44_activation,positive,665,liver,fed,0.40179327508,0.9706602333,5.132443111585875,5.993833508719973,3.61613947572,5.993833508719977,0.3966900364417614,pass,
slc25a44_activation,positive,666,liver,caloric_restriction,0.41552645288,0.88043127365,2.964509910312863,2.249780105118486,0.747947615184,1.58477629257,0.3719602086808959,pass,
slc25a44_activation,positive,667,skeletal_muscle,fasted,0.33088142352,0.870339626575,4.355546898233103,2.463918313036544,0.74448320292,1.95826415979375,0.4926222393216765,pass,
slc25a44_activation,positive,668,adipose_subcutaneous,fasted,0.11944699312,0.98388571585,3.4205242891109946,3.870637847285121,3.8706378472851712,3.870637847285008,-4.2221679132148675e-14,pass,
slc25a44_activation,positive,669,adipose_subcutaneous,fasted,0.21720884916,0.959112309225,3.663759083915292,3.0634330751113863,3.0634330751113463,3.0634330751113765,9.857589681049671e-15,pass,
slc25a44_activation,positive,670,liver,fasted,0.3095623106,0.8093480697,7.5644410887315505,5.045826573915377,0.6965151988500001,1.821033156825,0.2228610003737038,pass,
slc25a44_activation,positive,671,liver,fasted,0.1272477516,0.7592811227,1.881273610886449,2.4235569216073016,0.2863074411,1.708382526075,0.5867718939449875,pass,
slc25a44_activation,positive,672,liver,fasted,0.44926462176,0.791656869125,2.6349064328509746,3.1935449744674287,1.01084539896,1.78122795553125,0.2412311593324977,pass,
slc25a44_activation,positive,673,skeletal_muscle,fed,0.3526582299599999,0.77183329165,9.73262950583438,5.5173011810389525,3.17392406964,5.517301181038898,0.4247324977386175,pass,
slc25a44_activation,positive,674,adipose_subcutaneous,caloric_restriction,0.42873978384,0.86532259575,0.9875603658934242,1.6153290885584184,1.6153290885583338,1.6153290885583536,1.223402090527827e-14,pass,
slc25a44_activation,positive,675,skeletal_muscle,caloric_restriction,0.1722635405599999,0.899759025875,2.117001770368265,2.3482475348240706,0.310074373008,1.6195662465749998,0.5576464380979778,pass,
slc25a44_activation,positive,676,adipose_subcutaneous,fasted,0.34013336088,0.9611825239,1.1072672943419275,1.37478111085552,1.3747811108554,1.37478111085552,8.721685635097297e-14,pass,
slc25a44_activation,positive,677,skeletal_muscle,exercise,0.12114817552,0.882782134125,1.889751324991829,2.7644028939173744,0.5451667898218279,2.7644028939172216,0.8027903996839488,pass,
slc25a44_activation,positive,678,liver,fasted,0.10197935164,0.86038272275,2.7763712711842503,3.727237178472337,0.22945354119,1.9358611261875005,0.4578210356060294,pass,
slc25a44_activation,positive,679,adipose_subcutaneous,exercise,0.456616653,0.92492162665,5.131653328333193,2.9435108545756155,2.943510854575601,2.94351085457562,6.3365646451444015e-15,pass,
slc25a44_activation,positive,680,skeletal_muscle,exercise,0.23087400032,0.930278546,3.0400542372974986,4.327369369128348,1.0389330014400002,4.069655352105871,0.7003613724973845,pass,
slc25a44_activation,positive,681,skeletal_muscle,caloric_restriction,0.37675819676,0.940902392325,5.055014915326575,3.2077785432285943,0.6781647541453943,1.6936243061285456,0.3165616136833131,pass,
slc25a44_activation,positive,682,skeletal_muscle,fed,0.48354902148,0.963907998,7.777515098839502,12.104042026343915,4.35194119332,8.675171982000002,0.3571724866181627,pass,
slc25a44_activation,positive,683,skeletal_muscle,fed,0.20502521156,0.8714979995,6.27759438265782,5.536386601037199,1.8452269039784928,5.536386601037178,0.6667091666552286,pass,
slc25a44_activation,positive,684,adipose_subcutaneous,fasted,0.13170272484,0.992181908575,1.0714751075866755,1.919424476615736,1.9194244766158164,1.919424476615794,-1.1683973696620676e-14,pass,
slc25a44_activation,positive,685,liver,caloric_restriction,0.36984033804,0.796650206625,1.1951011024233429,1.434049344008975,0.6657126084720001,1.3748711820880957,0.4945147644875303,pass,
slc25a44_activation,positive,686,adipose_subcutaneous,caloric_restriction,0.4739489800399999,0.83944171105,4.418137823811912,3.199489223914461,3.1994892239144868,3.1994892239144805,-1.9432004619457018e-15,pass,
slc25a44_activation,positive,687,skeletal_muscle,caloric_restriction,0.26692587516,0.824513158525,0.4343455729677602,0.8148273382775119,0.4804665752879999,0.8148273382775766,0.4103455385976517,pass,
slc25a44_activation,positive,688,skeletal_muscle,exercise,0.18050701936,0.8484034494,2.527128412522011,3.039322848282623,0.8122815871200001,3.039322848282575,0.7327425786375311,pass,
slc25a44_activation,positive,689,skeletal_muscle,caloric_restriction,0.4675636617599999,0.967204784025,1.3472791675117313,2.528301199259525,0.841614591168,1.740968611245,0.3557147464631183,pass,
slc25a44_activation,positive,690,skeletal_muscle,fasted,0.3268345552,0.94959307795,2.6216231021326517,2.4482110308196003,0.7353777492000001,2.1365844253875004,0.5723390094024743,pass,
slc25a44_activation,positive,691,skeletal_muscle,exercise,0.1722262957999999,0.849569544425,5.879462557951963,3.692189908407972,0.7750183310999998,3.531912887792857,0.7466827614730136,pass,
slc25a44_activation,positive,692,skeletal_muscle,exercise,0.10207579976,0.9477458221,1.5496872902126158,2.9674176072231666,0.4593410989199999,2.9674176072230165,0.8452051043297577,pass,
slc25a44_activation,positive,693,adipose_subcutaneous,caloric_restriction,0.22301439636,0.773930206575,1.6910342589194152,3.045716461479665,3.045716461479752,3.0457164614796968,-1.8080166922253547e-14,pass,
slc25a44_activation,positive,694,liver,exercise,0.3897172949599999,0.8286773978,4.0958592625890775,4.045840734917503,1.7537278273199997,3.639708684858899,0.4661530151847056,pass,
slc25a44_activation,positive,695,liver,fed,0.45832344272,0.937798154925,9.157935296092436,10.56722360682675,4.1249109844800005,8.440183394325,0.4083638778171781,pass,
slc25a44_activation,positive,696,skeletal_muscle,caloric_restriction,0.3698287396800001,0.928334287675,1.1121459203769648,1.033680380000304,0.6656917314240001,1.033680380000304,0.3559984843440636,pass,
slc25a44_activation,positive,697,adipose_subcutaneous,caloric_restriction,0.32466582308,0.843561501275,1.937055366788592,3.495879327551017,3.495879327551161,3.4958793275511573,-1.0162575266261546e-15,pass,
slc25a44_activation,positive,698,liver,exercise,0.25562646672,0.964402677175,5.581383058457588,2.8530620114232823,1.15031910024,2.85306201142325,0.5968124437413883,pass,
slc25a44_activation,positive,699,adipose_subcutaneous,fasted,0.46976640104,0.942143078425,5.138213750962284,3.095987465492951,3.095987465492901,3.095987465492926,8.03265388790707e-15,pass,
slc25a44_activation,positive,700,adipose_subcutaneous,fasted,0.22431291844,0.76303186775,1.987904049060473,1.1863479102530918,1.1863479102530765,1.1863479102530918,1.2914489592314122e-14,pass,
slc25a44_activation,positive,701,adipose_subcutaneous,exercise,0.30603341656,0.764389656725,13.979461848244624,8.479709513003526,8.479709513003483,8.479709513003536,6.284496550298911e-15,pass,
slc25a44_activation,positive,702,skeletal_muscle,fed,0.46132721076,0.850903916875,8.552807760950113,10.65664075885868,4.151944896840001,7.658135251875,0.3290145960977772,pass,
slc25a44_activation,positive,703,skeletal_muscle,fed,0.10849907412,0.77782311185,3.4295559694016493,5.486951082095756,0.97649166708,5.486951082095611,0.8220338303604536,pass,
slc25a44_activation,positive,704,liver,fasted,0.14016802668,0.9535102656,3.5097946114324112,1.764491917249547,0.31537806003,1.7644919172495943,0.8212640948100475,pass,
slc25a44_activation,positive,705,adipose_subcutaneous,fed,0.47287294692,0.880055603225,5.118948283038345,5.0164720099879725,5.016472009987952,5.016472009987931,-4.2492576516646625e-15,pass,
slc25a44_activation,positive,706,liver,fed,0.45191293848,0.841746952925,14.392872271439694,9.85704423967785,4.067216446320001,7.575722576325001,0.3559389655452805,pass,
slc25a44_activation,positive,707,liver,caloric_restriction,0.44978948796,0.9326132107,0.6621529572077608,1.140283888295094,0.8096210783549875,1.140283888295094,0.2899828835032477,pass,
slc25a44_activation,positive,708,adipose_subcutaneous,caloric_restriction,0.1342184388,0.892608733425,5.450745433405082,3.746802251538909,3.7468022515388815,3.746802251538831,-1.3511833965113491e-14,pass,
slc25a44_activation,positive,709,skeletal_muscle,fed,0.23133633784,0.806285961,6.160333016327041,6.339575414073317,2.082027040629401,6.339575414073225,0.6715825738096638,pass,
slc25a44_activation,positive,710,adipose_subcutaneous,caloric_restriction,0.15796922736,0.824786504125,6.597143297960188,3.966344455439785,3.966344455439797,3.966344455439799,4.47857431283862e-16,pass,
slc25a44_activation,positive,711,liver,fasted,0.37225399808,0.8144049695,3.928802393857408,2.1169008357619425,0.83757149568,1.832411181375,0.4699510099333133,pass,
slc25a44_activation,positive,712,liver,fasted,0.32000114268,0.8381430761499999,1.2537849752381058,2.415275435692322,0.7200025710540001,1.8858219214003609,0.4826858805079457,pass,
slc25a44_activation,positive,713,liver,fasted,0.39617101576,0.9613927343,3.425866071151967,2.7601503054116896,0.891384785489713,2.1631336522471045,0.4607534829766106,pass,
slc25a44_activation,positive,714,liver,fed,0.17796785452,0.986230453375,24.111932492114438,16.04246170053394,1.60171069062661,8.876074080079132,0.4534443357412167,pass,
slc25a44_activation,positive,715,adipose_subcutaneous,fasted,0.46123877904,0.843918578675,3.919674499410556,2.6386589781285537,2.6386589781285417,2.638658978128553,4.375828612870147e-15,pass,
slc25a44_activation,positive,716,adipose_subcutaneous,fed,0.44192300868,0.945970536075,3.895586235576823,4.48775519780032,4.487755197800316,4.48775519780038,1.4249628912413414e-14,pass,
slc25a44_activation,positive,717,adipose_subcutaneous,exercise,0.3582343155599999,0.958737789175,1.5501797362720584,2.4215840081668905,2.421584008166904,2.4215840081668905,-5.685024950166075e-15,pass,
slc25a44_activation,positive,718,skeletal_muscle,fed,0.22097006508,0.919910103275,5.542740531224501,5.433721354324819,1.98873058572,5.433721354324748,0.6340021035239143,pass,
slc25a44_activation,positive,719,liver,exercise,0.21807855664,0.842891640375,6.365526214666399,5.121258393394346,0.98135350488,3.793012381687499,0.5490171869543075,pass,
slc25a44_activation,positive,720,skeletal_muscle,fasted,0.12360073484,0.812466643875,1.3831078490206723,2.1065049467817984,0.27810165339,1.8280499487187496,0.7357914339088901,pass,
slc25a44_activation,positive,721,skeletal_muscle,exercise,0.10268286672,0.939119721175,12.269536731535132,7.851632177178509,0.46207290024,4.2260387452875,0.4793864205697018,pass,
slc25a44_activation,positive,722,liver,fasted,0.21657425416,0.91016494775,0.9313568663964708,1.334986219012141,0.487292071843757,1.3349862190120585,0.6349834440954569,pass,
slc25a44_activation,positive,723,liver,fed,0.4478577528799999,0.799368430325,10.251769918294167,9.913727207080912,4.030719775919999,7.194315872925001,0.3191126839505321,pass,
slc25a44_activation,positive,724,skeletal_muscle,caloric_restriction,0.29940373536,0.856906939475,1.825083251954058,0.947386547042838,0.5389267236659642,0.9473865470428572,0.431143786717106,pass,
slc25a44_activation,positive,725,liver,exercise,0.2035308546,0.862024564275,7.765234411222575,4.0124338714941565,0.9158888457,3.7516426394658646,0.7067415649917944,pass,
slc25a44_activation,positive,726,liver,caloric_restriction,0.20895453892,0.8860177380750001,4.274536129163743,3.3902433266490077,0.376118170056,1.594831928535,0.3594767811794808,pass,
slc25a44_activation,positive,727,liver,fed,0.26103736936,0.786388638475,4.693883813907267,6.208709675271677,2.3493363242400003,6.208709675271641,0.6216063486432493,pass,
slc25a44_activation,positive,728,adipose_subcutaneous,fed,0.2151644972,0.82941011285,12.16536537701954,8.743401404460897,8.743401404460949,8.743401404460798,-1.7269060902543692e-14,pass,
slc25a44_activation,positive,729,liver,exercise,0.16400465004,0.9897154608,7.427401551859226,4.530992992038737,0.7380209251800001,4.431652412231895,0.8151924961132928,pass,
slc25a44_activation,positive,730,skeletal_muscle,exercise,0.29889412956,0.752917052575,6.561726526930062,9.355911446766784,1.34502358302,3.3881267365875,0.2183756403844069,pass,
slc25a44_activation,positive,731,skeletal_muscle,fasted,0.16504174092,0.92210224485,1.1361231244387002,1.8208251920802443,0.37134391707,1.8208251920802927,0.7960573487860738,pass,
slc25a44_activation,positive,732,liver,fasted,0.16307919764,0.96265917485,2.8926476225674307,2.401325787699851,0.36692819469,2.1659831434125003,0.749192366124446,pass,
slc25a44_activation,positive,733,liver,fed,0.20082578244,0.856756418125,4.824049661188004,6.72943355683301,1.80743204196,6.729433556833016,0.731413940460896,pass,
slc25a44_activation,positive,734,adipose_subcutaneous,exercise,0.47640966288,0.917659800075,6.294231490113707,3.8355114989136982,3.83551149891368,3.835511498913667,-3.3577234977132293e-15,pass,
slc25a44_activation,positive,735,skeletal_muscle,fasted,0.46499157624,0.868599479175,5.704586649236412,3.516515165191388,1.0462310465399998,1.95434882814375,0.2582436699243768,pass,
slc25a44_activation,positive,736,liver,caloric_restriction,0.45927952284,0.75059022565,0.7878229299902328,1.2155365359317505,0.826703141112,1.1982116748341785,0.3056333748433192,pass,
slc25a44_activation,positive,737,skeletal_muscle,exercise,0.13377215932,0.942525039775,9.683018343574814,4.882734023587335,0.6019747169199342,4.138241149639977,0.7242390053681348,pass,
slc25a44_activation,positive,738,liver,caloric_restriction,0.30798352396,0.989629519025,2.59120552245115,2.2461435391477598,0.5543703431279999,1.7813331342449998,0.5462530642999507,pass,
slc25a44_activation,positive,739,liver,fasted,0.30139782968,0.796923148725,3.3131243088527484,4.064390609265205,0.67814511678,1.79307708463125,0.2743171301768205,pass,
slc25a44_activation,positive,740,liver,exercise,0.2580977441199999,0.781070608575,1.933234292855767,2.141105918661478,1.16143984854,2.141105918661478,0.4575514277845351,pass,
slc25a44_activation,positive,741,adipose_subcutaneous,exercise,0.2125539138,0.780467532575,6.739369631348299,8.589799187719215,8.58979918771919,8.589799187719265,8.685533343023395e-15,pass,
slc25a44_activation,positive,742,skeletal_muscle,fasted,0.30664070136,0.9326320077,2.333760095521338,4.16383947237161,0.68994157806,2.098422017325,0.3382648271170665,pass,
slc25a44_activation,positive,743,adipose_subcutaneous,exercise,0.11768185816,0.8333938167,1.8602906179612304,3.716643384868432,3.716643384868501,3.716643384868432,-1.8400941719440922e-14,pass,
slc25a44_activation,positive,744,adipose_subcutaneous,fed,0.36189216464,0.961098629175,9.131424440359082,12.980966445965056,12.98096644596505,12.98096644596492,-9.989552766814643e-15,pass,
slc25a44_activation,positive,745,skeletal_muscle,caloric_restriction,0.436312767,0.7534601063,1.882858802735199,3.027945104641769,0.7853629806,1.35622819134,0.188532219380357,pass,
slc25a44_activation,positive,746,skeletal_muscle,fasted,0.41210429892,0.908757514125,3.406493367743938,3.1056838746110738,0.9272346725699998,2.04470440678125,0.3598143852780867,pass,
slc25a44_activation,positive,747,adipose_subcutaneous,exercise,0.40559708108,0.783863973575,2.3480960441354246,2.236881323889164,2.2368813238890737,2.236881323889164,4.030169532768185e-14,pass,
slc25a44_activation,positive,748,skeletal_muscle,fed,0.42327783112,0.908895027625,4.16073819515968,4.617354646596694,3.809500479953017,4.617354646596694,0.1749603893300941,pass,
slc25a44_activation,positive,749,skeletal_muscle,fasted,0.3477770920399999,0.843643855125,2.305009774537897,1.6636714970162412,0.78249845709,1.6636714970161952,0.529655669106888,pass,
slc25a44_activation,positive,750,adipose_subcutaneous,caloric_restriction,0.3684635714000001,0.868833868425,0.6129511283938497,1.0950037574069855,1.0950037574068958,1.0950037574069966,9.2062013444303e-14,pass,
slc25a44_activation,positive,751,skeletal_muscle,fasted,0.29022840132,0.908829469075,3.2877411211627776,4.0114872328803575,0.6530139029700002,2.04486630541875,0.3469666788517639,pass,
slc25a44_activation,positive,752,skeletal_muscle,exercise,0.13913553848,0.951093309625,4.603003078084189,3.4438079651357025,0.6261099231808704,3.44380796513585,0.8181925561705786,pass,
slc25a44_activation,positive,753,liver,fasted,0.18168699024,0.801694289875,1.2898452619777616,2.290234207442535,0.4087957280263735,1.803812152158623,0.6091151811456175,pass,
slc25a44_activation,positive,754,skeletal_muscle,fed,0.45966224796,0.780469480275,4.688916134068282,7.194320709272597,4.13696023164,6.744829349914964,0.3624899728078205,pass,
slc25a44_activation,positive,755,liver,exercise,0.18402527892,0.813809550875,3.153937557484087,5.841066555544021,0.8281137551400001,3.6621429789375,0.4851903666647308,pass,
slc25a44_activation,positive,756,skeletal_muscle,caloric_restriction,0.23768959176,0.8595723943,1.717490434148236,2.9709950870961928,0.4278412651537385,1.5472303096884257,0.3767724320368236,pass,
slc25a44_activation,positive,757,adipose_subcutaneous,exercise,0.22126426712,0.936172178275,10.748461824554264,7.847491701597456,7.8474917015974786,7.847491701597445,-4.300836653542986e-15,pass,
slc25a44_activation,positive,758,adipose_subcutaneous,exercise,0.29624940364,0.750459282375,8.76791863512839,4.914699748689462,4.914699748689385,4.914699748689446,1.2469594093850903e-14,pass,
slc25a44_activation,positive,759,skeletal_muscle,fed,0.2953682952,0.7700813129,4.65732902233673,9.084582503990244,2.6583146568,6.930731816100001,0.4702931760951497,pass,
slc25a44_activation,positive,760,adipose_subcutaneous,fed,0.37016639188,0.948667157575,20.198213967584945,14.872722161381647,14.872722161381656,14.872722161381656,0.0,pass,
slc25a44_activation,positive,761,adipose_subcutaneous,fed,0.3302776135199999,0.89198607645,10.028764140147082,8.656397945292971,8.656397945293023,8.656397945292913,-1.2722858253380368e-14,pass,
slc25a44_activation,positive,762,adipose_subcutaneous,fed,0.11494455748,0.98142149415,15.976735559469006,12.21072457996492,12.210724579964907,12.210724579964966,4.800679543324584e-15,pass,
slc25a44_activation,positive,763,adipose_subcutaneous,exercise,0.18926535344,0.7939279471,5.139712342732593,5.579018111728516,5.579018111728542,5.579018111728567,4.616793431294925e-15,pass,
slc25a44_activation,positive,764,liver,exercise,0.13005828016,0.851654144525,2.003304852809684,3.256337458736257,0.5852622607004914,3.256337458736282,0.8202697760545986,pass,
slc25a44_activation,positive,765,liver,fed,0.10574651232,0.883304474125,9.910818733231356,12.86625832063226,0.9517186108800002,7.949740267125001,0.5439049552598375,pass,
slc25a44_activation,positive,766,skeletal_muscle,caloric_restriction,0.3966200430000001,0.857636661775,2.238080467008481,2.508717299317105,0.7139160774237973,1.543745991246458,0.3307785672178159,pass,
slc25a44_activation,positive,767,adipose_subcutaneous,fed,0.35718679572,0.8035555811,6.360300068721685,9.691533043076136,9.691533043076031,9.691533043076136,1.0814084114328024e-14,pass,
slc25a44_activation,positive,768,skeletal_muscle,caloric_restriction,0.2111590538,0.928421028975,2.52716354542555,1.5454822400103585,0.3800862968399999,1.5237243331478556,0.7399878217301225,pass,
slc25a44_activation,positive,769,liver,caloric_restriction,0.32182477832,0.781565243825,1.4699188641647596,1.1800925832158076,0.5792846009566904,1.1800925832158295,0.5091193613147785,pass,
slc25a44_activation,positive,770,liver,fasted,0.4666571812,0.9841554338,4.644407881302901,2.758060119573277,1.0499786577,2.2029756834451257,0.4180463716372925,pass,
slc25a44_activation,positive,771,skeletal_muscle,exercise,0.31469273312,0.795256485425,2.614166590175759,4.368452051373175,1.41611729904,3.5786541844125006,0.4950350513044389,pass,
slc25a44_activation,positive,772,liver,exercise,0.18223139628,0.775986328225,1.99157319482354,2.786577686939668,0.8200412832600001,2.786577686939668,0.7057174156301371,pass,
slc25a44_activation,positive,773,liver,fasted,0.49688055872,0.96617068255,2.171421441042913,1.6716149693372744,1.11798125712,1.6716149693373894,0.3311969097984819,pass,
slc25a44_activation,positive,774,liver,fed,0.3808204412,0.92898469145,13.67981850160761,17.828464570939623,3.4273839708,8.360862223049999,0.2767191887231592,pass,
slc25a44_activation,positive,775,skeletal_muscle,caloric_restriction,0.30021927364,0.8576798178,1.5235223760259586,2.4718729336551477,0.540394692552,1.5438236720400005,0.405938738122851,pass,
slc25a44_activation,positive,776,adipose_subcutaneous,caloric_restriction,0.20954785204,0.98939527425,2.131933723281402,1.4704999621403925,1.4704999621403003,1.4704999621403925,6.251374961285888e-14,pass,
slc25a44_activation,positive,777,liver,fed,0.3085532119999999,0.855586695575,12.536917619369875,14.432103765137173,2.776978908,7.700280260175,0.3411353903973407,pass,
slc25a44_activation,positive,778,liver,fed,0.42490216512,0.796060573,10.012016878549176,13.305062219133012,3.82411948608,7.164545157,0.2510642653077101,pass,
slc25a44_activation,positive,779,skeletal_muscle,fed,0.22776651432,0.7903725558,6.979501268154118,10.428488471003073,2.04989862888,7.1133530022,0.4855405831246959,pass,
slc25a44_activation,positive,780,skeletal_muscle,fed,0.22221597248,0.923251970875,19.572840765111145,17.74648427333346,1.999943752386665,8.309267738151975,0.3555252910147357,pass,
slc25a44_activation,positive,781,liver,exercise,0.49404588752,0.841793871175,2.5024682131093368,2.8500176381337967,2.2232064937658933,2.850017638133804,0.2199323737443074,pass,
slc25a44_activation,positive,782,skeletal_muscle,fed,0.266147071,0.773037831,13.165559172830978,13.90112768238038,2.395323639,6.957340479000001,0.3281760260199853,pass,
slc25a44_activation,positive,783,liver,fed,0.1365609168,0.8771503449,5.2388427683564,7.275006069754266,1.2290482511590315,7.245656480260969,0.8270244961191029,pass,
slc25a44_activation,positive,784,liver,fed,0.16047904848,0.8564999766,18.948155903819814,16.304105257818037,1.4443114363199998,7.7084997894,0.3842092684035046,pass,
slc25a44_activation,positive,785,adipose_subcutaneous,fasted,0.16579334804,0.816629656525,1.6724758313944896,2.8551118372828483,2.855111837282845,2.85511183728278,-2.2709101546023224e-14,pass,
slc25a44_activation,positive,786,liver,caloric_restriction,0.2741483314,0.778692740475,3.256301362337224,3.451741507907624,0.49346699652,1.4016469328550003,0.2631077484378373,pass,
slc25a44_activation,positive,787,skeletal_muscle,exercise,0.26734051272,0.957831277375,1.4977858764104168,3.003223817375283,1.20303230724,3.0032238173753214,0.5994196968338604,pass,
slc25a44_activation,positive,788,liver,fed,0.38708000688,0.893534154675,14.727649911927625,17.410178869614512,3.483720062036124,8.041807392343062,0.261805887489303,pass,
slc25a44_activation,positive,789,adipose_subcutaneous,caloric_restriction,0.15801864172,0.961206955275,2.3558728585029183,3.1538626751933867,3.153862675193424,3.153862675193465,1.309514736989092e-14,pass,
slc25a44_activation,positive,790,skeletal_muscle,fed,0.39204928272,0.886025276,3.699098213679528,5.162790889236579,3.5284435444800013,5.162790889236587,0.3165627622385179,pass,
slc25a44_activation,positive,791,adipose_subcutaneous,exercise,0.46045337284,0.899926528175,7.148251064159632,4.428302813772351,4.428302813772376,4.428302813772387,2.406822993959196e-15,pass,
slc25a44_activation,positive,792,adipose_subcutaneous,fed,0.26889872344,0.7830093988,6.390583267027865,4.973788460574759,4.973788460574698,4.973788460574776,1.5535747675320633e-14,pass,
slc25a44_activation,positive,793,liver,caloric_restriction,0.40186979792,0.8457550579499999,4.022555284733125,3.4747724333401595,0.7233656362801122,1.5223591043607452,0.2299412359826374,pass,
slc25a44_activation,positive,794,liver,exercise,0.1640940948799999,0.8272351335,9.373174117833596,5.663226178901837,0.7384234269353859,3.722558100625915,0.5269319252704094,pass,
slc25a44_activation,positive,795,adipose_subcutaneous,exercise,0.46559845716,0.877949724925,5.781432698972119,3.133583948877384,3.133583948877326,3.1335839488773773,1.6439434584499465e-14,pass,
slc25a44_activation,positive,796,skeletal_muscle,caloric_restriction,0.30665114188,0.77210787275,1.90040986777424,1.4283510482901485,0.5519720553840001,1.3653735492537526,0.5694688955095878,pass,
slc25a44_activation,positive,797,adipose_subcutaneous,fasted,0.35766700228,0.8299942742249999,1.6903139690000764,2.773960632585068,2.7739606325850428,2.773960632585097,1.9531237381410882e-14,pass,
slc25a44_activation,positive,798,skeletal_muscle,caloric_restriction,0.16090779888,0.89444480615,1.18745497591805,1.6405460106304326,0.289634037984,1.505732756515689,0.74127681311685,pass,
slc25a44_activation,positive,799,adipose_subcutaneous,fed,0.4491415040000001,0.895122617925,6.990985721744663,8.557189607711196,8.557189607711218,8.557189607711269,6.020007818476501e-15,pass,
slc25a44_activation,positive,800,adipose_subcutaneous,fed,0.12759833584,0.938787622575,7.502378922471339,5.351462097352657,5.351462097352626,5.351462097352657,5.808925509326246e-15,pass,
slc25a44_activation,positive,801,adipose_subcutaneous,fed,0.23606319252,0.8961475635,16.91019662982407,11.256359622384783,11.256359622384718,11.256359622384798,7.1014129305221966e-15,pass,
slc25a44_activation,positive,802,adipose_subcutaneous,caloric_restriction,0.11618495344,0.9365080947,1.1938349507499564,1.6230832667796535,1.6230832667797188,1.6230832667796535,-4.0220434271054344e-14,pass,
slc25a44_activation,positive,803,liver,exercise,0.13196798724,0.8833865975,6.226769041120279,3.789235242886675,0.59385594258,3.7425545249723062,0.8309588559599691,pass,
slc25a44_activation,positive,804,skeletal_muscle,fed,0.22363953816,0.803075380375,6.820401786463172,10.494900037731757,2.012755843507092,7.227678423615923,0.4969006432991164,pass,
slc25a44_activation,positive,805,skeletal_muscle,exercise,0.42635556444,0.9015995987,2.397476271614204,2.2812482272855297,1.9186000399160463,2.2812482272856176,0.1589691919678062,pass,
slc25a44_activation,positive,806,adipose_subcutaneous,caloric_restriction,0.23904278092,0.944200461575,1.2176907119158196,1.897830402109285,1.8978304021093135,1.8978304021093504,1.9187865874227987e-14,pass,
slc25a44_activation,positive,807,adipose_subcutaneous,fasted,0.3779341282,0.95098633105,5.488728964794607,3.76544283749217,3.765442837492122,3.765442837492178,1.486020180255206e-14,pass,
slc25a44_activation,positive,808,adipose_subcutaneous,fasted,0.11899563152,0.935915379125,3.93700297866629,2.253215097494347,2.253215097494276,2.253215097494375,4.4148462841845315e-14,pass,
slc25a44_activation,positive,809,adipose_subcutaneous,fasted,0.34451075576,0.92795087165,0.7341599773593773,1.0803011747223903,1.0803011747224192,1.080301174722425,5.344028001760128e-15,pass,
slc25a44_activation,positive,810,adipose_subcutaneous,exercise,0.17359305104,0.970446494075,8.940640198255359,5.714131256394301,5.714131256394324,5.7141312563942765,-8.238077519033166e-15,pass,
slc25a44_activation,positive,811,skeletal_muscle,caloric_restriction,0.350297277,0.86957439,1.2710615057126906,1.497068077481219,0.6305350986210179,1.424845487678743,0.5305773337937533,pass,
slc25a44_activation,positive,812,skeletal_muscle,fasted,0.34060147388,0.76696312955,2.0236094214500846,1.413744169454647,0.7663533162300002,1.413744169454465,0.4579264531815514,pass,
slc25a44_activation,positive,813,adipose_subcutaneous,caloric_restriction,0.16527923412,0.9900722778,1.1319666540837532,1.7093750901249978,1.7093750901250724,1.709375090125023,-2.883738190530923e-14,pass,
slc25a44_activation,positive,814,liver,exercise,0.22093756968,0.76356763365,4.89683188627122,7.694503252008003,0.99421906356,3.436054351425,0.3173480090774884,pass,
slc25a44_activation,positive,815,liver,caloric_restriction,0.30399711604,0.906378182075,1.6584809224041386,2.950917794692278,0.547194808872,1.631480727735,0.3674402319214959,pass,
slc25a44_activation,positive,816,skeletal_muscle,exercise,0.13895358944,0.868351925625,4.121877999548978,6.738089601620374,0.6252911524591571,3.9075836651822473,0.4871250913513772,pass,
slc25a44_activation,positive,817,adipose_subcutaneous,fed,0.38459892324,0.799427246875,7.793489156940659,5.98826986628177,5.988269866281758,5.98826986628174,-3.1147138038526403e-15,pass,
slc25a44_activation,positive,818,adipose_subcutaneous,caloric_restriction,0.26970885,0.828621231925,2.62629680255948,1.558647587463305,1.5586475874632646,1.558647587463453,1.2109081982633874e-13,pass,
slc25a44_activation,positive,819,skeletal_muscle,caloric_restriction,0.40222932604,0.921035735425,2.0193946626363606,1.4509998090227507,0.7240127868720001,1.4209177246661615,0.4802929217913044,pass,
slc25a44_activation,positive,820,adipose_subcutaneous,exercise,0.21124848736,0.81695757685,6.607822363562433,8.54002228770373,8.540022287703708,8.540022287703824,1.352024510840737e-14,pass,
slc25a44_activation,positive,821,liver,caloric_restriction,0.35726879604,0.99458865975,2.4699928772664568,1.8058522878618333,0.6430838328720001,1.66713320791288,0.5670726127070868,pass,
slc25a44_activation,positive,822,adipose_subcutaneous,caloric_restriction,0.18279500048,0.9470789372,2.5640934397668205,2.860309805494629,2.8603098054946243,2.8603098054946288,1.5525912927228069e-15,pass,
slc25a44_activation,positive,823,liver,caloric_restriction,0.49257365236,0.8438594731,1.093238353792653,1.0449014881343586,0.8807008320216733,1.0449014881344594,0.1571446284433584,pass,
slc25a44_activation,positive,824,adipose_subcutaneous,caloric_restriction,0.38191319272,0.790202886075,1.1339252062272902,1.808008881867518,1.8080088818674585,1.8080088818674167,-2.2720160461103755e-14,pass,
slc25a44_activation,positive,825,liver,fasted,0.46389373792,0.8811491144,2.1533008113372074,1.178709395382895,1.0273458795123218,1.178709395382895,0.1284146172614531,pass,
slc25a44_activation,positive,826,skeletal_muscle,fasted,0.16525463556,0.808218629975,1.7533435894933758,3.0673080715038408,0.37182293001,1.81849191744375,0.4716412416717166,pass,
slc25a44_activation,positive,827,liver,exercise,0.2789052508,0.886406001175,3.189858662370657,3.62026163880548,1.2550736286,3.603064828726687,0.6485694776749384,pass,
slc25a44_activation,positive,828,adipose_subcutaneous,fed,0.26389552684,0.8069936007,4.978957915032514,9.555001793296858,9.55500179329682,9.555001793296883,6.506800388318584e-15,pass,
slc25a44_activation,positive,829,skeletal_muscle,fed,0.17426689716,0.9295284427,11.044534850088928,17.235935556644986,1.56840207449228,8.365755984578858,0.3943710445973434,pass,
slc25a44_activation,positive,830,adipose_subcutaneous,exercise,0.39541034872,0.8378986485,1.9448311068566893,3.585057389782633,3.5850573897827225,3.585057389782544,-4.9796653986213964e-14,pass,
slc25a44_activation,positive,831,liver,caloric_restriction,0.18837490232,0.754777664475,4.563404785221897,2.86746243640116,0.339074824176,1.358599796055,0.3555495475499815,pass,
slc25a44_activation,positive,832,adipose_subcutaneous,exercise,0.19506763572,0.974342630825,9.037576159040931,4.593108741679629,4.593108741679611,4.593108741679659,1.04420856028477e-14,pass,
slc25a44_activation,positive,833,adipose_subcutaneous,caloric_restriction,0.37574137428,0.82171880985,0.9579342847824048,1.041600216111867,1.0416002161119438,1.041600216111867,-7.375904124794232e-14,pass,
slc25a44_activation,positive,834,liver,fed,0.29065394892,0.924822262925,12.310406051327986,8.760223721441633,2.6158855402800003,7.898291068045552,0.6029989296775914,pass,
slc25a44_activation,positive,835,adipose_subcutaneous,caloric_restriction,0.3266415144,0.86689574315,1.2159604179443262,0.8859741000815673,0.8859741000815886,0.8859741000815189,-7.869530942274821e-14,pass,
slc25a44_activation,positive,836,skeletal_muscle,fasted,0.254253725,0.844841862875,3.0600151720300603,3.159243066977809,0.572070881230931,1.9008941914053867,0.4206144579580048,pass,
slc25a44_activation,positive,837,adipose_subcutaneous,fasted,0.44758438716,0.958700702375,1.887674766626304,3.597759997775102,3.5977599977752317,3.59775999777516,-1.9749586859587864e-14,pass,
slc25a44_activation,positive,838,liver,exercise,0.24315048068,0.824464900475,6.316644021740526,8.650631794537354,1.09417716306,3.7100920521375,0.3023958193122242,pass,
slc25a44_activation,positive,839,adipose_subcutaneous,exercise,0.491996557,0.7639326358,4.147297289597782,5.244593958944501,5.244593958944448,5.244593958944462,2.540268398238999e-15,pass,
slc25a44_activation,positive,840,adipose_subcutaneous,exercise,0.17652110968,0.94432928815,4.178492582109183,3.609368702511775,3.609368702511806,3.609368702511808,4.921516713335705e-16,pass,
slc25a44_activation,positive,841,skeletal_muscle,exercise,0.3111931462,0.759037848925,1.2357880649132655,2.1865879813994886,1.4003691579000002,2.186587981399384,0.3595642298354613,pass,
slc25a44_activation,positive,842,adipose_subcutaneous,caloric_restriction,0.33122230068,0.992762729325,0.6490891813423141,1.0349491616069038,1.0349491616068034,1.0349491616069106,1.0362590565537855e-13,pass,
slc25a44_activation,positive,843,skeletal_muscle,exercise,0.3147136208,0.801627514,4.3296402465886095,5.033763225937141,1.4162112936,3.607323813,0.4352831909355605,pass,
slc25a44_activation,positive,844,skeletal_muscle,caloric_restriction,0.41490972016,0.819175583675,1.2414779952241872,1.1246958807365246,0.746837496288,1.1246958807367404,0.3359649403190611,pass,
slc25a44_activation,positive,845,skeletal_muscle,exercise,0.18466856804,0.81907787445,2.730765793229526,2.566915279185377,0.8310085561800001,2.5669152791853724,0.6762617905941449,pass,
slc25a44_activation,positive,846,adipose_subcutaneous,fasted,0.11239089752,0.90202759535,2.508572580817294,3.863222567705863,3.863222567705861,3.8632225677058414,-4.942981070565802e-15,pass,
slc25a44_activation,positive,847,skeletal_muscle,fasted,0.41133690596,0.961320177475,3.721497435877971,2.2781891201419766,0.92550803841,2.16297039931875,0.5431780662843441,pass,
slc25a44_activation,positive,848,adipose_subcutaneous,caloric_restriction,0.15601121084,0.876549769275,1.827594763669464,1.0155106898314368,1.0155106898313784,1.0155106898314217,4.263736304692981e-14,pass,
slc25a44_activation,positive,849,skeletal_muscle,fed,0.20044235428,0.76778301795,8.711477217103965,9.04419935443811,1.8039811885200003,6.91004716155,0.5645680477536559,pass,
slc25a44_activation,positive,850,skeletal_muscle,fasted,0.43521233628,0.779706045875,1.972930721126024,3.299258120027697,0.97922775663,1.7543386032187502,0.2349348909330692,pass,
slc25a44_activation,positive,851,skeletal_muscle,caloric_restriction,0.4955047972800001,0.934206696475,4.491096723474352,2.7977564973910125,0.891908635104,1.681572053655,0.2822488015977744,pass,
slc25a44_activation,positive,852,liver,exercise,0.43243994296,0.870691678225,1.6137748257016389,2.3030170952157047,1.94597974332,2.3030170952157047,0.1550302655752817,pass,
slc25a44_activation,positive,853,adipose_subcutaneous,caloric_restriction,0.3869516782,0.9903769487,1.8443391173974375,1.509298150423445,1.50929815042343,1.509298150423424,-3.972180268884478e-15,pass,
slc25a44_activation,positive,854,skeletal_muscle,caloric_restriction,0.47564116716,0.84834488355,3.293389304304851,1.985241323875689,0.8561541008594615,1.527020790339099,0.3379270224790293,pass,
slc25a44_activation,positive,855,adipose_subcutaneous,caloric_restriction,0.44060750272,0.92619654305,2.525026564589378,1.4413360502918586,1.441336050291827,1.4413360502918402,8.935173086834267e-15,pass,
slc25a44_activation,positive,856,liver,fed,0.35936145376,0.9734985431,11.15806829600838,11.504911241143343,3.234253083947809,8.761486888192051,0.4804238545081511,pass,
slc25a44_activation,positive,857,skeletal_muscle,fed,0.37032182556,0.768749950675,13.483042423945522,7.439818067307961,3.332896430151097,6.801254700713783,0.4661885867617303,pass,
slc25a44_activation,positive,858,skeletal_muscle,fed,0.18479938756,0.8891409951,28.604717982681358,15.27300826581217,1.66319448804,8.0022689559,0.4150508110474664,pass,
slc25a44_activation,positive,859,skeletal_muscle,exercise,0.19641395236,0.794859112075,5.635451246770444,8.055313562598705,0.8838627856494621,3.5768660044567286,0.3343138908100411,pass,
slc25a44_activation,positive,860,liver,fed,0.32372931772,0.948213992025,14.28599712508263,10.429671203392576,2.91356385948,8.533925928224999,0.5388819991676057,pass,
slc25a44_activation,positive,861,liver,exercise,0.48671021628,0.9360256822,3.5401479418315955,5.175594297804095,2.19019597326,4.178997627483476,0.3842653693059533,pass,
slc25a44_activation,positive,862,adipose_subcutaneous,fasted,0.13398857388,0.9399297048,1.610349422941329,2.919782791603524,2.91978279160355,2.919782791603541,-3.041933195353699e-15,pass,
slc25a44_activation,positive,863,skeletal_muscle,caloric_restriction,0.22493101152,0.973176761575,2.083711921520246,3.4343341520021413,0.4048758207359999,1.7517181708349998,0.3921698618970494,pass,
slc25a44_activation,positive,864,skeletal_muscle,exercise,0.12701628352,0.936250409275,1.395435505681127,2.608358639036977,0.57157327584,2.608358639036749,0.7808686016999346,pass,
slc25a44_activation,positive,865,skeletal_muscle,fasted,0.12015888008,0.977164297375,4.361292070692049,2.4522411338318197,0.27035748018,2.19861966909375,0.7863265004044235,pass,
slc25a44_activation,positive,866,skeletal_muscle,fasted,0.48779334472,0.917707073175,7.331687566292842,4.445996502758828,1.0975350255834155,2.064840914574922,0.2175678474760999,pass,
slc25a44_activation,positive,867,liver,fed,0.44360964756,0.7546165442,4.158586192015998,6.456182676483915,3.99248682804,6.253737900534869,0.3502458319110579,pass,
slc25a44_activation,positive,868,skeletal_muscle,exercise,0.40618176992,0.819175155325,3.329019415945617,4.8423491308754905,1.82781796464,3.6862881989625,0.3837951754599097,pass,
slc25a44_activation,positive,869,adipose_subcutaneous,caloric_restriction,0.2204268988,0.8244396405,5.130025179978824,2.811113429992289,2.8111134299922598,2.811113429992397,4.897264321841934e-14,pass,
slc25a44_activation,positive,870,adipose_subcutaneous,fasted,0.20997060804,0.841410853625,4.629196492416142,3.5595080885637067,3.559508088563684,3.5595080885636783,-1.4971367912668738e-15,pass,
slc25a44_activation,positive,871,adipose_subcutaneous,fasted,0.29998114864,0.87889275395,1.368559935550112,1.5296320479161265,1.5296320479160994,1.5296320479161265,1.7709776568658295e-14,pass,
slc25a44_activation,positive,872,skeletal_muscle,caloric_restriction,0.19356810268,0.8549205366,2.5038400260541387,3.3458731923346026,0.348422584824,1.5388569658799998,0.3557918404628381,pass,
slc25a44_activation,positive,873,adipose_subcutaneous,exercise,0.3880488294000001,0.850923150775,1.9561351970319236,3.509997568957165,3.5099975689571643,3.509997568957134,-8.603443642491247e-15,pass,
slc25a44_activation,positive,874,liver,fasted,0.44400346836,0.979892607,5.183992740549441,2.949506244378968,0.99900780381,2.20475836575,0.4087974264295468,pass,
slc25a44_activation,positive,875,adipose_subcutaneous,fed,0.35085668208,0.79011364655,16.177343570922037,8.09616144833457,8.096161448334556,8.096161448334602,5.7045895291412586e-15,pass,
slc25a44_activation,positive,876,skeletal_muscle,exercise,0.16367724428,0.8538932738,1.86786856387146,3.497051599447385,0.7365475992354484,3.333998083187054,0.7427544061294556,pass,
slc25a44_activation,positive,877,liver,fed,0.29590571332,0.776462855075,26.56092493834997,14.45615946044131,2.66315141988,6.988165695675,0.2991814172796187,pass,
slc25a44_activation,positive,878,liver,caloric_restriction,0.23502611884,0.798869085325,3.2142746249669205,2.0728494933280768,0.423047013912,1.437964353585,0.4896242312525513,pass,
slc25a44_activation,positive,879,adipose_subcutaneous,caloric_restriction,0.2083359984,0.75679831,1.3126562403464843,1.6471595002963042,1.647159500296174,1.6471595002962909,7.077239184467034e-14,pass,
slc25a44_activation,positive,880,liver,fed,0.31725995736,0.8727872597,9.197134948864628,8.27668192259083,2.85533961624,7.560081164123439,0.5684332914911299,pass,
slc25a44_activation,positive,881,skeletal_muscle,fed,0.3963585696,0.959418864425,5.1915630711026415,8.299705053531437,3.5672271264000006,8.299705053531394,0.5701983259173498,pass,
slc25a44_activation,positive,882,skeletal_muscle,fasted,0.3182754372399999,0.880824903975,1.3718795599125888,2.5078509383026333,0.7161197337661293,1.9818560338776885,0.5047095426525774,pass,
slc25a44_activation,positive,883,skeletal_muscle,fasted,0.15545974712,0.978924207025,2.167686214572682,1.5711853779845804,0.34978443102,1.5711853779846257,0.7773754542773071,pass,
slc25a44_activation,positive,884,adipose_subcutaneous,fed,0.4062993623600001,0.951602001975,16.43372304279677,13.507511187934824,13.507511187934842,13.507511187934924,6.049405658490119e-15,pass,
slc25a44_activation,positive,885,skeletal_muscle,exercise,0.19896030252,0.767434390175,4.706779692902871,8.868083249656838,0.8953213613400001,3.4534547557875,0.2884651984459539,pass,
slc25a44_activation,positive,886,liver,fasted,0.3181889374,0.8440976342,0.9115970234077632,1.7346299466123218,0.7159251091738641,1.654393718204532,0.5410194899860157,pass,
slc25a44_activation,positive,887,adipose_subcutaneous,caloric_restriction,0.22930341984,0.775423149225,1.1805512068136927,1.4116928062471907,1.411692806247182,1.4116928062471097,-5.1276411472259886e-14,pass,
slc25a44_activation,positive,888,liver,fasted,0.19430401828,0.8132823489,0.7681915023496115,1.1773452723875468,0.4371840411154273,1.1773452723874682,0.6286696423140704,pass,
slc25a44_activation,positive,889,liver,fed,0.37349988296,0.82489307635,11.302949967773907,7.4408132991384175,3.3614989465279503,7.33526839801385,0.5340504178415589,pass,
slc25a44_activation,positive,890,skeletal_muscle,fed,0.11690109212,0.970084374,13.843467980337458,19.718393754225435,1.0521098290800002,8.730759366000001,0.3894155696771473,pass,
slc25a44_activation,positive,891,liver,caloric_restriction,0.39993974148,0.94594889925,3.849573610509447,3.176134550635743,0.719891534664,1.70270801865,0.3094379247218216,pass,
slc25a44_activation,positive,892,adipose_subcutaneous,fasted,0.32141711128,0.9238426546,5.700145051243264,3.0071025786744894,3.0071025786745422,3.007102578674477,-2.170897471569948e-14,pass,
slc25a44_activation,positive,893,liver,fasted,0.10074106604,0.9478080061,1.671104713917554,3.022912619425636,0.22666739859,2.1325680137250003,0.6304848518900054,pass,
slc25a44_activation,positive,894,skeletal_muscle,exercise,0.44551863148,0.872680212875,2.5301271889613584,4.334026859091177,2.004833841726828,3.927060958068401,0.4435198901246898,pass,
slc25a44_activation,positive,895,adipose_subcutaneous,caloric_restriction,0.13769661984,0.886858634675,2.35246916984103,1.528420913258624,1.5284209132585804,1.5284209132586346,3.5447619913939266e-14,pass,
slc25a44_activation,positive,896,liver,fed,0.37535613024,0.855021622175,10.20076582622181,14.089787448736304,3.3782051721599995,7.695194599575,0.3063913805032017,pass,
slc25a44_activation,positive,897,liver,caloric_restriction,0.45629334436,0.7729563936,1.0810401835469965,1.6641820749772718,0.821328019848,1.39132150848,0.3425066867396613,pass,
slc25a44_activation,positive,898,liver,caloric_restriction,0.13396270848,0.9345826537,3.3524685425961587,1.9858218792126832,0.241132875264,1.68224877666,0.7257024995451041,pass,
slc25a44_activation,positive,899,adipose_subcutaneous,caloric_restriction,0.4700533786799999,0.800473119,0.9094133459003716,1.586817401893588,1.586817401893723,1.5868174018934682,-1.6036067977350692e-13,pass,
slc25a44_activation,positive,900,liver,fed,0.3219691124,0.756577608175,10.172150658032146,12.988919126948336,2.897722011600001,6.809198473575,0.30113948849368,pass,
slc25a44_activation,positive,901,liver,exercise,0.30297686652,0.9700664985,5.2771004622134825,5.30645883840946,1.36339589934,4.36529924325,0.5657074586504812,pass,
slc25a44_activation,positive,902,adipose_subcutaneous,exercise,0.18693809184,0.901936267725,3.4823490108988837,5.746834104495019,5.746834104495018,5.746834104495061,7.572994412917782e-15,pass,
slc25a44_activation,positive,903,skeletal_muscle,fasted,0.13835816316,0.8962512069249999,1.7741910119035291,1.4479260522252837,0.3113058671099999,1.4479260522253852,0.7849987804063201,pass,
slc25a44_activation,positive,904,adipose_subcutaneous,caloric_restriction,0.4907588938,0.9700812681,4.424707606732233,2.957227599153294,2.9572275991531995,2.957227599153205,1.8020495005952727e-15,pass,
slc25a44_activation,positive,905,liver,fed,0.11748532676,0.950925026225,9.847796765516478,12.531277893145283,1.05736794084,8.558325236025,0.5985788009128813,pass,
slc25a44_activation,positive,906,adipose_subcutaneous,fasted,0.14007043228,0.770947746775,7.743458387699947,4.305250667601323,4.305250667601303,4.305250667601314,2.475614513368092e-15,pass,
slc25a44_activation,positive,907,skeletal_muscle,fasted,0.23369221584,0.930287944225,1.7500372064843774,1.51658617518431,0.525807485657527,1.5165861751845893,0.65329534565133,pass,
slc25a44_activation,positive,908,skeletal_muscle,fed,0.13477630112,0.99323767575,16.740318835852428,17.030470680354767,1.21298671008,8.93913908175,0.4536664028071979,pass,
slc25a44_activation,positive,909,skeletal_muscle,fed,0.18737734968,0.9240124935,12.782647061080514,7.724644971546646,1.6863961471762137,7.724644971546619,0.7816862582826785,pass,
slc25a44_activation,positive,910,skeletal_muscle,exercise,0.3853711403600001,0.874495592975,3.616357613902567,2.4851046122361264,1.73417013162,2.4851046122359204,0.3021741929568995,pass,
slc25a44_activation,positive,911,liver,caloric_restriction,0.26291534672,0.786647588875,1.438505638021905,1.3885813953396045,0.4732476240959999,1.3357688280776792,0.6211527872089435,pass,
slc25a44_activation,positive,912,adipose_subcutaneous,fed,0.27237077024,0.90587334095,7.049979942112873,8.137135157001014,8.137135157001156,8.137135157000934,-2.7287810837698693e-14,pass,
slc25a44_activation,positive,913,liver,fasted,0.29824475096,0.831299705775,2.313059634115893,3.2479012953532846,0.67105068966,1.8704243379937504,0.3692765078943972,pass,
slc25a44_activation,positive,914,liver,fasted,0.21840224512,0.8049025182,6.611011964304699,4.251524199508996,0.4914050515199999,1.81103066595,0.310388828218925,pass,
slc25a44_activation,positive,915,skeletal_muscle,fasted,0.44967775052,0.87599516415,1.451023672237062,2.943985631046213,1.01177493867,1.9709891193375,0.3258216244508711,pass,
slc25a44_activation,positive,916,skeletal_muscle,fasted,0.47620021684,0.8332480966,2.5845069393058577,1.444395825003307,1.071450487925715,1.4443958250032845,0.258201616635603,pass,
slc25a44_activation,positive,917,skeletal_muscle,fasted,0.15027259992,0.82021450955,1.9979178656840837,1.2264391466465825,0.3381133498200001,1.2264391466465163,0.7243129830415477,pass,
slc25a44_activation,positive,918,skeletal_muscle,caloric_restriction,0.13340845216,0.9207168794,1.523963905976785,1.0705921393959863,0.240135213888,1.0705921393958606,0.7756986950944673,pass,
slc25a44_activation,positive,919,skeletal_muscle,fasted,0.47281277648,0.841075288425,2.286867382805413,1.8527595579655087,1.063828747044539,1.8325156939343648,0.4148875894797226,pass,
slc25a44_activation,positive,920,liver,exercise,0.15263118116,0.9291870596,7.099703303998746,6.631274169314699,0.68684031522,4.181341768199999,0.5269728507306062,pass,
slc25a44_activation,positive,921,liver,caloric_restriction,0.3827564448,0.825569953,4.011184172099123,3.1810441857496423,0.68896160064,1.4860259154000002,0.2505668793695692,pass,
slc25a44_activation,positive,922,skeletal_muscle,exercise,0.38438133176,0.961285841675,10.2617160489095,7.414605217773226,1.72971599292,4.3257862875375,0.350129267623659,pass,
slc25a44_activation,positive,923,liver,fasted,0.27265806544,0.818046543875,0.9338452865235132,1.8493705308505648,0.6134806472400001,1.7491115471244516,0.6140634777835197,pass,
slc25a44_activation,positive,924,liver,fed,0.18337045164,0.9758954801,12.19899754229087,7.0958989469946605,1.65033406476,7.095898946994597,0.767424243624688,pass,
slc25a44_activation,positive,925,adipose_subcutaneous,exercise,0.4313227426,0.92695001015,1.7553577450580362,2.9665807267363657,2.966580726736355,2.9665807267363657,3.592735886249379e-15,pass,
slc25a44_activation,positive,926,liver,fed,0.48104712084,0.929400207225,10.21231768638858,6.589318998131786,4.32942408756,6.589318998131846,0.3429633489003303,pass,
slc25a44_activation,positive,927,adipose_subcutaneous,fasted,0.3877924151199999,0.7991542419,3.403954319065756,3.2167498917205144,3.2167498917204265,3.216749891720615,5.867348116558981e-14,pass,
slc25a44_activation,positive,928,liver,fed,0.22446841724,0.9008762039,5.786112394017644,7.04050606734587,2.0202157552273405,7.04050606734587,0.7130581614584246,pass,
slc25a44_activation,positive,929,liver,exercise,0.46280654816,0.94052247705,8.076590376544411,5.8604244152601,2.0826294667894207,4.232351146866078,0.3668201358384463,pass,
slc25a44_activation,positive,930,skeletal_muscle,fed,0.11018917392,0.8990852137500001,11.813802777153136,12.353904451712689,0.99170256528,8.091766923749999,0.5747222982193034,pass,
slc25a44_activation,positive,931,skeletal_muscle,fasted,0.12740119092,0.871281577375,4.426012869119639,3.7842974241952927,0.28665267957,1.9603835490937505,0.4422831194035069,pass,
slc25a44_activation,positive,932,skeletal_muscle,exercise,0.36058644452,0.991401309075,4.867452903076324,7.1050881987454,1.622639000394088,4.46130589098621,0.3995259187765421,pass,
slc25a44_activation,positive,933,liver,fed,0.20724054368,0.91544554105,7.821228045675559,11.065998607057448,1.86516489312,8.23900986945,0.5759846176254729,pass,
slc25a44_activation,positive,934,skeletal_muscle,caloric_restriction,0.27521468484,0.9825341139,1.7967811015750688,1.3305338064850307,0.495386432712,1.3305338064849992,0.6276784322972369,pass,
slc25a44_activation,positive,935,skeletal_muscle,caloric_restriction,0.4389203916800001,0.78141280255,0.922874678104354,1.382922147940632,0.7900567050240002,1.3580918510575566,0.4107499087200546,pass,
slc25a44_activation,positive,936,skeletal_muscle,fed,0.2748642674,0.878481104375,5.162056019299659,6.192001875088471,2.4737784066,6.192001875088407,0.6004881044121585,pass,
slc25a44_activation,positive,937,skeletal_muscle,caloric_restriction,0.30973133984,0.917280512625,1.24876171788893,1.4539676554795316,0.557516411712,1.4441475878585872,0.6098011691010887,pass,
slc25a44_activation,positive,938,skeletal_muscle,caloric_restriction,0.14026516888,0.9280284747,1.3427660469062566,2.043994582074092,0.252477303984,1.67045125446,0.6937268635209134,pass,
slc25a44_activation,positive,939,liver,caloric_restriction,0.3665201208400001,0.969870563875,4.466076435882202,2.5383586082808027,0.6597362175120002,1.7457670149749998,0.4278476626273678,pass,
slc25a44_activation,positive,940,skeletal_muscle,exercise,0.42479593732,0.888222596675,3.9224546581295434,4.381800448794737,1.91158171794,3.8889121528444592,0.4512598092978757,pass,
slc25a44_activation,positive,941,adipose_subcutaneous,fasted,0.1539965288,0.99498335045,3.811933105934715,2.94935931029406,2.9493593102940783,2.9493593102941515,2.4844283763430182e-14,pass,
slc25a44_activation,positive,942,liver,caloric_restriction,0.35116468444,0.97506512605,0.8784420915177421,1.0497552130187902,0.6320964319919999,1.0497552130187846,0.3978630216331288,pass,
slc25a44_activation,positive,943,adipose_subcutaneous,exercise,0.35682449076,0.922614461675,6.043137758009986,4.080922391279967,4.080922391280095,4.080922391280025,-1.697604367204861e-14,pass,
slc25a44_activation,positive,944,liver,caloric_restriction,0.2888399758,0.93720334995,0.9666918712323463,1.4735994926223814,0.51991195644,1.461424147580912,0.6389200022493358,pass,
slc25a44_activation,positive,945,skeletal_muscle,fed,0.15576311736,0.90254560695,4.120375380560482,6.179592925876197,1.401868056193271,6.179592925876047,0.7731455658958877,pass,
slc25a44_activation,positive,946,skeletal_muscle,fed,0.25719805312,0.917256996075,6.476444107498054,5.7721134633465,2.31478247808,5.772113463346178,0.5989714178732933,pass,
slc25a44_activation,positive,947,liver,fed,0.2858218498,0.82241231235,10.66876959093676,7.179430371602616,2.5723966482,6.973073715877743,0.6129562987453848,pass,
slc25a44_activation,positive,948,skeletal_muscle,exercise,0.2954777738,0.9512020234,3.9044598598611824,6.154537779326764,1.3296499820556784,4.28040910515732,0.4794444731517142,pass,
slc25a44_activation,positive,949,skeletal_muscle,caloric_restriction,0.4024580726,0.9027118493,1.539999106874226,1.677428748302865,0.7244245306799999,1.6074704840151963,0.5264282934393586,pass,
slc25a44_activation,positive,950,liver,fed,0.34326248088,0.812201718175,14.669441873150165,7.762784075748611,3.08936232792,7.103295681990353,0.5170739408571359,pass,
slc25a44_activation,positive,951,skeletal_muscle,caloric_restriction,0.21761426632,0.897731063075,4.253062230650482,2.7113077105450207,0.3917056793629432,1.6159159134811365,0.451520212684419,pass,
slc25a44_activation,positive,952,liver,caloric_restriction,0.16095930976,0.91560872465,1.3092224841266216,1.0819341366505189,0.289726757568,1.081934136650415,0.7322140528211376,pass,
slc25a44_activation,positive,953,liver,exercise,0.2331095872,0.948042449325,2.602878941873464,4.60485159918169,1.0489931424349663,4.248246101450708,0.6947570166179228,pass,
slc25a44_activation,positive,954,adipose_subcutaneous,fed,0.31356882484,0.80324634495,10.799986651843811,8.67504099183262,8.675040991832647,8.675040991832654,8.19065565717859e-16,pass,
slc25a44_activation,positive,955,liver,exercise,0.42375891416,0.857086831525,2.4643930290399894,2.515203221265884,1.90691511372,2.5152032212658995,0.2418445167383938,pass,
slc25a44_activation,positive,956,skeletal_muscle,fasted,0.40718427596,0.7528827444,2.7700711479383155,3.54152154395086,0.91616462091,1.6939861749,0.2196292029674555,pass,
slc25a44_activation,positive,957,skeletal_muscle,caloric_restriction,0.45440435804,0.91395327675,1.0674256140241225,0.895195345825385,0.8008955854267863,0.895195345825385,0.1053398689329117,pass,
slc25a44_activation,positive,958,liver,fed,0.24756845688,0.972507201275,2.9077330177375464,5.871062855699615,2.2281161119199995,5.871062855699615,0.6204918654963898,pass,
slc25a44_activation,positive,959,adipose_subcutaneous,fasted,0.41035902432,0.833431656175,1.16162716729635,1.8894639262577828,1.889463926257772,1.8894639262577917,1.0224000765517738e-14,pass,
slc25a44_activation,positive,960,liver,fed,0.12031917636,0.8994855283250001,2.8405140120745034,4.924500177870993,1.08287258724,4.924500177870992,0.7801050770378571,pass,
slc25a44_activation,positive,961,liver,fasted,0.46523782792,0.757613850475,2.3983152951600384,1.431845831793608,1.04678511282,1.4318458317936196,0.2689261025338681,pass,
slc25a44_activation,positive,962,skeletal_muscle,caloric_restriction,0.4014739238,0.990191266125,1.3644928040060516,1.980778930214618,0.72265306284,1.7823442790249997,0.5349871204810229,pass,
slc25a44_activation,positive,963,adipose_subcutaneous,fasted,0.3175504570399999,0.93481876565,5.858444181751717,3.403589106636347,3.4035891066364097,3.40358910663639,-5.740976545994827e-15,pass,
slc25a44_activation,positive,964,adipose_subcutaneous,fed,0.11396982072,0.994266275075,3.795519859712982,5.600409697620379,5.600409697620414,5.600409697620328,-1.5383393601992866e-14,pass,
slc25a44_activation,positive,965,liver,exercise,0.13874714072,0.819789993925,8.809502412811343,5.4154721506069805,0.62436213324,3.6890549726625,0.5659142461066854,pass,
slc25a44_activation,positive,966,liver,fasted,0.12021597456,0.773586829425,1.2266421544083643,1.941204942255708,0.27048594276,1.7403944017072517,0.7572144635275846,pass,
slc25a44_activation,positive,967,liver,exercise,0.15316191432,0.77704517265,7.730577218473223,5.982426308427395,0.6892286144399999,3.4967032769250004,0.4692869611331666,pass,
slc25a44_activation,positive,968,adipose_subcutaneous,exercise,0.32398824232,0.793710943475,3.4905888259411784,5.382669978602719,5.38266997860263,5.38266997860269,1.1220478457660651e-14,pass,
slc25a44_activation,positive,969,skeletal_muscle,exercise,0.38452881144,0.900798940475,16.515676444543736,8.548620044241225,1.730379651422321,4.0535952320023805,0.271764982951265,pass,
slc25a44_activation,positive,970,adipose_subcutaneous,exercise,0.24664661644,0.99202001985,4.373678092718111,3.635361205435066,3.635361205434984,3.6353612054350046,5.619277562450118e-15,pass,
slc25a44_activation,positive,971,skeletal_muscle,exercise,0.41534886524,0.756500420275,2.605309843038408,3.3284400395033256,1.8690698935176977,3.2815676791143407,0.4243723091996627,pass,
slc25a44_activation,positive,972,liver,fasted,0.22452862416,0.8833633695,1.7860722367507704,3.0313282622252284,0.50518940436,1.987567581375,0.4890193501929811,pass,
slc25a44_activation,positive,973,liver,exercise,0.30500046752,0.9425455817,11.20760471167852,8.11598717101649,1.37250210384,4.24145511765,0.3534940301600645,pass,
slc25a44_activation,positive,974,liver,caloric_restriction,0.2144784938,0.949597415875,2.370736752267217,3.2852919438140065,0.3860612888399999,1.709275348575,0.402769093999858,pass,
slc25a44_activation,positive,975,adipose_subcutaneous,fed,0.39496806744,0.9899542372,8.763422320338888,5.2551336895853344,5.255133689585326,5.2551336895853344,1.690115746170881e-15,pass,
slc25a44_activation,positive,976,adipose_subcutaneous,exercise,0.1406293618,0.797355764325,3.3403702777496496,4.950458263198467,4.950458263198436,4.950458263198506,1.4173656543662268e-14,pass,
slc25a44_activation,positive,977,skeletal_muscle,caloric_restriction,0.4197795214000001,0.8462426064999999,1.3128301563590208,1.735914259423125,0.7556031385200002,1.5232366916999998,0.4422070669752421,pass,
slc25a44_activation,positive,978,liver,fasted,0.3019354754,0.929030602025,2.670473239691466,2.6212990448635445,0.6793548196726451,2.0903188546259277,0.5382690073908496,pass,
slc25a44_activation,positive,979,liver,fed,0.25111021424,0.7513702167,5.90648589839477,6.22275746567265,2.25999192816,6.222757465672386,0.6368182529003691,pass,
slc25a44_activation,positive,980,skeletal_muscle,fasted,0.3311724694,0.9052144089,2.5650336671048923,1.48192682478423,0.745138056174838,1.4819268247843629,0.497182962267251,pass,
slc25a44_activation,positive,981,skeletal_muscle,fasted,0.3643644581199999,0.78247739095,1.4081877237323766,2.6133872081544305,0.8198200307700001,1.7605741296375002,0.3599750147747371,pass,
slc25a44_activation,positive,982,skeletal_muscle,fed,0.4420958878,0.90765254735,3.2711139273060383,5.616801457250613,3.978862990067372,5.616801457250562,0.2916140938307173,pass,
slc25a44_activation,positive,983,skeletal_muscle,caloric_restriction,0.28515202612,0.828480950425,1.8883028616435071,1.1214151365332377,0.5132736469988909,1.1214151365332532,0.5422982709279113,pass,
slc25a44_activation,positive,984,liver,caloric_restriction,0.19104998604,0.98779424175,1.9405384318686183,2.730778976954301,0.343889974883463,1.7780296352092675,0.5251760294146298,pass,
slc25a44_activation,positive,985,adipose_subcutaneous,exercise,0.16552793756,0.9773759348,2.852703533753648,4.121174949812836,4.121174949812836,4.121174949812836,0.0,pass,
slc25a44_activation,positive,986,liver,fed,0.22864986828,0.9475732609,15.03268397055452,12.186611787377911,2.05784881452,8.5281593481,0.5309359686243161,pass,
slc25a44_activation,positive,987,liver,fed,0.17596920276,0.81742029885,17.417289037377202,9.836621559611016,1.583722824892791,7.356782689895225,0.5868945785925637,pass,
slc25a44_activation,positive,988,adipose_subcutaneous,caloric_restriction,0.33797094376,0.898142872575,0.9220589841997272,1.742722790725855,1.7427227907258431,1.742722790725833,-5.8609733463675105e-15,pass,
slc25a44_activation,positive,989,liver,fasted,0.16008757048,0.809113967775,1.2853565212921243,1.937726676877544,0.3601970335920065,1.808864883258773,0.7476120687986565,pass,
slc25a44_activation,positive,990,liver,caloric_restriction,0.20087760996,0.9092036905,1.7925393520645123,1.928724925832614,0.3615796979159473,1.606345742010128,0.6453828783058974,pass,
slc25a44_activation,positive,991,adipose_subcutaneous,exercise,0.29079038404,0.816068751825,3.5173876036056924,2.498379394788841,2.498379394788902,2.498379394788776,-5.048125831508363e-14,pass,
slc25a44_activation,positive,992,adipose_subcutaneous,fed,0.4032603330000001,0.99081376445,6.716052116015908,6.94039958670993,6.940399586709821,6.940399586709885,9.214000637782258e-15,pass,
slc25a44_activation,positive,993,liver,exercise,0.30791509388,0.792100788475,5.9572516442758765,3.0648792855419527,1.3856179224138128,3.064879285541857,0.5479045687214092,pass,
slc25a44_activation,positive,994,adipose_subcutaneous,caloric_restriction,0.2446451328,0.9610163015,2.718100491795008,2.2013510452165157,2.2013510452164464,2.2013510452165543,4.902156710900751e-14,pass,
slc25a44_activation,positive,995,adipose_subcutaneous,fasted,0.29367386724,0.996850611575,1.6392199558511131,1.1325312209374014,1.1325312209373717,1.1325312209373803,7.646358380220648e-15,pass,
slc25a44_activation,positive,996,liver,fed,0.38239208648,0.966036602075,3.7384025570966526,5.501848025824152,3.4415287783200004,5.501848025824311,0.3744776732897277,pass,
slc25a44_activation,positive,997,skeletal_muscle,fed,0.27969215952,0.99745334005,9.890287814210136,8.819601472741287,2.517229435763908,8.764206809191244,0.7083060830735775,pass,
slc25a44_activation,positive,998,liver,fed,0.20367060168,0.7842082857,8.990747194845955,5.015857329567798,1.833035415058899,5.015857329567886,0.634551923107279,pass,
slc25a44_activation,positive,999,adipose_subcutaneous,fasted,0.3470882981199999,0.940074723875,2.24996857842975,2.419065897623983,2.4190658976238986,2.419065897624029,5.3972166621900303e-14,pass,
