draw_id,seed,tissue,scenario,baseline_quantile,treated_quantile,medium_global_multiplier,completion_capacity_multiplier,medium_multiplier__MAR00611,medium_multiplier__MAR09034,medium_multiplier__MAR09039,medium_multiplier__MAR09040,medium_multiplier__MAR09046,medium_multiplier__MAR09048,medium_multiplier__MAR09134,endpoint_weight__MAR06416,endpoint_weight__MAR06419,endpoint_weight__MAR06421
0,20260830,skeletal_muscle,fed,0.33379567294409385,0.5581786148451983,1.0245435681210742,0.5385039721796375,1.0362637192576498,1.1312371315269796,0.9066461557883179,0.9374254945665722,1.1590474477562318,0.8507527341858899,1.0558707955441409,0.6848244334449886,0.9432455133967045,1.371930053158307
1,20260830,liver,fed,0.8069137785424758,0.42228386705907706,0.5244312196198394,0.9015155990994042,0.970152234767808,0.8561886776818676,1.0402892963862573,0.9551329845719766,1.0552776878677907,0.8535129351212237,0.9107926528722098,1.3180699389439592,0.5122736566518673,1.1696564044041735
2,20260830,adipose_subcutaneous,fed,0.94922510389002,0.6098342483877426,1.9104735960042132,1.6785296497093953,0.9386748143682369,0.8553290676486413,1.1218362871172518,1.0437090897050048,1.1096665788572875,1.0469179637483248,1.0748468885213454,0.9669237796842912,1.4187022374846114,0.6143739828310972
3,20260830,skeletal_muscle,fed,0.674757852525449,0.5234555532065892,1.2397941404780382,0.8748346145081546,0.8840154284285442,1.0785270351740253,0.9245954740165223,1.019373212514314,0.8453908734897903,0.8245971257264152,1.1863206996444722,0.9079551784991083,0.9550093589593468,1.1370354625415449
4,20260830,adipose_subcutaneous,exercise,0.38248388801245103,0.366838842371758,1.24884744798655,1.3621496776633066,1.0305670256619548,0.9388223914369805,1.1901514984273862,1.2243949119475697,0.8783223353658454,1.200249433892072,0.9840605954428102,1.0611399719512038,0.8432257240597085,1.0956343039890872
5,20260830,liver,caloric_restriction,0.2876846739908252,0.2962862310542207,0.9095537874582594,0.5120191253414005,1.0487770161550143,0.9881111330688748,0.8158993261002412,0.9025528452455779,0.8250078724711553,0.8061298285289303,1.1921684482427997,0.6301734943205084,1.6998338086054554,0.6699926970740366
6,20260830,adipose_subcutaneous,fasted,0.8184192835084694,0.6828193390918048,0.5954547888399383,0.6531092827492313,1.197060579226705,1.1509252519374515,0.8840982662733212,1.2454296719675393,1.1388420478043864,0.8917987745718725,1.0240305099128948,1.3498352730737049,0.6801456426758251,0.9700190842504703
7,20260830,adipose_subcutaneous,fasted,0.17716690994332351,0.4722848661482706,1.3175872669448194,0.6936854797593441,0.9270366143063711,1.1773939166289629,0.8574779965984246,1.178262417712234,1.042365601840017,1.1545387326526106,0.8771164415499145,0.7130053270256993,1.5861066207454624,0.700888052228839
8,20260830,skeletal_muscle,exercise,0.022635929736566585,0.3575670003328265,0.5427758654492244,0.8307160002531794,1.132784233385144,0.8691361002351783,1.1388418557037603,1.056250139105443,1.0593294542074008,1.2104450156033515,0.9282044327073163,0.4708651062898841,1.596655679263615,0.932479214446501
9,20260830,adipose_subcutaneous,fasted,0.749281338948072,0.013740709905275095,0.5636741504062506,0.6078709904703062,0.9835135868845247,1.00555509752332,0.9816609619053418,1.1569883620487675,0.9960010998649992,0.8267417994383361,1.0711220118702787,1.1504440964603921,1.2905313040240702,0.5590245995155374
10,20260830,adipose_subcutaneous,fed,0.7132628405021871,0.9103148219320807,0.8788741723654513,0.7351153902965816,1.1405472704979265,1.1830145263867153,1.0265357187822306,1.1645982833164938,1.0210099669954695,1.2297637131627965,1.060000080778797,0.775897185347812,1.2895291061954068,0.9345737084567808
11,20260830,adipose_subcutaneous,fed,0.05254608116097759,0.21554448706503082,0.8516881044476807,0.874103315084226,1.053537710405936,1.1012191713335602,0.9517702661716945,1.1251809747835082,1.0723630865170044,1.167083702509535,1.2317414260082558,0.7258895776914507,1.3943241431213886,0.8797862791871603
12,20260830,skeletal_muscle,fed,0.2188634177900477,0.8605529326039554,0.8999027652492438,0.6082128611492132,0.899762235215625,0.8404530235369152,1.197602096087842,0.8985393241171404,0.8734990481359426,1.1469974330550023,0.8834762610717327,1.2405165607664863,1.1214307534951058,0.6380526857384082
13,20260830,skeletal_muscle,exercise,0.15332015895864526,0.8916426673731508,0.7348124889689447,1.5469162736192632,1.1586537639086631,0.8479382362183425,0.9481618892482924,0.9786951102579488,0.8004248554002358,1.1936720013893993,1.0648572685313047,1.0447811502610598,0.8936930088590386,1.0615258408799015
14,20260830,liver,exercise,0.6160886971700825,0.9007450971054027,1.1540973949514208,1.0565707187767093,1.2292925391164793,1.1840706402106367,1.0226856590466196,0.9390627346356568,0.8825369361348722,0.8102450718034525,1.104768187058695,1.2664784443710688,0.6359349592386115,1.0975865963903197
15,20260830,adipose_subcutaneous,caloric_restriction,0.09439930346427139,0.9129818562739489,1.9561707716288634,0.9486562842479845,1.204498093639472,0.8981158317104687,0.8476484111112722,1.0749188948493817,0.8306372736351135,1.117217245538815,1.1007834935586058,1.2374148895349892,0.6209575935434104,1.1416275169216
16,20260830,adipose_subcutaneous,fed,0.6868311972055146,0.47915361572034953,1.2931565323945917,0.6982967657156879,1.2240676115965923,1.2006941938738023,0.9711263670953921,0.9731640057267072,0.8615276393643437,1.085519869493937,0.9451158119636798,1.5750589638058214,0.5993205989626922,0.8256204372314866
17,20260830,skeletal_muscle,exercise,0.3057569537203567,0.16422665170810746,0.745633488949403,0.5205631688699873,1.0519385894706772,0.9480108679778394,1.2179605566814313,1.067373134337858,1.0528020006138585,0.8665769879530977,1.0264173255869138,1.0048414939316301,1.0617995444323298,0.9333589616360399
18,20260830,adipose_subcutaneous,exercise,0.1868886717188436,0.7489603105602131,1.6562930458759728,0.7455666733904647,0.9995556311618975,0.8401378548989907,0.8798779928474845,1.1090867066538637,0.8135854181008901,1.0891876152556306,0.9863653940558753,1.3751047975572894,0.8484470072875031,0.7764481951552074
19,20260830,adipose_subcutaneous,caloric_restriction,0.39867481701645047,0.27228263207810266,1.5017438481829957,1.0360865586326349,1.0141607078080812,1.1990994316026902,0.8617271224145062,1.032813764724777,1.1531450634727363,1.2186604506023682,1.0627477564673256,0.7500108417400279,1.387495546726814,0.8624936115331585
20,20260830,liver,fed,0.731159508806277,0.6795838192973579,1.4487140622788506,1.9030621727256825,0.8325868180688347,0.9915491030547914,1.088039693894671,0.9883270195532265,1.1524657895949744,1.1607057095938267,1.0722678296119665,0.7578565945732423,1.007420653818468,1.23472275160829
21,20260830,skeletal_muscle,exercise,0.8189186065069868,0.34475767729150597,1.4531053426976746,1.0546904231693592,0.9329766017322502,0.8645200703469729,1.2158208125515286,0.9077944198713439,1.2405758875590662,1.2034050536071794,1.0646986237041343,0.5129477122322184,1.2809395682128561,1.2061127195549257
22,20260830,liver,fed,0.2543623202141295,0.6001305522771332,0.6312644134736791,0.7517797849706832,1.0386360834718233,1.1563770697789535,1.2011808213756583,0.971064695904632,0.9897363378054534,0.9558055249281092,1.1739496572429513,0.8109528246475635,1.4634123530887728,0.7256348222636638
23,20260830,skeletal_muscle,fasted,0.38451508047902405,0.47681075151115193,0.8397322265985446,0.6458737219335939,1.2082450550126813,0.8339145339351617,0.8649598612349865,1.012078433187029,0.873021263414359,0.8852858065593843,0.9786377178710115,0.4831026002364122,1.2391169238482647,1.2777804759153226
24,20260830,liver,caloric_restriction,0.714056926488069,0.7116802433661028,0.5389549642362115,1.2347581384730015,1.0367734098556736,1.0701001897983176,0.9946453951043177,0.8907333989509568,1.0029424183299072,1.0344447989597076,0.8527220087488224,0.5550772838830315,1.8526849397056178,0.5922377764113507
25,20260830,skeletal_muscle,exercise,0.7453318204141427,0.3097437070310568,0.8927538028702253,0.5229670618424466,0.9236260161741374,1.0560443162842128,0.8353681637443425,1.1669353346731859,0.8793520116455861,1.1188176133460221,0.9745131939408319,0.7134238040703135,1.0017941706322138,1.2847820252974729
26,20260830,liver,caloric_restriction,0.324365582782121,0.27949542155859675,0.5282895029827922,1.660117650562801,0.840464455558634,0.9571133139882901,0.9712220268862273,1.2277074728002284,0.9316742018295416,1.0952339484414364,0.974041785388938,1.0616452039016093,0.43705297094305434,1.5013018251553367
27,20260830,adipose_subcutaneous,fasted,0.5798541599737993,0.8971713128431675,0.6992699640559762,0.7683207250816533,0.9538311101028637,0.8714400464146655,0.811767416542644,1.2418366060294745,1.2139508684253077,1.0074454115538922,1.2411081542812041,0.9063367965392627,1.029786130057443,1.0638770734032938
28,20260830,liver,caloric_restriction,0.33863898517302593,0.3374871425427487,0.7969589942029669,0.6973703960214436,0.9906173861146593,0.9858547200703829,1.1276821728680542,0.8090717634888432,0.9899427563763469,1.2235531935973691,0.9404923170765955,0.8908472687015138,1.0871148183098123,1.0220379129886736
29,20260830,liver,exercise,0.3493816085181578,0.5434025048376349,0.5403503271513658,0.5372151989176308,1.0207348747143907,0.9254836378140556,1.0217856629525641,1.07210364493623,1.1765567567358661,0.9190621803814423,0.8328081261354628,1.022912875549507,1.3052819381810814,0.6718051862694117
30,20260830,skeletal_muscle,exercise,0.45637793612755295,0.285182083516652,0.6596916514784755,0.8250065595117074,0.883360561688587,0.8509895854097196,1.14131015276564,1.0924078186186537,0.8282410060209155,1.1653794759017626,0.8707201598998158,0.5775125894776574,1.8512165578544282,0.5712708526679141
31,20260830,liver,caloric_restriction,0.05990547862652684,0.7139064696835663,1.5009995673772438,0.6054771679856739,0.970551379147692,0.9760133354971215,1.0218282665751295,0.998484538889271,0.9678535414196264,0.9498486935514551,1.2124831822068871,1.0373203176249315,1.1917542852319285,0.7709253971431403
32,20260830,liver,exercise,0.594503986156815,0.5550772674450061,1.5743737879117885,0.7627720158041801,1.0801167336137705,0.8653589442136254,1.0152108170409908,1.0799472495056903,0.9661799117772681,0.9174517396175706,1.0881980455410531,0.6328259055187548,1.2430271666895947,1.1241469277916503
33,20260830,adipose_subcutaneous,caloric_restriction,0.32236858570112525,0.4297722072002421,1.1407320600957012,1.780194110697758,0.9282949577969989,0.9750017255093946,1.0110144873385272,0.9357112675983886,1.1264303627499515,0.8885522629945448,1.1988296867051076,0.9304079277336966,1.3449381838699193,0.7246538883963837
34,20260830,adipose_subcutaneous,caloric_restriction,0.04826910678808927,0.5780763233291735,0.8556046579045924,0.6454367328010125,1.0626262672005726,1.1699350021091464,0.9809906356078574,0.8305432623410631,1.1299561497182093,1.0328285490119782,0.8754210461061418,0.7893407857313423,1.1398574053558388,1.0708018089128188
35,20260830,adipose_subcutaneous,fasted,0.1862444636699344,0.9695618337201483,0.5910326126523773,1.3427191395307598,1.0738780870318962,0.819105967943472,0.9654135501448619,1.2183120347420542,1.0592993875575376,0.8252232151553528,0.9518158423522656,1.1826967362624754,1.1620045002247328,0.6552987635127915
36,20260830,skeletal_muscle,caloric_restriction,0.19735135501882606,0.5843092602472107,0.6073890551155086,0.6123608941118641,0.8614796719603331,0.9876496583348847,0.8529801601377207,0.8852605917005633,0.9102278904156392,1.1496441818564995,0.8226810915086692,0.5507586072290326,1.344047551509529,1.1051938412614388
37,20260830,skeletal_muscle,exercise,0.3717055481243088,0.8444936324196227,0.5322811441650669,1.2804792565809544,0.8738305421321524,1.039644043431966,1.1030741847382282,0.9377347535989399,0.9404352728108857,1.2344565591591359,1.058686903179102,1.0688144408572757,1.0672786492057964,0.863906909936928
38,20260830,skeletal_muscle,fasted,0.2859121442860195,0.6959964136401425,1.8141627396028077,0.8768655425921978,1.1409896655005878,1.1379744573480592,1.2124729063099893,1.200942244626023,1.126750808086825,1.1389682904312317,0.9661989386827167,1.2744473988654195,0.4057303531838685,1.3198222479507122
39,20260830,skeletal_muscle,exercise,0.9784696055984754,0.21050508720017536,1.183614077544744,0.5980958746306908,1.2358480831817618,0.8001828505215606,1.117423602838947,0.9278410277133774,1.1318126417403236,1.0871699200005627,0.867023729163078,0.5514620107253965,1.6873564251079922,0.7611815641666115
40,20260830,liver,exercise,0.5192707060202947,0.9813603717576441,0.6295536337322769,1.287864891656861,0.8303585043499623,0.8569885342950412,1.1661686230589705,0.9509964591067309,0.9422175004112203,0.944061968555906,1.185894616096465,1.0326190245724916,0.7971140551792741,1.1702669202482343
41,20260830,skeletal_muscle,fed,0.023175732330054655,0.85836930486967,1.207759012551725,0.7885327016236936,0.8441520687703078,0.9960678448398942,0.831413945844547,0.9600281459288498,1.1506197938837592,1.0252086401146625,1.0577216520861001,1.3815897543565026,0.9671870664661533,0.6512231791773441
42,20260830,skeletal_muscle,fasted,0.08039810678805881,0.3798777877788475,1.0175967875005967,0.5871653037897807,1.0101095904983837,0.8076530429525611,0.9919069613094906,1.010439294446573,0.9493590776623473,1.052258928188356,0.9238570597881018,0.9496989324363879,0.728801987827123,1.3214990797364892
43,20260830,liver,fasted,0.11890152287108502,0.8672758902544863,1.609965286558369,1.9045832369882936,0.8548523222693984,1.192481206521147,0.969930122169941,0.9079743871496062,0.8117737382745944,0.9896063000293452,0.8731116649116615,0.8592760586052639,0.8615291679156336,1.2791947734791025
44,20260830,adipose_subcutaneous,caloric_restriction,0.8228076281464578,0.9423158822392408,0.6170071020597327,1.5692281161720565,1.2468302840779868,1.2050058064244427,0.913191001959567,1.1459385502393122,0.8224728127310637,0.8951890775792883,0.8818445699474567,1.441953887015872,0.5081017916525771,1.0499443213315507
45,20260830,adipose_subcutaneous,fed,0.6357106457056126,0.15727616640055186,1.4126954056731835,1.2723751993150931,0.8763409864477523,1.1416047532354228,1.1161843458568557,1.002396172657334,0.8340693313917604,0.8287120767375373,1.0517101863794642,1.2001768630510739,0.6012241301915617,1.1985990067573646
46,20260830,adipose_subcutaneous,fed,0.050586447550839964,0.7506770167629834,1.3507085540471229,0.5531568651344141,0.8453422694225111,1.1222605870634832,0.8747311923427853,0.9833602847537792,0.9903868283616281,1.004811882467629,1.1529499094608857,1.272925551185114,0.3706009621540037,1.3564734866608823
47,20260830,liver,caloric_restriction,0.5062075606262708,0.9634681715315545,0.5327526632119932,0.6233992586822105,1.1678045164329756,1.1073473607863509,0.9399890369208291,0.8781020522790273,1.1966482021107927,0.9804483126110518,0.9600799709142022,0.5268193849595983,1.7296413419879242,0.7435392730524771
48,20260830,liver,caloric_restriction,0.18391804754947472,0.33509521863119873,0.792783822943079,0.7273768256640779,1.0729618133874324,1.196756302599094,0.9992579292097468,0.8938435250432925,0.8877569915478201,0.8375679439651058,1.232815268276494,0.6500933683277313,1.0122884155241092,1.3376182161481591
49,20260830,adipose_subcutaneous,fed,0.6347929548486161,0.7344661523953607,0.851886746050622,0.9534584003473627,1.2240091716631494,1.0545504336033225,0.8359998942916664,1.1725918362514858,0.9564851873865274,1.1301440204118451,0.9905999776534147,0.7096953526130129,1.060200206466637,1.2301044409203499
50,20260830,adipose_subcutaneous,fasted,0.15538657830684788,0.030049854385913122,0.6563867692179629,1.2818691132651219,1.2231889157646891,1.2300143654432343,0.9425750708915145,1.2302315674810262,1.2213891496889542,1.0882223549950554,1.1367518237282535,1.4541751215170562,0.7383433203561697,0.8074815581267744
51,20260830,liver,fasted,0.11518684498824827,0.3761911149033138,1.4061224694972656,1.90021653936816,0.9022612462677985,0.8340114585928027,0.9001024914426469,0.8304738172268686,0.8890243252192839,1.1171456709663423,0.9757382999966752,0.5773985079061964,0.7658537652239583,1.656747726869845
52,20260830,adipose_subcutaneous,caloric_restriction,0.24466008282243445,0.5834408557024023,0.9254625622960936,1.4097716012482522,0.8251520201545761,1.231125940626432,1.084509193877344,0.9605770314499927,1.0858187539565334,0.9479461440330749,0.9140063081410972,0.9283461490329624,0.8505865997003481,1.2210672512666896
53,20260830,liver,fasted,0.7472419188558961,0.24157197562712485,1.8585899317217849,1.2413947211665526,0.8353331848894389,1.169566010690651,1.2297906541288592,1.0070615304077168,0.9612951567319125,0.9400609938799911,1.204126322494128,1.241929565779737,0.6040453508050552,1.154025083415208
54,20260830,skeletal_muscle,caloric_restriction,0.6580665128065014,0.08255338949039615,1.0772314828274876,1.3750460143156031,0.8813188955657901,1.1900736003770775,0.9499128139562242,1.092052382186337,0.9609941709543566,0.8883443764455786,0.9056642521328435,0.8300949427539513,0.9749567177415024,1.1949483395045466
55,20260830,liver,exercise,0.09632084963247933,0.8714028059276997,1.800748023783953,0.7907709739314357,1.1192211384205049,1.2472218776333734,1.215952279603524,1.2215145833491408,1.0680894997762216,1.07311409969976,0.9596592004003137,1.14377456731908,0.7429964267413445,1.1132290059395753
56,20260830,adipose_subcutaneous,fed,0.9801587642549433,0.5892792006473467,1.732654415644183,0.7631022739184069,0.999191114944302,1.1336563297659188,0.9767952483014105,0.8855946272002572,1.048198849526212,1.0165925788066181,1.1298258223599102,1.0561022060739966,0.5114916421204097,1.4324061518055935
57,20260830,adipose_subcutaneous,fasted,0.4678102525418051,0.7719170570413455,1.005906199382455,0.6992547231361651,0.9221353475999501,0.8633824854939853,1.2277304234843431,1.039944354448173,1.0796684340953207,1.1446253412083214,1.2086637182949234,1.2879476861247277,0.895075398859019,0.8169769150162531
58,20260830,liver,fasted,0.9525888067278145,0.6111602538778735,1.0322461845375783,1.154325724686291,0.806651796459143,0.8797666070541784,0.9160806257845888,0.9863940878380145,1.190355506020645,1.0609977343375747,1.0051609110525923,0.728022752901323,1.5294860623978168,0.7424911847008602
59,20260830,liver,caloric_restriction,0.8668605354892223,0.47144070429471896,1.137584744161524,1.682496014350067,1.1802058515727731,0.9051691664678584,1.1979174449716674,0.9439982033223981,0.8079502538903405,1.1785744559216718,0.9001082163873922,0.8384316891548536,0.7953384806323658,1.3662298302127804
60,20260830,skeletal_muscle,fed,0.43732955426667675,0.5586686373098312,0.532489660068018,0.9215594895848827,1.2042647380648612,0.8633931700213807,1.1781660154066151,1.227298533498456,1.0948767302399014,1.0815553692326607,0.9377468584232185,0.6968146780137475,1.0541412606974083,1.2490440612888443
61,20260830,liver,fasted,0.9841737547285541,0.7917062491022833,1.5023706483106753,1.010377271985659,0.828373502049213,1.08401228156678,1.1661603839331003,1.002251382283682,1.0158892179381327,1.0530727798845054,0.8999513449513482,1.0722360922700185,0.7887267866915002,1.1390371210384815
62,20260830,adipose_subcutaneous,fed,0.05111423401742654,0.12026636309577055,0.6403349966187033,0.8321836839552772,1.0289851995256214,0.828970840529323,0.8154160402494341,0.8215115811904016,1.1562420173430898,1.133069799617921,0.9235462202554338,0.7785719349538264,0.7240451552804933,1.4973829097656801
63,20260830,skeletal_muscle,caloric_restriction,0.05905796283494713,0.38414672369527125,0.5775852403914373,1.1292566640187756,0.8929329937128107,0.9584235174625337,1.0742089596846054,0.9160779874369073,1.1762381378276818,1.1834231302702751,1.069865931190337,1.0467400894615062,1.187046174845157,0.7662137356933367
64,20260830,skeletal_muscle,fasted,0.2896049080353055,0.592898924149445,0.7532875818565727,1.5556395292745853,1.1410884010509348,1.0482156047265547,1.0574734284093343,0.8004244242814345,0.8705921847440602,0.8744866495578711,0.9112714024165404,1.007563711141643,1.2303481871600348,0.7620881016983223
65,20260830,adipose_subcutaneous,fasted,0.8035153146523832,0.5127857435942477,0.917002695160381,1.1701738092835257,0.9224819438238573,0.9359104114981477,1.1415293892042369,0.8022285844123651,0.8528646247008124,0.9539900093276343,0.9511189893470595,0.9745726012532828,1.1631773887182637,0.8622500100284539
66,20260830,liver,fasted,0.07409892043958943,0.7412717521286245,0.9537635441125458,0.9233425009399169,1.1799273383738313,0.8681831047657486,1.208478752521006,0.9854176364837349,0.9045651534606741,0.9381732441899082,0.8721827410413204,0.5251320040058216,1.057745750686989,1.4171222453071899
67,20260830,liver,fed,0.18608469439739506,0.22373755171340504,0.6594301827314321,1.9475327288647455,1.0892033570504054,1.0743949174750327,1.020274469452778,0.8687754753275485,0.9211366956427335,0.9397875955793931,0.8687151322928797,1.0733333781990972,0.9376570806743878,0.9890095411265152
68,20260830,liver,fasted,0.4686027738169698,0.865675003953034,1.4064907281198682,0.9965936709289116,0.946095593733446,1.130567245765743,1.0204948466308128,0.848440505659978,1.0212263118678018,1.1414076952224228,0.8111902715999431,0.48072061973906544,1.7372100584047971,0.7820693218561376
69,20260830,liver,fasted,0.391989404618302,0.37540738732493406,1.3062392155489573,1.2571705903967,0.850511991581698,0.9982957983319486,1.0545844266628974,1.186618697568086,1.213188268502955,1.10966213248802,0.8573996755310132,0.7314379900716029,1.367129955348699,0.9014320545796984
70,20260830,skeletal_muscle,exercise,0.28359946967852867,0.5461455310044678,1.7030304163018968,0.8076108889018031,1.1582137052597334,1.058150567437218,1.0520175654919073,1.02037239278421,1.099274328115806,1.2292912819099373,1.1602656675812717,1.00514317975901,1.259033890185815,0.7358229300551751
71,20260830,skeletal_muscle,exercise,0.794124737833447,0.9457300833756576,0.5249789068797271,1.192990505973297,0.8211429133736972,1.2166467735014868,0.9358544186442052,1.0343904638115595,1.160276696017381,1.0697090937067597,0.9706352037102305,1.100815363186041,0.5073743228853811,1.391810313928578
72,20260830,skeletal_muscle,fasted,0.6373852418245596,0.3613554216416076,1.1613507307629338,1.8016505155878635,0.8824168302633865,0.9260703909947744,0.8315627548069646,0.9371111683953143,0.9123351785404444,0.9092607895127464,0.8624304408600649,1.2565716068709933,0.5952396718003501,1.1481887213286568
73,20260830,adipose_subcutaneous,fasted,0.41701538260389437,0.5038121471721553,0.7649176071114289,0.7623696445609365,0.9811119796835318,1.0893694820109787,1.0004446070441264,0.9395763229767692,0.9946423439037813,0.9283096670388344,1.0774134473449433,0.7117715806050956,0.7198274597042671,1.5684009596906374
74,20260830,liver,exercise,0.7702985606371554,0.7885216717896674,1.5022248711536668,0.683233250171478,0.8131588668192492,1.20440653280211,0.839260472192458,1.0268175033594868,1.2113569455886224,1.1478064776930166,1.1770648652206472,1.2643076823951038,0.9531526308396262,0.7825396867652699
75,20260830,skeletal_muscle,caloric_restriction,0.5376546393746892,0.34801353758817477,1.5593842389299906,0.7999993514151081,1.1623958080514738,0.8113661206391379,0.9331131482669923,0.8294806887168018,1.0536804405446702,0.9252133238517318,0.9644935857136406,1.052671275213535,0.7186286466348265,1.2287000781516388
76,20260830,skeletal_muscle,caloric_restriction,0.17911683996254424,0.32689799733476455,1.7843974624483812,0.7306380558300989,1.08105550329743,0.9824971741049419,0.8324550395485734,1.2294995139891505,1.0529794354894335,0.849016375179767,0.855270415691452,0.8691864587244048,0.770995621252367,1.3598179200232283
77,20260830,skeletal_muscle,exercise,0.12170473587202002,0.3874179921805526,1.2180222675994101,1.0806786642283968,0.9105804559947603,1.1695942526325045,0.9648235566029661,0.9253772529201723,1.169867503136544,1.1117093429934377,0.8294986856910332,0.9997625080704136,0.9636879101452778,1.0365495817843087
78,20260830,skeletal_muscle,caloric_restriction,0.31837305748830647,0.013244058036985473,1.708331796596543,0.5317553125864638,0.8702309662173142,0.979676419233125,1.207669965336882,1.1219554817232955,0.8546110589218179,0.8058619630328026,0.8987900696484245,1.5547070575984285,0.7970472487892407,0.6482456936123305
79,20260830,skeletal_muscle,fed,0.6871741721510787,0.24118696193537115,1.6526363489228648,0.7304423808887901,0.825734333736486,1.235086587213413,0.9655625985818471,0.8265945003996558,0.8723139463571068,1.1806515670746518,1.1398708309575114,0.6336366907018023,0.8246241459494408,1.5417391633487572
80,20260830,adipose_subcutaneous,fasted,0.7537962706515102,0.3198414955893666,1.2968127699929175,0.9143769752817452,0.9643473648756644,0.8312010071449188,0.9855749129409246,0.9987247962029695,1.0021327520937258,0.8234422086281845,0.9679368239247275,0.5198954570031368,1.491546882706871,0.9885576602899924
81,20260830,skeletal_muscle,fed,0.04327344421690482,0.8687222222666483,1.8827975152755447,0.6738761480216653,1.107539550749069,1.2455247099690296,0.805390932795103,0.9239189932822311,0.9409986182641987,1.001585902556192,1.0529781674970164,1.0577393531234702,1.1012227133206522,0.8410379335558777
82,20260830,adipose_subcutaneous,exercise,0.45702601170677437,0.8224075751766681,0.8804124853737878,1.9441603687989042,1.0793267005719065,0.8551628509283881,0.8631929690160243,0.9969253581226808,1.0476717684218768,0.8739589730628345,0.8021448671306892,1.3356829628155764,1.1427167955208883,0.5216002416635351
83,20260830,liver,exercise,0.20717560406061408,0.5077558335015968,1.2587319331031446,0.5854782368077635,0.9285222892210538,1.2003699194343944,0.9167699184086906,0.8583876433864776,1.0165262221195919,1.1153035748878701,0.8370588945890044,1.5134363125267392,0.5166991723858929,0.9698645150873682
84,20260830,adipose_subcutaneous,caloric_restriction,0.31416698169372015,0.4449447645078307,0.6990199516019461,0.6293463343932983,0.9586800901143175,1.112978467186273,1.24629513060063,1.21660045608137,1.2076602844269102,0.9490880645760477,0.9524762321279516,1.1602583116992475,1.1408303125265231,0.6989113757742295
85,20260830,adipose_subcutaneous,fasted,0.665615313371739,0.2652460684327317,0.506122523533019,1.3774621258838975,0.8818477867398424,1.030238257023492,1.1621668511028962,0.8196243194562763,1.0720340418057708,0.9831754594050307,1.0110255261205217,1.196226004435009,1.3666569078484614,0.4371170877165296
86,20260830,adipose_subcutaneous,fed,0.11392495641215694,0.37354413437873735,0.6932316986614728,0.7496508376093437,1.1408157112706343,0.8086224763410519,0.906927426646764,0.9526812903033046,1.0908274489122274,1.1545002019212665,0.9516292415902639,0.48166088564215254,1.6175802743874073,0.9007588399704403
87,20260830,adipose_subcutaneous,fed,0.7334989581154946,0.4975017639653443,0.7866055570358417,0.7663583997333937,0.827605781081873,1.1924228597581492,1.0720660705789853,1.0324312171417023,1.1020754464106954,1.1224433279521757,0.8569949138362942,1.2938886920023407,1.2810018036896698,0.42510950430798916
88,20260830,adipose_subcutaneous,fed,0.1887351273304878,0.9396453305079623,0.87656148265718,0.9995004106537505,0.8653491648165583,1.0967234809234492,0.8060069738100325,1.0289017565953746,0.8469057482674925,1.1268754286916112,1.0430652602587502,0.8240422639610361,0.9009627615066328,1.274994974532331
89,20260830,skeletal_muscle,fed,0.96266382791289,0.9667959866493199,0.9370805867006934,1.7417831675569966,0.9957035986120912,1.1077446210528208,1.2369621317371622,1.048129475488638,0.9220020451099111,0.8071779767360409,0.9640359375674044,1.1160491651731834,1.2990727506459054,0.5848780841809114
90,20260830,adipose_subcutaneous,fasted,0.11977845825400923,0.33379561746233655,1.6835726858757756,0.8897520922655777,0.9710152996423412,1.1805238873608916,1.0375613895352351,1.1229955071049138,0.9938904789985809,1.0198622341205603,0.8348134195503829,0.9687765940152845,1.0621634099568438,0.969059996027872
91,20260830,liver,fed,0.011953934127146848,0.6712999288685485,0.5865009406055183,0.5362481605654092,0.922018750765412,1.163932912692958,1.091393292731741,0.9857739090308054,0.9182965891756293,1.110988632300888,1.1546553384820843,1.2513557457077285,0.8368351235318442,0.9118091307604274
92,20260830,adipose_subcutaneous,exercise,0.7478918890565042,0.16585611470286066,0.7717291748268956,0.7301326864418338,0.9581374072037298,1.2493083062207828,1.0715013455586317,0.9931037147807206,1.098629260350008,0.9388231418834463,0.8095451159041496,1.1371725549693452,0.7237850717809703,1.1390423732496846
93,20260830,adipose_subcutaneous,exercise,0.7800766640291786,0.07561025572796165,0.6030782747611032,1.2571202263062808,1.123350141982935,1.1906692844465814,0.9918053377286196,1.1586363658305883,0.8114539332425795,1.0081750018497628,0.9445390275178549,0.930204660101932,0.7652867762752695,1.304508563622798
94,20260830,liver,caloric_restriction,0.31261904425632814,0.9469907453616062,0.8632954638679857,1.2177316104757443,1.2374626792631038,0.90384919127873,0.9893474539037365,1.1037912493043174,1.1490203185407981,1.2355824806646347,0.8893228590953755,1.1007878585493922,0.6778388276671775,1.22137331378343
95,20260830,adipose_subcutaneous,fed,0.3484028131017516,0.9672534527477856,0.8451075938973245,1.6158011549338946,0.8475661947730151,1.2259661210385018,1.1895143479777275,0.9120755768372161,0.9217707114672201,0.9750162840362074,1.0324087324389906,0.613914623288256,1.2091153046202945,1.1769700720914495
96,20260830,skeletal_muscle,fasted,0.5500898338453518,0.13144811657080457,1.3049402925543545,0.7689699205046688,1.0508643523601442,1.0586793567900836,0.8488829675120141,1.0495470086024692,0.8661445190186798,1.1598200035139845,0.865889620434175,0.9102420484252066,1.0777717407033995,1.0119862108713937
97,20260830,skeletal_muscle,fasted,0.47635803522630715,0.7567343623335242,1.4215856904727102,0.6142032253281016,0.9892827640384688,0.8501371637233637,0.8994486967737086,0.9118407231265543,0.8336093268536734,1.0296857717874146,0.8502258309365319,0.9439406810884091,0.8550885740404927,1.2009707448710987
98,20260830,liver,exercise,0.3543191348728786,0.6596659790209459,1.2070235025453615,1.763217654922511,0.9027377330577618,0.9564762212659617,1.0086266478102288,1.1374258621012707,0.9337841476780403,0.8903017756985526,0.9239230791897322,1.193300988800793,0.4545951477317369,1.3521038634674702
99,20260830,adipose_subcutaneous,fasted,0.5048375673371737,0.565058448532432,0.5112210282195581,0.5608739323108691,1.179216110495118,1.0011035062432732,1.0374265705403252,0.8232765395396799,1.1223237350138924,0.9452635839707999,0.8501148549668579,1.1563775506905174,0.6572441626331146,1.186378286676368
100,20260830,liver,exercise,0.06378361585402492,0.7331410832146614,0.7318814720163423,0.7358507947534212,0.9480220207784157,0.829576011387328,1.145612655320711,0.9515132224318463,1.1316971971520011,0.8851973830679593,1.2065057953732985,1.1098101765165196,1.5006749720186188,0.38951485146486176
101,20260830,skeletal_muscle,fasted,0.19558075966555377,0.2440953973979506,0.996675143448756,0.6739222744598752,0.833960150180162,0.9726653556423017,1.0575074983682586,0.8281138801759355,0.999404645517792,0.823416205535368,1.009837769807276,1.0768973563947333,0.8804802617668055,1.042622381838461
102,20260830,liver,exercise,0.8251212349861272,0.14917756456721465,0.574903003129823,0.9735360194074898,1.1077636665024615,1.1017871911167154,0.8613347635844143,0.9180873486942738,1.1528959567855017,0.8098174200390813,0.9938404819839488,1.1761609561766413,0.6163460899778531,1.2074929538455053
103,20260830,liver,fasted,0.6543834432434447,0.019394582276452743,1.0097203300809476,1.9050380007460874,1.1611481354488282,0.8444784277431919,1.1680512959240184,0.8413540301870419,1.2413770028303885,1.0610905389197116,0.9431978588539642,1.1890547754044025,0.8869605140186138,0.9239847105769837
104,20260830,liver,caloric_restriction,0.37170939626254995,0.2294443326713963,0.6037445975227524,0.6288504732785383,1.0470670227866716,1.132871052928018,1.226401780639626,0.8603158409870515,0.8841312523241847,1.0004679086612747,1.2204227932439573,1.1761629088316492,0.8250850145717165,0.9987520765966341
105,20260830,skeletal_muscle,caloric_restriction,0.5305063703323016,0.9863383387525181,1.8001656666009094,0.7022704156066946,0.8946419626167894,1.0598087717767337,0.9392904482467239,1.0768802912426065,1.1389272206375614,0.8267429056468844,1.2226333916726408,0.8259340277512554,1.449239007197407,0.7248269650513375
106,20260830,adipose_subcutaneous,fasted,0.3429417132729359,0.3890618830263106,1.8399110195022943,0.6830729395873864,1.232698414344672,0.9044286113663201,0.8941938680033291,1.2412970820125644,1.1983023101695902,1.0548653006780444,1.2386900104794767,1.199979691545195,1.0930390604817168,0.7069812479730884
107,20260830,skeletal_muscle,caloric_restriction,0.5846076636588521,0.06808840067387778,0.8609521123378963,0.9661531261365227,1.21483683190473,0.8969521441534388,1.0800758750579362,0.8964626364823441,1.204954930694238,0.8184774652974515,1.0844435299272728,0.6022172693512285,0.9706607833587034,1.427121947290068
108,20260830,liver,caloric_restriction,0.004147402185821214,0.3089580659112795,0.7768272075533916,0.5731618609644045,0.9822579659726727,0.9159701518720436,1.2419666407701728,1.062086259048329,0.9599656283336659,1.0872967846561656,0.9852344270165714,1.356542748586804,0.9442896410904761,0.6991676103227198
109,20260830,liver,fasted,0.5793731153691956,0.000989275074786522,0.8966557411433884,1.2454471993569947,1.090400683180131,0.905202335945134,0.8884938984758007,1.0856299335463175,0.9268649204722922,1.1242298571219222,0.8323547367550886,0.7553125848602381,1.1887032546901521,1.0559841604496094
110,20260830,liver,fasted,0.8132285869286453,0.43932724759790576,1.422421705481243,0.7312423644579963,1.1012147928506837,0.9245847048448725,0.9199716979084489,1.1125706468750731,1.0288950698114903,1.1103788837966933,1.172267308483346,0.7733200682982536,1.5174366145139517,0.709243317187795
111,20260830,skeletal_muscle,caloric_restriction,0.6872977678292398,0.5970283482765193,0.6308474311070723,1.0095608025276481,0.8097750450147745,1.2078858158632384,1.0360175084279535,0.8612496263188556,0.8348474128213784,0.8293721011246847,0.8318516178883085,1.0980076058100843,1.4289907251078369,0.4730016690820788
112,20260830,liver,fed,0.8842895790276126,0.1922442661661038,0.6422989016050628,1.337665365059345,0.8600050670703548,0.8523413512980783,0.936698000430971,0.9965095854636276,1.206121242326808,0.9009271247778398,0.8703618823738504,0.8813029246639209,1.554242910314342,0.5644541650217372
113,20260830,adipose_subcutaneous,fasted,0.47457130271312653,0.05995341913832242,0.7292915238354573,0.8840442240435664,1.0114609550441656,1.0803346813646875,1.0122179526243995,0.977857611791121,1.0661101853243622,0.8785702398772994,0.9378891195449959,0.7660065609474312,1.2136133792001182,1.0203800598524504
114,20260830,liver,fasted,0.17521990997821546,0.634229128915969,0.83793207503525,0.9862595890715106,0.9547285355357774,1.1957453483629294,1.192842579238657,0.8551223642897954,1.1453167580683603,0.9396724600875686,0.8915249160510282,0.8539890834556502,1.0951767427147268,1.0508341738296232
115,20260830,adipose_subcutaneous,fed,0.19805057882551813,0.8681362167717309,1.3739771863234038,0.5886012261152118,1.1324618778403923,0.8702312930425701,1.0210810013878198,1.0638981607674445,1.20698616381533,1.242591391620179,0.8773277497627778,1.6233917191764917,0.4842601284082422,0.8923481524152663
116,20260830,skeletal_muscle,exercise,0.7015598004555391,0.9122818583672119,0.8532317441501779,1.391406882370014,0.8621486026916354,0.8522648114759094,0.8411625841289023,1.1223677332297202,1.2360219099884606,1.1839470519348563,1.015840267581066,0.6202904140082538,0.8411963075975911,1.5385132783941549
117,20260830,skeletal_muscle,caloric_restriction,0.30898794715755085,0.3803705478286332,0.5846070173355684,0.7314397450283742,1.1752544698104874,1.1221183376284294,1.080103222090551,0.8261941167504472,1.0178170689066037,0.9656528180646768,1.0836853397877428,0.8446229906692233,1.2365285439442204,0.9188484653865563
118,20260830,skeletal_muscle,fed,0.7816778497197454,0.6036764922455495,0.6382728938898362,1.273740655318486,0.8542641182561518,1.0205346297475932,0.9483066511099604,0.8005439917125762,0.9665658082490293,0.88603537404778,1.0699523348471314,0.8641584839171009,0.9356404267954948,1.2002010892874044
119,20260830,liver,exercise,0.993896408658258,0.24691112737541898,1.8261515894095692,0.5055510578505011,0.8018994728732505,0.8990198122308118,1.2229313596007532,0.9067768215699576,1.1950771547468897,1.1700185034816677,1.0090935249385322,1.343507118292157,1.1454994903428555,0.5109933913649876
120,20260830,adipose_subcutaneous,fasted,0.7952978752439661,0.4921325794125514,0.7994741397703079,1.12669035686036,0.9135219566086169,0.9731664290704667,0.8762622836052757,0.9502154335098824,1.1958336636850706,0.8971273882211165,1.117009886189453,0.9730198956801149,0.932347311469819,1.0946327928500659
121,20260830,skeletal_muscle,exercise,0.7188569789264293,0.23421371045620454,0.7471010318326732,1.9519407915622067,0.8915332687129933,0.8758684577244764,0.9893380000060659,0.9691904916009441,1.0166355642283342,1.1548411692466019,0.9896429616236608,1.2057458987999188,1.175783793310385,0.6184703078896963
122,20260830,liver,exercise,0.7076630888766957,0.4854679857933559,0.8426191844453089,0.5673494099104148,1.0350139353919425,1.0227371017813134,1.0019358668138607,0.8768171711041494,1.0113137508360575,1.0534214218198068,1.0529386425082834,0.5935926372312463,1.306838787834664,1.09956857493409
123,20260830,skeletal_muscle,caloric_restriction,0.7327400907832677,0.6672402196751804,0.6372363726370461,0.749631635147164,1.069949628056592,1.1352254437338212,0.878395535565439,1.0577920257370108,0.9394569166653763,1.2436224168349888,0.8685845642704622,0.7203227923384918,0.7939533225449181,1.48572388511659
124,20260830,liver,exercise,0.7743275155883279,0.9755761367240526,1.6630767968103453,0.6646901025544824,0.8089960764751736,0.9165796975905922,0.9860882648985168,0.8415062665424806,1.0117968517277605,1.0986540945904142,1.0156665774142044,0.8550900229854353,1.3500861053603246,0.79482387165424
125,20260830,liver,caloric_restriction,0.08096063563183631,0.8055401395817183,0.5052205879573985,0.7172366001421799,1.20704727182098,1.0729342537853515,1.144739558053055,1.2442422112855227,0.882888362395485,0.9650923564223259,1.2201046020715336,1.3673890406768447,0.6029893890594049,1.0296215702637503
126,20260830,skeletal_muscle,caloric_restriction,0.2086546004159755,0.8334898323542745,0.8550682400536912,1.973439915249898,0.9414569485660075,0.8470672940585979,0.8731248357272667,0.9929162879992469,0.9461707746617745,0.8083702389238991,1.0369999029771146,0.9295760088409679,1.3507770088363253,0.719646982322707
127,20260830,liver,fasted,0.6228900953451738,0.052138138158114855,0.6101566954713968,0.7202013021737292,0.9871557523342568,0.8268291447189587,1.03669339407057,1.0573632128316155,1.1510799267657594,1.0866190691075022,1.0693906696933335,1.411994997240407,1.0029079823502516,0.5850970204093415
128,20260830,skeletal_muscle,caloric_restriction,0.6870802188320144,0.9387992841003359,1.9462860413507457,0.5153601999559349,0.9716138348606335,0.817641581333482,1.1042221912655406,1.216467195449545,0.8635708381740076,0.8152711168658944,1.1229474478308519,1.004475721573762,0.9478861581926104,1.0476381202336276
129,20260830,adipose_subcutaneous,fed,0.3375572693577049,0.8941905787449255,1.646434539844947,1.6268218808372108,0.9230978125462288,0.8969732137364108,0.9345825089497349,1.2146455158822544,1.180230881152455,1.1938402151257195,0.8389479878830921,1.421054874473705,0.7860768262879396,0.7928682992383556
130,20260830,liver,caloric_restriction,0.14960306788712707,0.5052614827000977,1.003645099402266,1.9825945698966143,1.1738454381194658,0.8305717443821985,1.0528587813034302,0.8028629055521954,1.2074674348940952,1.1844265766658413,1.1387074643798434,0.6501929023942913,0.5851126767071059,1.7646944208986026
131,20260830,liver,fed,0.6824301071792711,0.8929798982708242,0.9667423495073384,0.77765280234298,0.8657450345786111,1.2405140569208541,1.2047547760700452,0.919503136187952,1.118904788775269,0.9730189950252991,0.9334302304548713,0.9624554291371622,0.9544522850061571,1.0830922858566805
132,20260830,adipose_subcutaneous,exercise,0.5335537920988763,0.8343658774792908,1.1809662629307032,0.7949328403357233,0.9433722995343049,0.9026869714826243,1.1392332838642134,0.9386948758788897,0.8279144555143272,1.1171685699683336,0.91137065145116,1.0154570006796877,0.9304226744693472,1.0541203248509654
133,20260830,skeletal_muscle,fed,0.027355809888711224,0.9470903018849955,0.9744494502580828,1.5050499046228882,0.8885309979654178,1.0155949175772923,1.1521469976091627,0.9480663799154951,1.0426185424471286,1.0296425968766805,1.1819078523880895,0.6402831799800519,0.9749108219466871,1.3848059980732608
134,20260830,adipose_subcutaneous,caloric_restriction,0.7107989952960438,0.6512303258381277,1.5810384192952758,0.5390253344208474,1.0589688719450632,1.1705927543104202,0.8533354158944583,1.0442765275964787,1.1104010894321568,0.919910620677888,1.1785301252161993,1.4622051020652507,0.7270250804836413,0.8107698174511081
135,20260830,skeletal_muscle,fed,0.6402311176829811,0.8621078331682731,1.1421882028203434,0.8623826877953521,1.0182611735961642,1.0561733475710748,0.8265903119275999,0.9538062990972068,0.8266607290159736,1.2220509449014871,0.9531517619610907,1.3499199371604587,0.9379597894910243,0.7121202733485168
136,20260830,liver,fasted,0.6811817677367784,0.6409076650777763,0.7063126644939857,0.8490892346130482,1.0934857369441355,0.8510226340050393,0.9236200881288333,0.8400376592026081,0.8951610569988288,1.0272854673423837,1.0835761645893367,0.44532975443246753,1.246478069142931,1.3081921764246016
137,20260830,adipose_subcutaneous,exercise,0.325744824148528,0.4444872151230208,1.2607115090735888,1.9797178275655842,1.0584244542636714,0.9920238260007884,1.0852196082585281,0.883518741022272,1.117878176611123,1.0080728605203062,0.8318119038568929,1.0160474820159449,0.8126121866007335,1.1713403313833215
138,20260830,skeletal_muscle,fed,0.3469141080059619,0.46851843151855366,0.6051284483039379,0.9600462693254984,0.9412259738580108,1.246021092320827,0.8105423433759287,1.2287177338638346,0.9026597717416245,1.104571113447164,0.8242675617193719,0.6430686310350938,1.7045071225652717,0.6524242463996344
139,20260830,liver,fed,0.2993082538211337,0.2928571411768143,0.8313016433548155,1.0532214689471624,0.8691589148554142,1.044993277337665,0.9238920765864577,0.9870409980968825,0.9022655110562385,0.8700315654612285,0.9135229924651121,1.4047079938980926,0.6790670885289628,0.916224917572945
140,20260830,liver,exercise,0.7704493277487429,0.19507682664204795,1.970021694343486,0.9345295525845216,0.8227463246680701,1.2220554202742944,1.1999181024292045,1.0032506915236812,1.1086603150276664,1.117429687378164,1.1404626099788393,0.8635520871010739,0.5838057903284509,1.5526421225704752
141,20260830,adipose_subcutaneous,caloric_restriction,0.5079762970039619,0.8987013966562774,0.8112442713806859,1.8487200771604333,0.9373684823329151,1.1846996157673393,1.0185962902311467,1.0885530925485905,1.1479463582425828,1.2095168142506108,0.865034021471633,0.7140960957258506,1.2989568365652038,0.9869470677089452
142,20260830,adipose_subcutaneous,fed,0.6172155114077369,0.539625940936072,0.6974079717750866,1.5316209869863273,1.0296338861208132,0.9304845016128871,0.9032931132924573,0.8622646572549048,1.2222129611272874,1.0018764362705794,1.1773455821684216,1.4440903551076696,1.0386714118219948,0.5172382330703359
143,20260830,skeletal_muscle,exercise,0.7853951594500981,0.3645316348511103,0.5396864629405311,0.5391676989137844,1.007529836336709,1.1646438444162988,1.143782502619356,0.9930020753244513,0.9062643719436732,0.8467070399267895,1.1164056912292462,0.5977256191082397,0.7709593103454633,1.6313150705462969
144,20260830,skeletal_muscle,caloric_restriction,0.9369024537020568,0.8082400635730231,1.8589290537684546,1.5524439288823817,1.0143834119545996,1.1205815929928042,0.9327222257663478,0.8832433954721192,1.1792173889645579,1.098549700791721,1.1416910943074727,0.7647711858149913,1.3698676777616203,0.8653611364233881
145,20260830,skeletal_muscle,fed,0.913308187907254,0.16630851913197064,0.6611976718525432,0.6232720716434332,0.8343349877700805,1.1084981393081268,0.9997473520419834,0.9856749619115184,0.9158273514198142,1.2371636325012778,1.0885394792450194,1.3211480401020512,0.5289837877427401,1.1498681721552086
146,20260830,liver,exercise,0.6626827737084788,0.12164131997979111,0.9079942883945145,0.5573301158972349,1.0103951046542505,1.0069177850295226,1.1658719150013321,1.239821611864779,1.067542373072776,1.0154869430801252,1.0088533158902062,1.3447465414513218,0.35913796429196493,1.2961154942567135
147,20260830,liver,exercise,0.45891048180446314,0.0897778766836459,1.3252563615831403,0.8547937843263003,0.9465434257906636,1.0576669627052968,0.9863880177652239,1.0097922159117625,1.0549602776116365,0.9882573480104211,0.8156708418781757,0.6001058436669401,1.693421913772138,0.706472242560922
148,20260830,skeletal_muscle,fed,0.8610399150277276,0.6211838759428623,1.7588404327260838,0.8418245405028455,0.8386354914911885,0.8343295394438686,1.0928804881470837,0.9599779276260588,0.9250568098984978,1.0506226023505774,1.1531063640077712,1.0159090519896672,0.8900635559272503,1.0940273920830823
149,20260830,liver,caloric_restriction,0.9255662241448255,0.02834903927195076,1.0256885909265578,0.635317006487156,0.8368567779120176,0.8813670256797982,0.9100843948805224,0.933287361572737,0.9431135219641817,0.9083954558645506,1.1202033129490905,1.1451740453547015,0.7939325471371909,1.0608934075081076
150,20260830,adipose_subcutaneous,exercise,0.6611075790997281,0.18648781404044112,1.2357319251696801,0.7719530237103739,1.1050330252236673,0.8290753824800488,0.984474436348284,1.018855654756161,0.8511900729310379,0.8967832111663551,0.9880155696956776,1.237727287201937,1.1144139621926175,0.6478587506054452
151,20260830,adipose_subcutaneous,caloric_restriction,0.6364977335638189,0.6212186001711947,1.4290340903389973,1.1634204888631887,1.017309875640078,1.0672885186523822,0.9174808583820361,0.8303087425732867,0.8081941660069041,0.8758272199558025,1.17974893176232,0.7329068257242947,1.5929878469315832,0.6741053273441222
152,20260830,skeletal_muscle,caloric_restriction,0.5224367999539105,0.8280214445847927,1.9164959749381316,1.3740141482020212,0.8096721245777451,0.8733174144818137,0.9629393602182922,1.1905633724122395,0.8149845701984345,1.1595505499657546,0.8246933754796313,0.8375942227801442,0.8573366348500859,1.3050691423697693
153,20260830,liver,exercise,0.03996399120341809,0.895091732488888,1.3104163062547836,0.9553201147678665,1.2327536766235718,0.9022095857115117,0.989327697928874,1.1299984314357383,0.8240436417476117,1.0925844732949446,1.1472323867531882,1.0138506147538024,1.4079212939899357,0.578228091256262
154,20260830,liver,caloric_restriction,0.8347349575809104,0.7685441795574877,0.9797355365369895,1.1029566326451008,0.8613279335609967,1.1436375155606275,1.1753134529128924,1.211857573090219,1.2141357806836979,1.1882830135564124,1.0229088064084109,1.2549770408846788,1.1113240682348058,0.6336988908805155
155,20260830,skeletal_muscle,fed,0.7987940374419331,0.38758232638070467,0.9577177007837282,0.959894485336245,0.8357217784821084,0.8900476198404487,1.0877696421228114,0.8372272390927021,0.8128982070952286,0.9257007286615041,0.8143016707793302,1.6432480005806174,0.45842256573804796,0.8983294336813343
156,20260830,liver,caloric_restriction,0.2999267157956551,0.8173542278053781,0.8649871011472446,1.8193709830933311,0.8850089142814795,0.9047878848456947,1.2332685933156795,0.8631186443824262,1.1941868751079372,1.1035924934884993,1.169382826166013,1.3266870094178072,1.164326890250035,0.5089861003321583
157,20260830,adipose_subcutaneous,fasted,0.6389068153254338,0.4423614313433153,0.8196212127917931,1.915925263861035,0.9802511776331231,1.2403813257334746,0.9565923739816998,1.1776295614098518,1.1639993717607198,0.9296517226767245,1.0688537099099662,0.7531503729905747,0.8580142188865182,1.388835408122907
158,20260830,liver,fasted,0.33667726661034225,0.19411675685940177,1.1976514968866934,0.5934659909880119,0.8500405353070081,1.044949486575216,1.24241004598066,1.2359131670488264,1.0581590001485341,0.8328605365940821,1.1086698952239231,1.1736323670347506,0.5342643188993547,1.2921033140658946
159,20260830,adipose_subcutaneous,caloric_restriction,0.8342695002131252,0.7698043036623547,0.5335633260436694,0.9551205664555755,1.0028373428959252,1.2164086682811523,1.1781190686333054,0.9791310813404271,0.9702747185677002,0.8122990223207226,0.8924390181046629,0.7500944810438934,0.9094237462370373,1.3404817727190694
160,20260830,adipose_subcutaneous,fasted,0.09971099402323846,0.1679325693704382,0.9493885496788197,0.6146587739038151,0.833147847084708,0.9643039045939212,1.0319934622862503,0.945325766713799,0.8021551423764622,1.1075844834845119,0.865181279519276,0.9559378835340798,1.2106319586726175,0.8334301577933024
161,20260830,skeletal_muscle,fasted,0.6690872498601267,0.5992291081340544,1.124612310993235,1.0901460921869512,1.2285780233061478,0.9188421553328475,1.1238197797923002,1.052354450379815,1.1561678437146639,1.0840073619895232,1.1342105130388422,1.2218090395826924,1.2906633399575147,0.4875276204597933
162,20260830,skeletal_muscle,exercise,0.8688449970927862,0.39709797362250787,1.030164225032481,0.5249566999293453,0.9290498127169633,0.9719659198121618,1.014403826857536,0.8576068451260368,1.178663717490959,0.8444444481627975,0.914123673772111,0.8105125980875224,0.9885253247097858,1.2009620772026917
163,20260830,adipose_subcutaneous,exercise,0.2557721372209877,0.40109985795019465,1.3924081305324412,0.750775774505619,1.0704233694995218,1.2449416635379211,1.0231532782251893,0.9658761736716343,1.1570263299717383,1.1739571200272092,1.0603156887456564,1.3706026755812213,0.7095884331180816,0.9198088913006973
164,20260830,adipose_subcutaneous,fasted,0.8797042069725746,0.2860629054023873,0.6495859279715064,1.5780085765679732,0.9807505343678798,0.8030682883599616,0.8229970322514134,1.170063333101631,1.160923109469619,1.1333646925803038,0.9304540926193782,0.8270829769081685,1.1471539791982925,1.0257630438935388
165,20260830,adipose_subcutaneous,caloric_restriction,0.5249099150494724,0.05966508853822616,1.042393135066609,1.1632680429149835,1.0316846063005014,1.0675084640945474,0.9376171222236477,1.1147960768188108,1.1508264828808175,1.0512978227474676,0.9812957608281561,1.4369326503768094,0.45434176975438534,1.1087255798688056
166,20260830,adipose_subcutaneous,fasted,0.298012131660339,0.9627820172826024,0.6016499873122835,0.6802484239149265,0.8729267527282772,0.96180141668451,1.1960289534800395,0.927151097637994,0.8634165419123582,0.8292352443580587,1.0627608415938006,1.0260325648153985,1.3620867261313747,0.6118807090532263
167,20260830,liver,exercise,0.9496987266770696,0.4631303924170248,1.1955731385897883,0.5081276029680469,0.8360645652414206,1.1454346906332227,0.847054308012684,1.143081944171846,0.9373420261608989,1.2488481867442158,0.8770660117730635,1.3893932529837278,1.065117838049481,0.5454889089667911
168,20260830,liver,fasted,0.6990699242154922,0.6825002679979345,1.1459874591857748,1.0897095451167655,0.959434157063795,1.0065348116747155,1.2334540734790982,0.8039389170711332,1.2084453480715753,0.8192076882519834,0.8710672570339422,1.2505545494617638,1.1107097092879183,0.6387357412503181
169,20260830,skeletal_muscle,exercise,0.26452287327016455,0.37488981699581103,0.7451754990102796,0.984476761151076,1.1986810519962008,1.056005563221996,0.9028524175481989,1.0711891123094897,0.8064376268657707,1.249420529402708,0.844828946024791,1.7955516757693726,0.6579174015741696,0.5465309226564581
170,20260830,adipose_subcutaneous,fed,0.6903043277737093,0.0340320075543038,1.742521343259937,0.7626237445928041,1.2330456475774367,1.0728324241419882,1.0955318901435267,1.0209840596641016,0.9111539568456354,0.8813762870269928,0.890527344818372,0.5950648638555006,1.2221234903254226,1.182811645819077
171,20260830,liver,fed,0.04090810183790072,0.8090421001814322,0.9192722836697134,0.9071700856703613,0.958100447150155,0.9724464243135514,1.249579898928636,1.1114889913619248,0.9013216928695917,0.8983532447118316,0.8027778937622871,1.1377529488980318,0.784152624766761,1.0780944263352072
172,20260830,skeletal_muscle,caloric_restriction,0.6531836261520794,0.8248618535883876,0.9237535229432545,1.9322145240039765,1.007735259151237,0.8989885159696903,1.1097867513396344,0.9344042458938816,1.230364317446564,0.9028818856494669,0.8690979509634638,1.0930645035505255,0.6142650327661098,1.2926704636833646
173,20260830,skeletal_muscle,caloric_restriction,0.8126629130346511,0.3688655150704052,0.5901477452767204,0.9145295154088166,0.8709191202225544,0.8023197284199092,1.245236861441328,0.8728527087044691,0.8954981472903136,0.9085793523172478,1.1284515505967598,1.043565437572163,1.3473982390535726,0.6090363233742642
174,20260830,skeletal_muscle,fasted,0.7395935715669834,0.837128117188012,0.9252349172669583,0.8807746070757838,0.8608351316250047,0.9761284065316412,1.1901181195036932,0.8539899089960438,1.1682373956068217,1.1445652036545844,1.227065546844863,0.9533148512882256,1.2610423979435033,0.7856427507682715
175,20260830,liver,fed,0.6100232306824834,0.7806332386727198,1.0189967076421902,1.8241728784393882,1.1476452185393597,0.8999463616122757,1.249969240491537,0.8907434788764985,1.015826563527673,1.0703879864821628,1.162058984769765,1.3923645402419862,1.0494616874731337,0.5581737722848799
176,20260830,adipose_subcutaneous,fasted,0.6479114875113202,0.07792785052596518,1.3166223846663483,0.5104557069547249,1.150832151779991,1.0443559919770637,0.9709884140772522,1.2045185924786426,1.1413432099212504,0.8144568078940246,0.8974048152653394,0.8004005849201947,0.7474173794519269,1.452182035627878
177,20260830,adipose_subcutaneous,fed,0.4164631691800482,0.2402661049451318,0.7783548952028391,0.5323632313843933,1.0659903335332355,1.235504182097123,1.039603859350787,0.8480106029030168,1.135265540473036,1.0565042429674922,1.0384163756127718,1.1807372563190242,0.6445536665832852,1.1747090770976902
178,20260830,liver,exercise,0.9096789635550856,0.6024833778434133,0.5833899763702967,1.4036394561666383,1.2491088350942643,0.8474413632599179,1.0033450657096716,1.219441542078267,1.1716041517743938,1.0141585980181578,1.0130878700645787,1.4760268151509743,0.7199067614411606,0.8040664234078648
179,20260830,liver,fed,0.27503756362359477,0.5708423870411927,0.8453402592699923,0.5687364196255459,1.2221177424415575,0.957819868996153,0.9616294777370007,0.9287869657310437,0.8113474295117155,0.8897337511231833,0.8129880601432092,0.8496910092214021,1.464708316020375,0.6856006747582225
180,20260830,liver,caloric_restriction,0.9052870427442399,0.7780582985076957,0.8712035589776151,1.6172735703452852,0.8786697484783054,0.9229512556587438,0.8570217820366907,0.8559102719880858,0.8303217197852137,1.0664109249377485,0.8836401428900175,1.2808809721248704,0.7580282142554153,0.9610908136197139
181,20260830,adipose_subcutaneous,caloric_restriction,0.4280424386719762,0.4714386181792398,0.5689249858045952,0.8140544010010795,0.931040941985561,0.8164514786426704,1.2092037005752934,1.093092272764572,1.237297964497338,1.2433067302304572,1.1840312364607226,1.2270478388545925,0.8532774091923854,0.9196747519530221
182,20260830,adipose_subcutaneous,exercise,0.40298182875780986,0.4729818848246695,1.2532761272812865,0.947753086061379,1.1010145620182965,0.8547750526387146,0.9018365086432502,0.9605251725765231,1.012482453962081,1.1257895872283794,1.176531575836473,1.0620959212129726,1.0633702392561992,0.8745338395308282
183,20260830,adipose_subcutaneous,fasted,0.04662814055300302,0.21538989058321223,1.3761794549757111,0.5275526311037102,0.8342728486926341,0.8088524369118494,0.9804341023464338,1.0421282620698786,0.942507984613795,1.1674632769329927,0.9366694455378948,1.2573570154014513,0.8126979815321572,0.9299450030663912
184,20260830,skeletal_muscle,exercise,0.9678021582080721,0.8199181769630669,1.2105395239426442,1.3514684150792255,1.226316987996805,0.8662906095385265,0.909220607087638,1.1875304767867405,0.8364250612892532,1.0592476056302056,0.9372410353360561,1.6546189456015583,0.593783439864692,0.7515976145337495
185,20260830,adipose_subcutaneous,fed,0.7163937989187451,0.9215042474812721,1.1118366806722884,0.9512057414183569,0.8054775232769636,1.236803704979516,1.2457955852379714,0.9714133652578324,0.9747672603623823,0.91873462709753,0.9025334579107873,1.4487584183237567,0.8575253321072666,0.6937162495689769
186,20260830,liver,exercise,0.15747561434875457,0.48616165250103993,0.9902758517356394,0.7768336036772501,1.1255786609527492,0.9136549708603,1.1450348832258388,0.9797931884153593,0.8699822132419942,0.808969556445534,1.1501567106486559,0.6969242950299114,0.6436223310847696,1.659453373885319
187,20260830,skeletal_muscle,fasted,0.100060876980815,0.2858109155417802,0.9392628682733474,1.3564480310922091,0.9232095403295055,0.84136668934389,0.8636184120392517,0.8909602753326744,1.198169207187128,0.8349302580778458,0.8992780353803455,0.9701329603170161,0.8697955045424018,1.1600715351405824
188,20260830,liver,fed,0.593996274860846,0.1489449549141345,1.7518240206610403,1.4373166776664492,0.9879521335231312,0.9241451794346849,1.177635460059741,0.969060266479892,0.8873702247592155,0.8024464600866899,0.940326981399837,0.9821037802470168,1.5094986903097554,0.5083975294432277
189,20260830,skeletal_muscle,fed,0.5285204720732515,0.0650138563874042,0.630513950408818,1.00770188874187,1.0256618460033153,0.8704933765236615,0.8481096628238209,0.9219888065722994,1.1936373987885165,0.910365397630867,0.9323192055984368,0.6313215540211231,0.5050621791716444,1.8636162668072322
190,20260830,skeletal_muscle,exercise,0.5228430881696308,0.6567546271343739,1.0113291542155443,1.2270381129640928,0.9061255214233472,1.221648728125726,1.1855935048789572,1.1870710144027221,1.098157363224854,0.9491928442930906,0.8258135764385234,0.806399652277266,1.2327925345829736,0.9608078131397604
191,20260830,adipose_subcutaneous,exercise,0.23461599039437686,0.17603062598175778,0.7766136557902479,0.5458532916400701,1.2346868336989338,0.8030852667586085,0.9466005100712889,0.981656524764772,1.0716447648715761,1.1265947183575997,0.8672094084839477,1.1050654984228567,0.547441684892146,1.3474928166849978
192,20260830,liver,fasted,0.7030290285721512,0.5531370632951993,1.2638288955786412,1.751917677742895,0.9470073199227292,1.088587186220832,1.0772068315430436,0.8560629757899478,1.065541036830226,0.9004492876652752,1.0300054777260514,0.8756335921055802,0.6616923677496868,1.462674040144733
193,20260830,adipose_subcutaneous,fed,0.012887822150777106,0.3394544698581864,1.0775741988335297,1.4542908837786395,0.8408394941314493,1.0392909103983106,0.8674724116584235,1.0426535074169492,1.025368852744922,0.8613143715700626,0.9934645113600905,0.9971459349752683,1.284968608196843,0.7178854568278893
194,20260830,skeletal_muscle,fed,0.08752252129354532,0.4396749089472949,0.9650400051159593,1.6974971687592708,1.0276481382891023,1.0515126407692446,1.22681915152314,0.9783391471732839,1.0284276764600175,0.8049090031008734,1.2098553950795246,1.0950485981346354,1.070505270319903,0.8344461315454613
195,20260830,skeletal_muscle,exercise,0.07685463338269538,0.16462288239506262,0.6734517081756934,0.6750088121036283,0.8587261721165901,1.1259133780728423,1.125462338245971,0.8970651139480844,1.0547800486055738,1.2209160632507767,0.9941764521297304,0.7678530497259949,0.8057355833957046,1.4264113668783003
196,20260830,skeletal_muscle,fed,0.4889043067842834,0.966339408781328,1.0301747740759903,1.43864279392079,1.0686009270587298,0.8771547684080258,0.8867980425040758,1.0221588835672741,0.8061361750826825,1.1091379123810197,1.1954606639224155,0.7230241830816948,1.6286019480653264,0.6483738688529788
197,20260830,liver,caloric_restriction,0.5895539828097098,0.514821499448266,0.5493417174685213,1.7644869744117753,1.0341767732818596,1.2351455036554109,1.0162380021982818,1.0500137431863035,1.1915855704095162,1.2002686862576533,1.1095354897430318,0.8138904306146473,1.0327665711182423,1.1533429982671104
198,20260830,skeletal_muscle,exercise,0.24209806731496608,0.9886653330250205,0.7018171780523589,0.5517753837124877,1.1134447703465593,1.1655462639210978,0.9977642914828317,0.9417486474555871,1.0407020211510554,1.2065974259746794,1.2184175273045847,0.7987155788742304,1.0988350163090472,1.1024494048167222
199,20260830,liver,fed,0.20441106803402065,0.033084498979099486,0.6896300070965555,0.9489269760979193,0.9328110082945381,0.893252876546175,1.035206880092916,1.203391982900153,0.9080323901322115,1.2433497558777515,1.2199423726360645,0.8518781496134352,0.9590852689161823,1.1890365814703825
200,20260830,skeletal_muscle,fed,0.27263850443343596,0.6450888896448057,1.2819175643210157,0.5627250281908733,1.0805376667354378,0.8743791022750664,0.8158157204794039,0.9376639316469007,0.8660882354010135,1.0927065959785278,1.0153439575699752,0.9634456967143024,0.9134668831916359,1.1230874200940617
201,20260830,adipose_subcutaneous,exercise,0.75673793033489,0.6579424414847423,1.4829455694801559,1.107413893084411,0.9336020463704111,0.8582185136909244,1.032827954276516,0.8624836179463686,1.0446555627534595,0.8765004166137457,1.1146055717828853,0.5060699473781581,1.5313065324648487,0.9626235201569927
202,20260830,skeletal_muscle,exercise,0.8577740447379816,0.37868064245865785,0.6761658102049332,0.7476337304581342,0.9127725826963855,1.0908381362469084,1.0066673059900484,0.8903053851727887,0.8211257862408152,1.0655255772585905,1.2424214181270528,0.9163156737309832,0.6775798547394571,1.4061044715295596
203,20260830,adipose_subcutaneous,exercise,0.33515551039190306,0.25752998161083407,0.9109098637040269,0.548579331564473,1.206625083720754,1.128930628198064,1.0402533650593855,1.144938407476252,0.9501451173816792,1.0536828814998054,0.9778173223419115,0.7963784808476263,1.3739562761559483,0.8296652429964256
204,20260830,liver,fed,0.5733998888847974,0.23758853794511492,0.9127115189360198,0.5656999379389819,1.1458682903715578,1.1249222510028938,1.2046457102689199,1.1509082873160466,0.908300587090837,1.0853287777181053,0.9689867532521242,1.3035408010848284,0.7772749569224222,0.9191842419927494
205,20260830,liver,fed,0.9676408431003021,0.1595406366416301,0.9230132786156882,1.197420177156839,1.0340362365690914,1.0980252148880807,0.9731839829271941,1.0675836675201207,0.8495428754351378,0.8956168577045949,0.9214773680513502,1.3856434693417028,0.6836225715234712,0.9307339591348263
206,20260830,liver,caloric_restriction,0.8556630218222657,0.9865864686225072,0.7918240937360036,1.2790176060536167,1.2209668784896806,0.9429283034999449,0.998625084173834,0.8295982843340248,0.8992303565246845,1.203025266825139,1.023158633389652,0.708150839695396,1.4584755433466154,0.8333736169579883
207,20260830,adipose_subcutaneous,caloric_restriction,0.8718988787317126,0.8760324928164532,0.5017827460396834,1.1052453634962314,0.9505491688375843,1.0548629633685744,1.1431024263212308,0.8314544719215695,0.8116231108365456,1.0832549255797528,0.8383725115847093,1.2686481562575591,0.9544851661697963,0.7768666775726445
208,20260830,liver,fed,0.6216933561430179,0.6038755443959931,0.7560790434061376,1.7664527006506598,0.8293727043649392,1.1519999949505975,1.2456013765200413,0.910013270117285,1.1600691824175193,0.8893982088245848,1.15889128337545,1.3108372908603128,0.9087470072956643,0.7804157018440231
209,20260830,skeletal_muscle,exercise,0.6883445406496397,0.10162836605100511,1.6551339572044723,1.3311397269047767,1.101631630283235,1.085300337440793,1.0489997618912867,0.8159412680934641,0.858021294391699,1.1282481929243793,0.9099641042252208,0.8537497651903913,1.140443551632444,1.0058066831771644
210,20260830,adipose_subcutaneous,exercise,0.6700361798042153,0.22927423380961431,1.1689126948075592,1.02462690481059,1.0804114551127724,1.1810652175713476,1.062940952536517,1.175749875443742,1.0864257793200975,0.8186523544934474,0.9096434117133191,0.6247154341539614,1.2947662490698706,1.080518316776168
211,20260830,adipose_subcutaneous,fasted,0.18280954236446556,0.576886994912305,0.5180666812167333,1.1605108631296028,1.165904557464361,1.0857887046556867,1.0290229645041915,1.093433107726938,1.2161896341389964,0.8218492406172611,0.8332873007602717,1.1329737455627928,0.7218976263658478,1.1451286280713593
212,20260830,skeletal_muscle,fasted,0.24162220556430547,0.6091220487152952,1.429786586427961,0.9439691651327373,0.8008825090898043,0.9831570261600135,1.1306851383210474,0.8264749296873747,0.9595994146064388,1.219981708704187,0.9090377235705348,1.287007073221713,0.5242875616837104,1.1887053650945765
213,20260830,liver,exercise,0.9157975617108941,0.7680187889188291,1.138500559715468,1.36011576651378,1.142080306060333,1.0459799762163644,0.9810667113440412,1.1042928210539023,1.1187761229258963,1.2157283680073894,0.8510258968922392,0.5509468767414958,1.6306570867905577,0.8183960364679466
214,20260830,liver,fasted,0.6023254894567888,0.23397051350547704,1.31123936560756,1.0030159890422932,0.9334426720631661,0.8673752394758804,1.0085460642978916,0.8398901765460626,1.150536929783691,0.8207815874175576,1.097896537045273,1.1815252050187801,1.1590630812600944,0.6594117137211253
215,20260830,adipose_subcutaneous,fasted,0.32231329113000806,0.6124036037079913,0.8840256871562208,0.6909160193679845,0.8620645847449365,1.080688928716533,1.1904995777204908,0.9269221595919608,1.0794386472895676,0.867134228973351,0.9367646870545884,1.0406836368029533,1.0622308971730459,0.8970854660240007
216,20260830,adipose_subcutaneous,fed,0.31881504701798646,0.3319596353190414,1.0002721492320221,0.7998741683201198,0.8258501077543395,1.1452797001119468,1.0140015910073774,1.0540333276574567,0.9587276778504483,0.9082927297644284,1.1863410009761155,1.0330573109809265,0.8023133343421928,1.1646293546768804
217,20260830,skeletal_muscle,fed,0.2645314759288455,0.5922474271405195,1.2476091789710926,0.721941412278799,0.8300466531734302,1.1633543213373707,0.9239386142812964,1.1806099393411513,1.236697369010955,0.9423999727821962,0.8065877149653639,0.9449583927610249,0.7784903757385639,1.2765512315004113
218,20260830,skeletal_muscle,fed,0.6195414298026762,0.4727450342442795,0.5705490028600748,0.9401188902332573,0.8559551707433223,1.243826260493036,0.8265969064095207,1.154743930161226,0.9882688828506275,0.8102561485374222,0.8570960342781014,1.27624467321179,1.139474663477454,0.5842806633107559
219,20260830,adipose_subcutaneous,caloric_restriction,0.8480933048598346,0.768548631374306,0.5399049732726262,0.7798291116435162,0.8329812977571623,1.1472478718074026,0.9149926339083709,0.9067389787455677,1.089600073506087,0.908022210800772,0.9376056290565333,0.5658189282821896,1.7270128589163196,0.7071682128014906
220,20260830,liver,exercise,0.5087194484119317,0.12583651876584667,0.7310910778149738,0.6524782100347544,1.2162438166804126,1.1790218610701295,0.8593401185845669,0.984868074050463,0.9377281082711102,0.9060295503575524,0.880029117295393,0.5121711252425423,1.3262030243393048,1.1616258504181534
221,20260830,liver,caloric_restriction,0.333392604997363,0.39254816342491305,1.4404396934753863,0.839622272342519,1.0580192657072345,0.8038593706212984,0.8231285913968399,0.9067958263362993,1.181157470170724,1.1749899367801016,0.8030175732836813,1.373811255469238,1.0468823839827546,0.5793063605480071
222,20260830,skeletal_muscle,exercise,0.6532875089774587,0.9821640107826302,0.6650099565039579,1.65344339325919,1.0283597278830934,1.0793148120219238,0.8844264628290525,1.0650099339235182,0.9436990850547972,0.9957699891837845,0.9387168346692975,1.204868058181399,1.2064369250172005,0.5886950168014007
223,20260830,liver,caloric_restriction,0.463656963600792,0.23178719230311895,0.548659732118884,0.5734418835489956,0.9997344554285604,1.0258006351135496,0.9912877685614983,0.9907346487271347,1.045151180705796,1.2075653615129374,0.9111567115498146,0.9559103175609693,0.9111241795655368,1.132965502873494
224,20260830,adipose_subcutaneous,caloric_restriction,0.12189204344592774,0.8335958993542865,0.942904129725209,0.9822156718477747,1.0756368599893404,1.0943196776619346,1.2351039029258841,1.0151538367959483,1.1484050811105326,1.0596309151731875,0.8231725675513956,1.1603168256439516,1.3486126003483974,0.491070574007651
225,20260830,liver,caloric_restriction,0.01411709902200653,0.5862823964727107,1.0963478581737138,0.618802754158133,1.0346678100614182,0.9584054117268047,1.1750358319374545,1.0339884325053517,0.8873832164804919,1.1543782397643527,0.8281108516182971,0.7775329682731978,1.5123448384047287,0.7101221933220736
226,20260830,adipose_subcutaneous,exercise,0.5886508099149304,0.4181256610020968,1.7564144104906039,1.6537814481741422,0.8580379546439385,0.8298246912952769,1.2109653594520258,1.210167961273147,0.8795124469562849,1.1004793241142947,0.8104654547224649,0.6877938324655901,0.8587130557635821,1.4534931117708276
227,20260830,adipose_subcutaneous,fasted,0.9306799157999407,0.8750450678522439,0.88918479305888,0.6080870294219747,0.8335300541170985,1.1977058175449655,0.9697664100295855,0.88747027289671,1.0233488101212618,0.8252813867940335,1.0640352528607537,0.5964519645369195,1.4486470549029637,0.9549009805601166
228,20260830,adipose_subcutaneous,fasted,0.9574889809013861,0.21340386832222458,1.7016869499056018,1.3162047807508774,1.1254182528745613,1.040546995574228,0.8976570805262402,0.8774727772543613,0.8989661475304543,1.2324602634895299,1.1599718354910256,0.6189525726955845,0.7749754339564113,1.6060719933480043
229,20260830,adipose_subcutaneous,fasted,0.4174388698302439,0.8932964961304617,0.8625612141289539,1.9917810255201696,0.8134854694467536,0.9311736000081063,1.2237159258934636,0.9081163513676944,0.850453086133805,1.1303298765488128,1.030822116740291,0.6730522739037544,1.081044782813915,1.2459029432823308
230,20260830,adipose_subcutaneous,exercise,0.39118131429460956,0.526418505245197,1.0123416971278543,0.9618656160802803,1.006873317716265,1.1962818982509829,1.1887021081850868,0.8542055825040745,0.9005197564244274,1.246870810105542,1.0562289694101705,1.240988924807858,1.018634495693123,0.7403765794990185
231,20260830,adipose_subcutaneous,fed,0.5966955529459199,0.26931506563641994,0.6626314271901732,1.6290625560316971,0.8044614909059874,0.9682713550139533,1.0870584128550458,0.9231548824634465,0.9216116805037724,0.8073610846091371,1.0988177010320186,0.6963885918205568,1.269014273996948,1.0345971341824953
232,20260830,adipose_subcutaneous,exercise,0.7006976035975157,0.37182392100188855,1.7837507932803816,1.5376502662322395,0.9413031328526348,0.8165039546943503,1.2359843736442775,1.1080844069831954,1.1048978323780296,1.01923326364572,0.8449289144049964,1.423857629823567,0.6104768403013694,0.9656655298750634
233,20260830,skeletal_muscle,fasted,0.04005181220129872,0.7148267880221398,0.8642571151425492,1.1898384867805285,1.0734024575437495,0.8550603257902645,0.9772113745339915,1.2230737234505713,1.168074261186275,1.165077002552175,1.1419375757841421,1.1649807518837914,0.7138282060228146,1.121191042093394
234,20260830,adipose_subcutaneous,fed,0.6754494444349814,0.7415637540189024,0.5851459821659334,0.5088240481175357,1.0692544051678332,0.8431175191451878,1.0438208475683004,1.1473063907778223,0.8170919130715271,1.039417828551843,1.0566969780103503,1.6395427113164363,0.6675171624225067,0.6929401262610569
235,20260830,liver,fasted,0.5617254763392845,0.26237225105179107,0.6063092954466884,1.1031841866935839,0.8198517007823142,1.0958866515658032,0.9911978591528151,1.1983309765599168,0.8476564652212215,1.2413319301609558,0.8916108030447781,1.1514590619258804,1.3781078520745698,0.4704330859995499
236,20260830,liver,fed,0.09397934041490297,0.6782865271893875,0.6284849567051018,1.1069402722692638,1.242240995541304,1.1093404867038723,1.2238933799938514,0.8306111148058137,1.0860292371137965,1.1175035630034271,0.819844671942735,0.8493051722193854,0.9356601015715585,1.2150347262090564
237,20260830,skeletal_muscle,exercise,0.054797208223530736,0.901066764519421,1.7873179969467847,0.523639794944318,0.958474524502781,0.8656502859629956,0.9460292659133425,1.0885158975429097,0.9680757019052005,0.960895967180555,0.944537792141288,0.43701158727443673,1.1621210074828452,1.400867405242718
238,20260830,liver,fasted,0.004053294783512351,0.5764439985127334,0.6453920567833792,0.5178794039503536,0.9763207396454772,1.0157518728566726,1.1341051285230346,1.203948967302465,0.9083197473645577,1.2319150390844162,1.1218196876629207,0.8826639353043605,0.9425789184085481,1.1747571462870914
239,20260830,adipose_subcutaneous,caloric_restriction,0.6091737357085112,0.6092784612498564,0.5285950654922346,0.734104719198886,1.0705840889953948,0.9251579550604485,0.8032301403905525,1.1566585269548446,1.0728899700173848,1.1342234452398046,0.8817083141808123,0.9849456765565409,0.6220724100247609,1.3929819134186983
240,20260830,adipose_subcutaneous,caloric_restriction,0.21724930096967932,0.4598652015042607,1.3060478763359116,0.9707688712166408,1.2497909781168732,0.9130906872732459,0.8070135706305692,1.1187780932000373,1.16223503967309,1.1239549204084445,1.098020088098179,0.9519156418085964,1.1107000683823838,0.9373842898090199
241,20260830,adipose_subcutaneous,caloric_restriction,0.48876799335863497,0.7929076478270771,0.7895309939744874,1.1784693802823205,1.1748286238613075,0.9181519793496424,1.0800852851745515,0.8839406017693657,1.1350273345866095,0.8069398674777896,0.8251544136115216,0.7983265124082384,1.4961415229436472,0.7055319646481147
242,20260830,skeletal_muscle,caloric_restriction,0.6439238409149716,0.5375446302960598,0.5306607836232613,1.9739656558519367,1.2313087939578518,0.8012273189611702,0.8430498838924038,1.019750497503015,1.168562684688818,0.9367458629454033,1.2410214878441537,1.5512055153080648,0.6300356386432477,0.8187588460486874
243,20260830,liver,fed,0.3425808577070928,0.19089619582646022,1.6901444212510657,1.0425624966126197,0.9836885254181279,1.0226618312741758,1.1878416403326157,0.9527931427085081,1.0123808211385101,1.1797102775304584,0.8196025753539677,0.9956694338521233,0.7754205520018566,1.2289100141460205
244,20260830,adipose_subcutaneous,caloric_restriction,0.24335307473599455,0.9560882209862022,0.598283455141274,0.5912317731258414,0.8945723316568657,1.1298324275652922,1.203409914694071,0.8899802223015632,0.8524199543777842,1.092418277191071,1.1446936080511774,1.2510307252002093,1.2793496484702482,0.4696196263295428
245,20260830,skeletal_muscle,fed,0.9374822856771803,0.8787529888490238,1.060226585194798,1.034681169903071,1.0676457272999258,1.0196217858620518,1.1695824232720857,0.9588792413615906,1.0144760906918648,1.0202510140359127,1.0802424526124625,0.9125981551997453,0.6051897118601153,1.4822121329401394
246,20260830,skeletal_muscle,caloric_restriction,0.7178242137291223,0.4730315937896913,0.6333744828217899,1.4713125634393875,0.9940285939082827,0.8638956356560099,1.0848480744123041,0.9610577620514525,0.8910373498610968,0.8213609860100218,0.8193638021938013,1.1122299893706864,0.8066389770378911,1.0811310335914222
247,20260830,adipose_subcutaneous,caloric_restriction,0.6381512229596819,0.6988299928241307,1.1459110701398414,1.1027532661089006,0.9261994939201431,0.9841034165722482,1.2145719343506192,0.940713275804112,1.0042838081233207,0.8450208157052309,0.9675576462024675,0.7362146845909717,1.0816118395052774,1.1821734759037512
248,20260830,skeletal_muscle,exercise,0.4644682462041144,0.009413353748981002,0.9131639133574584,1.954093386446891,1.1607917281545235,0.8655823486393217,0.8789429749699821,0.8797836580796339,1.0171968086548877,1.1526896995589375,0.9983352945656077,1.143131141513113,1.1605572283852728,0.6963116301016146
249,20260830,liver,caloric_restriction,0.6269822189328614,0.10072898616764303,0.584285627335654,1.074869983850245,0.9733267773931443,0.8962719486260233,1.0720234615518824,1.1747498427784602,0.8190208445369922,1.1688314051636948,0.965843498880833,0.7893711839360293,1.7264967563618816,0.4841320597020896
250,20260830,liver,exercise,0.41654557141055637,0.2767338291111764,1.2183653709388265,1.6070127112819075,1.0666903404723138,0.9246121219150603,1.025020888718262,1.0246271757596765,0.8932183336361336,0.9104622315353035,0.8268173828243589,1.4040480436843632,0.6962869802249164,0.8996649760907205
251,20260830,liver,fasted,0.8343176233213452,0.12401756919487072,0.9827097847342056,1.0438643836183146,1.0162196451990506,0.8673728274141513,1.1041511903680097,1.1115809045788214,0.935231067011087,0.8994159594964236,1.0998465180323582,1.2673352254881274,1.2881037445715895,0.4445610299402834
252,20260830,skeletal_muscle,fasted,0.7989938110961124,0.43193267005516767,0.5269400004712498,1.9910388024460237,0.9223384765455228,1.2473258532983127,0.8611852715360666,1.0448188172556938,0.910462061622664,0.8322900294712136,1.0605966359034416,0.9533313798474068,0.9292457093825405,1.1174229107700526
253,20260830,liver,fasted,0.32388450097445676,0.7313575176074826,0.8618108517583261,0.9909714417181882,1.1870474189785438,0.8043547302359279,0.8961739965726349,0.885533575438129,1.1315663767737243,0.8821419660169887,0.8856671470926026,1.4552840471068822,0.7236360780920368,0.8210798748010812
254,20260830,skeletal_muscle,caloric_restriction,0.3578000328212404,0.34502464933218924,1.3847394801807387,1.0884370987887124,1.1783455891032888,1.2228667330996144,1.0812548406120004,0.9534282816955361,1.0771905940075626,1.216933947256733,1.2320597581036488,0.6236755217403227,1.861883098640387,0.5144413796192905
255,20260830,adipose_subcutaneous,caloric_restriction,0.5579944628534812,0.3850366339887712,1.9912510915230446,1.2622561254457936,0.9578753958413069,1.0623381085451902,0.9323491334831957,0.8618301521527286,1.106343477726727,0.8351317213554429,0.8312712865295455,1.0756112690002053,0.9876927926647249,0.9366959383350694
256,20260830,adipose_subcutaneous,caloric_restriction,0.8988692487352807,0.03037773543052813,0.8446286506265088,1.5619261905072483,0.8126249256963656,1.0647469334624768,0.8120408001164432,0.9300749473876442,1.2302519104243914,0.8147851998319279,1.0804767609599417,0.479943772082528,1.3055319622747674,1.2145242656427042
257,20260830,liver,exercise,0.2783108630677896,0.0504378452782035,1.2927309675497034,0.5370545701352819,1.1670569558674575,1.1509004674825603,1.148627049559943,0.9645140210458882,0.9562928311904481,1.0349816354789263,1.1593359760376,1.2370977967282761,0.584796309926554,1.1781058933451696
258,20260830,adipose_subcutaneous,fasted,0.5325910063631157,0.026146306045164214,0.6215788493870164,0.6915147923640108,1.0142343135892016,1.111343257776126,0.9476667694404808,0.9166474501024929,1.0359735822603289,0.9082230864943998,1.1785229006890152,0.8992755569824363,1.344967394181875,0.7557570488356885
259,20260830,liver,exercise,0.6658404060480811,0.908060932528224,0.8436080818655088,1.3417190765262574,1.0389774721268368,1.1490755866944353,0.9424589651090711,1.0255003611502995,1.0252579787759561,1.2071743081402242,1.0121245203581668,0.9140041006484233,0.9372481494022594,1.1487477499493173
260,20260830,adipose_subcutaneous,fasted,0.9309287570645961,0.5135644477005045,1.0108084353634523,0.5674166296988188,1.1361501712159836,0.9713616434766383,0.8986409907960183,0.9893268359600222,0.8661506137678682,0.9790667112800743,0.9184402569517004,0.7468917587561988,0.8346378373158041,1.418470403927997
261,20260830,skeletal_muscle,exercise,0.5706667699982357,0.30557119983402603,0.5317124959404829,0.7686829279041364,0.8716485836770944,1.1001183400944214,1.2311958246181334,0.9983645866582656,1.1914741161835263,0.8954272562149496,1.058749442040235,0.7942420219446734,1.4254836755291527,0.7802743025261741
262,20260830,liver,caloric_restriction,0.8403472694055998,0.996148753987863,0.524085157265089,0.5644768635782789,0.8082814480012831,0.8583683694919372,1.0184079069742629,1.1625432638478341,0.8053694904177434,0.863349934315871,0.8521143154066547,0.6052179975738762,0.7606364046317339,1.6341455977943897
263,20260830,liver,fed,0.6604608779098929,0.3761431375927268,1.0042806838507623,0.943265840967957,0.8736302346755265,0.8836529103719651,1.0354334352558634,0.8392859835849059,0.8809264478522778,0.9768217492852169,1.0518055174946865,1.2268400150360557,0.560635781332266,1.2125242036316781
264,20260830,liver,fasted,0.3395281979846403,0.7946696461513724,0.7590907490057421,1.4526662765826641,1.0424969672007711,1.2439213869061492,1.141012750360173,0.8089954189853625,0.856415582426197,0.8436233281990493,1.1983191219384264,0.525414705155662,0.5230140471877536,1.9515712476565847
265,20260830,liver,fasted,0.17253315759307242,0.16191402803799915,0.5162183952017653,1.0215517442422744,0.8823906919029614,1.0287879868578094,1.1584240175594807,1.1535256732244876,1.248380041703179,1.0494332980930248,0.931923778508373,1.033371647457484,1.391636186573605,0.5749921659689108
266,20260830,liver,fed,0.2330431537494042,0.42709531719287275,1.4292690561873065,0.9632155428975216,1.2009108598705496,1.0381782041501837,0.8073765206739509,1.2133351058448243,0.851230009086713,1.2149641907490503,1.1723553740350556,0.7752557278909303,1.089120143714481,1.1356241283945887
267,20260830,liver,exercise,0.9937330164130265,0.9829074990513508,1.9394676089620875,0.9950834529584691,1.1215553645776746,0.8914659470019148,1.210752349514765,1.0373703722690057,0.9446069004169257,1.2320929150904658,1.0438479410652142,0.8983373616098097,0.9057386573874742,1.1959239810027158
268,20260830,liver,fasted,0.6100009806868455,0.6124981394135338,0.947030525969231,1.8033508403513512,1.176970381370394,0.9691043252055136,0.9543243490472685,0.9686086424739827,1.1102176733043239,1.1541537516457319,1.1343012025053563,0.9046622275278643,0.8764685962285088,1.218869176243627
269,20260830,skeletal_muscle,fasted,0.7972356271976775,0.7886973577207522,0.5584536192592156,0.5819153452033052,0.8808883702302904,0.8172249249204427,1.0573831358660943,1.0794546196435157,0.8811703915985293,0.8634527498144364,0.8808941164099956,1.188363755887123,1.276372409672101,0.5352638344407764
270,20260830,skeletal_muscle,caloric_restriction,0.26120398169394277,0.3773819860712976,1.9210206619974401,1.425066851147008,1.1085620761443975,1.1360045740745683,0.9055893757774409,0.8252794282022108,1.04337955475059,0.8565147214590513,0.8199042222921057,1.6787162419131307,0.48816418793202954,0.8331195701548398
271,20260830,adipose_subcutaneous,exercise,0.25114052091913264,0.9681688180443014,1.3667260228220246,1.06324534113965,0.9627303660282817,1.1324098190329415,1.2295421699080993,0.94445546903232,0.8404135841101537,1.100045480843572,0.9041654068211185,0.7230438992386989,0.9953572980944757,1.2815988026668255
272,20260830,liver,fasted,0.2496403787555722,0.9922127476813342,0.7205653772406074,1.7760015952900383,0.8148903701502631,1.0711581771043686,1.2199046024120912,0.9232561090396014,1.0020647161678606,1.155302502121196,0.8470873251402288,0.7054980718661784,0.9845104598400201,1.3099914682938016
273,20260830,adipose_subcutaneous,fed,0.023934968559327197,0.20270387664460954,1.3418006552237178,1.0510294798223743,0.8930651635562282,1.1426220373923972,1.2282662247420721,0.8967976020197127,1.1867060383471704,0.9372558008374555,0.9114618031897306,0.5131516335584786,1.18752391870572,1.2993244477358012
274,20260830,skeletal_muscle,fasted,0.06238276695667344,0.2039535053478233,0.8646739433925084,0.8683701631046306,1.036381646109765,1.0632217023403143,1.1398351696643967,0.8123941711632308,0.9565452032707908,0.9015952600831778,1.0747942849433247,1.3752212549179925,1.0503751171915683,0.5744036278904391
275,20260830,adipose_subcutaneous,caloric_restriction,0.09527669218749923,0.15409294214699187,1.6397250893877802,0.5165531005536301,0.8384716979241045,1.173955262424077,1.166343964643448,1.1259695984495046,0.995054464349651,0.8434348480354216,0.9937495452391485,0.5624811507828125,1.4640417055407635,0.9734771436764238
276,20260830,adipose_subcutaneous,fasted,0.7740532323978552,0.5716841191285372,1.1552401961495076,0.8085892036249418,0.8548791979703604,1.0841902095896854,0.89050041392429,1.1229270338053101,0.8773905487263258,1.030982746934583,1.1018962057925934,1.3957261236487726,0.6905638663559518,0.9137100099952754
277,20260830,adipose_subcutaneous,exercise,0.6036330579932921,0.5196714505968252,1.7188301560596027,1.5200861658742193,1.1066172441934108,1.0495317170373284,1.1703273682318152,1.114722254748561,1.234960007699223,0.8438757207909203,0.8805414070488186,1.5892999074860832,0.5102631230323262,0.9004369694815904
278,20260830,skeletal_muscle,fed,0.3581196135011845,0.49910277620001886,1.3386143910257808,1.101504616943202,1.0267064124949081,0.8433942165635361,1.141501536647828,0.8090834716002736,0.8284065338779394,1.0828487039408041,1.0999862900580193,0.5358977387678605,1.0745567186012392,1.3895455426309005
279,20260830,skeletal_muscle,exercise,0.22688218113243364,0.9806148138521881,1.8877372445233245,1.5376084140786261,0.9418621356389327,0.8023491736622538,0.9640292145439421,1.211754424799299,0.9787377227468202,1.2460011033950917,1.0360140580012727,0.6488318936172552,1.0178247476396332,1.3333433587431114
280,20260830,liver,fed,0.5134970223651322,0.8089381999094098,0.8097006565786821,1.0454531031039427,1.2152206614621013,0.9720852461469127,0.8659540650930919,1.2263225901109016,0.9138634218915528,0.8402168881944436,1.1797332784887418,0.7157807320238377,1.240188269078433,1.0440309988977299
281,20260830,adipose_subcutaneous,fasted,0.580760823799449,0.12538293443879733,0.7639356946506487,0.5731545930100462,1.0338485722158761,1.126175028036016,0.909899224270983,0.8822120918403817,1.0966873253086107,1.0776534134100229,1.2235030903405897,1.189703066317516,1.0316935957201832,0.7786033379623012
282,20260830,skeletal_muscle,exercise,0.18332820281018503,0.6456009456260513,0.9714764174410434,1.2220791037313028,1.0261362484597312,1.1107218618635615,1.187141696638939,1.1931522996074686,1.012968216659313,1.2413860294269097,1.0585594403414127,0.7732088770531254,1.4564604779530956,0.7703306449937788
283,20260830,adipose_subcutaneous,exercise,0.21538027976640017,0.40088205170191604,0.756617013159432,0.9761928456376033,0.8603732626579125,0.8531091485394726,0.8316440004802639,0.8053781769278867,0.9800455679451017,0.8899620213037174,0.9295057696978493,1.153720991259416,0.5938291920117592,1.2524498167288247
284,20260830,skeletal_muscle,fasted,0.4557338477133862,0.4852031275648627,1.4324000702499997,0.9222363946280355,1.1229072968728437,1.2108678972185882,1.129629870148669,1.2225739629222372,0.8340872447567786,1.0001845940973653,0.8717586338502485,0.5208171714625215,0.937727725909534,1.5414551026279446
285,20260830,adipose_subcutaneous,fed,0.20720119837835238,0.9855604809685709,0.5475267329299803,0.8765689778431177,1.0204121758386155,1.120268199556076,1.217038533033136,0.8114353515182483,0.840511639981593,0.8763622322231651,1.2134108084804114,0.9096032329684836,0.5719851457230032,1.5184116213085135
286,20260830,adipose_subcutaneous,exercise,0.5340825255308934,0.9086169091072196,1.7851320309720873,0.7531024615405879,1.0704539574934246,1.2024291263970397,1.0147666903887924,0.88188493942627,1.0067933650117935,0.8155101054023571,1.0026835958409093,1.2244509168280484,1.1033465644897809,0.6722025186821704
287,20260830,skeletal_muscle,fed,0.37654690603508234,0.6316882845435767,1.820103650275455,1.2916310982872365,1.1844062707380887,0.8327166528227655,0.9183094409688081,1.1511058810100399,0.8208766225651493,1.0689502872733823,1.0209051986863693,0.7557240680745476,0.9730039324793835,1.2712719994460693
288,20260830,adipose_subcutaneous,caloric_restriction,0.09889164065715939,0.08784027489568103,0.6720318720861093,1.9467438176653964,1.1025991685563208,1.1304442175696336,1.0272344750779103,0.8989164619200369,1.0464873284762366,1.2436454650975863,0.9922901672684635,1.3439336585452066,0.6156567218833655,1.0404096195714279
289,20260830,skeletal_muscle,caloric_restriction,0.2178473547518579,0.8577153877168646,1.4605955647617384,1.587504135267425,1.0790089698956158,0.8764409208408007,1.1303196859409501,1.1129620514720533,1.2120742554904793,0.9395784051852261,1.0658321874060726,0.7355849464918802,1.035118860884566,1.2292961926235535
290,20260830,adipose_subcutaneous,fed,0.8216342888080421,0.0738665123883454,0.5496999896203624,0.6721266828023783,0.9576641985359329,0.8061687065194814,1.1333769520969403,1.0660658785496715,0.8169536038292159,0.8455272996267644,0.8280371400997415,0.6276501117528351,1.0871964576415127,1.2851534306056522
291,20260830,adipose_subcutaneous,caloric_restriction,0.3888522246568654,0.798145113231068,0.6458833686633483,0.6657495053689616,0.9622100822224982,0.897043226866465,1.0198285284080042,0.9738874144283302,1.1793771700736,1.2113414291923785,1.0838976590774854,0.9750714229738617,1.447568899275845,0.5773596777502927
292,20260830,adipose_subcutaneous,exercise,0.9549736162717247,0.11079676046585485,1.7425229061726142,1.692810387877235,1.0774079429144527,0.9939065615355281,1.1551670751655454,1.2022443130151976,1.1238461551591234,0.8572719665682086,0.8903088072117905,0.8800032827986418,1.3099970723631973,0.8099996448381609
293,20260830,skeletal_muscle,exercise,0.3968803273958328,0.2610025048625644,1.3222448581246837,1.0032072126972449,1.1074504688440783,1.1094223089771966,0.8805202148712581,0.8455459213490605,0.9430980694531376,1.2291189621390495,1.0586592296307922,1.368994123185292,0.536467336836979,1.0945385399777292
294,20260830,skeletal_muscle,caloric_restriction,0.957586888178807,0.17494136028963525,0.8386052344247656,1.9713794306816497,1.134368053306473,1.1579909829567152,1.080150098963624,1.22682446860941,0.8020380669736609,0.8064899436976609,1.0908457804442513,0.9526684254021863,0.9703015050493395,1.077030069548474
295,20260830,liver,caloric_restriction,0.783224271620122,0.9396168912759224,0.8438387734835979,1.0672527274663899,1.1164979378920181,0.8314101345218123,1.1419748718898037,0.8272902173065225,1.1867607678011498,0.9115592018713891,0.836415170062105,0.6289106385538055,0.9349490749004596,1.4361402865457353
296,20260830,skeletal_muscle,fed,0.9030653437810461,0.799111705538385,0.8661902685127031,1.5749803981280615,0.9693236738013347,0.8660652022961547,0.8644541411530728,0.9081006705048212,0.9553650082684784,0.9802335627474325,1.1734869989575625,1.7001506388326229,0.6498886119831582,0.6499607491842188
297,20260830,skeletal_muscle,caloric_restriction,0.39774741678229086,0.06949015908875622,0.9979909142537499,0.5630740379875324,0.8902568572544454,0.8152986092846032,1.2113996572814065,0.9421446363376469,0.8763686732135447,1.2207755679145293,0.8691292307805905,1.4821214926163078,0.4932815938726325,1.0245969135110593
298,20260830,liver,fasted,0.8528993393486352,0.7832392150941332,1.213240688231424,1.2216642658856727,1.0310402429598393,1.1954572177893337,1.0199288271778175,0.8779043069364693,1.086995282378252,1.075210917811119,0.970124235254357,1.081732394119667,0.885850402992001,1.0324172028883323
299,20260830,liver,fasted,0.6531244798549729,0.38468881980534986,1.3520011744150975,0.6417287560933311,0.9235898554570775,0.9617423662186584,1.1814781137645771,1.1421994112198053,1.1666520483044394,1.1620219611134108,1.0422581251265453,1.7832845263703374,0.6556892878921705,0.5610261857374921
300,20260830,skeletal_muscle,exercise,0.15039033421453385,0.7027537953028422,0.5900319438434372,1.3812888537693508,0.8546214195966657,0.9706713609674836,1.0573375553666067,1.0907402024894415,0.8053851124492005,1.1224072575759982,1.14248042642894,1.205173149963943,0.7733966366446338,1.0214302133914235
301,20260830,skeletal_muscle,caloric_restriction,0.6209308910195617,0.7635089099715253,0.5766909993059964,0.7071376978768271,1.1848828696449563,0.9028397786005867,0.9483704260774352,1.1376586351444724,0.8760665610249113,1.0545083274714961,1.1106581920751635,0.6516831988125503,1.3437238934624536,1.0045929077249958
302,20260830,adipose_subcutaneous,caloric_restriction,0.3896867510780265,0.3539874549242914,0.5696601460252824,1.6608705626349172,0.8994474836417845,1.2209644461498381,1.219308660249958,1.1667053295505176,1.199336386292474,0.8176107199124468,0.9799688422733032,0.7033386580327317,1.4349490159164362,0.861712326050832
303,20260830,skeletal_muscle,caloric_restriction,0.11275010683252173,0.5902647137911167,1.0652054062566283,0.5012303582347407,1.248558003075704,1.1843763919154315,1.2203589683321718,1.0315862616379394,1.2131236759698174,0.8650996624936567,1.1535349173786227,1.0574783923854973,0.7231082469881936,1.2194133606263087
304,20260830,liver,exercise,0.46912101092905645,0.3236690454142731,1.3320993590944228,0.6533688275843123,0.9088931764835292,0.878016897046324,1.2064672392725657,1.1907661993965677,1.201488179730363,0.9919509673136564,1.2384084179733599,1.4181456840151099,0.9181820989448317,0.6636722170400584
305,20260830,skeletal_muscle,fasted,0.9546407920623319,0.3908196097352402,0.9431293405899626,1.365670218823278,0.820610222651962,1.0574239892880748,0.8447871799056916,0.8069715381521863,1.2492958560079446,1.0475644725051334,1.0623326222304652,1.3900418268578807,0.4338557559564939,1.1761024171856256
306,20260830,liver,exercise,0.7519042295450956,0.6849247608812207,0.5777251663053131,0.778627025682032,1.2106430298591124,0.9915022361343535,0.8516789237830766,1.249814622043795,0.8483015750188379,1.123234942399534,0.8376026781265187,0.5768538256889619,1.129984023241426,1.2931621510696123
307,20260830,skeletal_muscle,caloric_restriction,0.4498788040236169,0.4054747478865056,1.5714191061527636,1.198397979665935,0.8781672665868934,1.1836156727523652,0.8184956533937917,0.9270197327779623,1.1035659741895505,1.1355902961762292,0.9973644261931593,0.9274146671718387,1.259517858715945,0.8130674741122161
308,20260830,skeletal_muscle,exercise,0.08191414251023643,0.7089185683493492,0.856858002968762,1.1081303891512155,0.8095515044572446,0.9311945010321858,1.1565128849687634,0.9126176758668488,0.882476070336377,0.8516245420184251,0.9875823570235613,0.6895905628355241,0.8183906043226259,1.4920188328418498
309,20260830,liver,fed,0.32177928489595486,0.4276810435821382,1.2927698923495206,1.102994896252837,0.8996457258774817,1.20991266931124,0.8086592277403654,0.9126875631892531,0.9879704056299371,0.9807369543350833,1.0539775837188678,0.6304855017538935,0.9693075398149428,1.4002069584311636
310,20260830,adipose_subcutaneous,caloric_restriction,0.1304848852750522,0.20748090189599444,1.01696212845163,0.5864303744612479,0.9254047236374524,0.9184591137685578,0.9741951885378451,0.8448944304543864,1.132731679321905,0.9953157307888898,1.0237858049302881,1.8158723891332564,0.5398204338070228,0.6443071770597208
311,20260830,adipose_subcutaneous,fed,0.6491087308607595,0.8128827519959727,0.6703922361711658,1.0389176427126703,1.1851332686059095,0.8403820540972448,0.9095999172163244,1.1259350639713575,1.007681955882924,0.824631144009409,1.0804310239283959,1.0621672704341114,0.6541351589948059,1.2836975705710831
312,20260830,liver,exercise,0.3111093127882403,0.7958204977797445,1.2700382110769102,0.5273198481120492,0.8869240945454689,0.927966948740598,1.0944276327016702,0.8064522212800284,1.240023436314082,1.1241969321189473,0.9734859631533304,0.6850415195722744,1.6932691328798912,0.6216893475478343
313,20260830,adipose_subcutaneous,caloric_restriction,0.7850983125643576,0.8085500677085301,1.3026447790623181,1.5612855978152216,0.8257258131844084,1.210744837683597,1.1015395812129944,0.8064352427689198,1.0634898716313164,1.0370599863553092,0.8265547010238129,0.5821752435724293,0.823879835076677,1.5939449213508938
314,20260830,skeletal_muscle,fed,0.9025443421147888,0.8464018239607571,1.672584302694883,1.2429444231681308,0.9151272733610979,0.8207357140186224,1.0260264507077541,1.2220152266174396,0.9196086806283917,1.0494302763653862,0.8748831074233353,1.295872219719097,1.0183836747111883,0.6857441055697147
315,20260830,adipose_subcutaneous,caloric_restriction,0.5337866215553675,0.8178681995936613,0.8702065880241012,0.5887985833771988,1.0046806714790664,0.8812726281197453,1.117449379909492,0.9237191075413025,1.118139049130633,1.2202817846354872,1.1399316587704151,0.9847014367725017,0.9801346647190959,1.0351638985084024
316,20260830,adipose_subcutaneous,fasted,0.6020842630208288,0.5139268771879976,0.9301413824329297,1.331628462645662,0.9499141351261126,1.0452609282103238,0.9967314166927935,1.1322753115820048,0.852075241814061,0.8613529015371184,1.184583652200906,0.5411224917415605,1.7100286952451746,0.7488488130132648
317,20260830,liver,fed,0.9176302671101535,0.20301512290418822,1.075299764269464,1.9915521501876206,0.8492518168004957,1.180479444220596,1.1252345414582134,0.8178347738337309,0.8885961779156428,0.8134226258852001,0.9214884159519575,1.2240817781931115,1.2871036055437313,0.48881461626315753
318,20260830,adipose_subcutaneous,caloric_restriction,0.30427061361659824,0.6989920308340679,0.5431289391126477,1.9523361582879548,0.8128690442662825,0.9531172708997324,1.1963759734756547,1.0412411105880535,0.8346255239953944,1.016422502528256,1.0614656404567082,0.8793062460120117,0.9252935553845486,1.1954001986034395
319,20260830,skeletal_muscle,fasted,0.04263491003245001,0.0533002829000796,1.312263488512813,1.808942314574787,0.8045301103522254,1.062342487951383,1.0614898508512398,0.8364577241991153,1.164182904171206,0.9809240256577828,0.93083752477573,0.9877011444436519,1.399835129623376,0.612463725932972
320,20260830,liver,caloric_restriction,0.34980092270435914,0.9861514230680374,1.7728885437640136,1.078305752324388,1.1100956642960453,1.0778089340285417,0.8065449715090847,1.0222987236872711,0.8634805682529912,1.1370107396434757,1.0679058339127232,1.08891242161722,0.8318274943653811,1.079260084017399
321,20260830,adipose_subcutaneous,exercise,0.4198227676840711,0.20063783363385823,0.8442787655486111,1.757168120021932,1.14297122511779,0.9076546067836343,0.8439464148037067,1.132412864282917,0.9572004473729175,1.2011594842041688,0.8772512129660838,1.541146458954366,0.6499273171596424,0.808926223885992
322,20260830,liver,fasted,0.14986953215449828,0.417383747943027,0.5700197505424627,0.719889221513228,0.939852815197021,0.847033860501464,1.0391540037192901,0.8380179254988684,1.0186376325884026,0.9053037363023039,1.2040288905944954,1.1855747977805198,1.13918310870807,0.67524209351141
323,20260830,adipose_subcutaneous,exercise,0.6480919095465941,0.2610320394582747,0.5320004030253498,0.5436423299375882,1.1771107492629247,1.0315877054522489,1.1534157928302298,0.9222823519993016,1.2061388585902073,1.2110918522134382,1.1146237798600431,0.683947959115184,1.4207330552210287,0.8953189856637865
324,20260830,adipose_subcutaneous,fasted,0.06296475470452012,0.05228662389585481,0.6345314981349733,1.9770793586645805,1.2356669573184353,0.8898127006585449,0.9131766860331092,1.1678659826820352,1.0031093178710144,0.8834985076848558,1.0139554673591542,0.8393459851729896,1.5392263753812099,0.6214276394458006
325,20260830,liver,fasted,0.10940343969633326,0.36130160509373854,0.5597613998635718,0.5664952704665764,0.8441191016204515,1.0593509427236831,1.0154804386105245,0.9052317500692082,1.1726643242888626,0.8591033993494804,0.8036906585743715,1.2827110192086493,0.7965628932401899,0.9207260875511609
326,20260830,adipose_subcutaneous,fasted,0.1575399409782675,0.6857600920028952,0.9748941077957463,1.333147027080807,0.8359079805519601,0.8483301993165019,1.1928852630454263,0.8234211217263084,1.1415586222800733,1.0440606869556717,1.2485348874070339,0.9990900638690512,0.9854005944799358,1.015509341651013
327,20260830,skeletal_muscle,fasted,0.8480411797959477,0.10823692338091129,1.5538865482604116,0.5412914641113931,1.019376863472831,1.0419901316559455,1.099791986473286,0.8708672829737295,0.9799009248161037,0.8420082944662558,0.8604011357500443,0.9632789013860382,1.0607402216230022,0.9759808769909596
328,20260830,skeletal_muscle,fed,0.1804881326266622,0.12206428175203132,0.5376421743298883,0.5106742191489644,0.8348363424288913,0.8089048326033312,0.8098180949491793,0.8078463269576276,0.973716576808411,1.1619919339936995,0.9707386799773713,1.1764313537066406,1.3104798793822667,0.5130887669110925
329,20260830,adipose_subcutaneous,exercise,0.7796572428979655,0.6490967183104451,0.6141989694712447,0.5411069751120782,0.9299380925734707,0.8641281152194675,1.0579466440873442,1.0902237197807751,1.1765793408138292,1.1242839532064262,1.079648878786545,0.7249053573217883,0.6001853056130726,1.6749093370651391
330,20260830,skeletal_muscle,fasted,0.4529605077269373,0.4364020566059915,0.9382903527394211,0.5383587667957667,1.0644879049943108,0.9501351797344357,0.8441468899533581,0.8737294153187241,0.8454267026554656,0.8331105553565524,1.1090510066596353,1.1721571334074012,0.8084532597561036,1.0193896068364954
331,20260830,adipose_subcutaneous,exercise,0.683089068344415,0.4044211822968634,0.5810591088162183,0.7151307153910557,0.928865365394413,0.9763118868616245,0.8366325113741927,1.1744183138489597,0.9310473098784698,1.1043725447673032,1.0602352357517892,0.8182804423204206,1.0511500932194715,1.1305694644601076
332,20260830,liver,exercise,0.7230317209487631,0.31390084868594637,0.8257041844628139,0.7917917207583237,0.8325726855530919,0.8184733883875687,0.9925132243099671,0.9767276499310493,1.1441742170357734,0.9715621727292872,1.0176028524468335,1.3275689772240777,0.8409642139729999,0.8314668088029222
333,20260830,liver,fasted,0.47908791076499835,0.7944385495664285,1.773284564542152,0.9506073329226056,0.9035531345467603,0.9014394969188192,0.8879338567417848,0.8676467962500716,1.176504377707089,0.8953237794627688,0.9036791710850887,1.034057313702897,1.3657227858841543,0.6002199004129487
334,20260830,adipose_subcutaneous,exercise,0.7056334377683905,0.5581211078201932,1.9862799202158525,0.7720933886369986,1.1350753413621513,1.1285350712324382,0.9093700072924531,1.1410179943987313,1.0589419540377638,1.1579872276584215,0.8295730981396122,0.5843391064979934,0.578393020356429,1.8372678731455778
335,20260830,skeletal_muscle,fasted,0.814095813274165,0.8462369652464657,1.9793331919904493,1.7465696825948085,0.9362320588766465,0.9301965159549962,0.906847445135801,1.2492775585858507,0.8051873170753225,1.118453018332596,1.1887590053234496,1.1632006010606601,0.8641495950822253,0.9726498038571143
336,20260830,skeletal_muscle,fasted,0.6687121611368146,0.020704235558328565,1.0718892284876225,0.9443288113087989,1.220213022320869,0.9501068187406447,0.9134034150449865,1.1354575527560762,0.9141353993641779,0.8658805447306481,1.186353601986095,0.6084870877274248,0.8251782516920045,1.5663346605805706
337,20260830,adipose_subcutaneous,fed,0.792252866406434,0.6570929254551047,0.7250056289133477,0.9061929637769145,0.8190956585457936,1.1740685408096936,1.2453105243258653,0.9831659411787321,1.1687446227511475,1.242629621494845,0.9232156287208877,0.43870486991996943,1.0842698654433809,1.47702526463665
338,20260830,adipose_subcutaneous,caloric_restriction,0.16934727343110212,0.8657856263858302,1.2614931171913322,1.4378514588163096,1.1446340363980727,0.9823437646531158,0.8890370236153996,0.8900503020880567,1.2414218661109586,0.8035153453332978,0.9072962385178526,0.9155160687708618,1.608178260328373,0.4763056709007656
339,20260830,adipose_subcutaneous,fed,0.895700880745891,0.4804374450080341,0.579629234855808,1.5809190329099396,0.8490141501968047,0.9921372302659588,1.2263226169974928,1.1058217923593872,0.8739162443759848,0.8377965409327313,0.9499443757134818,0.8902251190736425,0.8928087326342775,1.21696614829208
340,20260830,adipose_subcutaneous,fed,0.8090363825944893,0.37963352709229503,1.6764060799255487,1.3926953103984783,1.0727113872726848,0.8433325699416606,1.222497349780914,0.9057993672790964,0.8250836245056612,0.8452901837503413,1.0435076961169623,0.46648253757820374,1.281659253210804,1.2518582092109918
341,20260830,liver,exercise,0.5435187613499782,0.8843946947124351,0.7458102639940626,1.332013757996107,0.9878902533486684,1.0340119575177524,0.9471033063793138,0.9667777865132443,1.1494463809389903,1.1854063132117398,1.136159631811061,1.0274743545345684,1.0048042892302738,0.9677213562351581
342,20260830,adipose_subcutaneous,caloric_restriction,0.34001697672989895,0.30602993868535744,0.8272934501225202,0.8376977595403452,1.0260592094664642,1.1885567861742719,1.1501728683583234,1.0569373613537214,0.9754499825441962,0.847329928928213,0.875273380924477,1.4003873022545794,1.0722335266126808,0.5273791711327391
343,20260830,skeletal_muscle,fasted,0.7346496353084365,0.2224541866411669,0.8855528070265618,1.575400252871216,0.9559594670917241,1.0214713091928693,0.8704229873718565,1.0462283686442335,1.1519926416383097,1.1640178885599621,0.84867385571686,0.5542277513960482,0.5150654256378997,1.9307068229660518
344,20260830,liver,caloric_restriction,0.8923092115517169,0.3601306428137312,0.8169294858165222,0.6626591166670035,1.2275665049095805,1.0934467615163093,1.001653215321429,1.2242773379281198,1.0401160038178805,0.8389922586173224,0.9175191352379214,1.1987569704140726,0.6697303239425644,1.1315127056433631
345,20260830,skeletal_muscle,exercise,0.07096280435010283,0.15093755816627685,0.9893043553613929,1.0400791964987979,0.9975057517014917,0.8496365846493443,1.018502072106416,1.0932254648044961,0.9202029444872117,1.23426801157079,1.1632988844306462,1.5380163877288566,0.6472493157970324,0.8147342964741113
346,20260830,adipose_subcutaneous,exercise,0.9862773219218073,0.2203191741111773,1.5982638507563347,0.5458411505382504,1.0629782006392985,0.9775330836658584,1.1068896961279633,0.8726802082597928,0.8969490763135722,1.2066442638772494,1.0179096518625381,0.9112886014848459,0.49663599559945687,1.592075402915697
347,20260830,skeletal_muscle,caloric_restriction,0.6095612572997919,0.839051921609725,0.914559243982183,0.7508763003651787,1.1407364452090756,1.01209741780089,1.1875548262691673,0.9436250722327553,0.8054214463932016,0.9519835994717057,0.8180686538109803,1.0140495441441513,1.1441502396114516,0.8418002162443974
348,20260830,liver,fed,0.9783123906479883,0.08625900792635965,1.0715610225203982,1.1232059507024688,1.113724762303598,0.8576261985239501,0.8585118604013964,0.9832708047426579,1.2480524459006817,1.1846279817038983,1.1843910671759137,0.7606623585442541,0.8287995012326,1.410538140223146
349,20260830,skeletal_muscle,caloric_restriction,0.5949354117736221,0.6935492270585485,1.2923284584020298,1.1402417220884766,0.9575175803169901,0.9858401081229433,1.150592963478696,1.0194334041259716,1.1630267391830236,0.9156789149332255,0.9826773814838098,1.043213244673247,0.9911820257569207,0.9656047295698326
350,20260830,adipose_subcutaneous,fasted,0.7136543013934284,0.9297024591111227,0.6118297370637386,0.5787043233340103,0.9014257551056092,0.9026815110965505,1.1613823674027848,1.145507416107288,0.8208419642598336,1.0555331408156068,0.9795090262355836,1.1569530504585361,1.3347646693700328,0.5082822801714314
351,20260830,skeletal_muscle,fasted,0.5359132895175767,0.09614141169211976,0.6710925736805656,0.9550992657401015,1.1293037829759203,0.8893340543905175,1.0110307481487004,0.8850467606757266,1.1912116636911612,0.8867967394859719,1.0166417597944055,0.7571072895399247,1.1034862105800585,1.1394064998800169
352,20260830,adipose_subcutaneous,fasted,0.3989323188184051,0.9798130757575145,1.2824402919816436,0.8950110858566823,1.0211268380204632,0.8142203807664516,1.112064609330594,0.8506052812822007,1.0187066044848867,0.837303069184387,0.9875109099571275,0.9263148592232792,0.7505725455415073,1.3231125952352134
353,20260830,liver,exercise,0.24372282476296148,0.5895891107796203,0.8461477021949285,0.7100710229570376,1.2443280767723675,1.2204630073213307,0.8472795790503022,1.2070696709630162,0.9227928217268743,1.0266124494892395,1.045032918142763,0.5954120116752467,1.334002296681579,1.0705856916431744
354,20260830,liver,exercise,0.21487435641315134,0.775272079326679,0.6918237882963155,1.0782363729743076,1.0187201269460606,1.2358610185111993,1.0569125338660168,0.8557807633592229,0.9244290533876645,0.9151633181102381,0.8463599352678843,1.2245470188884269,0.9629514187047294,0.8125015624068436
355,20260830,skeletal_muscle,fasted,0.8379739390385752,0.5154773000007578,1.152802880529758,0.9650628715148825,1.2497056929309927,0.836979814228878,1.2058730323790443,1.0455067592590013,1.08415033474634,0.8056787588112996,0.9818532918433578,1.2009154860309463,1.1722914129110091,0.626793101058045
356,20260830,adipose_subcutaneous,exercise,0.9976902092539746,0.9261867201379984,1.0804945646378747,0.7236464244168814,1.0017219911606097,0.9267164287464084,1.007507750361756,1.1071802327371074,0.8459652268009034,1.016765267329195,0.9670990598181239,0.6982458923435089,1.1648015334727175,1.136952574183774
357,20260830,liver,fasted,0.8715314635300735,0.1413511883931995,0.6800114146726038,1.7327258184610164,0.9684228281454735,1.0686563241949716,1.1496840637941432,0.8525066632614601,0.9805303676479529,0.9347865759459978,0.9422998799978946,0.42082777954682615,1.2705994816091413,1.3085727388440322
358,20260830,liver,caloric_restriction,0.8506955071243616,0.49923117430652497,0.6357208440226371,0.6348896085078138,0.9427285156936704,0.8398157487141485,0.9170785311890559,1.1819357501117296,1.2477644322618249,0.8798564650427726,1.134473297185898,0.7980702986992684,1.201388253119535,1.000541448181197
359,20260830,liver,exercise,0.41246781212614203,0.07434138710166593,1.6176959808088975,0.6146731234187042,0.8157314445846865,0.8242416925196502,0.8820382750414335,0.9520128873224775,1.0518938482898055,1.0852691715352143,0.8587128133714088,1.0770118851610457,1.1176074013152268,0.8053807135237279
360,20260830,liver,exercise,0.4698511462369762,0.06303167432538015,0.6273776171641688,1.4012457123437632,0.9596226548525424,0.8679028462815987,0.9400915168418262,1.1152224048579964,0.997218577786225,1.0579913472546467,1.2326171933438093,0.49357228733006453,0.9539802673891488,1.5524474452807868
361,20260830,liver,exercise,0.1423469269172314,0.27853157179664545,0.5223323168490541,0.7750632806235007,1.1492545943244703,0.8170856484275123,0.8668479517910994,1.2218796710986863,0.9957286146745545,1.1636007762191107,1.0568815538506324,1.1665875969756647,1.1384061246878237,0.6950062783365114
362,20260830,skeletal_muscle,fed,0.6119926985016916,0.7058959942228418,0.8552868370446787,0.9173919004326297,1.0220697729677755,1.10625886902027,0.9554708626108221,0.930094164261954,1.0230197811481432,1.0679420941778297,1.1424399269050127,1.142774259000512,1.092593923834212,0.7646318171652761
363,20260830,adipose_subcutaneous,exercise,0.822813228482767,0.9368236611937332,1.5494620410745115,1.150386907038221,1.1924027174944665,0.8125671526682979,0.883056545317687,1.1958841824332604,0.8660137463905632,1.0186800319795881,1.0231749749446413,1.0983900423406867,1.3004349716238572,0.6011749860354559
364,20260830,skeletal_muscle,fasted,0.9895545748813526,0.37039044859720605,1.6201942204741144,0.8370527163523419,0.933158684787971,0.9638143779001493,0.8569122234694927,0.8065638937022322,1.2066561323898728,0.8101734898590617,1.0987017118390667,0.5604976011036622,1.4528115588310448,0.9866908400652928
365,20260830,skeletal_muscle,fasted,0.9607219835330189,0.8170028618077159,1.3005190146566263,0.8208331595238049,1.203382880995192,1.230308469800625,0.8613641118003039,0.9399283803458152,1.1682732638754274,0.9172965415700953,1.2306857290875248,1.3355396919906612,1.135057636416305,0.5294026715930339
366,20260830,adipose_subcutaneous,fasted,0.4336459229789884,0.047992466885492746,1.263874658239029,0.5288432470282804,1.1162932509029582,1.051573292025343,1.1266798121139565,0.9959671904755835,1.0110421286886706,0.8479994769334231,0.8067557609313473,1.4301181265002334,0.6220758692353204,0.9478060042644462
367,20260830,adipose_subcutaneous,caloric_restriction,0.3828968487784523,0.7906050467667896,0.6923530488042741,0.9164407284970214,1.2210662168062334,1.2203489138838728,0.983338574984129,1.1260693026816444,1.1576836403136037,0.9069793566273554,1.2170809995483907,0.8647423812719908,1.041133721876784,1.0941238968512248
368,20260830,skeletal_muscle,exercise,0.3680579263994419,0.1912824819416704,0.8286896823175514,0.6936715908458965,1.2211500235861854,1.1616912007654294,0.9806283359799847,1.0134944099556182,0.9508546328072878,1.0192310082350522,1.03118101270554,1.204291926574167,1.0982079611490176,0.6975001122768155
369,20260830,skeletal_muscle,fasted,0.9492459028184373,0.45139459587941766,0.6057653827564483,0.9450559231701853,1.1604655867864688,1.029833378659285,0.8836455893575966,1.0066643863666347,1.0119430881525202,0.9904284664109404,1.2421099140700607,1.5045757898093668,1.0245361186882551,0.4708880915023785
370,20260830,liver,fasted,0.5430940407730493,0.41959366576207247,0.6345765801354267,1.1531747707628133,0.8906828136336236,1.1720143109138719,1.0222148195229221,1.0278206736529552,0.9636846626712995,1.0350692323694566,1.0072704985423067,0.692733862660051,0.7743412569795635,1.5329248803603852
371,20260830,liver,caloric_restriction,0.23111591955550692,0.20761069097249407,1.5845730227607502,1.87932656865637,0.8801070682320281,1.1563391960526304,0.9557269536883105,1.1989239037083013,1.2404533868342347,0.9408153395237089,0.9639697122329455,1.0109097615734874,1.2343721198086353,0.754718118617877
372,20260830,skeletal_muscle,fed,0.7273287322050582,0.8348002648046731,1.1823349300942414,1.6312715022939863,1.059836275249799,1.0775651479479225,0.9299671048328345,1.106200081861332,0.9279796928850709,0.8041668893064496,0.8222447251641503,1.3462730002293222,1.3091371964888436,0.3445898032818341
373,20260830,adipose_subcutaneous,fed,0.7771449782535422,0.13084495102912885,0.5703505490556748,1.7261281039091825,0.954077631015966,1.1823632177510137,0.9828514298424832,1.1773813863986007,1.1118122994245563,0.9253006405482147,1.1304132850471895,0.9479128482967076,1.2772480649706819,0.7748390867326108
374,20260830,skeletal_muscle,caloric_restriction,0.7650217768966543,0.7356686455948676,1.2464751262453457,1.9573175875616475,0.8403295184959755,0.8750520141471045,1.0421875202478472,0.866354918133318,0.9106703955933864,0.8531201967282007,1.194552969314898,1.1482644651750529,1.1790648710300433,0.6726706637949033
375,20260830,liver,fed,0.48948593595494094,0.7139270681574175,0.5985088633032883,1.7648592461078727,1.1450863403122387,0.8190341124129982,1.1014849649536484,0.8549309622588972,1.2056073925146125,1.144194806208513,0.9482074249647374,1.3017062916980529,1.2490147365602287,0.4492789717417187
376,20260830,skeletal_muscle,fasted,0.7829570972912708,0.08018085659649155,0.7080094192145339,1.9872060869354629,0.9945939268551194,0.8377328293759441,1.0976794003204389,0.9009467096321885,1.0052121367504092,1.2032070244000985,1.0225137994549014,0.8082774214233729,1.4134664463906317,0.7782561321859958
377,20260830,skeletal_muscle,exercise,0.9315333983275838,0.6507132400539896,1.3325196924798812,0.9948409488319361,0.8917352694227194,1.0204445099379498,1.172424789365383,0.9965830671614001,0.9173532997449678,0.8885404980876345,1.0481252597519715,1.567087425516047,0.9618599862381196,0.4710525882458334
378,20260830,skeletal_muscle,fasted,0.009132664511139699,0.8541065094980457,1.1192144080470965,1.8601124909073332,1.1197538665005542,1.2467960360886785,0.8749041776669002,0.8812232531274764,0.9993917262857879,1.0163430799595474,0.959835822391619,0.7180757364938348,1.7485982775929902,0.5333259859131748
379,20260830,skeletal_muscle,caloric_restriction,0.6716184567704874,0.24383678282866939,0.6266692233508326,1.5776996844621067,0.8059312216562188,0.8982558129420902,1.028056080342276,0.9292000095244562,1.0130090971634216,1.1802209970620714,0.9889652982894925,0.8246802463824761,0.7126195341225094,1.462700219495014
380,20260830,adipose_subcutaneous,fed,0.5088698807804478,0.04996941510872477,0.5617243189914568,1.066905021282355,0.9191059999226707,1.0199260254381668,1.0276485401335427,1.1189962587764313,1.1114264244883945,0.9604543507405937,0.9228345216394579,1.1266541967721597,0.8248337709997611,1.048512032228079
381,20260830,adipose_subcutaneous,fed,0.23337060327896808,0.9991339414670369,0.926477505973935,0.6632360092119469,1.0425601123797208,0.9349727487597154,1.0424418801999762,0.803671868950552,0.8343630019164452,0.9124239631157589,0.9922264007465182,1.0091105207297386,0.7226256267957333,1.2682638524745276
382,20260830,skeletal_muscle,caloric_restriction,0.24866785720497375,0.294547272533901,0.65809239467251,1.701159847241337,1.2042690889044667,1.0387202579067707,1.063449853559558,0.9875600932714779,1.05031561788035,0.9237587121401952,0.8143151439829541,0.541592476812045,0.7413788521254763,1.717028671062479
383,20260830,skeletal_muscle,fed,0.416865435778044,0.026346420167507767,1.6088103639233846,0.7375802592327965,0.8018514685230241,1.1202997832728494,0.8120138663872557,1.0752513198581382,1.0082310250994693,1.0964983966281967,1.0807470344398533,0.8643658674204524,1.2634442046810115,0.8721899278985359
384,20260830,skeletal_muscle,fasted,0.06087922702252058,0.0011174905859591133,0.6467720915528117,0.6771337045839536,1.203269487851652,1.1250328787857173,1.1207313234077574,0.8712309974616476,0.9196048592322816,0.9475791773608044,1.1650386263193722,1.1570040522015692,1.1756670147189607,0.6673289330794702
385,20260830,adipose_subcutaneous,fed,0.64114735770884,0.7088145338132288,0.5746998260564417,1.3354289084439215,1.178075929903192,1.1982757400038764,1.038916003863411,1.1563678326470024,0.9313160184967065,1.140230753903414,1.0191003161436438,1.077938752327481,1.037794534342963,0.8842667133295559
386,20260830,liver,exercise,0.23955370167666878,0.5483552097540533,0.5433442256063928,1.9341085210605178,1.0031416301137537,0.8929781483414848,1.2468618194599144,0.8032865468982263,1.1599330617367318,0.8101610850773655,1.0867165186455836,0.7238474543958098,1.5412607148672803,0.7348918307369103
387,20260830,skeletal_muscle,caloric_restriction,0.5462796951101057,0.8101123935413235,1.81585218742226,1.3303308216911802,0.8251868266185829,0.8070128551077443,0.9125527041353854,0.845920034960808,0.9512357421014987,1.037566719679588,1.0795067138372394,1.3697549754934186,0.5174641522083971,1.112780872298184
388,20260830,skeletal_muscle,caloric_restriction,0.15635598771403425,0.5297134839370841,0.8095835304644133,1.37524376184252,0.9440555885815763,0.8603549652518508,0.8157867383885602,1.1404844396737492,1.240586827877361,0.8475901050074165,0.9774524587444104,1.5893084661978163,0.5655357886403203,0.8451557451618633
389,20260830,liver,caloric_restriction,0.6702616612356713,0.8049266932122952,1.4965529072183197,1.738334524995301,0.8658493314581508,0.8456170342130476,1.1841029648577368,0.8770151687135717,1.2317260504600125,1.1427585660499018,0.9007486158589073,0.697499788241856,0.6321039734173406,1.670396238340804
390,20260830,liver,fed,0.13106150953304363,0.4566376325072933,0.6581072729314741,0.7967410863256976,1.0466627235274506,0.9201830028777299,1.107968467005313,1.0480255714042095,0.8385741135153908,1.1548320534747605,1.2024583549567192,1.301765690619058,0.8576188032419305,0.8406155061390115
391,20260830,liver,fasted,0.574445272017713,0.951187973004637,0.7768738875655841,0.5800603113542175,0.8001720485311977,1.0724004748380118,1.0830370934422617,1.2413552347084695,1.177049398281426,1.0391373073623897,0.886939802375392,0.5052255317385289,1.260308342453407,1.234466125808064
392,20260830,skeletal_muscle,fed,0.4420496606616523,0.2598448023502644,0.5761154146493147,1.2543377194300735,1.097991231818294,0.8626483037784336,0.9551901121172652,1.079399754957926,0.9414214611611859,0.8430989668707108,0.9655355442684399,1.483458660528346,0.7308316504061025,0.7857096890655512
393,20260830,liver,exercise,0.48793213206719543,0.2178453606575954,1.1712357471683783,1.5225359527385305,0.8056063826217993,0.8564287910246492,0.8411324054291911,1.177653003807618,0.8813740120154013,0.8831460722623445,1.1096549795830983,1.7186417374250786,0.628953553645405,0.6524047089295163
394,20260830,liver,caloric_restriction,0.043709170179687895,0.18854783279853093,0.6259999144652072,0.5038213112758981,0.8489722404037517,1.185468890647047,0.9425522095627007,1.063420361126728,0.9395239169237815,0.8830051968225157,0.8006337644934646,0.5335544478544201,0.6660470651428758,1.800398487002704
395,20260830,liver,caloric_restriction,0.9754895638919614,0.04138467205528984,1.7357988741098909,0.7593135246212747,1.043241730186411,0.8378399358505896,0.9595330085839913,0.9908451558895465,0.9619725193839335,0.8109469104232987,0.9117294570498052,0.568696106227278,0.9400643216853762,1.4912395720873457
396,20260830,skeletal_muscle,caloric_restriction,0.7188314738596536,0.8896856850423868,0.5226104202639429,1.892647126047058,0.9055407212672749,0.9637359774060834,1.2180115614444578,0.9297092065394402,0.8068203128046731,1.1133961437240838,0.8920166851737271,1.0894586778736044,0.8351942344990234,1.0753470876273723
397,20260830,adipose_subcutaneous,fed,0.31125248333003075,0.8669334722559495,0.8303908410772037,0.6317836898367611,1.218873604155406,1.165465330372677,0.9045575783916292,0.9138978094822275,0.8462282047453161,0.8667743171545664,1.0420997468838846,0.8610475333632631,0.8406014493154182,1.2983510173213182
398,20260830,liver,fed,0.3667673779765379,0.27323610566653256,1.1036632523074694,0.6023592269979433,0.8457592270872908,0.9798440647298845,1.0391385916744702,0.8745685208045751,1.0208751285885187,0.9066527053784803,0.8729414011509946,1.3920160620654958,0.9940715337122005,0.6139124042223036
399,20260830,skeletal_muscle,exercise,0.00018046544740457637,0.7041306543250023,1.1118123306788563,1.3841481459582927,0.8706659941733353,1.1574408650457333,0.860794902187357,0.8976698535418086,0.9803550719980628,1.174389374968173,1.0455117824091342,0.8696861392798191,1.1905904659230269,0.9397233947971543
400,20260830,skeletal_muscle,fasted,0.09395174402886486,0.0827619470179155,1.7383164017053536,0.824676865583435,0.9509400859848306,1.10304700120659,0.8449828325931314,1.225560790016268,1.1098953231215123,1.1037883587296795,0.9931164644574744,0.6349996244861377,0.9067814828112174,1.458218892702645
401,20260830,skeletal_muscle,fasted,0.4361976341253051,0.6121703635916648,1.2929932025089919,0.5034568418317479,1.2023736092249178,1.0813041742813985,0.9618996860626052,0.8417055969118948,0.9464421347621016,1.072965605426286,1.059016484145929,1.2032528653901045,1.0766021534321721,0.7201449811777235
402,20260830,adipose_subcutaneous,exercise,0.2656545592496763,0.550806271770952,0.9929050290079328,0.959792588928337,0.857931047527403,1.0719713325285238,0.871514523493929,1.0811645974860993,1.0364412157614522,1.1493832248726952,1.1775564201984323,0.6054452514242696,1.698445011280717,0.696109737295013
403,20260830,skeletal_muscle,exercise,0.15411338457249224,0.8715518224793447,1.067376442467438,1.9463843612050633,0.9744936610413883,1.032601829404417,1.1660380741301353,0.9188309213627082,1.1043197979306567,0.9988818203850222,0.9704694072585666,0.6787703650832486,1.2760473566955508,1.0451822782212004
404,20260830,liver,exercise,0.24043964467628165,0.23300720759614812,0.5469845634947942,1.6637711110196385,1.0788782043981628,0.8193737196538459,0.9042645548012774,1.0857697424598347,1.1411891826629192,0.9265056284960421,1.1804620234925018,1.3114971572013254,0.7005224809565608,0.9879803618421137
405,20260830,skeletal_muscle,fed,0.4961913591906768,0.902372030485908,0.6152148881217786,1.1968493121992665,1.0954653223865065,1.1661508302533583,1.094146469743246,1.151970476534648,1.0850535479679988,0.8328319379333747,1.110710998254844,1.654745787053879,0.8052755085879127,0.5399787043582076
406,20260830,skeletal_muscle,fed,0.2594244933049893,0.8570281312054062,0.623839528907031,0.9456131284730509,0.8720640231224038,0.8130849022799576,0.8303034675464039,1.1583792341494097,0.9405228074406463,0.8443558226220049,1.0494240090973759,0.793423909707408,1.053191058989121,1.1533850313034715
407,20260830,liver,fed,0.9924185011034816,0.3226975858726234,1.6369768666276954,1.4640892680701107,1.1152644532686644,0.9766394422555654,0.8683489021009828,1.1464761130808372,0.9869786801917659,0.9089240006295195,1.2421308488645073,1.2021420447461062,0.8952125334651445,0.9026454217887493
408,20260830,liver,exercise,0.11099348624516514,0.14293265482628803,1.4616114027441316,1.9512164219506047,1.2065759739886592,0.9084333236498442,0.9359487687910069,1.1554964139317911,0.8749699679280257,0.8352781388666061,1.0960803255743035,1.1491149721541392,1.0744925578519418,0.776392469993919
409,20260830,skeletal_muscle,exercise,0.8055837909126216,0.8837319540922297,1.5955692441288802,0.9134230222251828,1.1822334743373832,0.8284365179750259,0.9098156480711714,1.2157241065160294,1.0889446867806931,0.9912550448322023,0.8471834541240583,1.3183967374889778,0.6754273563011204,1.0061759062099018
410,20260830,adipose_subcutaneous,exercise,0.6130986723954339,0.2787046592104756,0.931885138250866,1.043499808844065,1.0721085215477097,0.9084164428386949,1.1641397581751762,1.1577180855854048,1.0773280973425776,0.9397498547785883,1.1983693125506683,1.011251786855483,1.3756242794982896,0.6131239336462279
411,20260830,skeletal_muscle,fed,0.08315784090128964,0.675213761031877,0.5411919179082847,1.7699632312464177,1.1565793974150158,0.8739130507758451,1.2040967916149954,0.8949544463851978,0.8821925082038451,1.1012965391363432,1.002401688045591,1.0836909308119171,0.8509909097634739,1.0653181594246088
412,20260830,skeletal_muscle,fasted,0.47683301957666524,0.06743203822832078,0.7690588855076099,1.1149894358895307,1.207926505990835,1.248882371640827,0.8689138547262318,0.8895932911955108,1.1417322479975625,0.960738454233331,1.1879343126865907,0.62960888989879,1.2555917009887205,1.1147994091124893
413,20260830,adipose_subcutaneous,caloric_restriction,0.619016026409322,0.9754212212387331,0.7990406069054722,1.5592998082575857,0.97051187442705,0.8153310795480834,1.0825483227699062,0.801663363212644,1.2220576602627853,1.0956802476906051,1.0543823188070471,0.7132127915532072,1.4078419203975157,0.8789452880492769
414,20260830,liver,caloric_restriction,0.6229528778233411,0.3651923244119397,0.67968013220417,0.7817786980885654,1.010392630831754,0.9600050219260469,1.0307800190415708,1.090607652813615,0.982562517934027,0.9688879180097071,1.1573531843456475,0.9164280062369713,1.0996764174999196,0.9838955762631088
415,20260830,adipose_subcutaneous,caloric_restriction,0.18657076927454674,0.4069779332480403,1.6882231752483465,1.6453896764008404,0.8709646097413605,0.8002846440469652,1.180136433329525,1.230469109459761,1.1620606731766852,1.1280557901888648,1.0098198020699691,1.1438427525776225,1.1835663073346103,0.6725909400877674
416,20260830,liver,exercise,0.642001386870607,0.1816287946400008,0.729043021948542,0.8127474738981895,0.8581387013116591,1.0128444134152994,0.9631893162373493,0.8272889341809669,1.0872122240981117,1.071218540315028,1.1705856892019286,0.5978178273787503,1.2728721694408631,1.1293100031803867
417,20260830,liver,fasted,0.08718071265242988,0.4217355018225022,0.6951248494714617,1.677137379976884,1.0544938452059,0.9268899988041848,1.202152441772845,1.245622075161585,1.1164605161201764,1.0089901785581377,1.1069946931664816,1.1920126481232134,0.9527215868192311,0.8552657650575556
418,20260830,adipose_subcutaneous,caloric_restriction,0.4918496835239391,0.9399639863969578,0.652608875510138,1.0108073893442349,0.9475874184009586,1.2251149298827289,1.0787218699781185,1.1664770775608433,0.8673850843137693,1.0694292995497967,0.9049917321922475,1.0599435506217922,0.6332697370930748,1.306786712285133
419,20260830,skeletal_muscle,exercise,0.2456675759296899,0.014779991334630593,0.5158005606749736,1.9403128496621769,1.046802579055967,0.8868439218591629,1.0132700572615185,1.1743751631501869,0.962378058518694,1.141491723618607,0.9407682246462017,0.7888541299645241,0.6127583719688617,1.5983874980666146
420,20260830,skeletal_muscle,fasted,0.1492720298551915,0.9831920737605457,0.6845577533767322,0.8898114096829957,0.8087729531873621,0.8607743423917036,1.2429836191321313,0.8691024778914044,1.1271400487736336,1.085954305845618,1.0689196320723888,0.918696345861544,0.5614495815754068,1.519854072563049
421,20260830,liver,caloric_restriction,0.8407470051329919,0.6468469309879624,0.7804527105154849,1.923820189273032,0.9556456786815368,1.1875226323201882,0.9619014791925357,0.9869274437180702,1.2171281831758596,1.1182528032480354,0.8667635873946942,0.732844256701548,1.1107754485687038,1.156380294729748
422,20260830,skeletal_muscle,exercise,0.5917851601332499,0.6958592762681638,0.8345600305779483,0.8837457361132363,0.9601350587466492,1.048694814187085,1.10439763520221,1.0459030229699715,0.80462682634483,1.1766038820002895,0.9761667502870924,1.2983237602378839,0.9384217504453073,0.7632544893168087
423,20260830,liver,fasted,0.2100720578776294,0.11908773694664687,0.609563943978488,1.8475292961129548,0.9680428677724797,0.8153106627318313,0.8429508636143533,1.0462486340988393,1.0823473260617658,1.1683307889763637,1.0568913466080665,1.1975809844696692,0.45761493853665164,1.344804076993679
424,20260830,adipose_subcutaneous,exercise,0.5412809315944729,0.5370088423097586,1.981255037659046,0.8702392198124085,1.0591253639517872,0.8489695605411077,0.9356011857708729,1.0399117407132452,0.9736520795624256,0.8951689304905462,0.8031176140002279,1.771103227581489,0.7071861725235057,0.5217105998950052
425,20260830,skeletal_muscle,exercise,0.6437053302502727,0.41610650646131364,0.9822826547256712,1.780670613138114,0.8261637390380966,1.065429100916875,0.9048081968416954,0.9010574729092905,1.1706416545807319,0.9254136669948396,0.8405934834907496,1.5048312034223497,0.7547811362259805,0.7403876603516699
426,20260830,liver,exercise,0.5393814353610747,0.956837114432317,1.1420945780824039,1.1386107048537046,0.827287554015512,0.8244711597866351,1.196204859207234,0.9524684438137049,0.9211975646543943,1.0201872286968798,0.8208713475120734,0.7182499903342012,0.6983263244966432,1.583423685169156
427,20260830,skeletal_muscle,fasted,0.20105628649116614,0.32367548923375056,1.0742138449544352,0.8065834048561088,1.2114123095770686,1.0925850330242408,0.9466366136069575,0.9572812604097491,0.9851975030880297,1.1336983314014841,0.886189829091805,1.1907716190263682,0.7646748167043695,1.044553564269262
428,20260830,liver,exercise,0.4910564098477559,0.37474005022990275,0.5717759161792576,1.5413592778195944,0.9134252476529614,1.2324862466617248,1.134162080522872,0.9447772848714567,1.0466972474627596,1.0726160069410404,0.9275320695106993,0.40431575921093726,1.1537576918837091,1.4419265489053537
429,20260830,skeletal_muscle,fasted,0.7514088188672404,0.45848883228266957,1.1656763106029768,1.1081650508538765,0.9193227196404942,0.835213683784974,0.9070017533836126,0.9584260117768046,1.0651575155054296,1.0226966648579943,0.8498040440629815,0.7706329561650352,1.0443192000747719,1.1850478437601928
430,20260830,adipose_subcutaneous,exercise,0.40975496974087966,0.6290555107049962,0.7181897830133486,1.3066677956089918,1.0422107023876441,0.8651525068438108,1.2086969354030708,0.8173394464880227,1.007975514556651,1.0397401635797605,1.168873506277198,0.7793084828428778,1.1350708268920793,1.0856206902650432
431,20260830,liver,caloric_restriction,0.6555651144721231,0.7927810390841177,1.155235614138275,0.5873887758211213,1.0002346604708956,1.15235653605356,1.0371267564036486,1.0842614584095194,1.038273448980454,0.8687116423073032,0.8732491198419515,1.082482644904939,1.4278465922721102,0.4896707628229507
432,20260830,skeletal_muscle,fed,0.04533556113224524,0.7658344904513941,0.5385664270828406,1.9882186238323307,0.8600898910735769,0.8093483981970996,1.1840012716682837,0.9487280871284874,0.864304031317153,1.2258970103019886,0.813764202511056,1.7399757606463633,0.7086746652630704,0.5513495740905663
433,20260830,liver,caloric_restriction,0.9148271740011875,0.45381589184627424,1.0994274994338533,1.947444611049923,1.1285947064067468,1.2236727551843714,0.884032657057827,1.1292879823005864,1.1557978078969924,0.9188336000444906,1.1498710852605245,1.7890246615083696,0.7149858941761583,0.4959894443154718
434,20260830,liver,fed,0.6401722747929197,0.8697505660557348,0.6883288617024642,0.817182721024805,0.9756953830000998,0.9378862185242914,1.0825214389707134,1.077762545786001,1.0880225690536498,0.863932370099366,0.874969451081821,0.5550224359615886,1.5961767783575975,0.8488007856808139
435,20260830,liver,exercise,0.30460626465513807,0.11871310263468327,0.5237893827278388,1.1884529259704921,1.1490360031109994,1.1538376313046816,1.2436210984393559,1.0825111320009908,0.8459273312235053,0.9629714912512416,1.0013901111421286,0.5963396927176163,0.9753892125868221,1.4282710946955615
436,20260830,skeletal_muscle,fasted,0.539157841267001,0.011561317704040563,0.5779307116654547,1.638996419333471,0.9431503335125161,1.143488930050569,1.1219477267637425,1.0348298118666048,0.8525564735115195,1.0869869037580002,0.9268182920531102,0.6185515833462387,1.3468798775554576,1.0345685390983035
437,20260830,adipose_subcutaneous,exercise,0.6839120980857859,0.5699788965869023,1.0280475360299093,1.8720574010300401,0.8317837109153633,0.8178264843355831,1.1142754403739423,0.8799967159525952,1.1635509650584164,0.9627255638589625,0.9520253960586214,1.0768056753391357,0.9204688251664132,1.0027254994944512
438,20260830,liver,fasted,0.8272684577626619,0.7292988251277098,0.8574985522037978,1.2284055295919027,0.9123749430247814,1.1840637444316182,0.8228716706147989,0.8693347309755661,0.9568630488067047,1.1035104529214959,1.1970545610835477,0.5999252835470474,1.2075527499311183,1.192521966521834
439,20260830,liver,fasted,0.2243324461622911,0.7993156353489187,0.6024916763157819,0.6172271375530112,1.0419600494684165,0.8416966639922063,1.1549137531229645,0.8222177345396996,0.9660882195049167,0.8432313015275766,0.9027893890949751,1.1953285528165614,1.2767589729882853,0.5279124741951533
440,20260830,adipose_subcutaneous,exercise,0.248951313511511,0.2456213485108768,1.6062443729601794,0.6766274639767512,0.8745029851315529,1.1773116827120735,1.1374593773262143,1.159333767739659,0.8884505495645237,1.2418707623110024,0.8540819221459135,1.181332731315587,0.5863551823568715,1.2323120863275412
441,20260830,adipose_subcutaneous,fed,0.29027881984723114,0.8449598150420399,1.9873763641187507,1.261046577024767,1.167155390876655,1.1125987453568087,1.1954156983449715,1.040607470605975,0.8333523222520297,1.0695474537211267,0.8535589216735818,0.6984200393911018,0.587155436919088,1.7144245236898101
442,20260830,liver,exercise,0.22598356618529924,0.6564813330785149,1.4573435705264344,1.0426379299196697,0.8051868942824043,1.1824126484883901,0.932224277407399,0.9331008382957319,1.1745085295671354,0.9263831723205773,1.221024143505733,1.2131952788786389,1.3226145651644106,0.4641901559569509
443,20260830,skeletal_muscle,exercise,0.5259985305458962,0.8506178547681512,0.5160488312134932,1.1603867147619773,1.180247511434862,1.2065863360772717,1.1738698728878836,0.9599464934963114,0.8313992060737405,0.9379338825322996,0.9860597608605706,1.129919897023857,0.5809525527708407,1.2891275502053023
444,20260830,skeletal_muscle,exercise,0.1537932775168135,0.014446114489464423,1.721260758180501,1.0436312160820032,1.0006376464178341,0.8190634439709618,0.988591636381396,0.9384813765119334,1.046078250681053,0.8493379753716922,1.0002357501182786,1.3618503454732316,0.8369657226614562,0.8011839318653128
445,20260830,skeletal_muscle,fed,0.7242785319256958,0.46556206289525326,1.1099293763013556,0.8652369058678179,0.8854810526886332,0.9020305035598282,1.0591861113077612,0.9919613464439079,1.1401102986563552,0.99869861683405,1.142644217738177,0.6927722678609531,1.7169802884652798,0.590247443673767
446,20260830,skeletal_muscle,exercise,0.8019283387129543,0.11550289991011609,1.4269983913198425,0.6966006673291437,1.0452018787849642,0.9510262322907271,0.9153061009225387,1.2379884196732942,0.8576301759127111,0.8858614194542287,0.954400699511021,1.3195870657241913,0.6723872006615595,1.0080257336142493
447,20260830,liver,exercise,0.7987567353490931,0.18246347648058991,1.8242077877687906,1.652953923152886,1.1807001325754833,1.0573110658852354,1.2342335302401017,0.9206927463082454,0.9842952332757835,0.8208496108387499,1.1534552651266072,0.7596412196180373,1.2763415849466433,0.9640171954353197
448,20260830,liver,caloric_restriction,0.18661624470391047,0.6103873396592846,0.5779032066126175,0.9236476287787676,0.857855829267101,1.1674817947541136,0.9309850227107795,1.0583634992154236,0.9277906916774776,1.2130442816210683,1.1370081738195243,0.8435721605303089,1.4267548618885557,0.7296729775811354
449,20260830,adipose_subcutaneous,fasted,0.5187785414648856,0.28069936851357546,0.5666925817818177,0.979237932319523,1.099342816595604,0.9002189320229437,1.013508403330889,1.0709877447029639,1.1930621652511457,1.2359003328135834,1.188538728068842,0.5774927269335555,1.5821966801223624,0.8403105929440822
450,20260830,liver,fed,0.62422365306987,0.15270525522210843,1.9578684382498845,1.9452429165978624,0.9800472995405699,1.1161648248645286,1.0910258804905848,0.8737392886106926,0.9223260065160188,0.882195174050031,1.0194424356851175,0.7651566127143072,0.7855439619641471,1.4492994253215454
451,20260830,skeletal_muscle,caloric_restriction,0.4029982387880866,0.6172244654922615,1.5116850556455896,0.8092422415555479,0.9044160017798979,1.0537974275559132,0.8804223956402555,0.9774203607778384,1.2396952062494826,1.104029811182783,0.9150528808939374,1.1649867289792566,0.5666768651135276,1.2683364059072157
452,20260830,liver,fasted,0.06908248982954057,0.7189368687981313,0.7697696881871408,1.5674987964500187,1.1659864996412408,0.9187982316206366,0.9516448035983193,1.2032760898310593,1.153088603574423,0.9690365643603503,0.9610269898510215,0.49149732718410266,1.1723637692097881,1.3361389036061095
453,20260830,skeletal_muscle,caloric_restriction,0.9232228366211868,0.2247865458332159,1.9306121035039792,0.9366859840852387,1.1595409407121924,0.8169879408577355,1.2356055401984807,1.0351523214193235,0.9446134922781341,1.2494894841797908,0.9363447085771897,1.515343591322296,1.089775907307917,0.3948805013697871
454,20260830,skeletal_muscle,caloric_restriction,0.4835673173700993,0.29261242466036264,0.9068124609971137,0.8916926196523357,0.8454287904406214,0.8089078741363745,1.1465527995395377,0.8877391116379407,0.8789158061980842,0.995152107709133,0.9667556211927899,1.3686591086549729,0.5416887438160188,1.0896521475290082
455,20260830,adipose_subcutaneous,caloric_restriction,0.11144400284580103,0.6765517800069173,0.5710293012330003,0.8830237369211188,1.0043183888699803,1.0654401824206206,0.9813553972381173,1.0918431824292745,0.8595416721944612,0.906563066399054,0.8102957879172179,0.8007174035736484,1.1321122771572,1.0671703192691515
456,20260830,adipose_subcutaneous,fed,0.43842757239295693,0.3304221953002685,1.2680755276160522,1.764940196768045,0.8045362562817778,0.9013292908152001,1.2440739618103374,0.9598243985880472,0.8811106831681793,1.0364510350061509,1.1942610565589387,0.8267073210221108,0.9552036038041144,1.2180890751737745
457,20260830,adipose_subcutaneous,fasted,0.29229738078075596,0.9886068390264615,0.5002355165574303,1.18255888197901,1.2006222898296108,0.9057757795120477,0.876091393091956,1.0432640407834544,1.199369065869224,0.9114973270569484,1.0591977120968856,0.5731223008438031,1.5930981856995328,0.8337795134566637
458,20260830,adipose_subcutaneous,fed,0.6189290250707122,0.17412107767125018,0.6632386286001352,1.602999671343398,1.0000204050838832,1.055684746632788,0.8766448755830604,1.0900557040148893,1.04154590719159,1.1159950887870305,0.9723212513531542,0.8435758373916395,1.673572341842476,0.48285182076588445
459,20260830,adipose_subcutaneous,fed,0.9035286139134627,0.19551946741780613,1.009462678945109,1.2666897387422047,1.2305517367873307,0.9188501075703289,1.1347858836788063,0.8923594850562849,0.8858724423207919,0.9498688597744527,1.105322573806253,1.3003441147436003,0.7100980612544698,0.9895578240019303
460,20260830,liver,fed,0.04376152405856515,0.29865358081451876,0.6137463251730418,1.3203038950831092,0.9155607735252538,0.8383310344137249,0.9506852096505359,1.1032283241183825,1.0764238063042053,1.0448138034299705,1.1732199411005593,0.5153330384976392,0.9646951078404383,1.5199718536619224
461,20260830,adipose_subcutaneous,caloric_restriction,0.4999322173763171,0.2954465931049517,0.8134691155834444,1.1598778282554416,1.1169110282477202,1.09931584507642,1.001355712539984,1.1404475419225295,0.8175184330124232,1.0147167563436068,1.0321667828185228,0.5980345139208227,1.2339914504296836,1.1679740356494939
462,20260830,liver,fasted,0.3723628267843736,0.5547472417912793,0.7668795604991041,0.9728394347058401,1.2382563179336687,0.9209957725437862,1.0312476753098445,0.9977295444107049,1.13667161117524,1.2242294701629282,1.076225720361458,1.1796461631539454,1.033919529858904,0.7864343069871508
463,20260830,liver,fasted,0.06866822616016188,0.9850179444310813,0.5070190000261497,1.8817921518548377,1.0972550801542353,1.0347645467051667,1.0822338285468849,1.1355192205447795,1.2118008587796965,0.8775438282454984,0.8528545220130423,0.9597435130191957,1.0975919100902813,0.9426645768905233
464,20260830,skeletal_muscle,fasted,0.06532121561320625,0.9049245539004406,0.747837876160762,0.6238990847554964,1.1841955255919965,1.0638189458876635,1.0676192502467512,0.9874577541851144,1.040672489481202,1.2362259711177768,1.0701867441957973,1.2482894112728973,0.7161900898887903,1.035520498838312
465,20260830,adipose_subcutaneous,fasted,0.985213453499358,0.8011170766650277,0.7314745304633314,0.6150331709381361,1.0690870293335824,1.1538220117769726,0.9443673079088952,0.8856036592545842,0.9929546565194032,1.1961442730009573,0.8529363988249488,0.919083670513804,1.1245429703608123,0.9563733591253837
466,20260830,liver,caloric_restriction,0.9256110933516107,0.2963843600623892,0.6001002893013612,0.5170494676920956,0.8858746595604874,0.9298348573665187,0.9562187158833853,0.8363280279687959,1.1472864940574983,0.8114032993982763,1.0151803775119699,0.9574263264654668,0.5794261961282472,1.4631474774062863
467,20260830,skeletal_muscle,caloric_restriction,0.4377201836187734,0.4417307227505709,0.535490738216244,1.2675276720854403,0.9093381794511614,0.9678599409472277,1.2422177421118576,0.9835310087284418,0.9256576917922965,1.2026904771738016,0.9574244712267633,1.4371598435289668,0.586438444034642,0.9764017124363915
468,20260830,adipose_subcutaneous,exercise,0.655554532764677,0.2598268287588398,0.613560467261871,0.726573950935077,0.8174904083706137,0.8940496555064631,0.8690416442197206,1.0913283545943757,0.9588371066429224,0.9867675194469414,0.8339178888683819,0.5891639706638995,1.5614652944728347,0.8493707348632656
469,20260830,adipose_subcutaneous,exercise,0.8164172531347206,0.6854875882986625,0.619446951518948,1.3082777467310112,1.1243039121179819,0.959692266153302,0.8168376958162757,1.0027819928000288,0.9542842629439527,1.1560601868288598,1.0600804090382523,0.9662949885538038,1.0008140930806706,1.0328909183655257
470,20260830,liver,fasted,0.7850996413565751,0.26889489185798987,1.3664031449530085,1.2066336064680665,0.8489779477528404,0.9227532648045403,1.010992948443769,0.8259008972439529,0.8089758579838116,1.0703487704154009,0.8251126289177443,0.972653288431911,1.1028951494369024,0.9244515621311867
471,20260830,liver,caloric_restriction,0.19290809598003378,0.41967871226452924,1.5793410907696714,1.8809421362599776,0.8465901275502651,1.1809925512890724,1.1655593767458592,1.1961989625628515,0.8147165443450565,0.80963112521552,1.2389559838541326,0.6629468827495053,1.4481085978595822,0.8889445193909123
472,20260830,adipose_subcutaneous,fed,0.13453939819035599,0.8470717312959155,0.5396187008733176,0.8213305104410064,0.9063337019189258,1.0154022345307607,0.8424436304634406,0.8543435591135052,1.054484301866363,1.2030861043058363,0.8597012190550132,0.6192985700287859,0.6514867550134734,1.7292146749577406
473,20260830,skeletal_muscle,fed,0.16531685680833808,0.528602287212652,0.5653665467397085,1.4195645021028895,0.960998164575978,1.152717023640852,1.1671924253593498,0.838782136531006,1.1945321287876987,0.917574481896278,0.8573120325773629,1.2134912872803763,0.5916140645990358,1.194894648120588
474,20260830,adipose_subcutaneous,fasted,0.6098356534918684,0.3413346834362605,1.9573959533140777,0.5224978167921756,1.1690855609191424,1.1763922525461308,1.0538071696382236,0.8469078078096561,0.8944920677957353,0.8231868806859309,0.9139278558044406,0.8952054409653468,1.1814640369328615,0.9233305221017921
475,20260830,adipose_subcutaneous,exercise,0.7301292856370346,0.4597334460068201,0.868051720336122,0.5862178860455484,1.1490173056073492,0.9772800083151911,1.0805361999743923,0.91463148333244,1.0843413511030522,0.8681960006423859,0.8475557068047054,1.2392729291370232,1.040566719262364,0.720160351600613
476,20260830,liver,exercise,0.28979076705736284,0.9629521096987023,0.5077299428416938,0.7253504068917686,0.8148633515852656,0.8308819808937183,1.2048214415360678,0.8831791945076991,1.1302177026378017,0.8423237459599066,0.9347138604748926,1.0353419239881059,1.4450569210370194,0.5196011549748745
477,20260830,liver,caloric_restriction,0.6924792652612153,0.15514329037042962,0.5022142393845714,1.0111116383952985,0.9819972841145593,0.927732346830693,0.8138327797552565,1.060180940769608,1.0130247077555141,0.856271770811152,1.0475016397676833,0.7994275941762703,1.4909300991779264,0.7096423066458032
478,20260830,skeletal_muscle,caloric_restriction,0.2772599404145928,0.5563612144969892,0.5240828440280347,0.9437512176162295,0.852360003715337,0.919910880536027,0.9718058023051599,0.8541785768465097,1.066921593567101,1.042672411273882,1.2465212590913526,1.0213620064004447,1.1428355219415416,0.8358024716580139
479,20260830,skeletal_muscle,fasted,0.9819729430526912,0.9796478913998544,1.815291000091397,1.6277036100881288,1.0117322138144995,0.875301933528438,1.0778186929630542,0.8616806287779657,0.9822647999601802,0.9345842348757171,0.9812591409413517,1.526377081281942,0.973391196422067,0.5002317222959909
480,20260830,liver,caloric_restriction,0.5543692514112828,0.7876217471763806,0.7132605614779489,0.5031929864765325,0.8981244010095494,0.8182367751947266,0.8067686739112679,1.1998107330245635,1.0293422747465413,0.8026640250006635,1.0565452469882977,1.0308406120570328,0.8800358827146674,1.0891235052283
481,20260830,adipose_subcutaneous,caloric_restriction,0.8253192204309016,0.4302143643470179,1.4749245560740207,0.9547329094549927,0.8666123779697681,1.1932950297046958,1.0552582167914337,0.8111082879347541,0.8742027742587786,1.0132690303862182,1.0607061076965913,0.6480744357225241,1.5047168213356281,0.8472087429418477
482,20260830,liver,caloric_restriction,0.5667159588156198,0.818904475174032,1.4847436314566849,0.5209410389047108,1.2467273629455722,1.244223360476766,1.1854529604056956,0.9635345360561399,0.8779887879006115,1.1881214760372738,1.0177419758705204,1.44309041760729,0.8910020726869882,0.6659075097057219
483,20260830,liver,exercise,0.3049290334294149,0.7483763643319775,0.5698890217579723,1.0819533214452817,0.9898814478347334,1.2306839562108063,1.0662300696699847,1.1960845808011111,0.8057312282449998,1.2447925598897718,1.1993793308911593,0.8501476015947119,0.6749036129673163,1.474948785437972
484,20260830,liver,caloric_restriction,0.31045577115522927,0.9429694782838961,1.6897014025816786,0.8421107415139512,1.2053208250537695,1.202429541823789,1.1054870514457777,0.9201380461471477,0.9574258069141292,1.0322025039522316,0.8109452133347305,1.1065079335834573,1.1344429579984012,0.759049108418142
485,20260830,liver,fasted,0.3159241094041959,0.9888891036088018,0.6317681599350865,0.5114238044619941,0.9776893721245183,0.8793971199400168,1.0449530260980466,1.0337414344912288,0.924037313052414,0.9377081121862372,0.8887654947765843,1.3509176788410717,0.8682438242710653,0.7808384968878632
486,20260830,liver,caloric_restriction,0.2227160581812302,0.1481947972190959,0.8924489653135449,0.611632706829849,0.9457088991906906,1.147767882506245,1.1185244355746726,1.2452595895885772,0.8249095673923943,1.0592979091696593,1.0949901123316883,0.6629969208032704,1.4299914726686263,0.9070116065281035
487,20260830,adipose_subcutaneous,fasted,0.5858198770549791,0.0011462549111237452,0.7416753801487284,0.561245561884768,1.098508470806549,0.8440485145499055,0.9689273698717229,1.0979486849329987,1.1819958223129219,1.1575510444296078,1.0228004299493079,1.2119233055561813,1.0536348642331042,0.7344418302107145
488,20260830,liver,caloric_restriction,0.3654723144385308,0.21724548359949913,0.5863115105423767,0.5580967536917567,1.1489156347433325,0.9266341128256623,1.2104872425317725,1.095550106396707,0.8227921223746427,0.9980825479719441,0.9473706200550515,1.5046301897243928,1.0595815239837163,0.4357882862918908
489,20260830,adipose_subcutaneous,exercise,0.6733480124497515,0.5128270150136144,1.9508631202239615,1.284195882959553,0.8588560679624557,0.9563500638062568,1.2321283202907425,1.0446177642848073,1.063324767863867,0.8867860493028062,0.8305721073137506,1.0369353183370462,1.3712565459080102,0.5918081357549441
490,20260830,liver,fed,0.3136760478278755,0.6403729844269829,0.6325887762854926,1.6468487815823745,1.011510087893236,0.9980029727647877,1.0712227457020782,1.1088073992787773,1.1797616197298804,1.2402715902942691,0.8108812440332637,1.07450387342385,0.9522859828971622,0.9732101436789877
491,20260830,adipose_subcutaneous,fed,0.5650357926241109,0.02141041964647561,0.9283519759161633,1.3564990540544608,0.9755179598294628,0.9311191626338202,1.2306362129665902,0.8237425088023811,0.8111411156908207,0.8910384438925439,0.9005568380056573,0.7465095371592809,1.1617560182125046,1.0917344446282145
492,20260830,adipose_subcutaneous,fed,0.4422932168743964,0.322896900152876,1.8943649445713682,1.0016445239164262,0.8148962629817846,1.2368950792223625,0.8699484233628888,1.0571765206995236,0.9880202153930902,1.1750369538751855,0.866389216857106,1.639955350237469,0.6775764380538433,0.6824682117086879
493,20260830,adipose_subcutaneous,fasted,0.7649810042797802,0.1458297904378888,1.9934003477510602,0.5064103926452861,1.0554214901477763,0.8284719301895018,0.9859067946103294,0.8772246850277438,1.095276356463778,0.9946461652717173,0.8000009902133932,0.6347026697434113,1.6029837212351228,0.7623136090214659
494,20260830,adipose_subcutaneous,fed,0.9313220537185171,0.8618511756340588,1.9909270070572174,1.1119895743219288,1.1718610865765262,1.0768103098666055,0.9844085452403475,1.13299619722528,0.9386278097108466,1.0106314057660566,0.9288129242718179,1.0170395162641364,0.5146555576073888,1.4683049261284749
495,20260830,adipose_subcutaneous,caloric_restriction,0.0914827990425261,0.18458094523853463,0.7406469134495738,0.5547303206951695,0.8127459394054212,1.0711513531037935,0.8376504127385402,1.214241018867152,0.9445595364078042,0.8684201170671237,0.9814667000694692,0.599983898281754,0.7064534543813382,1.6935626473369079
496,20260830,adipose_subcutaneous,caloric_restriction,0.2555258412471083,0.5424641559155063,1.4682848663710306,1.5950853242211112,0.856117598565808,0.9866919538113991,1.0943277483069405,0.8199655812492743,1.0253557335198717,1.0768640258010242,0.8951953361334821,0.6504533340491427,1.0848602593478014,1.2646864066030556
497,20260830,skeletal_muscle,fed,0.07488406366305222,0.4778069258793852,0.6001847245948402,0.5805114841459036,0.976533223283169,1.197655579266093,1.1172230831032464,0.8643331210468188,1.1565896634679202,1.0497011146294133,0.881158858862387,0.695017819634258,1.1107065315967277,1.1942756487690147
498,20260830,adipose_subcutaneous,fed,0.4319638954816728,0.8601600046304255,1.4360070627052144,1.0236155771798037,1.0767689078850673,0.8043220623196109,1.0065784364672838,0.9779264223199049,0.9708183210669894,1.1457448746896393,1.203177608142601,0.6415869326024408,1.361812986219327,0.9966000811782324
499,20260830,adipose_subcutaneous,fasted,0.2546762870029088,0.05435030242143768,1.4673914803776247,0.500911135164169,0.8045532392114583,1.1072774001298182,1.1073294334097392,1.1710080064174675,1.004137417279255,0.8666957516724072,1.0390180114008436,1.3353766837473768,0.6419904822586447,1.0226328339939779
500,20260830,adipose_subcutaneous,fed,0.9027623977704202,0.9407397511207857,0.5043258157873031,0.7249675932871399,1.2147818523386282,0.8771234882962874,1.203166277843144,1.0418626361136432,0.8957787366027475,0.9291826907051098,1.0489261434223127,0.5712176920095077,1.1050542778808452,1.3237280301096472
501,20260830,adipose_subcutaneous,caloric_restriction,0.04835798150998294,0.13941490650351995,0.6832630152595933,1.1853582155641997,1.193620752681596,1.1285881899781005,1.1151821109058244,0.8170463022835479,1.106249633503221,1.161801985334432,0.8835362308210608,0.9799396691417144,1.0757546029556553,0.9443057279026301
502,20260830,liver,exercise,0.895094626922562,0.6757191194562152,1.4748655033386722,0.5615288738093395,1.127318425594742,1.0080668397700623,1.2413213762913549,0.843457995661445,1.1221747311821948,1.2092504256935466,0.8293066837429538,1.0310117953889055,0.7093368207017113,1.2596513839093832
503,20260830,skeletal_muscle,fed,0.5855413822608486,0.8342259038417992,1.1200269102839109,0.8482272102204762,0.9047381259124035,1.0125432608484455,1.2428397961780862,0.9317576890669218,1.0272537050825248,0.9791615043129915,1.212929469010401,1.0874369107413617,0.8212038175555479,1.0913592717030898
504,20260830,liver,fed,0.4288706590885796,0.30726305974287116,0.6549085798320633,1.0818061419096439,1.0091956482805788,1.0488735380225072,1.092579145745879,0.9280754539521602,1.0807803338950623,1.1315830928634028,0.8612018422795495,1.575296882770708,0.7117407608551911,0.7129623563741012
505,20260830,liver,fed,0.1285272890576159,0.3042736660848445,1.0467214855718179,0.9507194968520465,0.9235293493690825,1.1115624420586168,0.8368366792381231,0.9915235111332036,1.0608186298569044,0.8036615495893014,0.8827776750880403,1.4423383585114689,0.8904574268365236,0.6672042146520077
506,20260830,adipose_subcutaneous,caloric_restriction,0.5379773811862091,0.2771148220795444,0.6838569168209717,1.7165330101104699,1.12871884025398,0.9626308707551139,1.1968235332148123,1.2255498666513347,0.9597973185498602,0.813849050436979,0.8529519828340556,0.8637265384201566,1.3550634202690124,0.7812100413108314
507,20260830,skeletal_muscle,fasted,0.9589669415048923,0.27798129493253887,1.640958119528859,1.314365253967729,1.0098722779580003,1.0629456627777365,1.219120758028472,0.9289820584731434,0.9230658566997388,0.8761611014736537,1.209099061365549,1.6929957956363235,0.5385676245019133,0.7684365798617635
508,20260830,adipose_subcutaneous,fed,0.900211896926363,0.20818824418019444,1.1098528058303294,1.5332532487149204,0.9320080967611858,0.9356629997132786,1.079385185322883,1.09521036513558,0.8406680355699708,0.9547079114907715,0.9115051566931323,0.738051011744237,1.6788138650747664,0.5831351231809964
509,20260830,skeletal_muscle,exercise,0.10316577756016587,0.3215312002841275,1.6329904728240765,0.755212601671391,0.8377919893235833,0.8888623263185281,0.8977398385327352,0.9274396691318002,0.9703043336290527,1.033131476972886,0.8891984828348493,0.5458947423903621,0.9535173522048987,1.5005879054047393
510,20260830,adipose_subcutaneous,caloric_restriction,0.12628771581044296,0.5191304865653336,1.863963500989446,1.076806680013176,0.9805322703278734,1.2462940492477155,1.0070563134655248,0.8741645755594974,1.0689522788875667,0.831327192413491,0.9796336205989268,1.4810233019994423,0.8780732597601197,0.6409034382404379
511,20260830,liver,fed,0.8906613828312155,0.2523172593531643,0.602160877310009,1.578781966513504,1.0134024644054849,0.8388089844647584,0.8284309052496323,1.1034070770657118,1.0606134000521492,0.8721883809097527,1.0409990344850473,0.5470675180606124,0.6816327356205536,1.7712997463188342
512,20260830,liver,fed,0.3242633291304142,0.8077199971486425,1.4550029012988144,0.8544466104635682,1.0773832984767082,1.126917226657601,0.9923906281812178,0.9379387660352652,0.9069760617905963,0.9001749786577433,0.8820780158292744,0.923854392494592,0.8718434871701418,1.2043021203352662
513,20260830,liver,fed,0.9749261267809639,0.2031446533571507,0.5006752452879105,0.7675380515560175,1.0010328413743363,1.2415543661206287,1.1002740256276689,1.119116374197152,1.0132270627306994,0.9553749349516917,0.8937731489874572,1.3481615881150526,0.9750253168049268,0.6768130950800205
514,20260830,liver,fed,0.0945625526766869,0.3730356086367733,0.6176710872325177,1.0160789701572954,1.0845375736709908,1.057056556538358,0.8031866364241841,0.9430390577918291,1.2186941978636825,1.0032075970850172,1.2156373574470876,1.5004666671153084,0.8443820937204701,0.6551512391642211
515,20260830,skeletal_muscle,exercise,0.7622770632248081,0.5391507417075775,0.835425604639148,0.6354261828443679,0.9732530037689379,1.1980025726188552,0.9798093563302901,0.9176123559948848,1.219084573056165,1.0977662500287404,1.1537817944813666,0.8753649897000564,0.7960237024252902,1.328611307874653
516,20260830,liver,fasted,0.5298182248301679,0.9786216721786328,1.3950809427030852,1.4775626499271364,1.0737433555605476,0.8689695536926608,1.1499511845570602,1.0759700775801393,0.8736573038937961,1.2329822651819626,0.8747482738052675,1.1408152834557777,0.7391597345936689,1.1200249819505532
517,20260830,skeletal_muscle,fasted,0.08229314117491249,0.8771450594529024,0.5415107814119189,0.5000326746336519,0.8788908125220504,1.0762973591385772,0.9086185965581547,0.840484844474366,1.1211493797942993,0.9017299679038427,0.8608286586111976,0.6105712851841759,0.8858734896276127,1.5035552251882114
518,20260830,skeletal_muscle,fasted,0.4318362369532369,0.3656422023529544,0.5972517098741291,0.6870579523347418,1.2232505228602222,0.8027838737559627,1.0794066178876909,0.9846927192707763,0.9278841611613571,1.0885055366543832,0.8087582106849595,0.6590165590810744,1.3685217935770322,0.9724616473418937
519,20260830,liver,fasted,0.23944901735581736,0.016257887107074875,1.4288665258633204,0.985774413662147,1.1520251162313335,0.8597266197477832,1.0111309051130237,0.9865565185640689,1.0746275094459816,1.1766484187622201,0.9599329458331703,0.9258944419857484,0.8311019849983527,1.243003573015899
520,20260830,liver,fasted,0.29668772580417313,0.9824891983966225,1.1563677541757813,1.2831685970831896,0.964260784816638,0.8196581301326225,1.0334959837598048,1.1837971641627285,0.8004875302647598,1.0752524994932111,0.8114652451935079,0.6793581416201045,1.374059231250021,0.9465826271298742
521,20260830,adipose_subcutaneous,exercise,0.21618944746056934,0.8640431792741672,1.448887497319058,0.5013085049235072,0.9522643728435511,1.1106298955592093,0.9065728903530965,0.8807373703402429,0.9868104537660446,1.2021553494777635,1.1194642366856893,1.3243102773324114,0.7257659050121673,0.9499238176554211
522,20260830,liver,caloric_restriction,0.23254764299069797,0.5167559421920751,0.5387386202213164,0.9747232130533333,1.108424861522778,0.9774701834942336,1.0417845957416079,0.8853809328846307,1.0244459308860259,0.9679068406083329,0.9344691158992133,0.5492136202398542,1.554379544105319,0.8964068356548265
523,20260830,adipose_subcutaneous,exercise,0.8734092277581549,0.5929541831485794,1.0502345085374962,0.7541089826451801,1.2117593505449578,1.1626084203721605,1.008811911546092,0.9503698256877978,0.8887349635026666,1.1437626959613114,0.9498648446335562,1.1241913509924888,0.6350944083009982,1.2407142407065128
524,20260830,liver,fed,0.0659074006966961,0.6793570948503964,1.1317960411506882,1.674658540077683,1.0834387467282518,1.0803868455982057,0.839359194657039,0.8209312339967144,1.0569058815728951,0.889767419487252,1.1064087705416017,0.8144288673151028,1.4964196235637408,0.6891515091211565
525,20260830,adipose_subcutaneous,fasted,0.39612465204080793,0.626058770995469,0.5062167073495563,1.0564146283759697,0.8786971390220374,0.8147988785810494,1.08356011653938,0.8158499382657284,1.2151675551382184,0.953159315923793,1.067665181247753,0.6147612883668894,1.24661593317168,1.138622778461431
526,20260830,skeletal_muscle,fasted,0.8054075991393669,0.20365729041737757,0.8161746882402345,1.0817409135137706,1.1709606659950278,1.2468423914038498,0.821736246165284,1.2174286701666819,0.8467218697781138,0.9380542892588977,0.9694928114004835,0.9736780916494442,1.2947238703980912,0.7315980379524645
527,20260830,skeletal_muscle,fasted,0.21472707400973468,0.8448635273116636,1.8099049048126503,0.9672338699487626,1.1721835118366066,0.9880199459226113,0.9659746819178144,1.1027470887024602,1.0669735628023116,0.895239215150105,1.0144595739270927,1.543762011030935,0.4844339719757983,0.9718040169932665
528,20260830,liver,caloric_restriction,0.9925898198664884,0.7244646676456215,0.9020583973698095,0.9378886010246525,1.0113651080000143,0.8010402828839635,0.8527781124294814,0.9730455443774698,0.9382398540899605,0.8901514179213947,1.113222177105958,0.9896609205859969,1.4157735255002022,0.5945655539138013
529,20260830,adipose_subcutaneous,caloric_restriction,0.30957557586223816,0.8037999427250491,0.5814681651017569,0.5065959075152069,0.8569452837983819,1.0237066850753316,0.8947992517442623,1.1354076590912459,0.9956704834734011,0.9238601215883562,1.0296356148771428,1.2181976809915984,0.887308564457171,0.8944937545512307
530,20260830,adipose_subcutaneous,exercise,0.05423482062425178,0.7815167751860057,1.7622817131961357,0.7130067498632245,0.8313579027836883,1.084438848837933,1.218527401474414,0.9289224475077547,0.8337444759342874,0.9816081378476293,0.969181066731087,1.0003459749638608,0.772798103765205,1.226855921270934
531,20260830,adipose_subcutaneous,fasted,0.5376636706414493,0.7970415569844248,1.7511124188555325,1.8879177385825086,1.1178039077648987,0.9522589875567603,1.06457979863953,0.8112345941352763,0.9398376441776408,0.9074141825933818,0.8750411161165731,0.9667353740227121,0.5947600086931394,1.4385046172841487
532,20260830,adipose_subcutaneous,fed,0.1039689294979087,0.2037655864983191,0.9747036174291581,0.5351880309387079,0.8691521190363569,1.1273095866934961,1.0139238076461856,0.8228887779908131,1.0762776640886826,0.944382351599048,0.9399281113286424,0.5603395695172603,1.382536546376597,1.057123884106143
533,20260830,skeletal_muscle,fed,0.5293700084811929,0.23819047883165578,1.3152617609523207,0.8928516953842931,0.933639223103923,1.0049314322777942,0.8177696949056149,1.2342643835460383,1.1749343085398856,0.9495665240105782,0.9203508039687368,1.2444053280202352,0.6268970767899239,1.128697595189841
534,20260830,adipose_subcutaneous,fasted,0.10585942666881287,0.48695570257702603,1.4079097353785166,1.2786122407571536,1.2429306383586063,0.8178126381038249,0.9194332026347068,1.2149133878079352,1.139529585174204,0.8826872993890349,0.9145980928883616,0.5332753876187515,0.9417641432732751,1.524960469107973
535,20260830,adipose_subcutaneous,fasted,0.05614136533333003,0.8107062931830858,0.8858800844489526,0.5775204695115179,0.9487218806311986,0.95095339832464,0.9826726518053592,1.1534957786173643,0.9928522968394096,0.8372772138916825,0.9856767045727947,0.902816374386873,0.70363945890216,1.3935441667109671
536,20260830,skeletal_muscle,fed,0.9046145681013634,0.7619231384626219,0.5921950595949371,0.9124958163377459,0.9323913142471847,0.9087952841194031,1.1748170092720966,0.9288342018952405,1.1057302362499835,1.0962859204021382,0.9733234253621158,1.4309663814620663,0.7632660715706042,0.8057675469673299
537,20260830,skeletal_muscle,fed,0.7072965433503418,0.8863591441899048,1.1434059223310729,0.7199785685227754,0.8459016729615724,0.8333548583931805,1.0941042510267702,0.8448623823489424,0.8157882424800449,1.1398285491106974,1.1018143368547695,1.0359307282153223,1.3208740742718836,0.6431951975127945
538,20260830,skeletal_muscle,fed,0.8788786282979821,0.42166035871678165,0.7315940918055766,1.6717965327959248,0.9138736400187445,1.2346200279642858,1.2277544962090772,0.9119635972262816,1.1321464801844034,1.0624052090672764,0.9745498731589156,1.1895260291791299,1.0062332819141937,0.8042406889066762
539,20260830,skeletal_muscle,caloric_restriction,0.9478301271459881,0.7559743881278015,0.9195983247657857,0.8062463863472165,0.8418272896079493,1.123344457594965,1.0448618197393424,0.8504147049810947,0.9440105001288499,0.8843163789805429,1.0782765127088416,1.320966269217473,0.637279300943002,1.0417544298395245
540,20260830,liver,caloric_restriction,0.7950108093782103,0.6174420031687785,0.967144216139547,0.8417637446065825,0.8533095172820393,0.9313005631432377,0.9298123573834532,1.1250847913869826,1.101094797222598,1.2219735410462231,0.8747873560850117,1.1146689307872255,0.9495964881887241,0.9357345810240505
541,20260830,skeletal_muscle,fed,0.1566348905077185,0.587628344228296,0.7515197187572789,1.0517218684312504,1.2351153014784553,1.1116749417676,0.894032141125651,0.9167278499834784,0.8623150138470437,0.9989712342365009,0.8276713314623451,1.421182315965184,0.5895157189192884,0.9893019651155276
542,20260830,liver,caloric_restriction,0.8749057274482611,0.7372265185121691,1.5675519739685027,0.6061180784633259,1.2177203309014122,1.1362782696730653,1.22960306955977,1.1694866231886807,1.2205515047143074,0.8417769419297547,1.181189281112328,1.1233684825598322,1.059783863274939,0.8168476541652283
543,20260830,liver,fasted,0.16255519391347562,0.7057529337717766,1.1106538510141173,1.3518820330500325,0.8254790227212593,1.2261412101051616,1.1926400083161932,0.8285110491325038,1.2400099950780796,1.226377356567268,0.9904930115422246,0.6202352792678246,1.6234422497110585,0.7563224710211168
544,20260830,liver,exercise,0.0022817170768523187,0.5934499569784794,1.6843225403786024,0.9917946135418265,1.031448408917113,0.853874347222836,0.815097468786612,0.9093170474865973,1.1604903866950183,0.9793960389301146,1.1040913920225455,0.7231353254384384,0.7678606592696819,1.5090040152918798
545,20260830,adipose_subcutaneous,caloric_restriction,0.7398747967531751,0.7793787596794302,1.804254666266062,1.2854469405979054,1.1624349407310648,1.1179631895084265,0.8364740874031215,0.9283708135861779,1.0960014410638836,0.9021659827688047,1.0498168529327558,1.2717964683447045,0.6522969314559541,1.0759066001993411
546,20260830,adipose_subcutaneous,fasted,0.41628253759620737,0.014611182541267698,0.5323459700106046,0.7354681250075589,0.8230890489440846,1.2374850059375953,0.8155181796043972,1.0037663636279637,1.2084710545105766,1.0049105531090414,1.1360398968397696,1.2680545399053165,1.0460815659041187,0.6858638941905646
547,20260830,liver,caloric_restriction,0.715862903486891,0.3226314322264191,0.6655165366906517,0.5109097219578463,1.1426833307037558,1.0789300634345569,1.1635968960903484,1.111148314574092,0.8292410143883471,0.8208002037359315,1.010091622471829,1.5207554970334873,0.688339991293201,0.7909045116733115
548,20260830,skeletal_muscle,exercise,0.30550781244654623,0.8214457933614987,1.7690565168805534,1.1002682026708617,0.9386167632371722,0.8584614844738052,1.0950153055585732,1.2473831494775407,0.8324429440141838,1.2359056687850152,1.1011479051672857,1.15170067878409,1.068387975838031,0.7799113453778784
549,20260830,liver,fasted,0.5532728004274448,0.9522377926816051,1.0386430899251131,1.837603843974816,0.8967411116951419,0.9750183375089527,0.8896888959673177,0.9829446120541271,0.8565529391550151,0.8620565926206576,1.049100531818459,1.2003982221249556,1.0819294893333045,0.7176722885417398
550,20260830,adipose_subcutaneous,exercise,0.4058875387526275,0.5977419657534835,0.7651358276312369,1.9139994549743902,0.8964950742438657,0.8790508996779172,0.8933533140701437,0.8032648311028652,1.1806896793998904,0.8281311111457221,1.0411380616189976,0.5541729607657132,1.6391181963585655,0.8067088428757212
551,20260830,adipose_subcutaneous,fasted,0.7257360133435029,0.021177445410250018,1.0180622744971637,0.9346084994568966,1.1098524314255234,0.8641534491654486,0.9793283475280818,1.2349353750744414,1.1380033353552548,0.815242346261512,1.0526296155086579,1.097720832543632,1.4005563753459416,0.5017227921104267
552,20260830,skeletal_muscle,exercise,0.8479485772914552,0.9518528852288896,1.0693023536722,0.9802057992165248,0.8909635636762703,1.1385220794773878,1.223027342841372,1.0325909741247516,1.1657708755137492,0.8471040260860213,1.233345832050182,0.9125970744149233,1.2660903748992516,0.8213125506858248
553,20260830,skeletal_muscle,caloric_restriction,0.5929912201926789,0.34654101613319943,0.8502582796152357,1.11841363662995,1.0362260582390008,1.1303650993343703,0.8926539348934454,1.2239702319696293,1.1112151212799355,0.9228031532466441,0.8066226900883209,0.9840618986218195,1.081803021704235,0.9341350796739456
554,20260830,adipose_subcutaneous,fed,0.38065057753032727,0.8933117203021711,0.591674029437986,0.5842684644236772,1.2364454161989569,0.8050172037358468,1.1604479684393896,1.0528340731470638,1.1396163410972764,1.0533579942303621,0.8749025358543036,1.4088573774782012,1.1998012965996292,0.39134132592216964
555,20260830,adipose_subcutaneous,fed,0.25984076084034213,0.4979866122971923,1.899738351283013,1.8169121202049328,1.1328928774236058,0.8203916092790438,1.035336596381817,0.9196315671975851,0.9875957400748417,0.9721852427980748,0.9540619197615745,0.5921987750121129,1.4497185122601797,0.9580827127277073
556,20260830,liver,fed,0.1350719175427949,0.3762761554124716,0.7437646031098843,1.7861325348043737,0.8805981249900199,0.8876690270125308,0.8574997381454538,0.911631054911864,0.9968862237535681,0.8391279255684517,1.1046518807517751,0.7095221110424954,0.9757721994547276,1.3147056895027769
557,20260830,skeletal_muscle,fed,0.5791125949285655,0.7190260041930437,0.6679549478177194,1.514781628249078,1.20966200782868,0.8312454461750758,0.8540573198138355,0.9199504114085145,1.2048921799493097,0.8088510246259244,1.0630979194794126,1.4232311155839494,0.7469749316864736,0.8297939527295771
558,20260830,adipose_subcutaneous,caloric_restriction,0.23019905267846685,0.5805812651616804,1.4525844619665198,1.4663919880280871,0.8148946463941446,1.083900280567833,1.0725385686217146,1.0598841627284283,1.2315786356533498,1.178271106406356,1.0173334296516563,0.7671162022712117,1.004454423072893,1.2284293746558947
559,20260830,liver,fasted,0.0798631630699067,0.8255510980511761,0.8655092751446077,1.4519419274073686,0.802896578060829,1.0038440887767202,0.8664059653387712,1.0591914143524006,1.0287780174374463,0.9372396757955354,1.0604947883849378,1.1267226816542777,0.9869932288833662,0.8862840894623564
560,20260830,adipose_subcutaneous,fed,0.016769138674858408,0.10002224266934445,0.6668013683920893,1.7778291419906271,0.8567737923081317,0.8448584453056951,0.9637264831024454,1.1904321925708208,1.1922682624908425,1.2017793343381589,1.0960478768761621,1.3434049882478394,0.8338618056084066,0.8227332061437542
561,20260830,liver,fed,0.5723029135253562,0.8973564950568855,0.50660876693682,0.6446862722402609,0.9711245574283828,0.9942886237264975,1.009363162649897,1.0637408696242547,0.8329383178515595,1.1337522992548719,0.9711808119582707,1.0237874863244578,0.5220002872897195,1.4542122263858226
562,20260830,skeletal_muscle,exercise,0.9649069774383919,0.8200600797813448,0.7065805581144147,0.856481731197821,0.9065213987928188,1.0796620904169265,0.8996542070231427,1.2402257047117762,1.1930580836104223,1.2048258073479614,0.9800322580363349,0.5425588650665993,1.5732827255981199,0.8841584093352808
563,20260830,skeletal_muscle,fasted,0.3664062961050939,0.038115531092242416,1.4497663706385604,1.251368480116598,1.0864236170360595,0.9861538005699009,1.2223787430256658,0.9331587961325115,0.9911030528513709,0.9670254248716545,0.9359890708156391,1.1053500025139624,1.322045679235985,0.5726043182500526
564,20260830,liver,fasted,0.2392058309537779,0.43924926259494956,0.7693664245853508,1.022164298556386,0.9282621854933601,0.9137597573873191,1.057565269630147,0.8780089650263022,0.8702661175835374,0.9343029110227458,0.8838476530497995,0.6888143528586984,1.3557593159699253,0.9554263311713761
565,20260830,adipose_subcutaneous,exercise,0.5351158804071439,0.727919484566957,1.2328110625376592,1.0764546255836513,0.8023097139037421,1.178792252906735,1.1748809404241858,1.1345981082819403,1.1970895385212428,0.9205616190292177,0.9746566453504265,1.0902220406255287,0.8412111507597619,1.0685668086147089
566,20260830,skeletal_muscle,fasted,0.4055613441031569,0.5265065281738484,1.1191381707518449,1.1992038197809358,0.9364429962481847,0.9988120004980464,0.973997111161424,0.9806256743882599,0.9376523144427787,1.1871880285117087,1.0072366139925717,1.1176753636710735,1.4268891041592209,0.45543553216970556
567,20260830,adipose_subcutaneous,caloric_restriction,0.4207862612005706,0.8192522499498013,1.8629054661682154,0.65738766382591,0.8309717640368012,0.8493832531579519,1.0670758311728248,0.8525262992207432,1.111626916019941,0.9027014613650203,0.9456361163594676,0.759446838606561,1.5086853269244638,0.7318678344689752
568,20260830,skeletal_muscle,fasted,0.02401848470289014,0.4653527333780032,1.0640613879042098,1.4857270850683693,0.8196089826534679,0.9246136773998596,1.1218268660579418,0.8596273084471103,1.1932782490869027,1.2211525043132294,0.9155394908183703,0.6302959834872679,0.6576488215890437,1.7120551949236886
569,20260830,liver,fed,0.6683474035011404,0.6444653703945733,0.6786929145174869,1.1179894951007192,1.0199749936819367,1.1002969543261827,1.0804221628843296,0.9391308398019558,0.8152532083887586,0.9578948474389066,1.0262012509331753,0.7675561327279792,1.5583366022831717,0.6741072649888489
570,20260830,adipose_subcutaneous,caloric_restriction,0.4091799299092648,0.6273041700028699,1.0381766863997277,1.0885613621082948,1.0377083832880245,0.9542300692107251,1.1717830191383467,1.115271946720991,1.1211909717017638,1.19671447371505,0.8040555008155443,0.8599305801665641,1.1953828986615187,0.9446865211719172
571,20260830,liver,caloric_restriction,0.5646587368833681,0.765454958705831,1.1838226481012246,1.4443074313276356,0.8666223047684206,1.194870043508491,0.8374971910399973,0.9404746633680257,1.173473338138022,0.8545124172257567,0.8356005789018729,0.7262588634103986,1.0295733506756424,1.244167785913959
572,20260830,liver,caloric_restriction,0.5103514001087771,0.6707711572698359,0.6792559941842353,0.8767152717330522,1.2015075225043745,1.0527990498854733,1.0516785755574163,1.0192890286591612,1.1336129487362905,0.8753965101974909,1.0195317265666104,1.233272182615274,0.5849314738257585,1.1817963435589673
573,20260830,liver,fasted,0.7703251546471162,0.5320569387954143,1.3567697969135115,0.9303642365579593,0.8533154251838894,1.0140372386284071,1.0386641551769022,1.0162065129773563,1.0835799792186018,0.9721551845597258,0.8310416448939903,0.7510070810175824,1.2069796190858495,1.0420132998965679
574,20260830,skeletal_muscle,fasted,0.963068474579658,0.46858499496318917,1.977950865641611,1.5253276827297524,0.9949602448887055,0.8263222418749057,0.8973590518395392,1.0244644924112325,1.0912491462153817,0.9358002040913573,1.0906088995656436,1.4262192781322875,0.7304821644711947,0.8432985573965175
575,20260830,adipose_subcutaneous,fed,0.014172545368257072,0.45985324669437844,0.6081989422496702,1.9436455045043937,0.8112732338838391,0.8224031207754072,1.0326455340501945,0.888464901291533,0.8140112747506573,1.1126987517225688,0.8814729241620138,0.5869882500709427,1.787027027562699,0.6259847223663586
576,20260830,liver,caloric_restriction,0.16565079180508768,0.1665307021404523,1.1254745055751116,0.6025131341285342,0.8419844487540239,1.1610612540706766,1.0051396468618887,1.1516815156674334,0.8821754855226199,1.136504849446157,1.0512577324817154,0.892475081269924,1.5439532618849723,0.5635716568451037
577,20260830,liver,fasted,0.6235376316938877,0.7002287968627381,0.8795844621975607,1.8740920410714452,0.8706631582739941,1.1197516115123838,0.8064178151032838,0.9949879623344352,1.1813742165107848,0.913057505208315,0.988904530768625,1.4041227043206912,0.8147339647441549,0.7811433309351535
578,20260830,adipose_subcutaneous,caloric_restriction,0.055407000766970915,0.15566050091102912,1.1751561390749163,0.622263308026971,1.2118036191453392,0.9442360834770703,1.1664781771524173,0.9772043068361724,1.1930428646686073,0.8753870844208099,0.9648335066786077,1.0985974965255512,0.9809573484572034,0.9204451550172458
579,20260830,skeletal_muscle,fed,0.6911439463560849,0.3105659552684782,1.1079255948415887,0.987039842149481,1.083779310056467,1.200916516840663,0.8487866832161757,0.8605753049681828,1.0661118854817688,1.1865381990287003,0.934864522802427,0.4340281255730529,1.1081595969059288,1.4578122775210183
580,20260830,adipose_subcutaneous,fasted,0.6213375275723908,0.44822762095628954,0.5553377723968761,1.4990682242563473,0.9347554779631438,0.948856256908859,0.9942267494706131,0.8107535522010756,0.8883236397404699,0.836986318284517,0.8327116768723066,1.3338677055132662,0.5810613289521701,1.0850709655345634
581,20260830,skeletal_muscle,fasted,0.47638820498279477,0.7434076319902456,1.0604910594377739,0.9614958885307883,0.8613429929244937,0.8575945645497155,0.9654248961968076,0.9275777303016072,0.8038656600849665,1.072694808006529,1.2329268194018492,0.6046299193914534,1.3409698356037743,1.054400245004772
582,20260830,adipose_subcutaneous,fed,0.3003758584543669,0.7669820774838515,1.1275901120755716,1.0482167835729508,0.8606190060020226,1.240934710596174,1.1992432238634676,0.9663186126118998,1.1488748296218911,0.8674754869616951,1.1276238138743235,0.7564929074579505,1.507358047077683,0.7361490454643669
583,20260830,skeletal_muscle,exercise,0.8008834267305394,0.8336962354755979,0.6550751219353476,0.8031893987376366,1.0202056925088396,0.8251679748267529,0.8438039306245246,1.0085757593598679,1.038902592438976,0.8870189385223576,1.2285370076854432,0.9625508622893972,1.3191767987962268,0.7182723389143758
584,20260830,adipose_subcutaneous,exercise,0.8302758822053948,0.6805915387144571,0.9522679281011809,1.8485636215346049,1.1262814692284133,0.9044257889401864,1.1676929753325074,0.9352958434411281,0.9566189048962712,0.8682795639089693,0.9265294403576145,0.6368714570736705,1.6878804030901478,0.6752481398361816
585,20260830,liver,caloric_restriction,0.10124720827047917,0.8434410603160735,0.7060248715907704,1.1658020644304,0.8023000806196202,0.9939105267912437,0.9663417470883402,0.8468019086473529,0.8806192042459013,1.2100618282853919,0.9722358756114994,0.5607018095025257,1.3034799762133553,1.1358182142841189
586,20260830,adipose_subcutaneous,exercise,0.169459825923015,0.3634477933127507,1.3094191683542105,1.039680382100808,1.134352023614007,0.9641198976163607,1.007927481602899,0.9634367280022298,1.1003931990745917,0.9632494381977398,0.9552697124841655,0.9922083388108505,1.1670178381960026,0.8407738229931466
587,20260830,skeletal_muscle,exercise,0.984931072262511,0.8422567634855325,0.6000783033349225,0.5918893702302458,0.9254759291632086,0.8279987477526863,0.8023242967836349,1.2133148177706785,1.0831947394862536,1.1791174706559153,0.8119513452502951,0.6579030118556237,0.6227901786863089,1.7193068094580675
588,20260830,skeletal_muscle,fed,0.34212435421523335,0.9402605238478577,1.9200758829471116,1.630398257145264,0.8848874934932134,0.9048268627358629,1.0046036827798974,1.0675979039789651,0.8040335836735147,0.8421310159045513,1.1435929629570323,0.6642055591822537,0.7565791964222889,1.5792152443954572
589,20260830,adipose_subcutaneous,fasted,0.39642759552940765,0.35913916356502207,1.4100170357003081,0.6518389903121735,1.0704667021561298,1.1222028742344001,1.0335949227238026,0.8493537905719899,1.1501071596245453,0.8077393127096376,0.898579982936474,1.1099181687655455,0.7446267029235205,1.1454551283109338
590,20260830,liver,fed,0.2958091674552107,0.0792747297836719,1.078496500812537,0.6521760691405266,0.8230059179087503,0.9360590484015824,1.1105371912147546,0.9340134333964881,1.1011236185212803,0.8302300747832323,0.9848282092508345,1.3400008697902586,1.093851735869044,0.5661473943406974
591,20260830,liver,exercise,0.16845660962162234,0.9529050273906912,0.9214071610413294,0.5374731593596404,0.9226833190499305,0.9824676296287665,0.9903040592537213,1.145668623757806,1.2256527082725222,0.8820094256133809,1.2217234939476715,1.2365138188946956,0.5038175738981849,1.2596686072071193
592,20260830,skeletal_muscle,caloric_restriction,0.005778803290651169,0.8246548723709303,0.5911875457313424,0.9582348946244666,1.0589193148053329,0.8873172929357488,1.2444001831299998,1.138345411461044,0.9356811432448634,0.9578234176425948,1.2083987887742185,0.8557669087176012,0.5488955996768573,1.5953374916055416
593,20260830,adipose_subcutaneous,caloric_restriction,0.5935229820126768,0.6334067532581902,0.594468243340208,0.5858419780170326,1.0595081365700554,1.0751816163072214,0.9246376597857902,0.9131497081643518,0.8450335395967713,1.163633159913212,1.112766502065591,0.9559306057028666,0.508431169377631,1.5356382249195022
594,20260830,liver,caloric_restriction,0.1949427193761586,0.9622800011817114,1.0296521193358497,0.846800998563799,0.9197243561675935,0.9994849621220884,1.0390631099978849,0.8149081854953069,0.8268563744285417,0.8310053959886202,1.127312713221989,1.5819061991302361,0.4352305566174917,0.9828632442522716
595,20260830,liver,fasted,0.2691406382040886,0.33137601815048634,0.7848822941219383,0.9505913501926058,0.9810491698784303,1.051481739329411,1.0216191911852004,0.9585773235260625,0.9242855947918609,1.1815368534142505,1.0982889428580316,1.2149489153159707,0.5989640878995062,1.1860869967845233
596,20260830,liver,fasted,0.5750032538759204,0.5485910614192486,0.9772864262358759,0.6353447835721044,0.8649134041255072,1.241977692837192,1.0134358631193452,0.838341506779164,1.2436208985243067,0.9633683869657307,0.9334070974408385,0.9300206969636245,0.7781994090504766,1.291779893985899
597,20260830,adipose_subcutaneous,fed,0.08239334030798595,0.4101501945978244,0.5926192512371388,0.8353721987631123,0.806720883499303,0.9035024197724048,0.8848722155359408,1.0551155377897057,1.1039504782354976,1.118978939121662,1.0291511524984596,0.7514858142056637,0.8615306252075138,1.386983560586823
598,20260830,adipose_subcutaneous,exercise,0.05166687769743805,0.15997413588487586,1.0865943375716118,0.571466828247736,1.03411961523389,1.1024706949764334,1.0083727566979446,1.0804524004603433,1.0014771107291924,1.2005785463373486,0.8491792829066535,0.9849178278472934,0.9342864213993433,1.0807957507533634
599,20260830,liver,caloric_restriction,0.4642265014750706,0.7076251246832946,1.0774633675018424,0.6966780648303413,1.125825964983173,1.2234627383245706,0.9323248772504107,1.0566008720170816,0.9919614132666846,0.899993106169936,1.1132966247413085,0.532622009898025,1.73775354217336,0.7296244479286152
600,20260830,skeletal_muscle,caloric_restriction,0.12014595884894685,0.30982573813217285,1.87790166870988,1.9691166139443423,0.8105007244661394,1.0027718222918778,0.8109416735328898,1.1162513753861478,1.2282392315003248,1.1115623317144072,0.970901609057773,0.4308111057753211,1.4082029211948623,1.1609859730298167
601,20260830,skeletal_muscle,exercise,0.583664452985889,0.012668827133650362,1.4252559446470607,1.0498039538245718,0.8638702592155448,1.1732735928810183,1.1804268646217886,1.0587855497309664,0.9950288212099598,0.8886770321225408,0.9524616503815347,0.710955181154616,1.7828987403457048,0.5061460784996794
602,20260830,skeletal_muscle,caloric_restriction,0.32714109995796825,0.6844295596356273,0.6964274426886049,0.9119648527947254,1.2356894654884947,0.8252595589482898,1.1874762913122596,0.9099256502661943,0.8683053125027763,0.8845996419226595,1.1798529214333584,1.0224009815382291,0.966756422789006,1.0108425956727647
603,20260830,skeletal_muscle,caloric_restriction,0.5568572560623758,0.47944823534998715,0.9907972874692975,1.2478834609843867,1.0351557572320318,0.8478852708060731,0.9272218467715174,1.2236024784682389,0.8009885046357754,0.8718704683305794,0.9178025622970355,0.6509578462042473,1.389222876792855,0.9598192770028978
604,20260830,liver,caloric_restriction,0.7570940260031062,0.7722960678081001,0.6163759012139693,0.6790645841641768,1.1951464247535228,0.928456168217416,0.8363326528171563,0.932444873183153,0.8585824904716204,0.8784830294497674,1.2130419885170094,1.1644551682413764,1.341026625471232,0.4945182062873912
605,20260830,adipose_subcutaneous,exercise,0.6526955567297241,0.6988382769883796,0.7606199149235817,0.9847686019455253,1.1493525625138354,1.1230619039193817,1.1146161002612676,1.0138263095456113,1.0327769528571584,1.2278597566904301,1.0630565994197767,1.1293586588597722,0.9676260065247761,0.9030153346154514
606,20260830,adipose_subcutaneous,fed,0.8269339000194341,0.08504868952232858,0.9635174378559276,0.9139912055573022,0.9707404162613819,1.1180842458606204,1.1676880788008632,1.1617867585378614,0.8190402474820028,1.027007615987429,1.0286096500891464,0.6429201405227958,0.6365358307571224,1.7205440287200817
607,20260830,liver,fasted,0.3822726014939358,0.6050302871449496,1.2145859992680212,0.5377194850954796,1.0508189783289055,0.8149310146878017,0.8473439541711786,0.8373706754622621,1.103395441332535,0.9300189870156923,1.22962876575722,0.9265216718801597,0.8643426646877217,1.2091356634321184
608,20260830,adipose_subcutaneous,exercise,0.5968854348064863,0.9923992494298826,0.6646459498541344,1.452501991265825,1.100852764020045,0.901809007277921,0.9190298585100707,0.8579984882608186,1.128431847828678,0.8219465100978143,0.8924333871648034,0.6128285813288709,1.4620068297368045,0.9251645889343247
609,20260830,adipose_subcutaneous,exercise,0.5080644136595475,0.4486093313231657,1.304158528765339,1.1869480874249008,0.8685818438217742,0.8664793561091078,1.0043024927773019,0.922636580410024,0.8935106343520423,1.1430304315831579,1.0535712183647894,1.0663757601412516,0.5850380470091605,1.3485861928495881
610,20260830,adipose_subcutaneous,fed,0.8871154883159602,0.7168699984600849,0.7066281921236143,1.0677138769413403,1.242383098824863,1.1338010152094786,0.8265252708890088,1.0984078528422117,0.938551164202816,1.0244877919006052,1.1646287969407165,0.9771835060457423,0.9386476543659033,1.0841688395883542
611,20260830,adipose_subcutaneous,caloric_restriction,0.7306350734514823,0.38191596015700013,1.433899924013181,1.812559123015423,1.0404098217026287,1.1513727785177394,0.9674416244547103,1.022392666021382,1.0502262029541254,1.2234558023276836,0.9918056100915301,1.076041419859364,1.0605165195795871,0.8634420605610487
612,20260830,liver,fed,0.8922854857614715,0.3684826174181437,1.0921630179601527,0.8001744215398737,0.9535378747069639,1.0998870031093664,0.8393185953845077,0.8242782085421028,0.9120109200260971,0.9442857819231402,0.8847474343822118,0.45931261378728516,1.212521573860347,1.3281658123523679
613,20260830,adipose_subcutaneous,fasted,0.97545832104798,0.8413481526445753,0.6173452047916815,0.7014822764202402,0.8549909886162087,0.8421585561071435,1.2013511864057813,0.9243772397681922,1.0627051758492605,0.9807043131163645,1.0310190289659376,1.468312743764545,1.0195126618729058,0.5121745943625492
614,20260830,adipose_subcutaneous,exercise,0.31593068786067846,0.4017116813842202,1.221562141950421,1.6842494100244647,0.9595180935370216,0.8498305334266287,0.9021884737954998,1.158767554549395,1.1564539557400564,1.0214905633522724,0.8699554830942106,0.6715258196633508,1.3596478291801308,0.9688263511565177
615,20260830,liver,caloric_restriction,0.30251997934206687,0.7756181596006637,1.353501871738635,1.4393601616644758,0.8558811075090205,0.9364832403164831,0.918576112997582,0.8494367693868983,1.1411669753005653,1.1962210105643307,0.9630666522024188,0.8041543651686025,1.1583217203021927,1.0375239145292048
616,20260830,liver,fed,0.9022655822384446,0.195392408551485,0.6574010357297707,0.8843542952087814,0.8104105795418238,1.191288029079974,0.8193838324948369,0.903994952013307,0.9673682246520213,0.8330523174561562,1.0195860835448398,1.1896121811337454,1.0673886124776566,0.7429992063885977
617,20260830,adipose_subcutaneous,fasted,0.332988829309503,0.8349320534510376,0.6890738370230336,0.9093674400867081,0.9397728324152993,1.2345637368867801,1.1103901565479455,0.874976138977497,0.805998913958892,0.8941270698718993,1.2136748312838266,1.342711012381623,0.7753453872632532,0.8819436003551235
618,20260830,adipose_subcutaneous,fed,0.6729373957484894,0.9612534987301701,1.2775291912005695,0.9170909050955468,0.8428396239939331,0.8941392188852862,0.9064439562699382,0.9446760889244962,0.941583839273335,1.1914961761120808,0.830112343457159,1.0825463653579384,1.2823433558659636,0.6351102787760978
619,20260830,skeletal_muscle,caloric_restriction,0.4859621625888967,0.487235588272099,0.7905909143463209,0.8817310437039493,0.8501166551654654,0.8869181381783269,1.1196767591176144,0.9304932623642103,0.9369606353738645,1.2444571831595233,0.9897340519494536,1.3783086642434803,0.6226005064540908,0.9990908293024285
620,20260830,skeletal_muscle,fed,0.4522346137239629,0.5997136091715811,1.0535484435462157,1.5138922110089332,0.9966909885548207,1.2482765201690749,1.0129537696721032,0.8034513722899538,1.1092355089959414,0.9779700394364716,0.8305565973565561,0.6610606758834433,1.234691152772734,1.1042481713438226
621,20260830,liver,fasted,0.11259228161975898,0.17776558211798754,0.5325176917742962,1.825768976145863,0.8076302284065863,0.9849495432986524,0.8085896946799008,1.2405920299621875,1.1037398525351336,1.2495564747081127,1.1656337956033143,0.9324287983241644,0.979734122055317,1.0878370796205186
622,20260830,adipose_subcutaneous,fed,0.8475827086885335,0.6851951277555871,1.864798350141082,1.6665449695999852,0.9332784050604407,1.146115245503746,1.0689885112792499,1.1823996602026616,0.8934680118129017,1.2364307865189303,1.0821376979639996,1.0027890194515827,1.055532239191058,0.9416787413573598
623,20260830,adipose_subcutaneous,fasted,0.9243183715620158,0.7816425963295017,0.514592492795529,1.0092484495102894,0.9916531978486838,1.2155366379753054,1.1721484203510815,0.9875066573076181,0.9022365183769399,1.2418749113770189,0.9403478167311493,1.68064141331156,0.45926406494641364,0.8600945217420267
624,20260830,skeletal_muscle,fed,0.3878644185640686,0.12918828707632823,0.5201927689865427,0.750543074261702,1.094411381980675,0.9883392749653287,1.201459654222024,0.9759447869545848,1.168089642194143,0.8275464717804676,1.2297914375875507,0.5329862851278675,1.113459848322789,1.3535538665493432
625,20260830,adipose_subcutaneous,exercise,0.2213694929500728,0.37677466681288063,0.562067721457738,0.8628247470094698,1.1004959634897593,1.0352920009241908,0.8556947909571048,0.8953651808082707,1.1986919565451322,1.1626929978923932,1.0496495996168718,0.3945746339918242,1.364237455803225,1.2411879102049506
626,20260830,skeletal_muscle,fed,0.8954617467702453,0.4961885375501426,1.1446434511519807,1.8465949834056232,1.0860463642323743,1.0842791380776968,1.124021488249861,0.9756299493002002,1.1005533447087394,0.8387242895380778,1.0019572068916727,0.8202300127068627,1.4453065889521426,0.7344633983409944
627,20260830,liver,fed,0.24220150348027414,0.41988964821738295,0.5552423856425792,0.7177005814451448,1.091828968274603,1.0710962635585572,0.848992986230852,0.8832307033365189,0.9821112418273069,0.9445885332728596,1.1400472456745303,0.876508795829039,0.8143241904730304,1.309167013697931
628,20260830,adipose_subcutaneous,fed,0.76845915703749,0.8907970728535556,0.6172328490601074,1.776013204402238,0.8362050949779282,0.89293984595344,1.1066518197618849,0.9031699319704269,0.9391102133687954,0.8914022595592479,1.0595168842675684,0.8934531762619031,1.0649316688128994,1.041615154925197
629,20260830,skeletal_muscle,fed,0.19179338435574844,0.3549092528270892,1.9312369249271424,1.9158875745817687,1.021029091736743,1.0165703386622231,0.9471194119073899,0.8353288782104527,1.2446941125036675,1.0820878838193777,0.8273637264330643,0.8243183330480219,1.5892070400957308,0.5864746268562469
630,20260830,liver,exercise,0.7372918136881349,0.4488048520860938,1.5190131706034775,1.0149345974057764,0.8437440452828486,1.177715513127598,1.0951111750626434,0.9685670518367656,0.9381329917930957,1.1046421637640196,0.8873300394278725,1.1160253134278222,0.9971797268319141,0.8867949597402633
631,20260830,adipose_subcutaneous,exercise,0.943685422520295,0.43041716869998303,0.8221434527851458,1.6163081395862533,1.242514179681562,0.8204381563595081,1.084315390383182,1.0113841894855105,1.1454648074165592,1.1009845789313257,1.1184301052489989,0.868121286370993,1.4738054275518984,0.6580732860771089
632,20260830,liver,exercise,0.14088387643011058,0.8203649599122474,0.8263240386993739,0.6972662182018083,0.8721421278327918,0.8418902411022753,0.815055126620482,1.0126383948755997,0.8498746999768134,1.0287170224074118,1.0843859534237585,1.0361811459208232,0.9722387091937369,0.9915801448854396
633,20260830,skeletal_muscle,fasted,0.726482705102651,0.5338830473875007,1.5892933529688094,0.6748976362712948,0.9816041164519458,1.1025730404212541,0.8240685398352241,0.9227178769196479,1.1151136076230728,1.0285662957429822,0.9846154192584231,0.8192214277747517,0.6478706071988571,1.5329079650263913
634,20260830,skeletal_muscle,exercise,0.42862777053713763,0.3051146459828086,0.5252745165851458,1.9087132000213194,0.9252892804404629,0.9977042629924201,1.2180874371571206,0.9697168565644102,0.9605089065377022,0.963676592898665,0.9744471114141284,1.2560661085960199,0.42414662936896763,1.3197872620350124
635,20260830,adipose_subcutaneous,fasted,0.8994234416166537,0.5046526426463462,1.06351333040692,0.8954024679561028,1.1711119190624628,0.8244780141610384,1.1490284278876524,0.9076477926663531,0.8539405367921246,0.8954589252965669,0.994055762358423,1.3257207193704594,0.8387019208076727,0.8355773598218678
636,20260830,liver,fasted,0.7146744157609067,0.6890697142985905,0.5523452683088421,1.0562987241364814,0.8647725564680411,1.0447341785560003,1.05403198123875,1.1701471526197535,1.201055431492782,0.874728149089766,0.9330819471712557,1.1192634896816138,1.2541206374936693,0.6266158728247169
637,20260830,skeletal_muscle,exercise,0.28335266758120903,0.4527186006468965,0.557366101758154,0.5440170416634313,0.9255013252813525,1.105151437686653,1.0946033717338028,0.8905396274672852,1.136530081312447,0.8951905132202593,1.224880878497837,0.6264410355999845,0.8746759531883757,1.4988830112116396
638,20260830,adipose_subcutaneous,fed,0.6730302478323645,0.6251990627528357,1.9230295171700702,1.5492442222766927,0.8392610121049122,1.1282063290480115,0.9171564943242779,1.1018903005180187,0.9774233621387473,1.0425130102763025,0.8152833244439368,1.4298775885695663,0.8258116693181412,0.7443107421122928
639,20260830,skeletal_muscle,exercise,0.1226850310698252,0.31458576417504047,0.9978167189446507,1.3402692017628375,0.8122203738505188,0.8778487247646463,0.8637402196677771,0.9109376902906275,0.8251377915597327,0.8324138315554138,1.2052001684769187,0.6598389204398686,1.7564671836816759,0.5836938958784553
640,20260830,liver,exercise,0.7931366994168666,0.9957386445951509,1.6291741943785618,1.4854653804045324,0.9142023740812465,1.0024402480484635,1.2305191930068207,1.2024107407333107,0.9788326752170494,0.8815400728592178,1.1112812108273946,1.3868219584422357,0.7140243109948089,0.8991537305629551
641,20260830,skeletal_muscle,caloric_restriction,0.7595589468591681,0.41926770184885753,0.9444059560837341,1.5481649866464402,1.2114194599387182,1.2020533640986493,1.141041951366381,0.9210049849743178,1.03058311492773,0.994002930938761,0.9228720656854105,0.5700549143047928,1.3528009210431435,1.0771441646520634
642,20260830,liver,exercise,0.3625235508719056,0.7293344578253259,0.8847130311287258,0.8873959290954385,1.13204199741486,1.1589895268326524,1.0951261759214135,1.2167620799929888,1.1271828548934473,1.1571427387122601,1.130496350741973,1.2459472760020005,1.151216912636439,0.6028358113615605
643,20260830,skeletal_muscle,fed,0.5738713051038913,0.11531011929534263,0.8592105600895349,1.125728597729279,0.8203365425773319,0.9459608453965681,0.9628928311343722,0.994709162733063,0.9153962324062559,1.2059627905226464,1.123658766718031,0.9928625015663773,1.391633823382721,0.6155036750509019
644,20260830,adipose_subcutaneous,fasted,0.8113634981082793,0.14307071910449176,1.3733535188244022,1.815614980381933,1.0957237135598308,0.9770269743403882,0.8897435153564196,0.8397849222148153,0.8295325086299061,1.1218587319101896,0.8327300498303607,1.4774727481807728,0.6954046253075321,0.8271226265116952
645,20260830,liver,exercise,0.22725850551780957,0.13890414374098958,0.5891654215194216,0.6908481975066972,1.042745434128323,0.9806066033127611,0.979511981881779,1.0522550744952277,1.0220497523175944,1.0558844901462456,1.207201931787166,1.506047162229532,0.8465544495259903,0.6473983882444777
646,20260830,skeletal_muscle,caloric_restriction,0.8091365772710037,0.7780499916336276,1.096433359961617,0.9261564375475716,0.8459646488555794,1.1290757693816664,1.00151944363384,0.8728520054856372,0.8006749197926467,1.2338810763129069,1.178506128240718,1.2134501658396515,1.1501249252486332,0.6364249089117158
647,20260830,skeletal_muscle,caloric_restriction,0.7106997212646321,0.9111728362225174,0.5286734007981568,0.588377085778811,0.9053302050706076,1.030042061525701,1.0592388636485701,1.2117758027765924,1.233263851130344,1.1296198045884949,0.9901393643121944,0.7192114322746697,1.001965983438173,1.2788225842871572
648,20260830,skeletal_muscle,fed,0.8899131217490617,0.5900298517221763,0.6784039424140209,1.1075579622099196,0.8812925223264588,1.1178724362775654,0.8899533271427325,1.1174123771196918,1.1243049311401552,0.8342187522235314,0.950098594206728,0.6563995571665471,1.8269709967556977,0.5166294460777554
649,20260830,adipose_subcutaneous,caloric_restriction,0.05145172215420335,0.28349943907082986,0.5834005890633857,1.0796862107776306,0.9192849004987342,1.1112457221092398,0.8028605034687342,0.9650809564327549,1.0289529834938214,0.8613158386064513,1.0071880473493084,1.0529874107156687,0.795945482639175,1.1510671066451565
650,20260830,liver,fed,0.9233108448018827,0.583183141697321,0.8705848422673618,0.8083794479363386,0.8504410118864559,1.1187504111996536,1.0189145810387734,0.8298449800444361,1.139610313667633,1.1490932772819822,0.8175346381359506,0.7702678654534261,0.76753813199089,1.4621940025556834
651,20260830,adipose_subcutaneous,fed,0.0072642878728854665,0.8670156374090603,1.3124587335605584,1.8557856512926731,1.2053469518057212,1.1941452293630415,1.0814416387102115,1.0657448399492775,0.9699283618035954,1.0774839926400563,0.9778318734670848,0.7675470754492092,1.1870172983800358,1.0454356261707551
652,20260830,skeletal_muscle,fasted,0.5576432839157759,0.5509133281553485,1.9778716590421892,0.6489956144722365,1.0571512234632816,1.1026655844698137,1.0113340688455221,1.1166880038459965,0.858853295208932,1.0615634746368605,1.2064640350860791,0.7264051952623468,0.7638128706406881,1.509781934096965
653,20260830,skeletal_muscle,fasted,0.5982576644223897,0.08333994157124536,1.3684207230441645,1.2179149467144832,1.1353562389329634,0.8849424609424397,0.8311681549848775,1.2483025268546535,0.9628623980365142,1.1543746178519712,1.018407351198252,0.6404100429185178,0.8509133353063508,1.508676621775131
654,20260830,adipose_subcutaneous,fed,0.9222844201100321,0.23382525957930878,1.0826871947992271,1.3684208436187226,1.0416268195207832,1.0324451712751441,1.113971238381278,0.9132009325338789,0.8993598037459944,0.841111468624431,1.1256389558701099,0.5549861043802381,1.0269620405242095,1.4180518550955516
655,20260830,skeletal_muscle,fed,0.6915607744786058,0.6348205879298509,1.299855218705725,0.6282131041965945,1.0182764060004472,1.0175011824052196,0.9964201624147624,0.8255750243371812,0.8252191760967538,0.8898251223970213,0.8293945055508287,0.6421724860487286,0.9120494926326076,1.4457780213186642
656,20260830,skeletal_muscle,caloric_restriction,0.15487239474796566,0.7236365845929537,0.7051059041052924,0.823372868831745,1.1151016308732673,1.0658165265376591,0.9094954812417702,0.9774967056265922,1.1713158305840614,0.9301247161737083,1.2009773728693722,0.7587524978760045,1.0301173184220551,1.2111301837019404
657,20260830,liver,exercise,0.0505267092909899,0.1905933104145282,1.329438340099863,1.994496506539977,1.1025627080787501,1.0688378582451645,0.8806797574491001,0.9534602330226031,1.1556590374380467,1.242906544067884,0.8202933705999497,0.8723528583202009,1.3768089483387385,0.7508381933410607
658,20260830,skeletal_muscle,caloric_restriction,0.4974729904194932,0.2933580966074002,0.9214300076084453,0.659755296662786,1.0754973988335064,0.9314995267364008,0.9293704915413692,0.9923266439437598,1.050601006316222,0.8165923280112622,0.853600374255165,0.7553021968139778,1.2727551442877127,0.9719426588983096
659,20260830,skeletal_muscle,fasted,0.08628158719904788,0.20798093749331736,1.9095169639845648,1.8507117435505933,1.1388749208516638,1.0890014353494255,1.0124760734485652,0.9365410788223314,0.9621908837945305,0.8040171528803064,1.1556319978005631,1.0148234007915762,0.6653558067068985,1.3198207925015246
660,20260830,adipose_subcutaneous,fed,0.19422966559078503,0.5557956210984465,1.250087373043611,1.9210039431109638,1.1995081408329835,0.8952869069665154,1.1577595647813286,1.0335674120161311,1.119318877393594,1.123541471469978,1.1772499605060756,0.6959027481442015,1.0439884100373495,1.260108841818449
661,20260830,adipose_subcutaneous,exercise,0.11250828692289316,0.15654004314338144,0.7185891459049238,0.8239266864171455,1.202623700039935,1.1320354418579086,1.0790111905637267,0.9507308956281335,0.9984115737023768,0.8071712304098144,1.1122346899831184,0.504825243084161,1.5247021024409808,0.9704726544748583
662,20260830,adipose_subcutaneous,fasted,0.12143636808829739,0.48319767427180504,0.6781957661722119,1.682794625675196,0.8874356935238206,1.1437749391741228,0.994905172262379,1.1471311466866818,1.0245868276874612,0.9065598663152541,1.2456576320113555,1.4245975668036728,1.2015490040478571,0.3738534291484696
663,20260830,adipose_subcutaneous,exercise,0.21454569543700186,0.8537294057340511,0.7125990807987365,0.6551986781619474,0.9137398076659471,1.0881382021313957,1.0351438288220016,1.1767825306976363,1.2385011539443334,0.8774640976440761,0.8604116497773497,1.1088554562310582,1.2970598266681523,0.5940847171007895
664,20260830,liver,exercise,0.18998020895136192,0.8631300296900147,1.8468081844258009,1.1200447932664779,1.2373842344709276,1.0757977816773718,0.8261375802262317,0.8980949350228598,1.1035166081489398,0.9105188556916142,0.8705781094329655,0.5406203550072194,1.2046050312244303,1.2547746137683502
665,20260830,liver,fed,0.7544831876980965,0.8826409331787509,0.5880331860590817,0.8547205917907887,1.1829537651660085,0.9330843940392637,1.1378002042863276,1.1763109071918199,1.0897896188030065,1.005174679707839,0.8406380568592213,0.9881499251133409,1.1883365849718908,0.823513489914768
666,20260830,liver,caloric_restriction,0.7888161321996704,0.5217250945996298,1.1934476776333913,1.3303121165899705,0.8777059262141911,0.9897007583666669,0.8666994840738669,1.096445779101019,1.1488915500598365,0.9660373445783283,1.080296944898266,1.1984197902064555,0.9155292449343836,0.8860509648591604
667,20260830,skeletal_muscle,fasted,0.5772035587824577,0.48135850631551436,1.0076121039595438,1.7918460684993616,1.0707658291235993,1.0670767089873427,1.0910486496904352,0.8795634189020015,1.2459160845310557,0.9037174316724844,0.803934947312303,1.0341629690851428,1.1482941424492414,0.8175428884656158
668,20260830,adipose_subcutaneous,fasted,0.0486174827936392,0.9355428634006966,1.6368456548545005,0.881545851256217,1.0961078277652503,0.8160157008951163,0.9630756967095655,1.1183727551914477,1.0792188206123,1.1001390630419663,1.0461995993090114,1.0449424151731779,1.0385280089234248,0.9165295759033971
669,20260830,adipose_subcutaneous,fasted,0.2930221228751272,0.8364492369142857,1.3070144836552493,1.1914459945932065,0.9654959560123132,1.0728983188633179,1.0556872114279205,1.2375106149707544,0.8437759123329821,1.174631302930727,0.8108932237292777,1.0919386714496437,0.8661010689662665,1.0419602595840896
670,20260830,liver,fasted,0.5239057765068768,0.23739227875749913,1.9867365056708117,1.4910878178417002,1.0626809706299754,0.998879950360594,1.0459959924251083,1.2364230855686733,1.1222279025796005,0.943603515280345,1.0034743513132156,0.7180902446947809,1.265182705990476,1.0167270493147431
671,20260830,liver,fasted,0.06811937904907106,0.037124490820980016,1.1286114811072385,0.7789105522414691,0.8326655352415855,0.9793045589227352,1.092934383281439,0.8033771029993994,0.957062179947261,0.9109605880070941,1.2392890487301218,1.1838847748943249,0.9362418912823123,0.8798733338233626
672,20260830,liver,fasted,0.8731615543699407,0.1666274764854162,1.4963857182685232,0.7957256754909343,1.080849801096233,0.8357371169981178,1.0758786832495852,0.8730712675908958,1.001559487380141,1.2329378319955726,0.8223059443516585,0.6902103865533802,0.678798560205636,1.630991053240984
673,20260830,skeletal_muscle,fed,0.6316455749025172,0.08733316658646673,0.6371842709001654,1.7633905436361001,1.0050565042675028,1.0519689878767786,0.9105169443670658,0.879821497416095,1.0969846387518138,1.129428907610178,1.1446920227569726,1.0018296032449148,0.9534924150743534,1.0446779816807317
674,20260830,adipose_subcutaneous,caloric_restriction,0.8218494596318741,0.4612903829643631,1.0323963395373672,0.6133588028592835,0.9426850700982192,1.0779123828477282,0.8844988186221067,0.8278361544658946,0.8869347190144103,1.0813852924852554,0.8783587304285323,0.9626905043598807,1.1882960097750586,0.8490134858650608
675,20260830,skeletal_muscle,caloric_restriction,0.1806588514453943,0.5990361034713774,1.4234993144642476,0.8900666920561103,0.9817825420424587,0.8248983523525178,1.0724871592812089,0.8213934869959588,0.890894659899093,1.0285533868963932,1.008770865048445,1.166208946182378,0.8130448016390581,1.0207462521785642
676,20260830,adipose_subcutaneous,fasted,0.6003334022201143,0.84473009563101,0.6337524784649072,0.8233657076361927,0.9780490413374126,1.2376372098832498,1.011794260100684,1.0118971530609304,0.805607045280008,1.1691429549823151,0.86379486995685,0.6942584867358884,1.0784692862299494,1.2272722270341623
677,20260830,skeletal_muscle,exercise,0.0528704388405693,0.531128536535507,0.5694486334856911,0.69539461049653,0.8257849472013524,0.8901581612757404,1.0973839318261058,1.2420916711245502,0.8419921372913747,0.8216473686288587,1.169214132744247,0.8804377266497578,0.9513104001013029,1.1682518732489393
678,20260830,liver,fasted,0.0049483791477167305,0.4415308910270208,1.7059090048902086,0.7541495069243915,0.9755825657905673,1.0285337167711792,0.8081113900798259,1.0898436808747336,0.9794629904686825,0.9084526476432835,0.9751537387196528,1.5942608124211637,0.6401754495686246,0.7655637380102116
679,20260830,adipose_subcutaneous,exercise,0.8915416324754266,0.6996865065789998,0.6782515038671943,1.7533944827385213,0.8228482998896505,0.8512680867285058,1.06836309830535,0.8049500349389391,1.003393995647799,1.0067597106886235,1.2297163566276585,1.2667668494408266,0.8617721615416546,0.8714609890175183
680,20260830,skeletal_muscle,exercise,0.32718500075864976,0.7211141839846518,1.0685895700658026,0.7048384634726487,1.1998463859230084,0.89337316523535,0.8255245354879508,0.8431472010770714,1.0221786175427992,0.9046412452573342,0.8487098946350156,1.0604803964395637,1.110043976008671,0.8294756275517654
681,20260830,skeletal_muscle,caloric_restriction,0.6918954919162741,0.7636095693435861,1.9745686943349716,1.5350297727747493,1.2418331879936522,0.9286293035079819,0.8623252011246779,0.9393201196956532,0.9779536387968681,1.2159755872886415,0.9034284825897805,0.6319338607315529,1.7507231649434973,0.6173429743249498
682,20260830,skeletal_muscle,fed,0.9588725537139248,0.8556319919792956,1.3620144678452817,0.6397445492435683,1.0844909038738395,1.1245920642649554,0.9534111490085485,1.0269721637015035,0.9949203238723368,0.9525608498518272,1.1768871883859753,0.6611784617181471,1.3245515818788753,1.0142699564029778
683,20260830,skeletal_muscle,fed,0.26256302886175176,0.48599199804700677,0.5352643115058109,1.099326334523196,1.20650824010098,1.0792052309238482,1.2357437606001478,1.22225256709516,1.0981291500471393,0.9977554774706047,1.0267299688809672,1.8234609551094865,0.5437049638414495,0.6328340810490638
684,20260830,adipose_subcutaneous,fasted,0.07925681214044533,0.9687276342753158,0.7578603478405319,0.5709959707399532,1.0622613154603469,0.9394738653574431,0.9734599110917688,1.1953919092769547,1.1325515792599383,1.1574433112810556,0.817441775432502,1.3188005158078424,0.5694688490887461,1.1117306351034115
685,20260830,liver,caloric_restriction,0.6746008451348691,0.18660082648295928,0.7348788873496188,0.8560227992574376,1.210370383590349,1.0830132092300728,1.1308684049153312,0.865006368701389,1.1704269278521247,1.1968605987508194,1.0988047160201584,0.5667739147376013,1.8213393142531622,0.6118867710092365
686,20260830,adipose_subcutaneous,caloric_restriction,0.9348724500640175,0.3577668442445837,1.8511709571527426,1.3744139130845634,0.8992326227609932,1.1172087927822025,0.8320767905253202,0.8709413077588968,1.191151240747224,0.8304469484457587,1.193710915748348,1.0175927153704172,1.4941075650735451,0.4882997195560376
687,20260830,skeletal_muscle,caloric_restriction,0.4173146878507735,0.2980526340949895,0.5163742774192364,0.5382916654407822,0.9151082171336066,0.8277076320335767,0.800981864932044,0.8412324102418981,0.962150982731958,1.057163735675965,1.2078432830764005,1.2662930369623013,1.164008010036987,0.5696989530007118
688,20260830,skeletal_muscle,exercise,0.20126754838334004,0.3936137975755236,0.6523182317306183,0.817418829272706,1.2345498216536166,0.909250675930909,0.8316114704139946,1.2434873302628353,1.0844996861905072,0.8703467220655299,1.1225028443002898,1.0201445872910213,1.1219293400375372,0.8579260726714413
689,20260830,skeletal_muscle,caloric_restriction,0.9189091544410655,0.8688191361002526,1.3359933748765533,0.5637749442082729,1.120900206295109,0.855909249614304,1.1359552203235457,0.8267829057111009,1.018497270073334,1.1203878858757255,0.8416078092856379,0.9652968338669478,1.5805878922881889,0.4541152738448635
690,20260830,skeletal_muscle,fasted,0.5670863879980809,0.798372311777273,0.9870876897564324,1.0800724738529057,1.2215830216312011,1.1215974992269864,1.0540114066170896,1.0823534231250567,1.1423251868103497,0.8042596040845426,1.170846234698747,1.3470414116996297,0.736100224695175,0.9168583636051957
691,20260830,skeletal_muscle,exercise,0.18056573949679033,0.3982781777198263,0.8008571436332843,1.6520306913632645,0.9332316939398823,1.2318255194669374,0.9492928180379553,1.1682038901865346,0.8451045623864031,0.8461765056994557,1.0221951836968264,0.4448724625193868,1.3125961292840622,1.242531408196551
692,20260830,skeletal_muscle,exercise,0.005189499418450927,0.7909832884393404,0.6145726618504825,0.5229309702397777,1.1092298819770179,0.9851270319064428,1.0211949189768137,0.9528262709185404,1.2406400302661957,0.9474413381780781,0.9546242542838426,1.0226758400079516,0.9672646665846815,1.0100594934073666
693,20260830,adipose_subcutaneous,caloric_restriction,0.3075359908536477,0.09572082628155754,1.6212795071081312,0.5372976188835855,1.1399947188779596,1.0248028181240436,1.1734928316298998,0.857697585829474,1.2042123044769963,0.8699042780130658,1.0564531843747849,0.7751054300902653,0.9161063937590805,1.3087881761506543
694,20260830,liver,exercise,0.7242932373968916,0.31470959116185193,0.82037708785245,1.051475825489984,1.0895077128521446,1.0956538512704168,1.1683753339671026,0.884914549665971,1.1122001578460075,0.8066740090406099,1.1197700092024188,0.9429183772442121,1.4772203921882732,0.5798612305675148
695,20260830,liver,fed,0.8958086068355623,0.7511926196601891,0.9872226186540222,0.8783350546870714,1.1747015115316677,1.1313782968262502,1.1913652466738507,1.2398631624419068,1.089244469962103,1.1931353761011958,1.024922323613147,0.757378733510052,0.7735705392025546,1.4690507272873938
696,20260830,skeletal_muscle,caloric_restriction,0.6745718491742108,0.713337150740898,0.5672228715975682,1.1112528398562282,1.0514098237540745,0.8302065418949264,1.1196427993543507,0.9705850085755784,0.8504260338297139,0.8917848713889435,1.0948987878156797,0.49804631957549145,1.2434434883020091,1.2585101921224997
697,20260830,adipose_subcutaneous,caloric_restriction,0.5616645576955306,0.3742460050909324,1.6749906617712296,0.5607820785651719,0.8526357975165741,0.8862396254378431,1.2181259223630978,1.2040020826128954,1.0149094725877823,1.1126367941739963,0.8103804007530266,0.8010363259813403,1.272323095954911,0.9266405780637491
698,20260830,liver,exercise,0.3890661668286287,0.8576107087172001,0.6857220679907562,1.9628893062598198,0.800873822328793,1.0171993295197215,0.8830820642437097,1.0272444983914417,0.8541100456555246,0.9028204134664696,1.0752918496460437,0.7606045211585095,1.2227029869490553,1.0166924918924356
699,20260830,adipose_subcutaneous,fasted,0.9244160026313837,0.7685723137090255,1.2135052242670366,1.6220130739606782,1.2443514845311603,1.0372562788312931,1.0615003834744106,1.2088603491669567,1.210245574587399,1.046844393947832,0.958265745390636,0.4556407876944474,1.5303349001574817,1.0140243121480708
700,20260830,adipose_subcutaneous,fasted,0.310782296141076,0.05212747103625437,0.560892854891751,1.7260082966571797,1.1439186929685978,0.8746818034094267,0.8564831197049478,0.8643697499992807,1.017007959206197,1.171824090024052,1.0410225211523485,1.5275772420789147,0.7778240682335558,0.6945986896875297
701,20260830,adipose_subcutaneous,exercise,0.5150835413670084,0.057558626915166666,1.7227638329469495,1.6763217467529448,1.1472753500055826,0.8502255877427504,1.20313620094378,0.8732553433980812,1.1507355472522587,0.9139615629286514,1.0250209384697198,1.2711706723478293,0.9365366500214638,0.7922926776307069
702,20260830,skeletal_muscle,fed,0.903318026866126,0.40361566750593303,1.275472327608274,0.7672389162403372,1.120861042221953,0.9820969410488168,0.8906433572511537,1.183989656375141,0.8386708985467134,0.9849916736512774,1.2289801130999758,1.2099842221968915,1.1901311465657367,0.5998846312373717
703,20260830,skeletal_muscle,fed,0.021247685311721498,0.11129244743922173,0.5997333936208294,0.6035889626264884,1.0425932412698105,1.0896879630243912,1.1912392690913047,0.878328305196299,1.0884687367407901,0.8365442612672241,0.999706602263346,0.9954728603336925,0.6566955687150626,1.347831570951245
704,20260830,liver,fasted,0.10042006674009851,0.8140410624230419,0.759320060232041,1.987195914125505,0.8753331674097116,1.2496906195480575,1.0137301771103109,1.00060226504462,1.0870468333135253,1.2307636234372439,1.0014958270623895,0.9353948478977708,1.1963241296140983,0.8682810224881313
705,20260830,adipose_subcutaneous,fed,0.9321823673131818,0.5202224128927894,0.5343213733248782,1.0243818555727682,1.0136155738217938,0.9258628591628553,0.824586877253718,1.0842806011888282,1.2085506965209103,0.8114214091882317,0.8039415335118312,0.9444124157575402,0.9268866535180743,1.1287009307243856
706,20260830,liver,fed,0.8797823462237235,0.366987811656198,1.1087157993479633,1.4823845279015773,1.189967950411585,1.143076893798953,1.0420942979333971,1.0669973188162651,0.8099823972580787,0.8097842527314691,1.2458027430422365,0.7696387080950564,1.5934368945911286,0.6369243973138151
707,20260830,liver,caloric_restriction,0.8744737199236374,0.730452842809312,0.6651864279477359,0.5866420731961205,0.8045079734838229,1.1458935218253106,0.8391680509645392,1.0356482380603451,0.9532558689761446,0.9799216144288027,1.1810477493373674,0.7883631683848902,0.9412460636541524,1.2703907679609572
708,20260830,adipose_subcutaneous,caloric_restriction,0.08554609700843907,0.5704349336609248,1.7450178761732862,1.4983341586520005,1.101112569245862,1.1975203237902414,1.0291719006428306,1.232751377471657,1.2126069019852415,0.9306503242528318,1.0636573356561594,1.3071346749746142,0.4585509361346208,1.234314388890765
709,20260830,skeletal_muscle,fed,0.32834084462733204,0.22514384402971022,0.7519337913557644,0.9709361970225158,1.2238632225296562,0.974516160271434,0.8899643524219305,1.0509858463255988,0.8716800361133558,0.9708978764149829,0.9771089286283035,0.8102177192802333,1.225537489751099,0.9642447909686679
710,20260830,adipose_subcutaneous,caloric_restriction,0.14492306836518665,0.29914601645606054,1.8159371709601595,1.6599393800596376,1.0504354546135732,1.0712700659111278,1.1794227149874406,1.2312881235195794,1.2369262306695703,0.9726268603019419,1.2171126199770819,1.0031466244446625,1.1416144827075874,0.8552388928477501
711,20260830,liver,fasted,0.680634995199834,0.25761987800946695,1.011654427785767,1.831187153422658,0.8642321868393104,0.8575949909815058,0.8974538099545601,0.9674071456730832,0.9628434126738156,1.1847990206502168,1.246628887592437,0.9360728173903989,1.542900988162154,0.521026194447447
712,20260830,liver,fasted,0.5500028566906132,0.3525723045552098,1.0279791870947446,0.5186789845288393,1.127499327033223,1.103290271317243,0.919817993936048,1.0464185818931901,1.1690614141898743,1.0524415947958186,1.2020261454114953,0.9233044065621128,0.9460937393677409,1.1306018540701466
713,20260830,liver,fasted,0.7404275393638463,0.845570937242275,1.2105204507576506,1.303194397243983,1.1585535484940255,0.9465575648360959,0.9089707879211064,1.151187941350648,0.8353693606506303,1.1504118535763126,1.0591352917975356,0.9302265136956137,0.4937747878528014,1.5759986984515848
714,20260830,liver,fed,0.1949196363359026,0.944921813533025,1.7424569835134125,1.5515036738021895,0.8899220454276673,1.2459283657311906,1.2004322691099822,0.8261812184333533,0.9463932312795917,0.9991642778191265,1.2340673312054407,1.0835175049426842,1.2294942926272514,0.6869882024300645
715,20260830,adipose_subcutaneous,fasted,0.9030969476142721,0.37567431466605616,1.2198858469109768,1.4091299761364773,0.9492180181922952,0.9009723091625379,1.2223738268596738,0.9589820257798263,0.8589585286338896,0.8119471213124767,1.0341487170820134,1.6864207667916136,0.6673927731057018,0.646186460102685
716,20260830,adipose_subcutaneous,fed,0.8548075217245203,0.7838821442683196,0.5293343881101116,0.8544997888186607,0.9157156015715446,1.1269737406732219,0.829086408391105,0.8510032413699996,1.1907537264321002,1.2386991000876881,0.8841779662090367,0.8985887044947216,1.4723380711635226,0.6290732243417557
717,20260830,adipose_subcutaneous,exercise,0.6455857888802427,0.8349511567167519,0.6148002029863289,0.6484196338773095,0.907634300905349,1.1177823133952163,0.9303913300458574,0.8190911374409742,0.84290932396022,1.0995654655485287,1.0031451761082153,0.9448218759685251,1.312657530219188,0.7425205938122871
718,20260830,skeletal_muscle,fed,0.3024251626888529,0.6796404130660485,0.5338731765774075,1.0355392872433913,0.9848255162638794,0.8307664181855097,1.14383718722754,0.9683504867826326,1.2297520506249104,1.1583624995236759,0.9690592615076666,1.183081836606928,1.0162074428230596,0.800710720570012
719,20260830,liver,exercise,0.2951963916285001,0.371566561517259,1.2011374353015158,1.2829317860909684,1.202450970260611,1.2083900367902456,1.0553762280569319,0.811477490028509,0.8870375176391213,0.981351146823338,0.9421323497335484,1.1079782641873057,1.3296418192630741,0.5623799165496205
720,20260830,skeletal_muscle,fasted,0.05900183706901296,0.24986657550019287,1.0691809779980839,0.6509639871144439,0.9124530343209829,0.8838275563187805,0.8454253827890553,0.9225412583103177,0.8816716783113737,0.8655074051903546,1.024801557937989,0.5846207556204345,1.514493865665898,0.9008853787136679
721,20260830,skeletal_muscle,exercise,0.006707166825569266,0.7564788846820768,1.525607148660234,1.588669298674649,1.1321774121156536,0.9683648723124949,0.9334034906734513,1.2059435243627774,1.2355512689939767,0.8222728690437998,1.1284421624061314,1.4680294882712341,0.8448450843847458,0.68712542734402
722,20260830,liver,fasted,0.29143563537838013,0.6406597910099153,0.5873216085032474,0.7187971896083912,0.8187497162236702,0.8082511916751666,1.0964806644973024,0.99571691669444,0.8493271722970688,1.1851726301367764,1.0228830588100069,0.7807965501276598,1.5662980872258574,0.6529053626464827
723,20260830,liver,fed,0.8696443821915665,0.19747372134554786,0.9969848442081951,1.0290035299761864,0.8326987148168702,0.9241005023873489,1.0485149616899188,1.0356606814797782,1.2468055064833814,1.075018359171239,0.8514054941003493,0.9049813571643193,1.2840473863071213,0.8109712565285594
724,20260830,skeletal_muscle,caloric_restriction,0.498509338401536,0.42762775789067053,0.539012375839995,1.9162894392581231,1.065652036746188,0.8353019967056586,0.9580088693477851,0.9862588410876051,1.000639303654713,1.125608005331036,1.0789390858457348,0.8774455870615238,1.486882325076037,0.6356720878624391
725,20260830,liver,exercise,0.2588271364822038,0.44809825714206053,0.9180744678265101,1.9254814439512915,1.1971688770438156,1.0355349201711017,0.8489103133980916,0.9326426427899012,1.1469526795978753,0.8616641303585246,1.2404540498362895,0.9104405101137073,0.9480864984357917,1.141472991450501
726,20260830,liver,caloric_restriction,0.2723863473400201,0.5440709522534819,1.9170441800351499,1.2672851467929593,0.9486467845061216,0.8566553635555885,1.0182123874034512,0.9074942591004053,1.0067478062830861,1.0207591444739716,0.8888627022746979,0.784464444814541,1.3287207803620467,0.8868147748234125
727,20260830,liver,fed,0.4025934234486154,0.14555455391544092,0.6029879566666966,0.7570805230870671,0.8394759376207421,1.0934697292680768,1.1470378470003026,1.1482384431268915,1.1320888012635781,0.9987030231993205,1.2060276794642888,0.6848819198201148,1.2190966009867716,1.096021479193114
728,20260830,adipose_subcutaneous,fed,0.28791124297395754,0.31764045141747244,0.9806912462367482,1.4233895619038623,0.9398193265835896,1.2476996850758515,1.0160477437854927,0.9547455123782104,0.9342180500368715,0.9666729435106617,0.9564501084318491,0.5301567636500569,1.9329816398405812,0.5368615965093615
729,20260830,liver,exercise,0.16001162512007072,0.9588618432449344,0.9847137694934368,1.6568435439526532,1.0872229009993852,0.9441292707727433,0.9835582465896657,1.0035927255756754,1.0478171535560845,1.1227441863753207,1.2478290813286907,1.573667845781851,0.6398676652153109,0.7864644890028377
730,20260830,skeletal_muscle,exercise,0.4972353238962801,0.01166821029010845,1.890599449075176,0.7028727610319719,0.9292195830704899,0.8887198913977818,0.8828901014397337,1.1944907944705674,1.2145493727741543,1.0444239719812007,0.9622255082016467,1.047900473158141,0.9800781068108764,0.9720214200309826
731,20260830,skeletal_muscle,fasted,0.16260435229465497,0.6884089794106575,0.8792583704439362,0.6025377942629502,1.0446668867858835,1.0988194734015646,1.0197263611943264,1.0064622323736323,0.8331351547601689,1.019885698089089,0.9614831294496624,1.5337529070218732,0.5735206961910535,0.8927263967870731
732,20260830,liver,fasted,0.15769799405750995,0.8506366993524397,1.1921657544659323,1.2193072571612928,0.9911533869228243,1.0141719484044782,0.9017106084759609,0.9176880621391567,0.8338897849239889,1.1222062855529424,1.0425501558648234,0.6378528033204401,0.8724754675187297,1.4896717291608303
733,20260830,liver,fed,0.25206445606558303,0.42702567248281875,0.8442845080695295,0.7055494254016901,0.8803952264089863,1.0263250470556546,0.930134513796669,0.9608976715852755,0.8084113789307483,0.8813631826017889,0.9410874347742525,1.3093814251314324,0.8507494531086897,0.8398691217598778
734,20260830,adipose_subcutaneous,exercise,0.9410241572358337,0.6706392003171321,0.8236005545723981,1.5797197105144731,1.1254237054780483,0.9962521460932964,1.2373991007107992,1.1670768926510386,0.8207101481822652,0.9730796475725267,0.8834256009184119,1.2735264284962442,0.6334584899420612,1.0930150815616944
735,20260830,skeletal_muscle,fasted,0.9124789406409342,0.47439791672370557,1.6357242995018102,1.59960453187444,0.8870447641091456,1.0360220815351238,0.8054507968958291,0.9831392107327075,1.1183775603915875,0.8716780460848266,0.9108184292536178,1.2064517970873445,1.38527658216772,0.4082716207449351
736,20260830,liver,caloric_restriction,0.8981988071055486,0.002360902648186336,0.6485609726839335,0.6260052059047303,0.8681659250914072,0.981265742215775,1.2397864589192318,0.9776272605236362,1.016650283361643,1.0108439741649402,1.2494506637672476,1.262537119081114,0.5398476264904848,1.197615254428401
737,20260830,skeletal_muscle,exercise,0.08443039831005239,0.7701001591456268,1.0773982999980138,1.9767972564610976,1.0171988859258059,0.8209274417887549,0.9977895018750002,1.2297906111857178,0.8033859932710249,1.1126934581816892,0.9909854969641892,0.8933104508266294,1.2377031353453347,0.868986413828036
738,20260830,liver,caloric_restriction,0.5199588099282932,0.9585180761096744,1.2371412846970147,1.1640177111208072,0.8630369415683125,0.9211066692989471,1.2044602367742434,0.8713212605550252,0.9231857437865852,0.8760351935701726,0.8868431989160969,0.46026101121368207,1.1651332795041618,1.3746057092821564
739,20260830,liver,fasted,0.5034945741862186,0.1876925948616499,1.657918234563212,0.8198458042434742,1.1005014508341966,1.1474831846304299,1.1364974167982895,0.9341803067986464,1.1793059631129195,1.0467377252997576,1.0681230202935255,0.6626232907134529,1.5011238549573145,0.8362528543292321
740,20260830,liver,exercise,0.39524436025522136,0.12428243431034025,0.5260733081585104,0.8541933117728578,0.8925680275826098,1.0428662166146618,0.8117947799128821,1.202837505183033,0.8534446530265999,0.9868727971733042,0.8721463574671943,1.3940997581890655,1.0436365055052579,0.5622637363056767
741,20260830,adipose_subcutaneous,exercise,0.28138478447745574,0.12187013025287019,1.7997899328986924,0.8147656569216477,0.9736003544780127,0.9929699751560933,1.0607476446376671,0.8835629084502393,1.119581671219115,0.8688428476561977,1.06677637801925,1.3835081030951224,1.1544777557142385,0.462014141190639
742,20260830,skeletal_muscle,fasted,0.5166017533521111,0.7305280307505483,1.7286108694794495,0.5688926127808722,1.00751828068947,1.23868802963803,1.0018581009545933,1.1239927485078713,1.0383745501647186,0.8487259060095773,0.9240521576265279,1.1900307930978347,0.4780480596042967,1.331921147297869
743,20260830,adipose_subcutaneous,exercise,0.04420464535329127,0.33357526679630234,0.717767214868763,0.504496973924364,1.0169137750856154,0.9307973243832078,1.097059877669808,1.0890529507860855,1.2387828992036256,0.8542439670666888,1.214181073193981,1.2070780171054662,0.5179239061521064,1.2749980767424272
744,20260830,adipose_subcutaneous,fed,0.6547304116267753,0.8443945167491452,1.3396723431439392,0.706083976599347,1.1260520916697876,1.1511911187092554,1.1242226087480083,1.058351606259545,1.0352500879826856,1.1083706788290035,0.8056841443703904,0.41595937075182443,0.9782814051782979,1.6057592240698775
745,20260830,skeletal_muscle,caloric_restriction,0.8407819175312192,0.013840425217061747,1.6476854555647515,0.6263654541077662,1.037373656758241,0.936969355098965,0.9246993115053488,0.9472747058262659,1.1686617335961846,0.9423499145242822,0.8493680210175608,1.1219563239314045,1.212997260291125,0.665046415777471
746,20260830,skeletal_muscle,fasted,0.7802607472588258,0.635030056473331,1.2805019883146664,1.0788189937525032,0.8816940012423873,0.9345432940620063,1.14965530709069,1.055066295600379,1.083169637277225,0.8381227265502861,0.8552896880829177,0.9097695653768496,0.4551552348126706,1.6350751998104798
747,20260830,adipose_subcutaneous,exercise,0.7639927027151733,0.13545589427764826,0.5370740852231443,1.032609239359705,0.9215669578544494,1.0135223506271158,1.0223834412487172,0.8882203583974414,0.9120290649394146,1.025235538015703,0.8473298113534525,1.3048295444424265,0.6029920124598005,1.092178443097773
748,20260830,skeletal_muscle,fed,0.8081945778139443,0.6355801104585596,0.581976607230981,0.905722493524372,1.0712007007836584,1.1698649470095663,0.8206577138529964,0.8955321923832167,0.9149773329496292,1.155429448035847,1.0246042122623753,1.0611446098435178,0.8359506453413686,1.102904744815114
749,20260830,skeletal_muscle,fasted,0.6194427301194002,0.3745754205181282,0.6430390212810198,1.3789518944838288,1.2242409098220777,1.0961477720254473,1.2114055550054619,1.1257885087186907,1.1287780510383445,0.9440790848606022,0.9559406925270905,1.3100689445743137,0.7979709847790081,0.8919600706466784
750,20260830,adipose_subcutaneous,caloric_restriction,0.6711589285257069,0.47533547368963036,0.5545147941444808,0.5590823350728397,1.0810696976769716,1.064248376388496,1.0767662848328812,1.051521959640149,1.1669414364801485,1.0569716305347254,1.080354427714955,0.8745519023093248,1.41301714735382,0.7124309503368556
751,20260830,skeletal_muscle,fasted,0.47557100330189106,0.6353178763411966,1.6295126885877633,0.8289410468901994,0.9693691606346698,0.8096073579550194,1.112660468922535,1.134853079148989,0.9977872637376333,0.9192686939993726,1.2059682141189134,0.738709708216817,0.9438245859700057,1.3174657058131778
752,20260830,skeletal_muscle,exercise,0.09783884615003136,0.8043732385372493,0.7225417544860414,1.338836019947321,0.93530661029747,1.0661601797093305,1.1235783595166864,0.9553132563801563,1.0933018694480094,1.174376197401734,0.8860328617636511,1.2128474539567191,0.8569509292816294,0.9302016167616514
753,20260830,liver,fasted,0.2042174755939259,0.20677715948507402,0.9492811405988518,0.5657285235054947,0.9397964469339263,0.9505734531836063,1.1086086320590187,0.9707660155653234,1.1230094499085375,1.2353730329256343,1.245496087998857,0.5513263995379984,1.6001151630412762,0.8485584374207255
754,20260830,skeletal_muscle,fed,0.8991556198515644,0.12187792107632212,0.833191460892931,0.6404607382970046,1.1250619988626913,1.1298964787707497,1.1078580607108193,0.9633745825195482,0.8577303754866981,0.8583117949787624,0.9272670597372201,1.4150388220414745,0.9522555793009033,0.6327055986576227
755,20260830,liver,exercise,0.2100631973344852,0.25523820353985693,1.3394783876876117,0.562493853614194,1.0681152309724378,0.9377466860745982,1.126906167291787,0.8508919143892771,0.8128709934793986,0.9212716480287312,0.9750545136395142,0.7514397127959623,1.3877166990779397,0.8608435881260976
756,20260830,skeletal_muscle,caloric_restriction,0.344223979407817,0.4382895771660825,1.3952285721899402,0.5740665819028642,1.0619602189170865,0.9738536369702058,1.1292994765787099,1.2079193155463617,1.236624036298609,0.8909768702383063,1.0471082972111252,0.8025624183482992,1.2439711665349544,0.9534664151167463
757,20260830,adipose_subcutaneous,exercise,0.30316066780925766,0.7446887131339232,1.6355978146294825,1.3719770875112989,0.887725628948388,1.2327611832239782,1.2024526083018132,0.8324091588333903,1.158379102585079,0.962952033905328,0.8722248453034117,1.3163295184275725,0.7358916264596643,0.947778855112763
758,20260830,adipose_subcutaneous,exercise,0.4906235090613785,0.001837129491366274,1.224407029695647,1.793387836243749,1.0925796169767028,0.8865522436336932,0.8763088287076715,0.9005280231639214,0.8851457810981395,0.9263608921078275,1.0348455883536554,0.5189413435578697,0.7283371585553425,1.7527214978867878
759,20260830,skeletal_muscle,fed,0.4884207379730531,0.08032525160777448,0.9827737483653449,0.5514556233421551,0.9107669925252933,1.0575114141339734,0.9113038053221578,0.8150971571973673,1.1381169916868186,0.9754584176242478,1.2081612022306154,1.7656712195021111,0.6822257680882038,0.5521030124096845
760,20260830,adipose_subcutaneous,fed,0.6754159796618237,0.794668630305966,1.451931605888222,1.3885744054179068,0.832310649712599,0.8494657869527128,1.210501940523831,1.1501868150510812,0.9787724198285649,0.9697642186233632,1.0801558162882396,0.7203986988878951,1.4489615004490977,0.830639800663007
761,20260830,adipose_subcutaneous,fed,0.5756940337870469,0.5679443058050133,0.9317118796099205,1.161775803348065,1.1571010166259201,0.8038427622998429,0.993141496482993,1.0628972941786767,1.0322805618498045,1.245864837825884,1.1509044057171114,0.6462054511094424,1.0315449775341028,1.322249571356455
762,20260830,adipose_subcutaneous,fed,0.03736139369064306,0.9256859765822063,1.4725781935420645,1.322058107793526,0.8798401166863736,0.8358128856514012,0.9113257614004936,0.9725585630162249,0.8516230089397082,1.0379898510244367,0.955025800097708,0.653636598017128,1.2183624388177292,1.1280009631651429
763,20260830,adipose_subcutaneous,exercise,0.22316338362866828,0.17571178835736556,1.1256797357368253,0.9189154817583913,0.9078588637722868,1.2267528194374828,1.1086260922698752,1.107943065170467,1.0959403817255509,1.2409309812922038,1.0589651504911999,1.6778533911478326,0.5826897626804677,0.7394568461717002
764,20260830,liver,exercise,0.0751457003945506,0.40661657813552354,0.7220662599776058,0.6129909739098905,0.8573136408157758,1.036360217958268,0.980202325399897,0.8644570307243137,1.1726834367706795,1.090628051791101,1.2329853073058024,0.9870626852349563,0.9407668164192987,1.0721704983457452
765,20260830,liver,fed,0.014366280790593988,0.5332178965440036,1.6212478149421272,0.7612512571440985,1.1661492430298936,0.9161861713096198,0.8136063984534301,0.811471614343446,1.0516907266585533,1.1349001840391504,0.8385881942447412,0.8638955607279775,1.5934152796043273,0.5426891596676949
766,20260830,skeletal_muscle,caloric_restriction,0.7415501074792642,0.4305466470767565,1.541177249096565,0.9004547785909582,0.9215974700370391,1.2474760509541332,0.8316146209256965,0.9787360629338745,0.8775297757095852,1.11755706968356,0.8350598363999616,0.6710588000660689,1.055622767467848,1.2733184324660833
767,20260830,adipose_subcutaneous,fed,0.6429669892817637,0.2142223244323399,1.1783004498701992,0.6449460427394036,0.9097877983118781,1.0603835459160404,0.8722443988547793,1.032430252540539,0.8851501120185986,0.9221271638344093,0.8337391401105863,0.8201419769025636,1.465985352410009,0.7138726706874275
768,20260830,skeletal_muscle,caloric_restriction,0.2778976344680306,0.7136841158818851,0.8950914166087357,1.6595489165056936,1.0007797193953243,1.1643531373123674,0.8908069496561974,1.071729664934407,0.8729307118174973,1.2470398401671579,1.1315505589450132,0.4037998194166177,1.4216841001159188,1.1745160804674633
769,20260830,liver,caloric_restriction,0.5545619458463795,0.12626097529934555,0.6018912586245999,1.2750951064208442,0.9344754477318185,1.0681605952810806,1.2358783484869973,0.9969311902282756,0.9593272843870981,1.167284822247216,0.8251495144315377,0.5713701561389258,1.2489243040119746,1.1797055398490992
770,20260830,liver,fasted,0.916642952969756,0.9366217352352707,1.1528375368204398,1.6985631949254574,0.8549161182184795,0.9914963080408314,1.2195082815252052,1.105009003293373,0.8379007040887054,1.0745672032128226,1.1975195845190434,0.8336273338468877,0.8517245676895716,1.314648098463541
771,20260830,skeletal_muscle,exercise,0.5367318327846429,0.18102594171448028,0.8839996829721225,0.5923277245413396,0.9649981338170847,1.1701882210949306,1.1929522414100484,1.1347704031347352,1.0006184783620402,0.8440874129575512,1.0286789273044168,1.0826569370322157,0.6082489934514275,1.3090940695163567
772,20260830,liver,exercise,0.2055784906900816,0.10394531290784281,0.6429581106770309,0.7184655618020607,1.077602990357182,0.8912969648772979,1.054428676621771,0.8778383743403699,0.9419289328053796,1.2096823040301812,0.8885001368526912,0.9501213277361847,1.1038065770028787,0.9460720952609368
773,20260830,liver,fasted,0.9922013968239248,0.8646827301876187,0.72975693128675,1.300536174511963,1.2051208981709234,1.0107297149283132,0.8876832682731761,1.2275953155834536,0.9352998321947075,1.1591942697505473,0.9591740713842423,0.98058869811176,1.0060523538258073,1.0133589480624328
774,20260830,liver,fed,0.7020511030143812,0.7159387658116527,1.6916922844847497,0.7709978897155946,1.0860725226255963,1.060285937753715,1.0839050125286362,1.215855202544028,1.196345229609802,1.102636462227988,0.9413916939278404,0.8434032179798443,0.8955355577868608,1.2610612242332946
775,20260830,skeletal_muscle,caloric_restriction,0.5005481840932346,0.4307192711901269,1.3740153160959478,0.6128726886499107,1.2162711103485981,1.12739788313407,1.212559521446822,0.9238111320585737,0.8789655672152951,0.9971504553343123,0.9854812746258304,0.9411173039730256,0.9320515434053831,1.1268311526215913
776,20260830,adipose_subcutaneous,caloric_restriction,0.2738696300706842,0.9575810970444331,0.7653930346554919,1.461823096572356,1.1357609938543187,1.0306019890584308,1.101053502807595,1.0921347239330628,0.9825384989950533,1.007254656831863,0.9238647575776031,0.8074197556462777,1.5859214134165946,0.6066588309371278
777,20260830,liver,fed,0.5213830300375604,0.4223467822746253,1.593480502164675,0.8788786332554888,1.0722544048431726,0.8239340970740481,0.9348718853101362,1.0611846440146948,0.9879093803746001,0.8194101264448294,0.939672584948223,1.0780269795025637,0.6774573040962378,1.2445157164011984
778,20260830,liver,fed,0.8122554127958996,0.1842422919816895,1.4151787537450375,0.7597979737524397,0.8530218296049892,1.107382982331541,0.9829792548324842,1.0686268749439498,1.0521735641849783,1.151914911561255,0.9128330753699455,1.1752833204104554,0.6147158002539462,1.210000879335598
779,20260830,skeletal_muscle,fed,0.3194162858079007,0.16149022324102447,1.1320754358695204,0.6874209821246405,1.1848747751331292,0.9384085613905171,1.1924754445579309,0.9653438746275114,0.8317249221338111,1.0269799755732187,0.8623028380814374,0.8822118094492436,1.287620146273104,0.8301680442776522
780,20260830,skeletal_muscle,fed,0.30553993118903644,0.6930078835458768,1.8643842868167337,1.1227284307157885,0.965697444245418,0.8959163096736136,0.8234094869477427,1.079189861159603,1.214297672470773,0.9844996282441036,0.8103214833269478,0.6922585646692352,0.6185172164523796,1.6892242188783853
781,20260830,liver,exercise,0.9851147187553921,0.3671754846664411,0.6434771653960785,0.8645046757878274,0.9612214121465131,0.826534962408829,1.111982055810763,0.8447538836484052,1.0422665346605267,0.9030816827425067,0.9762265929914236,1.23956529972078,0.6497612977310246,1.1106734025481955
782,20260830,skeletal_muscle,fed,0.4153676774879368,0.09215132400225745,1.5583882785527714,0.9578565594869345,0.859997525615779,1.0214783387898094,1.022804949666889,0.9154957778763777,1.0016625377299715,1.136890666220858,1.0735018055334324,1.1664187585922605,1.177947305979421,0.6556339354283186
783,20260830,liver,fed,0.09140229197527638,0.5086013795884184,0.7977630554922537,0.7173786648351549,0.9372728137990465,0.9143548714331974,1.111925627974847,0.891697540872692,1.0477247757479144,1.1498367399828286,1.0264851309152683,0.9427346980205525,0.9879181058460322,1.0693471961334147
784,20260830,liver,fed,0.15119762120600821,0.42599990641841934,1.6933479764691708,1.18217007565983,1.112248978559661,1.09382180889175,1.196539730161386,1.079757040759168,0.8788496597506519,0.9513419321524323,0.8197891929648871,0.7458781796633129,1.027747305834837,1.2263745145018503
785,20260830,adipose_subcutaneous,fasted,0.1644833700567946,0.26651862612484767,1.232465691301937,0.5870993818763866,0.9082733905850928,1.165766641985211,1.0222818869792625,0.9685718105727814,1.0910007636885053,0.869785049215721,1.2296507052012102,1.0521926215173478,1.0099791211001772,0.9378282573824747
786,20260830,liver,caloric_restriction,0.4353708284711517,0.11477096192736602,1.820573701892711,0.9431386569052123,1.14872523267466,0.9982361871372372,0.9480641639120008,1.1272736759095814,1.0854076696048498,1.157607830686723,0.8661290569721342,0.752026338796788,1.0624286514051553,1.1855450097980567
787,20260830,skeletal_muscle,exercise,0.4183512817778673,0.8313251094546675,0.6994835871087023,0.5039122135026607,1.0693636980173888,1.182280701848961,1.0326730078791415,0.8865715118663807,0.9136216547686203,0.839224552027695,1.1916124273328161,0.7650985296478734,1.2451222934938164,0.9897791768583104
788,20260830,liver,fed,0.7177000171905517,0.5741366186883787,1.6982808678987844,0.8504431030183404,0.981975895379978,1.179488954427526,1.2443610234917082,1.0005962006845641,1.1540917097549013,0.9536184698325832,0.9559302033448193,0.49651480037669593,1.391566013070319,1.1119191865529852
789,20260830,adipose_subcutaneous,caloric_restriction,0.14504660431641203,0.8448278210804467,1.6702785293716091,0.7434767743574322,0.8399706637033996,1.1740892922732686,1.0955547624984752,0.8615683738266039,1.20474893016469,1.0293655256720078,0.8038759320773481,0.9519564316432905,1.007086803473206,1.0409567648835034
790,20260830,skeletal_muscle,fed,0.7301232067637482,0.5441011040319114,0.6243042340793216,0.70241623753221,1.1922558154834288,0.9187391069783843,0.938733690853481,0.8721698768196382,1.000892276807109,0.9074099271679259,1.0495584962235134,0.555093545729099,1.030507955409461,1.4143984988614398
791,20260830,adipose_subcutaneous,exercise,0.9011334320781264,0.5997061127448191,0.9105384666837694,1.5904385142304607,0.960068869085816,0.948589836470518,1.0227708999104108,1.0377226960543724,1.2302447859030132,1.0559922832662763,0.8482114746761382,0.733606389020394,0.8122203346177772,1.454173276361829
792,20260830,adipose_subcutaneous,fed,0.4222468086089157,0.13203759521988656,0.5264688754396343,1.26016052627513,0.807364794112188,1.1914724876878842,1.1404158507052395,0.9838397985404194,1.0865991817807135,1.135845944120386,1.1323856665935228,0.9255482433605476,0.6547737615585522,1.4196779950809004
793,20260830,liver,caloric_restriction,0.7546744947733743,0.3830202317883593,1.7783349922887384,1.2146463249516533,0.9161663002698662,1.0309339935505808,1.2106836794320561,1.061444525395507,0.8316262545360359,1.1878769761370405,0.8945683822941429,0.6869208834748661,1.5418998551584062,0.7711792613667277
794,20260830,liver,exercise,0.16023523715415067,0.30894053399332055,1.1904716652397962,1.7317059080225177,1.0932839441808206,0.9837895077089096,1.1466093000030486,1.000894757280989,0.8836096176064971,0.9594496709113592,1.204075175721928,0.4791767102466814,1.543667137916702,0.9771561518366167
795,20260830,adipose_subcutaneous,exercise,0.9139961429424931,0.5117988996881208,0.6238013619235848,1.9303529149982925,1.238235351130776,0.8853260188161814,0.8545165185341814,1.2215542500329757,1.1247487082618448,0.9196772246325867,1.0028587270596971,1.3608154630735163,0.5013547566343907,1.1378297802920931
796,20260830,skeletal_muscle,caloric_restriction,0.516627854737742,0.0884314910142574,0.8088686219025049,1.3001263833584762,0.9224706817132629,0.8214013301303327,0.884758903819904,0.95942337712776,1.16766167040562,0.8868657660850213,1.2498664820577363,0.5698496150574835,0.7209572855428062,1.70919309939971
797,20260830,adipose_subcutaneous,fasted,0.644167505683463,0.31997709690051424,1.1851751958180397,0.6099851288036732,1.0458699545605106,0.8269331867585346,0.8294818305566325,1.1500908623257422,1.137911903433305,1.0559586925050406,1.1902535826080038,1.2501340481131653,0.9803692651942547,0.7694966866925798
798,20260830,skeletal_muscle,caloric_restriction,0.15226949716159666,0.5777792246203771,0.862791431128069,0.7515034623249953,0.8184656798625048,0.9512571649212689,0.8080051100653898,1.2424564601622143,1.0018516120033363,1.187588144450727,1.059302120223922,1.0070409804901628,0.7273634184647573,1.2655956010450802
799,20260830,adipose_subcutaneous,fed,0.8728537600477642,0.5804904716923657,1.072726755047722,0.8039002613226878,1.0522782154916093,1.1773087523396495,0.8600439589592851,0.8893116159258087,0.9528966185510056,0.9979782931512454,1.202638171563839,0.5751125143383732,1.5542199160798862,0.8706675695817403
800,20260830,adipose_subcutaneous,fed,0.06899583956708866,0.7551504902528084,0.646733424473048,1.3968850562432042,1.1247466541497075,0.8837991309752717,0.8449655197965492,1.0250284591963006,0.8981696776961476,0.8488232298578047,1.0357911600595837,0.8002811689706744,1.196036267767853,1.0036825632614723
801,20260830,adipose_subcutaneous,fed,0.34015798132975605,0.5845902539844243,1.0311821274539719,1.5031394261051036,0.9566882587265604,0.9097226180440118,1.178889165952149,1.210049870328813,1.2476377280420683,0.878080979858411,1.1001132290801463,1.1921220460011137,1.164934252189735,0.6429437018091511
802,20260830,adipose_subcutaneous,caloric_restriction,0.040462383608488195,0.746032378773033,0.8081611464693385,0.7417819057381254,1.0876834221893859,1.2427081824348785,1.1409079364455543,1.1513824404442372,1.0267981503983972,0.8325174585127559,0.8357898212868471,0.7692688979798382,1.0532285040263967,1.1775025979937652
803,20260830,liver,exercise,0.0799199681494075,0.5335463899509327,0.8814868006025297,1.6234678601042836,0.8051670267452071,0.9602092992832093,0.8770826218469607,0.9827145465406072,1.0409641106744505,0.9938740687054275,0.9521721799251169,0.9097021288230009,1.2812652857548787,0.8090325854221206
804,20260830,skeletal_muscle,fed,0.30909884536814913,0.21230152152803217,1.1782054237018127,0.6438206119176587,0.9383841858612927,1.1220731265827177,0.948570652254666,0.8690883114165989,1.179451919087683,0.8055840637961401,1.1369328525523288,0.8178533172841463,1.3597962901605758,0.8223503925552779
805,20260830,skeletal_muscle,exercise,0.8158889110809961,0.6063983947579449,0.5010674766179336,1.0033548651976811,1.1814002640781878,1.1976854018665446,0.9350164119615896,1.0026583462392915,1.2414844930392792,1.020167793291821,1.002893316589673,0.5627019959302962,1.5845002466427496,0.8527977574269537
806,20260830,adipose_subcutaneous,caloric_restriction,0.3476069522652673,0.7768018462522001,1.1975537330043073,0.6308327145334413,0.931238371729353,1.0658151207762419,0.8195655233035781,0.8450640788732404,1.0218065715106432,0.8856990758745092,1.2098037518040836,0.7850621724350352,1.281883104187391,0.9330547233775733
807,20260830,adipose_subcutaneous,fasted,0.6948353204589897,0.8039453242497047,1.7516835626898302,1.457486694705654,0.8271936376305887,1.23088188032657,1.0032077331786122,0.8854215395608842,0.9778596565415766,1.0368981742456866,0.9210648623542228,1.1065493048867026,0.9135156850840503,0.9799350100292472
808,20260830,adipose_subcutaneous,fasted,0.04748907875332198,0.7436615165161723,1.046172124670565,1.6596644661793984,1.1913830999566557,0.9766608197852258,0.8716771521319391,1.0133413047054083,1.1382801238841065,0.8532047896088392,0.9490625465476817,0.6874279075126294,1.7944962294649294,0.5180758630224419
809,20260830,adipose_subcutaneous,fasted,0.6112768894399985,0.7118034865697418,0.5644788532412114,0.6669346709086722,1.1944167668767818,1.0666366627562798,0.8369305959505109,0.9610712998193659,0.8021485077902478,1.2420048457253743,1.1383532509103613,0.6003808197809705,1.9015738771175452,0.49804530310148454
810,20260830,adipose_subcutaneous,exercise,0.18398262761509288,0.8817859763489005,1.3137300582792235,1.5816730714298806,0.8963945665367986,0.842733248700617,0.8277971352774659,0.9432554398678663,1.0974450937661546,1.0224981730715552,0.9837939416918855,1.2448634059203383,1.0567716365571638,0.698364957522498
811,20260830,skeletal_muscle,caloric_restriction,0.6257431925126823,0.4782975600382584,0.8092861599234035,0.8559845166371453,0.9374016914257466,1.0312718513946306,0.9965798345603643,0.8417738816342807,1.219715376849246,0.8871997245584167,1.124544943843447,1.02422135265279,1.1025847751919948,0.8731938721552153
812,20260830,skeletal_muscle,fasted,0.6015036847385543,0.06785251815839366,0.7093510094093105,1.4124464330097568,0.8882320589979796,0.814154447059828,0.9343699088096339,0.9080111525702195,0.8505935068250553,1.104536706846102,0.9077466778261616,1.5935207247035714,0.9412577649695635,0.46522151032686515
813,20260830,adipose_subcutaneous,caloric_restriction,0.1631980853336491,0.9602891112469207,0.8168031383369865,0.6697212281750773,0.8580559875860726,1.1022831298226718,1.2261550064894202,1.0641584234585286,1.1585096825070502,0.8323345939354736,1.1545992399302665,0.7276862395807705,1.4000563580203016,0.8722574023989279
814,20260830,liver,exercise,0.3023439242324768,0.054270534576527196,1.787320107713418,0.6341109176791103,0.8368783673468608,0.9238642581566607,1.0562386818340876,0.9236303528710998,0.9005545847321794,1.2407872553947379,0.9573678389540367,1.2908001024854474,0.9722525454755052,0.7369473520390475
815,20260830,liver,caloric_restriction,0.5099927901128779,0.6255127283244417,1.658775045525955,0.5510150230071189,1.0065740093959636,1.0302476897607582,0.9505905835904409,1.1185674238712235,0.9550265876594735,1.0317916094262325,1.1483697290102515,1.7982119791022158,0.5754626452395712,0.6263253756582132
816,20260830,skeletal_muscle,exercise,0.09738397362235474,0.47340770251579345,1.2803104869113515,0.6098155064422536,1.0031722549473976,0.9847555512856148,1.237113912914488,1.0416294946904163,1.2408306509829063,1.2041589783286608,1.1735855717397021,0.7676023381285357,1.1805280735465629,1.0518695883249016
817,20260830,adipose_subcutaneous,fed,0.7114973080704904,0.1977089875219863,0.7126996423126793,1.3373193299185975,1.0618129019429388,0.9203872179502719,1.0144447580028373,0.8500010874190692,0.8611974422574155,0.8962673898594791,0.9471033408228536,0.7943897830548341,1.4707009453800859,0.73490927156508
818,20260830,adipose_subcutaneous,caloric_restriction,0.4242721250422963,0.31448492773467407,0.8197882944977787,1.7385134726219214,0.8584409522893446,0.8555593292471757,1.0586337827621586,1.1431061730003242,0.8694931538993192,1.095388905679687,0.8983309206048709,0.5881180602730761,1.179092321441148,1.232789618285776
819,20260830,skeletal_muscle,caloric_restriction,0.7555733151236605,0.6841429416539576,0.8015474394375949,1.3966113521765287,1.0250579086734257,0.9662609574433452,1.215506097166101,0.8555496840192732,0.9354715401173075,1.0497521758945974,1.0404182958189008,1.3953588045085898,0.9415351486209791,0.6631060468704312
820,20260830,adipose_subcutaneous,exercise,0.2781212183505266,0.2678303073798116,1.8828775410050438,0.7736193111054113,0.8876800004748597,0.9160293151948888,0.9477253718679618,0.9209165215463544,1.155608341895475,1.153693296496733,0.8745260814282196,1.043482310509126,0.6006300015087229,1.3558876879821509
821,20260830,liver,caloric_restriction,0.643171990142503,0.9783546389524619,1.0325664411985147,1.3946294088975002,0.9155746671733124,1.1200493029193062,1.1561307545341288,0.8349619136538262,0.8676010362823444,0.9744194326391425,1.0077632070327345,1.13881527360632,1.160674732834417,0.7005099935592634
822,20260830,adipose_subcutaneous,caloric_restriction,0.20698750117812048,0.788315748844831,1.7089610540112568,0.8749906621740862,1.146817272729496,0.9185962888458723,0.9590822612444266,0.8326649139315843,1.066152725127428,0.8883898154638636,1.1907437986054,0.608320126141771,1.1825202740999734,1.2091595997582554
823,20260830,liver,caloric_restriction,0.9814341309487136,0.37543789239696546,0.5685007447707215,0.9946524884888355,1.1919143244466013,0.9088357334599335,1.1401944546130063,1.2270444418499173,0.8550256848762398,0.9783604469711373,0.9326122748998339,1.5230886658835345,0.5894173068724786,0.8874940272439868
824,20260830,adipose_subcutaneous,caloric_restriction,0.7047829818129775,0.16081154426383848,1.018519276891738,0.6171745051050839,0.9715234287003541,1.0232348790665073,0.8618383706378283,1.1987069305351814,0.9459181495426112,0.8810650491189922,0.802339181971936,0.6959878711809778,1.3703418345383052,0.9336702942807172
825,20260830,liver,fasted,0.9097343447644517,0.5245964575869696,0.5155899613774007,1.7861288208608126,0.8214354164474373,0.9032817039034805,1.1122118189221848,1.1388448206940516,0.8665851151746515,0.8774181224083826,0.9122712571693795,1.2805870528166319,0.7396561210300522,0.9797568261533158
826,20260830,skeletal_muscle,fasted,0.16313658889841964,0.23287451988584806,1.3241391127900772,0.5690175909335482,1.214044889838258,1.015815127391909,0.916952130835781,0.9452211114854898,1.2405744392875775,0.8792489049400394,1.0113430644902865,0.93236527404133,0.793606803685195,1.2740279222734754
827,20260830,liver,exercise,0.44726312703408677,0.5456240046845575,0.720340892537533,0.8846807069995236,0.8778957771522848,0.9611677597605409,0.9497894690056844,1.1405382247782077,1.2466673033712083,0.9301013943560074,1.0819179099095695,0.9866691685049773,0.9217422721919103,1.0915885593031125
828,20260830,adipose_subcutaneous,fed,0.40973881711471116,0.2279744027599624,1.0307034716788357,0.5325502302642907,0.8354798717675621,0.999280770110717,1.1031529404395721,1.0369902268672733,0.8834467257714392,1.083044013552076,0.9860987715715633,0.6739825020930481,1.249012304322603,1.077005193584349
829,20260830,skeletal_muscle,fed,0.18566724285863712,0.718113770837451,1.7457559965523102,0.6423928238625322,0.8963780186684079,1.2264173158634841,1.0782783693074138,1.1087491853008555,1.0957537529758,1.0133189594400351,0.9439196025941882,0.9543881212773859,0.7491868294545101,1.2964250492681038
830,20260830,adipose_subcutaneous,exercise,0.7385258717654988,0.35159459399370574,0.8386533024638747,0.5367032027440412,1.0018811952459452,1.2383609404777494,1.0271069323158104,0.802874195321878,1.0505593663964312,0.8577085956342073,0.936171434481419,0.719372886951117,1.1731203015105227,1.10750681153836
831,20260830,liver,caloric_restriction,0.22093725577379175,0.0191106579042295,1.3614835056687271,1.5979708620315993,0.9215762264056967,1.0759171214156087,1.1880687434605035,1.134180807180811,1.1736303389709069,0.8841936431249758,1.0803340645658515,1.3285327249496868,1.0255671314782437,0.6459001435720699
832,20260830,adipose_subcutaneous,exercise,0.23766908928075803,0.8973705232822061,0.9949596098339702,1.8942727769969787,1.0237517472059696,1.1666729374437301,0.8575688649203764,1.1901268133753786,1.1490842670506585,0.8660011175426765,1.2335420021737984,0.8723818144325807,1.374169370533934,0.7534488150334854
833,20260830,adipose_subcutaneous,caloric_restriction,0.6893534356949699,0.28687523944144044,0.6095178557928173,0.9201083602570375,0.8694005864024343,1.0253187658830722,1.0530738270698043,0.8830665841459373,0.9106733540051424,1.1305403573967607,0.960425947441913,1.5211164119737495,0.9232580057212423,0.555625582305008
834,20260830,liver,fed,0.47663487225504086,0.6992890517321909,0.8672908312879396,1.428752738271565,1.0317900138462832,1.083448830866539,0.8787228564914595,1.2030434406237285,1.2297682675865165,0.9336708347142523,1.0872047316351352,1.5043501438874134,0.8708722754495615,0.6247775806630249
835,20260830,adipose_subcutaneous,caloric_restriction,0.5666037859938036,0.46758297260283666,0.532619885900737,1.3992508156916035,0.9977965842756311,0.915653841164991,1.0407109442998306,0.8272622961157634,0.8513149813515357,0.9150935296638527,0.9908126442195785,1.3662968315258084,1.2074459933220505,0.42625717515214073
836,20260830,skeletal_muscle,fasted,0.3856343125119679,0.37936745150932005,1.3185399280088133,0.9909485844019851,0.8016999120858246,1.1076691979118294,0.9432787048157553,0.9782180991564542,1.2011143679293714,0.8760795116914433,0.9992463661631916,1.2866836728113982,0.7659829650434293,0.9473333621451726
837,20260830,adipose_subcutaneous,fasted,0.8689609678816437,0.8348028094588281,1.5065540401174473,0.5163335547647552,1.050806634955439,0.979974286150644,0.994408877857036,1.1366500489025955,1.1045113957853094,1.0609918241665584,1.177949946721739,1.276842153058531,1.2993265967615808,0.42383125017988826
838,20260830,liver,exercise,0.35787620169660805,0.29785960187300364,1.8928796995170194,0.7288568787048672,1.0508031898631993,1.18788625323256,0.8936717682505927,1.2325720383654672,0.9260748634810186,1.1740744116109132,0.9514856755250138,0.4406224912315276,1.5223932218883343,1.0369842868801378
839,20260830,adipose_subcutaneous,exercise,0.9799913924629537,0.055730543225536056,1.3450793103171208,0.7939132505591239,0.8289320133389702,0.8545242205353447,0.8521352573525294,0.8384706048863809,0.8985188256043988,1.0205393862820544,1.0225992430409423,1.1880427500591184,0.9254507561467616,0.88650649379412
840,20260830,adipose_subcutaneous,exercise,0.1913027741929071,0.7773171526377494,0.8526659808394722,1.14073762081952,1.1866412475499077,1.015618520855986,0.8996261130471612,1.0699354790118232,0.89437682961697,0.8068931610168285,1.0668015600139424,0.9570706038342442,1.2903467642798003,0.7525826318859555
841,20260830,skeletal_muscle,exercise,0.5279828655234082,0.03615139569926451,0.5432377398193307,0.5708087715968958,0.8914189220220999,1.2066040343433142,0.9915857714287051,0.8524678852703866,0.8128277256906543,0.9472782677443582,1.0071429260776337,0.9088855741934438,1.1646731525735357,0.9264412732330206
842,20260830,adipose_subcutaneous,caloric_restriction,0.5780557516744692,0.9710509173121624,0.5672504892653399,0.6221462973824055,1.1347988613647857,0.8948255890692579,0.9967254422484753,1.0656749708380182,1.0029894735353941,0.821713193075526,0.9042181165905983,1.7301053733924618,0.6923494984248063,0.577545128182732
843,20260830,skeletal_muscle,exercise,0.5367840520325533,0.20651005600462946,0.9549891962704059,0.8793642689261604,0.8965955012917988,1.016169446868565,1.2486073526274393,1.0188901301479396,1.1696113147681528,0.9355176034964752,0.8307833126341081,1.0387210641830857,1.3093616953263723,0.651917240490542
844,20260830,skeletal_muscle,caloric_restriction,0.7872743003520862,0.2767023346754781,0.6952880149355934,1.0737748237938929,0.9412325635933098,1.2354328377667736,0.8303600442683303,0.8396081844548379,1.101499433133466,0.9850805600410013,1.1313948360148358,0.728896545709015,1.4836500091246285,0.7874534451663561
845,20260830,skeletal_muscle,exercise,0.211671420137029,0.276311497796629,0.5425675546245345,1.030283472591712,0.8387742452561785,0.8380195293722805,0.9546694763088479,1.0833852570338096,1.218681922937999,1.2059069606449915,1.0973988427290944,0.4931240585696592,1.2651066375212,1.2417693039091409
846,20260830,adipose_subcutaneous,fasted,0.030977243782166153,0.6081103814489272,1.5351178620123098,0.6513618662803922,0.9908029118523832,0.9508289457553811,1.1622667326279648,1.0310107565428286,1.1517628022944044,0.9981214550461748,1.2086899341874,1.201285224848916,0.8938940819412623,0.9048206932098221
847,20260830,skeletal_muscle,fasted,0.7783422649293295,0.8452807099462105,0.9875437065597997,1.6284882274300305,1.095694602067498,1.1773062464028246,1.0419531947492844,1.0056672451052135,1.0378082372712185,0.9325684172948278,0.9342928016817644,1.1724735225211687,0.5846231541732928,1.2429033233055387
848,20260830,adipose_subcutaneous,caloric_restriction,0.14002802706527773,0.5061990770992267,0.5693457610145225,1.7962416979800186,1.0323955419880169,0.8539332971136548,1.0216870427462328,0.9493000097273204,1.0074456335754953,1.0528311903471588,1.1619801768176188,0.44254664103888636,1.3691595725299686,1.188293786431145
849,20260830,skeletal_muscle,fed,0.2511058857229833,0.07113207181226933,1.061857395978237,0.9453175629199198,0.9411537096526371,1.015672437112819,1.0019442042099582,1.0774058317391695,0.8135047084941047,1.0321995546247649,1.0327390464857762,1.2312228470825783,0.9035508904046292,0.8652262625127921
850,20260830,skeletal_muscle,fasted,0.8380308407482228,0.1188241835381878,1.5417840541777497,0.576337871932315,1.1462769074778063,0.8352184152520377,1.2080442734312824,0.8942414177840501,0.8581106837726288,1.2194657065443502,1.2377870396497437,0.6697714781077093,0.6203584664388876,1.7098700554534032
851,20260830,skeletal_muscle,caloric_restriction,0.9887619931567242,0.7368267858612457,1.6193404521121666,1.5857536456537196,1.053532174527875,1.1525051777182098,0.9640695127385712,0.9199712705108318,1.030883475657677,0.8809290209414508,0.9323339708674238,0.6673377718039648,1.0338944038194258,1.2987678243766096
852,20260830,liver,exercise,0.8310998574335972,0.48276671294601725,0.5312381743464888,0.7003014786673636,1.027308022080637,0.890519574765915,0.9505725872631304,0.9810218479049443,0.9602661924063196,1.0024226580951274,1.0837978598552733,1.2530459788293524,0.8845124449817782,0.8624415761888693
853,20260830,adipose_subcutaneous,caloric_restriction,0.717379195521402,0.9615077948137118,0.9198449895555867,1.2385995916337327,1.11887083603702,1.1561632258083012,0.8062543902280636,0.9431173549409632,0.9486406933683779,0.9037134668266297,0.894051852724191,1.3612266594752465,0.74654259430964,0.8922307462151136
854,20260830,skeletal_muscle,caloric_restriction,0.9391029178910903,0.3933795341794347,1.0164666052724713,1.6712192131627945,0.8331091475407078,1.1078890869777203,1.2143798391253555,1.1423309336667224,0.8744999803925319,0.8674580011156203,1.1108472482409042,0.8355531651354193,0.7207427212461383,1.4437041136184423
855,20260830,adipose_subcutaneous,caloric_restriction,0.8515187567534257,0.7047861722326987,0.7629478861282851,1.7724048748967853,0.9032373041709427,1.192702499164372,0.8368248420517964,1.1435574050268367,1.1317417414510567,0.8115055810507473,0.8347699457508874,1.109292329066967,0.8768333678879646,1.0138743030450685
856,20260830,liver,fed,0.6484036343893931,0.8939941724337015,1.2728060260824874,0.9524589016598339,0.8705388940699453,0.9216804639758336,1.048647980921954,1.110257020153512,0.9091228141541424,0.8965767742039669,0.9325672236392687,1.1788442171524613,1.3092326109765966,0.5119231718709424
857,20260830,skeletal_muscle,fed,0.6758045638647493,0.07499980274423856,0.8255690774774881,1.8350209901227157,1.247993566270701,1.006427640477724,1.1441834948521912,0.9360204888505521,0.8864861840774574,1.065618288632873,1.0094437119275512,1.061542789463557,1.193470188077303,0.74498702245914
858,20260830,skeletal_muscle,fed,0.21199846894799956,0.5565639803969379,1.5981808128523065,1.8365216947147676,1.066107178767187,1.066102802732086,1.2162781577159065,0.9549451039302262,1.0773632760784548,0.9125192220495768,0.8319781221971724,0.827149902016405,0.8395612963710487,1.3332888016125461
859,20260830,skeletal_muscle,exercise,0.2410348808604278,0.17943644831136873,1.9666834566886695,0.7048500683932446,0.9047600147503781,0.9780204128034147,0.9463339749857106,0.8862883417242554,0.8776081752925796,1.0570062910136142,1.2102907591756686,0.5101364634855698,1.2682770603625395,1.2215864761518906
860,20260830,liver,fed,0.5593232942549725,0.7928559680956923,1.0824187549378754,1.3694873815474675,1.0600552499107854,0.9675578518729631,1.0745210949443162,1.0842888725371003,1.0536369497026636,1.2092046028363999,0.8839437943625157,0.8769957174782772,1.4480152429029378,0.674989039618785
861,20260830,liver,exercise,0.9667755406611945,0.744102728791133,1.107717544594046,0.717010837505448,0.8872667159225074,1.0120966992519624,1.000455285403866,1.1578511121499995,0.8131912997780681,0.953968756155912,1.0013451868844496,0.6265322501158488,0.9069033536741451,1.4665643962100066
862,20260830,adipose_subcutaneous,fasted,0.08497143473739266,0.759718819227831,1.332231533841183,0.5466481618508928,0.9083789513607063,0.9691961909231582,0.8146751673843848,1.0531800589363152,1.0804419555415472,0.9801868985566567,1.0367670395341964,0.7413502129003986,1.0798656555990502,1.178784131500551
863,20260830,skeletal_muscle,caloric_restriction,0.31232752876358116,0.8927070463435178,1.780134529775003,0.6069631754526484,0.9988811686774874,0.8959698087446105,1.0276717450201909,1.0522969536384883,1.1342191764768925,1.1039268204873138,1.1461811431425715,1.0957410309795803,1.2682425483402098,0.6360164206802099
864,20260830,skeletal_muscle,exercise,0.06754070876259288,0.7450016370504938,0.5389438900061062,0.5726040301110766,1.1308062417724656,0.8873293422535992,0.9908225770075832,1.1986123438339706,0.8251016505407854,0.9452281071977134,0.9593404405579978,0.6593490725747336,0.5922186842072427,1.7484322432180237
865,20260830,skeletal_muscle,fasted,0.050397200196684366,0.9086571894536823,1.0133745460508936,1.7202949280910298,1.0450531383359851,0.8432588552691165,1.1404637371157744,0.982506539821481,1.212683816254616,1.112494089316889,0.9796466369246871,0.8030761379028374,0.595935806510091,1.600988055587072
866,20260830,skeletal_muscle,fasted,0.9694833617726067,0.670828292677473,1.7828802973144287,1.6613942175253702,1.1173924464296585,1.0510042459148363,1.2445950265203105,0.8306028692156628,1.2250594474352918,0.8665294754283606,0.9374020308495697,0.9725286893276683,1.0858303667437827,0.941640943928549
867,20260830,liver,fed,0.8590241188794687,0.018466176812445112,0.6619001881637896,0.6567517994547034,1.158722918632478,0.9462352538501644,1.1662035071620427,0.8161894916276451,1.206431930051883,0.8000769506285277,0.9039685436463588,1.128986336556952,1.0347889268041468,0.8362247366389014
868,20260830,skeletal_muscle,exercise,0.7654544247639239,0.2767006212547607,1.011270145258076,0.6968237524791394,0.8880936470551155,1.1588764910748544,1.2015783364529022,0.8814645030794042,1.0664087480141924,1.2371697388981246,0.8245659618567378,1.0594512042393058,1.0993672276021933,0.8411815681585006
869,20260830,adipose_subcutaneous,caloric_restriction,0.3010672470216147,0.29775856200290884,1.5673558640506307,1.810923006052971,0.8082734555323033,0.8432689446298781,1.2485630624128432,0.8406269581964482,0.9231268024486018,1.0985213765750586,1.033520373934754,0.964441181071295,0.9506000420503025,1.0849587768784028
870,20260830,adipose_subcutaneous,fasted,0.27492652007870544,0.3656434144953006,1.4568515826671626,1.3019491499149445,1.0624776840722105,1.2010217943488057,1.0639975619156552,1.248531705708685,0.941601637823244,1.0790925572301635,1.1573097987258585,0.7197521986640073,1.4466921766288494,0.8335556247071433
871,20260830,adipose_subcutaneous,fasted,0.4999528715637266,0.5155710158134033,0.7034261085469509,0.8931613810688527,1.1789621088472455,0.8964540917433501,1.0966463868898217,0.8671871868467228,0.9405511130581178,0.9402939018293593,0.8936939143114787,1.4024465130156576,0.8495776081699586,0.7479758788143837
872,20260830,skeletal_muscle,caloric_restriction,0.23392025665875893,0.41968214637178614,1.9261737649472808,0.74449237250194,0.9079383257746592,0.9501513796190599,0.8311227663778451,0.8690445661458696,1.209877041147057,0.8678992004744969,0.978639264438719,0.9272559458270531,0.7404186737558565,1.3323253804170907
873,20260830,adipose_subcutaneous,exercise,0.7201220734835146,0.40369260308099364,0.7680155015413772,0.550975701341059,1.0601812297772566,0.8396908754006301,1.0953776880829158,1.1002737966480507,0.8861536626571032,0.9106679442436287,1.1046676539896116,1.1622965136020507,1.0495912302279229,0.7881122561700262
874,20260830,liver,fasted,0.8600086708667408,0.9195704280181435,1.1143003053820573,1.772833728844573,0.8206302954899903,1.22975971873936,1.1355532817161813,1.2014196514643658,1.1619378277410195,1.0142685124773836,1.089806856342945,0.4994050745180913,0.8390326464205506,1.6615622790613584
875,20260830,adipose_subcutaneous,fed,0.627141705171181,0.1604545862188398,1.003517678598464,1.9865428336471032,0.9084344766886481,0.8484861304932633,0.8552531991835464,0.8931640365988814,0.9565561281012369,1.1649758146685638,0.8418676431809754,0.8908392593044258,1.2319365193250198,0.8772242213705543
876,20260830,skeletal_muscle,exercise,0.15919311066020891,0.4155730952293155,0.8011080673885851,0.5410431229930144,0.8482707444238939,0.9016157344818613,0.8026323894425376,1.1805028259334478,0.8898412440309588,0.9658728759960006,1.0154921459619881,0.6297564775496333,1.1863421876054603,1.1839013348449061
877,20260830,liver,fed,0.48976428330414734,0.10585142034398676,1.6961890432279165,1.8289362788464443,1.0207602371638627,0.8209533611783842,1.111261547584993,0.8906304362405315,0.8520760972587995,1.0722595666480663,1.2349527341035296,1.0220196072828496,0.9446611125809083,1.0333192801362419
878,20260830,liver,caloric_restriction,0.33756529714034544,0.19547634127726377,1.1380870725628776,1.4992538108107814,1.0351913283455207,0.8594011095541193,0.941553187695225,1.2352197986091848,0.9628758640402423,0.9403064423509957,1.0794779092370643,1.1201493348662341,1.2429676183047582,0.6368830468290075
879,20260830,adipose_subcutaneous,caloric_restriction,0.2708399960009866,0.027193239950980885,0.8757556085322653,0.7939265374205148,1.014992800474494,1.2497704542223536,0.9666019708685997,1.1316913245888849,1.0482702812073361,0.8259945123802096,1.031946689506917,0.8323037297420524,1.1563596871436366,1.0113365831143108
880,20260830,liver,fed,0.5431498933712298,0.4911490388219276,0.9580669136268526,1.0705158294834949,1.0105898520822612,1.0586974019083784,1.1487461769455145,0.8429416632770786,0.9974254011383622,1.104780027865088,1.0364846330675512,0.6960444271704862,0.7955863682365968,1.5083692045929167
881,20260830,skeletal_muscle,fed,0.740896423999349,0.8376754576635363,0.9244435338296151,0.651076222969523,0.9226439065272186,1.1251149624152477,1.032823203280437,0.8330779013874762,1.009276356918517,0.937999611888982,0.9174335200703484,1.24025334066033,1.3763559332181168,0.38339072612155345
882,20260830,skeletal_muscle,fasted,0.5456885930678331,0.5232996159195455,1.099330246028083,0.5568829335664367,1.2108106099745466,0.9662814895968572,0.8120049235247984,1.1059108668089817,1.0699606687353724,0.8174391179571904,1.2096582810445788,1.232531244632536,0.7885228928428228,0.9789458625246414
883,20260830,skeletal_muscle,fasted,0.1386493678094337,0.9156968280852562,0.7858817015932814,1.3846816158020299,0.9832408924706201,0.9401219970191635,0.8440757674783316,0.914261287284236,0.8976628145128732,1.040804981551006,0.902840847032982,0.817387259522258,0.905179551795547,1.277433188682195
884,20260830,adipose_subcutaneous,fed,0.7657484059283272,0.8064080079375292,1.6219347762854228,1.185398268642755,0.8595725131987645,0.9432538314022143,1.060004808137497,0.9238593596195731,0.8652971180378933,1.084582138961644,1.1713225591229872,1.4779643274418834,0.6682758193190391,0.8537598532390777
885,20260830,skeletal_muscle,exercise,0.2474007562593622,0.06973756070886694,1.8057168567849098,0.5263050417565409,0.9350413034881417,0.9779741968933213,1.0529644923341686,1.1231173434009296,1.1256776125052042,0.8922378516707747,0.8544783963814288,0.6741220736750936,1.3827129742827025,0.9431649520422037
886,20260830,liver,fasted,0.545472343500542,0.37639053678536016,0.7560477092989196,0.5289678787853245,1.2013475312777682,0.962795400382824,0.8612487654361389,0.9285045089346241,1.2494736821308223,0.883908674554949,1.157372072273596,1.063815597260018,1.0087839979792366,0.9274004047607455
887,20260830,adipose_subcutaneous,caloric_restriction,0.32325854963177014,0.10169259688073118,0.74378060593639,0.8600048952567267,1.2089516659355604,0.9832354072507886,1.0383570545505278,0.8882574698121607,1.149395920677515,1.008639633174092,1.1779266750478172,1.0738933577362715,1.4531674995466821,0.4729391427170469
888,20260830,liver,fasted,0.23576004574330034,0.25312939563502956,0.5675787693976777,0.6464109368554174,1.0407587993152,1.0050974512290702,1.0136611606582948,0.885218612974233,0.8928501229088374,0.9307522891429919,1.015967479660541,1.5418057530134872,0.7657140040449868,0.692480242941526
889,20260830,liver,fed,0.6837497073744555,0.29957230538377955,0.7695882388506987,1.5089923224456692,1.163764306510209,0.9563648849475691,1.0427842798380413,1.085460462175706,1.1160858247347694,0.9529113732394334,0.8611403196713577,0.7477914489216403,1.3222371953289467,0.9299713557494128
890,20260830,skeletal_muscle,fed,0.042252730316931775,0.8803374960105437,1.9742497997891784,0.7119467258104946,1.0740425803556672,1.1051384819410894,1.0522646799546325,1.244750310393343,0.9860089228367163,1.0976248812969693,0.9978564802123904,0.7708621799832066,1.0677857875721224,1.1613520324446711
891,20260830,liver,caloric_restriction,0.7498493536883754,0.7837955969656513,1.6030925306892814,1.245047821511075,1.1979199237150029,0.9742146046840827,0.9820861096783916,1.2093998122867338,1.0230386863062315,0.8826109380683869,1.065111425479004,0.9604898318767134,0.6471689331453047,1.392341234977982
892,20260830,adipose_subcutaneous,fasted,0.553542778156079,0.6953706184099039,1.3755335858452482,1.9044758599836806,0.865048274151506,0.9298362467895923,0.9263265833854496,0.951313361452418,1.0235620864917165,0.8072872154548224,0.8220812512256797,1.1669234622266453,0.9365633769222035,0.8965131608511514
893,20260830,liver,fasted,0.001852665143829757,0.7912320243981013,1.367916463958112,0.5552420650416048,1.2260099413496548,1.0686260265290624,1.0551580379732586,0.8932910762579248,0.9851479576954109,1.1632691547983656,0.9140736198466342,0.8241796114770441,1.179417476795555,0.9964029117274006
894,20260830,skeletal_muscle,exercise,0.8637965787037709,0.49072085150883415,1.075587751417352,0.5710534767114541,1.1355886466729106,0.9750072229952548,0.8664257036130315,0.8512436291811606,1.0285072953880297,1.1797680255568008,1.006840618422836,0.5963012258965913,1.769616100751596,0.6340826733518127
895,20260830,adipose_subcutaneous,caloric_restriction,0.09424154957794839,0.5474345387259572,0.8714508531644142,1.56012222094613,0.909582589707442,1.169457338964601,0.9164322805815439,1.034154156203461,0.9332536080449986,0.9033513664016974,1.0860613847712797,0.8298636531551876,0.8120335840549427,1.3581027627898696
896,20260830,liver,fed,0.6883903255543097,0.42008648870526355,1.3849036805374244,0.7219282869745909,1.158338433252654,1.1152585110038662,0.9958786616507505,1.2166504930145747,1.1884024240949835,1.0967483100606998,1.0929329480761607,0.9961582221790878,1.0442101020712347,0.9596316757496778
897,20260830,liver,caloric_restriction,0.8907333608624503,0.09182557443956907,0.9175990332744254,0.6766495537763163,0.8959286100770909,0.9591684563794843,0.8676739369945877,0.920413734747945,1.113754848013776,1.0357603546828573,0.8229525124443322,1.4765778679669395,0.45531657211422333,1.0681055599188376
898,20260830,liver,caloric_restriction,0.0849067712360213,0.7383306147877725,0.9817863564476539,1.6835968874880929,0.9950106974194788,0.8783064243016607,1.0659311444550246,1.0796208431550196,1.2347722101202545,1.0193564275063391,0.9625302177554518,0.9521763792752137,1.1315655950058812,0.9162580257189048
899,20260830,adipose_subcutaneous,caloric_restriction,0.9251334466992506,0.2018924759732995,0.7989629334113553,0.5659013651389551,0.8964788770224249,0.9285443785124087,1.0263502632300325,1.1132583721875307,1.212689997696335,1.2336491917181076,1.1181971535918038,0.4578635315974082,0.8645979536833037,1.6775385147192885
900,20260830,liver,fed,0.5549227810302994,0.02631043268262201,1.6490569930942247,0.7783798665016608,1.161174781988017,1.071835976449875,0.8882893847689425,0.8509381465368999,0.9023555206046081,1.1447902211704628,1.0287326713879208,1.0166740265681153,0.547115886617814,1.4362100868140708
901,20260830,liver,exercise,0.5074421662712014,0.8802659940306778,1.3137410204623803,1.004043503335687,0.8879552916064859,1.1931214186431367,0.8301938172229097,0.9344482243733738,0.9024733892161365,1.0054478489578182,1.1856814545107626,0.9303232448086405,0.7750244593956193,1.2946522957957403
902,20260830,adipose_subcutaneous,exercise,0.217345229643227,0.6077450708591599,1.481261629348469,0.6083491552348991,1.1141631005973336,1.2014845533622363,0.8340832092582293,0.8789178982103061,0.8632984199373003,1.2100913772735056,1.1253576291479872,0.43410808745671076,0.970542579294435,1.5953493332488544
903,20260830,skeletal_muscle,fasted,0.09589540787950113,0.5850048276864139,0.5991224540530996,1.221815157104498,0.9069287207222849,1.038185672909482,1.1380580068523984,1.0429622158488652,1.0505828055628952,1.0464492000372583,1.0841956683847656,1.1172734386355658,0.8930512825901445,0.98967527877429
904,20260830,adipose_subcutaneous,caloric_restriction,0.976897234547542,0.8803250724155107,1.786878975361651,1.4304767650475902,0.8538666517940329,0.8157547337770079,1.0900546073362816,0.9535595140141476,0.8414626865668889,1.246579560712377,1.2277296722331978,1.4229901934204339,0.41843419181986835,1.158575614759698
905,20260830,liver,fed,0.043713316924814616,0.8037001048736008,1.349691544383373,0.8033312332129565,1.0959748647011764,1.097586425330703,0.9082250338968145,1.1535814190595608,0.9657248550149165,0.9820445448452191,0.9406470412049314,1.0737001377176645,0.6692013335813052,1.2570985287010301
906,20260830,adipose_subcutaneous,fasted,0.10017608066773598,0.0837909871194017,1.8794308026845266,1.8337579166644826,1.2123372281919427,1.1808401608419707,1.2017382814826816,0.8367629619157998,0.9572473444633843,1.1795383768861192,1.1179688838406523,0.7332618138093266,1.2484639168317064,1.018274269358967
907,20260830,skeletal_muscle,fasted,0.33423053960803784,0.7211517769413412,0.6633905227781566,1.1387944123303597,0.9459973596516293,0.9911457330771424,1.1011729976885543,0.8214657278552937,1.1660306940398222,1.2236253614109538,1.1944062309949623,0.8880287840521417,0.9930769184964376,1.1188942974514207
908,20260830,skeletal_muscle,fed,0.08694075276397739,0.9729507029710125,1.8237484571217761,0.9783348006737714,0.8944531918324414,0.8869146917187224,1.0519211279820133,1.0548445414949754,1.0206818511185078,1.1884261006399306,1.13418412430353,1.4465018525900897,0.8190233362490748,0.7344748111608357
909,20260830,skeletal_muscle,fed,0.21844337415208404,0.696049973964861,1.0090765083031923,1.644079203522323,0.838892468936596,0.8251593583137342,0.8771850247219216,0.8364484585245543,0.8547076754594263,0.8974402980718063,1.137819251403937,0.6527708469599144,0.747644772055797,1.5995843809842882
910,20260830,skeletal_muscle,exercise,0.7134278508982281,0.49798237193876194,0.5102900971524824,1.4329867789807058,0.9227928117897567,0.8518839909953864,1.2387108217058878,1.0541774093070675,1.0041257394926273,0.8534589353441558,1.1902883186626034,1.2867363685061965,0.8048790654629553,0.9083845660308485
911,20260830,liver,caloric_restriction,0.40728836677585134,0.14659035551920974,0.6991724819891083,1.0430373705514182,1.0055409239607835,1.078147801946685,0.9958386281851941,1.0624136601632186,1.2293261397269133,1.2397790368816335,1.1766622550693282,1.2080265537193,1.1838741679203275,0.6080992783603725
912,20260830,adipose_subcutaneous,fed,0.4309269255817756,0.6234933637897558,0.836311656390649,0.8640721429051177,1.1964295970420218,1.2092520722498725,1.2290504493731818,0.8605472962673374,1.1623867973604267,1.0558617619539934,0.9646089530161022,0.4484556829650744,1.4280994582778264,1.1234448587570993
913,20260830,liver,fasted,0.4956118773802436,0.32519882306388925,1.381438979254831,0.7171212771723611,0.8472735426622439,1.2242071584951544,1.1406296570060817,0.8996487704923827,1.0728802115882206,0.8964744775346224,1.019369715186559,1.5142385591787124,0.7201403833001945,0.7656210575210934
914,20260830,liver,fasted,0.29600561283241855,0.2196100728295004,1.9488654349312557,1.4695423696751118,1.1823159575517075,0.8708819295194004,1.230120928627372,0.8369076025832392,1.0107879053430266,0.9272839111849337,0.8989949563729985,0.7294896373629179,0.6895767843877558,1.5809335782493263
915,20260830,skeletal_muscle,fasted,0.8741943762895183,0.5039806566058954,1.2490662669814108,0.5118690711255522,1.2041051779858922,1.1172849337172415,0.9581211429904534,0.9460076393137561,1.1218708141637683,0.9020255440236579,1.0286612287212848,1.691516841370076,0.5861539741954356,0.722329184434488
916,20260830,skeletal_muscle,fasted,0.9405005420618912,0.33299238639765893,0.6560057976203666,1.7906997894074654,1.1491639094496717,1.2469590601927711,0.9254762014984705,1.0266537484352414,0.9813692836178991,1.0684381384023154,1.0074329849001284,0.5173681509884716,1.1938872081577463,1.2887446408537822
917,20260830,skeletal_muscle,fasted,0.12568149975864318,0.28085803823303834,0.5929029806211986,1.5660696555438025,1.1359000117874671,1.0705253914438175,1.0524962543546084,0.9913219547991827,0.8251230665342301,1.0985865799733694,0.8907488690850759,1.5997625439863206,0.8166234003665037,0.5836140556471756
918,20260830,skeletal_muscle,caloric_restriction,0.08352113037955278,0.6828675176450801,0.6086917984320258,1.444554642874381,0.8521604083747466,0.9345094154220329,1.0870673308142051,0.8556101547886876,0.9459531059535821,1.0115668644120275,0.8523759310606036,1.2475823133395227,1.0881540594567596,0.6642636272037173
919,20260830,skeletal_muscle,fasted,0.9320319412098378,0.3643011536730929,0.7112599348092586,1.2173320633592366,0.9471379414817631,0.8799096710281487,1.1050870261391323,1.1908579915838655,1.2256735105755672,0.952602364793589,0.8995581401022253,0.718642298815504,1.4503344997455572,0.8310232014389389
920,20260830,liver,exercise,0.13157795286583052,0.716748238441168,1.588191808601266,1.0553821005036907,0.9403122970240825,1.0305411637484325,1.0336846764076608,0.9362558512201463,0.8538746293989602,1.1709455175187555,0.9751589814493893,1.1521038595042596,0.7155806603238517,1.1323154801718889
921,20260830,liver,caloric_restriction,0.7068911120269656,0.3022798120166412,1.9743768546546892,1.2624735193782886,1.0614592338090683,0.9047153970643248,1.0180296833415718,0.8562155326496116,0.8078180859752996,1.1849125702876597,0.9007674803296304,1.1119538564800913,1.0533185768835294,0.8347275666363795
922,20260830,skeletal_muscle,exercise,0.7109533293857071,0.845143366673793,1.637888567145119,1.362698707185571,1.233351439852188,0.9297658297599186,0.87947743327154,1.0129916032456474,1.1726301919407005,0.8453764064525341,1.0173373662909346,0.5186138299753825,0.7775424685208941,1.7038437015037236
923,20260830,liver,fasted,0.43164516363254335,0.2721861755028063,0.9402274280280568,0.5071974599410378,1.0773834228545631,1.143579286076649,1.0042121097726138,0.8028282545624739,0.8039404563118404,1.095651070381143,1.1572673105482385,0.6150119810155539,1.0597538169239393,1.3252342020605068
924,20260830,liver,fed,0.20842612912778435,0.9035819204183212,0.7167409872229749,1.7015666677309293,1.1949759526364345,0.8245005205608044,1.2088922623766183,0.9113682311209492,1.213939751284788,1.1479021418442343,0.9590275027410247,1.1697723325954574,0.7126530239953099,1.1175746434092328
925,20260830,adipose_subcutaneous,exercise,0.8283068564896768,0.7078000406280204,0.7275291674030817,0.6032435041154964,0.8208566628033289,0.807293957849231,0.8061948564507443,0.9750808668552106,0.8851612175920534,0.8251205523802508,0.8952086196402821,1.3879275795138615,0.485732936418967,1.1263394840671714
926,20260830,liver,fed,0.9526178021034971,0.717600828947321,0.7046460936587806,1.5820178714621125,1.1082295791691679,1.1988961691239588,1.1711564270325676,0.9830552086447931,0.8994479950589586,1.099887692548412,1.1846393969289069,1.068928451151605,1.3678088916011113,0.5632626572472836
927,20260830,adipose_subcutaneous,fasted,0.7194810377578544,0.1966169676390832,1.532394432998719,1.036098454664037,0.93338518708965,1.177394458152112,1.094835213887702,0.9115386609736116,0.8522095310211445,0.8872799869909052,0.8432677757378922,0.6958773418901402,0.5758835287759094,1.7282391293339505
928,20260830,liver,fed,0.31117104306089804,0.6035048155623797,0.7780706867580173,0.8313866883644008,0.8560046667236085,1.1045062420570384,1.0510241913697287,0.9826176162283212,0.9479177589250807,0.8318459743797321,0.8785972804487027,0.542005993957205,1.2744173062640742,1.1835766997787212
929,20260830,liver,exercise,0.9070163703966252,0.76208990823936,1.3567448841886856,1.410016375959822,1.193167943018326,0.8696401740328075,0.9633141713125652,0.846788924018168,1.00448242324854,0.983821309291667,0.8451417566234295,1.7595346517658241,0.5304898871579307,0.7099754610762453
930,20260830,skeletal_muscle,fed,0.02547293483729751,0.5963408550423824,1.2447420660776398,0.957944176286545,0.8296187240247324,1.0178956484533548,1.0197688687207027,1.2408227562618246,1.0419545107179697,0.8128882885507185,0.9030457334092513,1.2531912243650543,0.7462342893038038,1.0005744863311417
931,20260830,skeletal_muscle,fasted,0.06850297728400434,0.48512630947358215,1.6271927891999416,1.1827886303446267,0.822071154208218,1.1433920557043633,0.8003270263978125,1.0673736806392395,1.198533022908666,1.2348534398554765,1.2210597284098894,1.4271295202057641,1.0800442849656364,0.49282619482859946
932,20260830,skeletal_muscle,exercise,0.6514661112644178,0.9656052362869225,1.6012941167754846,0.6550277447283196,1.2302269169916011,1.2173088142807906,0.8217845323081135,1.224756892522401,1.0471692463916118,0.9417218585754772,1.0071726730318438,0.9560779773598312,1.3559792819633831,0.6879427406767858
933,20260830,liver,fed,0.2681013591866682,0.6617821642173539,1.330191317192014,0.7152660367634025,0.8925440919573788,1.2015884233656022,1.002268116124293,0.9308339840205011,0.8070330370106321,1.203620221446423,0.895304290337649,0.9126282149937816,1.3091308492005909,0.7782409358056275
934,20260830,skeletal_muscle,caloric_restriction,0.4380367120949623,0.9301364555876795,0.7780543508083387,1.2942315142860599,0.8497321696884096,0.834021855478398,0.8506938080282649,0.8986617770389342,1.2245146524345998,1.1314133917182045,1.0803518778268928,0.5876945856761273,0.7787888519285251,1.6335165623953478
935,20260830,skeletal_muscle,caloric_restriction,0.8473009792306823,0.12565121015854264,0.7082972073833235,0.6664564056750807,1.222775147124778,0.8834183857486145,1.0334521971995032,1.0588396522183312,1.1661066980546368,0.8012008733967869,1.126346302566062,0.9291944947931544,0.8701335353008517,1.2006719699059938
936,20260830,skeletal_muscle,fed,0.4371606684512106,0.5139244174719242,0.6389618547929615,0.8335367494660729,1.2452628626460283,1.0920963814695799,1.1444629754100504,0.9920933971667913,1.0941818840457997,1.109327938897091,1.0917968567017253,0.7834223459163165,1.1418431738541566,1.0747344802295271
937,20260830,skeletal_muscle,caloric_restriction,0.524328349633603,0.6691220505151745,0.827866865048759,0.8781018645308601,0.8177569445573324,1.0811829915409243,0.8244591216158649,1.1241942609480022,0.9143570221100707,0.9048647977993591,1.1954044404436268,0.9759421500115552,0.8028993419714613,1.2211585080169833
938,20260830,skeletal_muscle,caloric_restriction,0.10066292222812978,0.7121138987611547,0.9942504631816463,0.6460262656756447,0.9698306099884694,1.1233453069202417,1.2032475142511805,1.1945819159945408,1.0863709449664987,1.2277567456462102,1.1302729619451986,1.4971415644981507,0.5330272873485303,0.9698311481533185
939,20260830,liver,caloric_restriction,0.666300302067619,0.8794822554715382,1.3390245045505116,1.7997251920957587,0.8280456501071325,1.2153450323658568,1.2094602295809942,1.067057596648278,0.8122138402129003,0.9704055830337449,1.009889634179641,0.7068547841543409,0.9720832720199607,1.3210619438256987
940,20260830,skeletal_muscle,exercise,0.8119898432815573,0.5528903867039413,1.0075323328105283,0.8492965018601359,0.8208395146126836,1.0952103899668049,1.0494727155054124,1.1735216797062207,0.8329703915503376,0.9595759053394602,0.8690163587492182,1.4712666027736552,0.9686655467782098,0.560067850448135
941,20260830,adipose_subcutaneous,fasted,0.13499132201263464,0.9799334018493056,1.254415803983131,1.2666132142075628,1.0241031120987423,0.9047237196183413,1.1517748777614014,0.89453628342863,1.1525727223074864,0.8036153178606205,0.8447070841367061,0.9457253970772651,0.8057433483919084,1.2485312545308263
942,20260830,liver,caloric_restriction,0.6279117111366209,0.9002605041558326,0.6333992992855811,0.8389245239288431,1.142682019857719,0.9943028141856056,0.990754584036591,0.9014829883379187,0.8630150106682052,1.0836515854778221,1.2298529327166152,1.227839488019729,1.1762929751171782,0.595867536863093
943,20260830,adipose_subcutaneous,exercise,0.6420612269127609,0.6904578466984186,0.9343860084569157,1.4924042384786074,0.964901354958724,1.0696805124991706,1.1997720938042122,0.8503155309114626,0.8389848387120385,0.8029495064596454,0.885938236996473,0.44166462364443376,1.0465345728483852,1.511800803507181
944,20260830,liver,caloric_restriction,0.47209993952343754,0.7488133998369204,0.8917193467263165,0.6331569854900361,0.831139299837494,1.1592763979846483,0.9029447785136284,1.0964294205537646,0.8542529252301204,0.9036507780409734,0.8841554555581332,1.0584951412686694,1.440511045431055,0.5009938133002757
945,20260830,skeletal_muscle,fed,0.139407793398439,0.6101824278329946,0.6851538084760884,0.6631127484946658,1.0111745156494043,0.8838883805543769,1.0590794515142394,0.8530464309923275,1.1108875387079158,0.9682808390540402,0.822331934448311,1.1933517459449217,0.6775209838487504,1.1291272702063277
946,20260830,skeletal_muscle,fed,0.3929951328003939,0.6690279843061496,0.6247324543584877,1.1457179528812595,1.1679031152747568,0.9233539532804956,0.9102825198671595,1.0743294287107201,1.0314730806519536,0.9955758810886898,1.0724624688319913,0.6150479675233235,0.7123004839181996,1.6726515485584765
947,20260830,liver,fed,0.4645546244569426,0.2896492494128945,0.7707626338109165,1.4917263963795275,0.8311909221862974,0.8632713343356138,1.1644530753141837,1.0176513953118322,0.910919276676427,0.9259791809534786,0.877995165704271,0.7729738725998442,0.9158632837719911,1.3111628436281648
948,20260830,skeletal_muscle,exercise,0.4886944344539791,0.8048080935878543,1.2518501781937674,0.6240847691664122,1.0196913248563433,1.1548781860107014,0.9325960993319106,1.1873670136688934,1.2117973028000462,1.064492300965649,1.1800836056287105,1.2605512277397195,1.2376914879426582,0.5017572843176222
949,20260830,skeletal_muscle,caloric_restriction,0.7561451815364991,0.6108473972188078,0.9717696871418536,0.9076308933188688,1.001848110791801,0.8778475628823244,0.9050778652249589,1.024340702246732,0.9806056360308447,1.08719416156178,0.951889411186275,1.070546233073476,1.2516090519047505,0.6778447150217735
950,20260830,liver,fed,0.6081562022401142,0.24880687271194168,0.8812937952508285,1.9066070213849597,0.9736680821008967,1.0212147821246451,0.8757239838596738,0.8845819679690102,1.1498109499745075,1.0826330050626165,0.8443614574724166,1.093028886965708,0.8486236439981033,1.0583474690361883
951,20260830,skeletal_muscle,caloric_restriction,0.2940356657911356,0.5909242523277897,1.3278925561642108,1.5652013482235207,1.1993565895206195,0.8658299777328099,1.1671503037006734,1.1398263938240192,1.1035176751410318,1.0691446417058184,0.8987245347805666,1.261532258134921,1.0740185357338838,0.6644492061311951
952,20260830,liver,caloric_restriction,0.15239827435490239,0.6624348986037942,0.6267365073497793,1.208973156365627,0.9658199565085266,0.9549233960779029,0.9495495694503652,0.9766923032684427,0.9535463658054568,0.8085139912590816,1.2347744499981188,0.9236877420041398,1.161767234942747,0.9145450230531135
953,20260830,liver,exercise,0.3327739679938565,0.7921697973410483,0.9610992802893114,0.5658761843642809,1.1663004883775356,1.2332410174507766,0.9725640809481607,1.1541877442734234,1.0638531806832638,0.8243871509052539,1.1465981950620592,1.1643673383570228,0.8986966778753356,0.9369359837676418
954,20260830,adipose_subcutaneous,fed,0.533922062082205,0.21298537977849463,1.040310972054112,1.267373742119027,1.1936862053993424,1.1095214962425177,1.0415035440503053,0.8297543356905382,0.859191188768112,0.99938851814469,0.8423970185675547,0.8966358148990471,1.2466330928353977,0.8567310922655551
955,20260830,liver,exercise,0.8093972853887542,0.4283473260806778,0.5664444472984932,1.0200150328004545,1.0020605695282283,0.9839881080346359,0.8130628108230047,1.058939171270793,0.9715083873633128,1.0867111778410048,1.0993986586608349,0.8881359085478989,0.5650955002001387,1.5467685912519624
956,20260830,skeletal_muscle,fasted,0.7679606899232941,0.011530977618804283,1.4058400902931494,0.8106784965310428,1.1038387674917354,0.8493945099135054,0.9146696892599594,1.1783264795904715,1.1477504989674625,0.9547077378713815,1.2010550783410359,1.433964814386486,0.5016687958734455,1.0643663897400686
957,20260830,skeletal_muscle,caloric_restriction,0.8860108951176454,0.6558131070430492,0.5151815204323354,1.1497593067149168,1.0104664911511876,0.965822982575719,1.137653755999832,0.8423106930994422,1.0234769273787359,0.9190095381168476,0.9034413325991277,0.9386052085351699,0.6740497041036183,1.3873450873612116
958,20260830,liver,fed,0.36892114215053595,0.8900288051484926,0.6657267021990684,0.5002775802821929,0.8092986723936849,0.831766983527426,0.9658918294376331,1.0629894361196703,0.881341648304665,1.2011825703948698,1.0213023537713428,0.8456782163485744,0.9853643126963372,1.1689574709550883
959,20260830,adipose_subcutaneous,fasted,0.7758975608101243,0.33372662467846603,0.9358326727052124,0.5877051324046367,0.9345963401665134,0.8387908405512952,1.1208548712472577,0.8655617738080601,0.829681652384341,0.8080164807406512,0.9931272870500856,1.7069647340511434,0.6133580808134573,0.6796771851353994
960,20260830,liver,fed,0.050797940937477915,0.5979421132676711,0.5309378840881919,0.5866689839158169,0.8555596515343071,1.2062179838665514,0.9830741982763093,0.9577788247334413,1.0989037726398068,0.8005474840919566,0.9043004541567505,1.33761866220892,1.1698201403985728,0.4925611973925074
961,20260830,liver,fasted,0.9130945697766685,0.030455401893777934,0.5714040710724959,1.7536187996756887,1.1221618090179126,1.1695996756885156,1.2193632872891118,1.1288573429714304,0.8430709822141645,0.8205777138471073,0.9546799294954831,0.6659408888140949,1.6005761286266933,0.7334829825592118
962,20260830,skeletal_muscle,caloric_restriction,0.7536848095307996,0.9607650645106162,1.0456872786551943,0.6654017493904382,1.0609334635085368,0.9761489446035571,1.1953904308421899,0.9876031621261192,1.0853991406688968,1.183696801217875,0.9098336933862636,0.7882553156909314,0.5638604289400149,1.6478842553690534
963,20260830,adipose_subcutaneous,fasted,0.5438761426240293,0.7392750626179523,1.3544088383069905,1.726195850423634,0.8103761998534381,1.0146270517413483,1.080280780874167,1.1964108408751621,1.0643446118241402,1.1926197923516333,0.8868055713642801,0.9585209987732985,0.9645846998471855,1.076894301379516
964,20260830,adipose_subcutaneous,fed,0.03492455177410603,0.9770651002862552,0.6596151896865666,0.6965870420754572,0.867174920154633,0.9596745908817002,1.0833478689254181,0.8074212168205724,0.8627238964477524,1.1636981654550334,1.1498519105451577,1.0907704291870355,1.259587166102457,0.6496424047105076
965,20260830,liver,exercise,0.09686785179958435,0.27915997570930884,1.1079936167362658,1.6150687160588413,0.9910825504360946,1.1383126199810516,1.0619646750459129,1.0457859835438807,1.174198556631321,1.0973706236081016,0.83660082386175,0.8563343541560786,0.6863072486458249,1.4573583971980966
966,20260830,liver,fasted,0.05053993639320131,0.09434731772404725,0.8923532146779215,0.630662235171386,0.9179027561921869,0.8722964604525729,0.866463325926579,1.0927005234993479,0.9470194572395213,0.83764074104267,0.996939683331341,1.670690204864383,0.5932293704415043,0.7360804246941125
967,20260830,liver,exercise,0.13290478576832565,0.10818069060069557,1.4112455806998576,1.2909102563566381,1.0979737269334566,1.042078734728025,0.9300281424800582,0.8859310384685739,1.0129696203465572,1.055989766189656,0.8457835425995267,0.9832918890294182,0.9833913142127026,1.0333167967578791
968,20260830,adipose_subcutaneous,exercise,0.5599706058103462,0.1748437739374259,1.314807442581692,0.6553921414817607,1.0877852067870597,0.9316519334351772,0.8548850676224764,0.8384526189913103,1.0071615048523141,0.8099579337065351,0.9720240683437938,1.1414448114041043,1.2978394166456675,0.5607157719502287
969,20260830,skeletal_muscle,exercise,0.7113220286126106,0.6031957619324748,1.762519134833682,1.9518190704585974,0.9647340501122523,1.0044542996857917,1.2496843145567023,0.8342136950709385,1.1167042640184328,0.885691738609855,0.9014218212892096,0.7971299459360102,1.2170841415270268,0.9857859125369632
970,20260830,adipose_subcutaneous,exercise,0.36661654106908936,0.9680800794141249,0.6719194587696699,1.2275474540773919,1.0784699300922762,1.0398947461817702,1.2336954611602664,1.1290972608489258,1.1722938017174434,0.8130013077261345,0.8712474831829277,0.6798513118480229,1.819174965898142,0.500973722253835
971,20260830,skeletal_muscle,exercise,0.7883721631077356,0.02600168105386269,0.8781542914600194,0.7789006603986406,0.9993943243877385,0.8557214491817053,0.81962302922691,0.9028041954661193,0.8168798409775426,1.0924572658791316,1.236113112680684,1.3221898826335188,0.8169997793293634,0.8608103380371178
972,20260830,liver,fasted,0.31132156039932546,0.533453477988272,1.4955380149433966,0.5876477792522992,0.9933276067412766,1.1009140832384408,0.8251831451015597,0.8293942898372878,1.0551349745384397,0.9854909066595183,0.9228977942073551,0.9717596612128538,1.186228961827952,0.842011376959194
973,20260830,liver,exercise,0.5125011687782562,0.7701823267936558,1.9971853721085395,1.360408407444816,0.9216012361845811,1.1628552973696344,1.0521317102747167,0.8016059290882827,0.8962697597007774,0.968907615727071,1.0780962621180206,1.7188820449318116,0.5652429189582967,0.7158750361098916
974,20260830,liver,caloric_restriction,0.28619623449636056,0.7983896635018732,1.9667054045640424,0.709375149279031,1.1091070604221214,0.927983807891051,0.8564299069893441,1.0575747460020455,0.918148928388975,0.9275324782280306,1.0609047161197929,1.2885319451233137,1.0389465766962667,0.6725214781804196
975,20260830,adipose_subcutaneous,fed,0.7374201686487198,0.9598169488347859,0.626617453959082,1.5952642462152897,0.8306172686567727,0.8818273439800625,0.8364098224311263,1.235735990334922,0.8501041872392437,1.1599875822465142,0.8373175577618105,0.8500665850305329,1.4621928067864858,0.6877406081829813
976,20260830,adipose_subcutaneous,exercise,0.1015734044882809,0.18942305729304332,1.216275963644898,0.6675539246082778,0.8172500499774925,0.831285988667096,0.8377569622180989,1.0464921556570925,0.8584923579562342,0.8342731440415636,0.9600278995716484,1.493354479064422,0.6959770187384717,0.8106685021971064
977,20260830,skeletal_muscle,caloric_restriction,0.7994488035129187,0.3849704260476595,0.9527523146097373,0.7374682873894118,1.2475782107105318,0.9405609778674585,0.9789961576296874,1.2356808671323922,0.8994328502952047,1.1429617345257943,0.907678507722133,1.1497118577923466,1.1055913844937912,0.7446967577138619
978,20260830,liver,fasted,0.5048386885434265,0.7161224081413673,1.0733669839511544,1.006591226807276,0.8274569589505204,1.0700226201094118,1.0977033411328154,1.2056473068908375,0.9921818107580452,0.8290406567522945,0.8089369998250581,1.2178821402698987,0.9337815723747169,0.848336287355384
979,20260830,liver,fed,0.3777755355704111,0.005480866751399804,0.6257066242935883,0.9489008894772326,1.0597611036301393,0.9493233451603613,1.1921186668898052,0.9532423260217698,1.1706526610918935,1.1378062078509528,1.0202157547695896,0.7809647649870988,1.195343133492159,1.0236921015207425
980,20260830,skeletal_muscle,fasted,0.5779311735367251,0.6208576356228719,0.6199271871726365,1.7356782457309634,1.0954519933367661,0.936443488135142,1.14909406796001,0.9871780809963807,1.0422255633997177,0.8009195099707022,1.0148213013983631,0.6593100302620664,1.1702743464678513,1.170415623270082
981,20260830,skeletal_muscle,fasted,0.6609111453140506,0.12990956380549268,1.2273696631024897,0.5315671334895745,1.0427387065629765,0.8355176946010817,0.8424946343687048,1.2192117586683495,0.816127910095895,0.829796329717272,0.8085818498937037,1.2469732279354442,0.8387971799107578,0.914229592153798
982,20260830,skeletal_muscle,fed,0.855239719512369,0.6306101894378991,0.5976242779266987,0.5729556758685082,1.1967540910804524,1.0034509695426905,1.083037832705506,1.2030367097258758,0.8983074358189933,0.8780843034456229,1.1202051948960707,0.968011981409447,1.5106695724490422,0.521318446141511
983,20260830,skeletal_muscle,caloric_restriction,0.4628800652887003,0.31392380173689816,0.6861853304873083,1.6723526756754012,0.8660208316445236,0.9371811021606614,1.0374883631167726,0.8365085786824521,0.8685312602098326,1.2244540807727209,1.0441057919131507,1.2780928843369277,0.8624599319265577,0.8594471837365147
984,20260830,liver,caloric_restriction,0.22762496511752373,0.9511769670234957,1.5275425947257237,0.713748231860182,0.9695292137787976,0.8548375713853453,0.9014307688368268,0.8382637927000909,1.2267253207391526,1.1153094592173807,1.1132979084205452,1.0448763406667771,0.9309394497523323,1.024184209580891
985,20260830,adipose_subcutaneous,exercise,0.16381984392743698,0.9095037392279561,0.8589192288787388,0.6940429326236185,1.0535961493513646,0.9906106294859742,1.1226372879926707,0.9279092175343976,1.1397182007425462,1.0473058824828,1.219247310182166,1.241505542852593,0.7807783470288673,0.9777161101185395
986,20260830,liver,fed,0.32162467072342094,0.7902930435729856,1.4653367786993774,1.220378600021124,1.1799422582401766,1.1066529574483253,0.8166972574335662,0.8867085369134431,1.0986916830288598,1.0871183227271988,0.8739218647365868,0.835240489760229,0.9281983256318024,1.2365611846079687
987,20260830,liver,fed,0.18992300691146258,0.269681195396562,1.106585181107196,1.705471141343228,1.2274673017306772,1.1032813619348647,0.8177661017482148,1.1276931583015455,1.1308506122697,0.8572495009461744,1.191540319506683,0.6416201565617877,1.3617699991763448,0.9966098442618675
988,20260830,adipose_subcutaneous,caloric_restriction,0.5949273594002535,0.5925714902648387,0.8635957012051646,0.5275470085920223,0.8557158517762299,1.0833267096558978,1.1994741578284442,1.2105562899855442,0.9631208153591685,1.015609542528665,1.1780205922727065,1.022978840019328,1.3751880552456552,0.6018331047350169
989,20260830,liver,fasted,0.15021892615011623,0.23645587107469201,0.9342113536378508,0.6701100693886273,0.9228054372805956,1.0443513555632913,0.9266423825319464,0.9687191812270075,0.8422451482282762,0.9665663134798431,0.8099216613095388,0.6967129382878908,1.2468192256561788,1.05646783605593
990,20260830,liver,caloric_restriction,0.2521940248982417,0.636814761968538,0.934842071611055,0.9807104105998897,0.8810087384254435,1.2398617235239018,1.1670538142925286,0.8658111282104429,1.2257902846298854,1.0345421069943659,1.2316503652880957,1.5229975723318125,0.9723468718399264,0.504655555828261
991,20260830,adipose_subcutaneous,exercise,0.4769759600604464,0.2642750072603376,0.6444985141552102,1.3144081641174024,0.9983890807631333,0.9002559553852033,0.8019392176127994,0.8093645975540077,1.1567644807672046,0.9232045045189066,0.8573450904469027,0.4826568129788303,1.542699800525085,0.9746433864960852
992,20260830,adipose_subcutaneous,fed,0.7581508324588364,0.963255057841078,0.7766395468624604,0.9766056797816896,0.920680454419158,0.9506638375083268,0.8886730199918675,1.122282759361864,0.9406208015759979,1.1201344650829121,1.2395783120484718,0.901534553330672,0.9599662370754806,1.138499209593847
993,20260830,liver,exercise,0.5197877347159263,0.16840315388272453,0.6032264848288336,1.9895265421055293,0.9790744317104234,1.0290146677497425,1.0923535658264756,1.0275434775930852,1.189314634737872,1.2253940364159006,0.8152070085914033,1.3851191499308446,1.242153058428467,0.37272779164068787
994,20260830,adipose_subcutaneous,caloric_restriction,0.3616128320422507,0.844065205961136,1.4123696813479978,1.234260716869764,1.104823397853955,1.1105924975846357,0.8639574174239288,0.8733671546636217,0.8613922979937317,0.882132675679806,0.820536661066833,1.1062877812985226,0.9723756551928999,0.9213365635085777
995,20260830,adipose_subcutaneous,fasted,0.4841846681323676,0.9874024463393095,0.5204812945890697,1.3972524102334363,1.224821534073793,0.9120800861111097,1.098094772764049,1.0459366211422427,0.8613249639840941,0.9485913556407874,1.0519763648623035,1.4216985162645257,0.4964357606027336,1.0818657231327404
996,20260830,liver,fed,0.705980216214838,0.8641464082503703,0.5260116938424062,0.686091854003251,1.0074002015543375,0.8600971665979308,1.2110932784575157,1.0742632590797625,1.1675684866085183,0.8065122308593866,1.118534466330368,1.177570787341185,1.1244236428506615,0.6980055698081535
997,20260830,skeletal_muscle,fed,0.449230398823791,0.9898133602476203,0.9946050410415046,1.1237367921637185,0.9983648033179339,1.1292169114881236,1.0172108948221483,0.9251946425163541,1.0072575880272312,1.2229445837523227,0.836634702097828,1.1350880772550884,0.9463659977617055,0.918545924983206
998,20260830,liver,fed,0.25917650421360416,0.1368331428189603,0.5501345107973765,1.8343253187558755,0.8590313170189892,1.0181766568533823,1.0700983240673445,1.007397227666344,0.8923186593608602,0.826717766600454,1.100508754190323,0.6392237052457541,1.4439862959461336,0.9167899988081126
999,20260830,adipose_subcutaneous,fasted,0.6177207452986111,0.7602988955349129,1.1565220323718113,0.9151624027166692,1.0657181900915589,1.0408970868202376,0.9619901528618693,1.0406126222389025,0.8318100805687476,1.0748164891476732,0.8095031422043042,1.391365662848328,0.5395386351939264,1.069095701957746
